# Blender 5.1.2
# www.blender.org
mtllib poker-table.mtl
o Table_lambert3_0
v 0.050162 23.257706 34.682606
v 0.047717 23.265778 33.440090
v 0.046696 23.262901 34.680557
v 0.042627 23.269403 33.437847
v 0.050140 23.262991 34.684448
v 3.877231 23.420246 34.485035
v 3.883378 23.413273 34.477299
v 0.043472 26.723537 34.681904
v 0.048088 26.722740 34.688644
v 7.722589 23.521570 33.834843
v 7.719465 23.515985 33.825375
v 11.469342 23.420250 32.752163
v 11.459462 23.413342 32.748203
v 17.374603 23.204132 30.101051
v 15.054644 23.239567 31.258909
v 18.460215 23.214458 29.376722
v 24.022308 23.355972 25.153997
v 21.632591 23.239462 27.125637
v 24.533339 23.413364 24.533302
v 27.133432 23.532606 21.638218
v 27.125341 23.526470 21.633007
v 29.386368 23.420218 18.457933
v 29.376978 23.413300 18.459789
v 32.462158 23.196802 12.433316
v 31.258986 23.229036 15.053910
v 32.749065 23.214546 11.457055
v 34.229588 23.219408 6.019719
v 33.825535 23.214609 7.720445
v 34.477345 23.214489 3.884365
v 34.688831 23.258186 0.048238
v 34.681274 23.258078 0.051085
v 34.680504 23.260151 0.046861
v 33.437923 23.266432 0.042809
v 33.438862 23.259312 0.045864
v 34.685375 26.719959 0.049527
v 34.681942 26.721943 0.043380
v 0.045275 26.725994 33.438923
v 0.051612 26.723349 34.681442
v 0.046403 26.733156 33.438805
v 3.880683 26.865515 34.477428
v 7.323852 26.840664 34.001076
v 7.721781 26.806078 33.824783
v 11.458452 26.865627 32.748470
v 14.621590 26.790213 31.570726
v 15.054440 26.742926 31.259136
v 18.459398 26.734488 29.377209
v 18.464430 26.728445 29.385328
v 21.632607 26.743111 27.125761
v 22.608601 26.771816 26.410845
v 24.531555 26.866961 24.534771
v 27.125151 26.956249 21.632608
v 28.341064 26.947708 20.107708
v 29.376738 26.866055 18.459713
v 31.260092 26.587318 15.052247
v 31.268576 26.581453 15.056827
v 32.748135 26.733479 11.459986
v 33.655590 26.751743 8.709037
v 33.825535 26.734541 7.720476
v 34.477264 26.734526 3.884611
v 34.485611 26.727415 3.872990
v 34.682510 26.724463 0.050648
v 33.440063 26.728226 0.047973
v 33.438850 26.724396 0.045111
v 0.047801 26.726965 33.434113
v 0.049801 23.270355 33.438084
v 4.209666 26.835323 33.228630
v 3.744327 26.869375 33.213776
v 7.436761 26.806267 32.586456
v 11.543540 26.832375 31.433641
v 11.038872 26.869360 31.548674
v 14.501494 26.747265 30.114239
v 18.941917 26.710634 27.603199
v 17.781921 26.734634 28.301228
v 20.839157 26.747356 26.132063
v 23.624208 26.865917 23.634415
v 23.635435 26.872780 23.633419
v 26.128729 26.948692 20.836927
v 26.133026 26.956274 20.838688
v 28.296171 26.863134 17.776760
v 28.300638 26.869751 17.783480
v 30.106730 26.585974 14.495054
v 30.111322 26.592178 14.507452
v 31.544546 26.723322 11.037795
v 31.548405 26.731627 11.038879
v 32.981552 26.725149 5.708539
v 32.585915 26.734526 7.437472
v 33.213703 26.734587 3.742285
v 33.437027 26.724018 0.049104
v 33.434128 23.265175 0.048051
v 3.744790 23.420311 33.213459
v 5.274902 23.504246 33.056145
v 7.439410 23.516068 32.585846
v 11.037945 23.420263 31.548710
v 13.836947 23.294273 30.486931
v 14.502063 23.246857 30.113924
v 17.781971 23.214731 28.301241
v 17.780457 23.222918 28.297428
v 20.838636 23.246685 26.132427
v 21.506647 23.293922 25.656544
v 23.634857 23.420265 23.633596
v 26.133295 23.526537 20.837677
v 27.500589 23.512392 19.090580
v 28.300755 23.420126 17.782505
v 30.113989 23.236214 14.502267
v 30.110144 23.243790 14.500097
v 31.548223 23.214588 11.039263
v 31.538254 23.220634 11.038989
v 32.585918 23.214609 7.437469
v 33.015839 23.216085 5.453937
v 33.213638 23.214622 3.742918
v 2.852644 25.081316 34.613205
v 2.477071 25.501060 34.739986
v 2.767576 24.979898 34.722641
v 2.586084 25.471495 34.746265
v 2.151166 25.546703 34.807934
v 1.960772 25.583780 34.675880
v 1.845291 25.299438 34.812691
v 1.787185 25.176878 34.806229
v 1.843870 24.816240 34.774273
v 1.980394 24.580338 34.674187
v 1.973288 24.681038 34.797512
v 2.343214 24.587067 34.785709
v 2.641173 24.758484 34.741028
v 34.795422 24.975601 1.776057
v 34.818924 25.038717 1.788374
v 34.787025 25.362783 1.973246
v 34.655003 25.518185 2.287013
v 34.775280 25.464556 2.279298
v 34.777180 25.449076 2.409467
v 34.747681 25.164923 2.748321
v 34.729568 24.973532 2.780859
v 34.612598 24.940578 2.859874
v 34.747879 24.674246 2.680277
v 34.657032 24.430948 2.255930
v 34.775295 24.484575 2.279082
v 34.795811 24.477983 2.280596
v 34.800503 24.674257 1.878113
v 34.689793 25.008554 1.682427
v 34.682613 23.257704 -0.050163
v 33.440090 23.265776 -0.047720
v 34.680561 23.262899 -0.046699
v 33.437847 23.269402 -0.042630
v 34.684456 23.262991 -0.050143
v 34.485043 23.420246 -3.877239
v 34.477310 23.413271 -3.883358
v 34.681911 26.723536 -0.043476
v 34.688656 26.722738 -0.048091
v 33.834843 23.521568 -7.722590
v 33.825371 23.515982 -7.719484
v 32.752163 23.420246 -11.469351
v 32.748203 23.413340 -11.459469
v 30.101034 23.204128 -17.374674
v 31.258917 23.239563 -15.054641
v 29.376745 23.214455 -18.460201
v 25.153950 23.355968 -24.022364
v 27.125639 23.239458 -21.632587
v 24.533293 23.413361 -24.533354
v 21.638222 23.532600 -27.133430
v 21.632996 23.526466 -27.125351
v 18.455484 23.420170 -29.387970
v 18.459745 23.413414 -29.376944
v 12.725689 23.199612 -32.338829
v 15.052787 23.239441 -31.259865
v 11.459388 23.204018 -32.748039
v 6.159509 23.233086 -34.205063
v 7.718456 23.214560 -33.825947
v 3.883509 23.293324 -34.477394
v 0.047825 23.491375 -34.689312
v 0.051329 23.491161 -34.681431
v 0.043478 23.491375 -34.681896
v 0.045524 23.482088 -33.439034
v 0.046235 23.474880 -33.439022
v 0.050028 26.943129 -34.684521
v 0.046675 26.943708 -34.680603
v 33.438931 26.725992 -0.045279
v 34.681454 26.723347 -0.051614
v 33.438812 26.733154 -0.046407
v 34.477444 26.865513 -3.880653
v 34.001099 26.840666 -7.323835
v 33.824783 26.806076 -7.721801
v 32.748474 26.865625 -11.458458
v 31.570723 26.790209 -14.621596
v 31.259140 26.742922 -15.054438
v 29.377226 26.734480 -18.459396
v 29.385336 26.728441 -18.464432
v 27.125763 26.743111 -21.632603
v 26.410721 26.771816 -22.608746
v 24.534765 26.866957 -24.531569
v 21.632584 26.956249 -27.125168
v 19.419621 26.917095 -28.828613
v 18.458029 26.867001 -29.377810
v 15.054377 26.742001 -31.259216
v 15.071306 26.735451 -31.258718
v 11.457919 26.577618 -32.748756
v 11.462111 26.571678 -32.757523
v 7.721049 26.733517 -33.825405
v 4.786184 26.787270 -34.434784
v 3.884422 26.801231 -34.477253
v 0.050730 26.947720 -34.682278
v 0.047880 26.937366 -33.440033
v 0.042530 26.934055 -33.437767
v 33.434120 26.726963 -0.047805
v 33.438084 23.270353 -0.049805
v 33.228634 26.835321 -4.209672
v 33.213783 26.869373 -3.744311
v 32.586456 26.806265 -7.436792
v 31.433659 26.832373 -11.543503
v 31.548681 26.869358 -11.038865
v 30.114243 26.747261 -14.501496
v 27.603140 26.710630 -18.942011
v 28.301228 26.734631 -17.781927
v 26.132069 26.747353 -20.839157
v 23.634424 26.865913 -23.624205
v 23.633421 26.872776 -23.635437
v 20.836941 26.948687 -26.128729
v 20.838676 26.956285 -26.133032
v 16.254271 26.816250 -29.252914
v 17.784094 26.872698 -28.300224
v 14.502528 26.744341 -30.113716
v 11.035162 26.571770 -31.539566
v 11.043017 26.577955 -31.546841
v 6.560439 26.728115 -32.837894
v 7.436868 26.731667 -32.586029
v 3.742901 26.800072 -33.213699
v 0.049644 26.932690 -33.437927
v 0.047506 23.480297 -33.433422
v 33.213463 23.420307 -3.744765
v 33.056141 23.504244 -5.274918
v 32.585842 23.516066 -7.439445
v 31.548716 23.420261 -11.037937
v 30.486923 23.294268 -13.836968
v 30.113926 23.246853 -14.502067
v 28.301239 23.214727 -17.781975
v 28.297430 23.222916 -17.780455
v 26.132431 23.246681 -20.838636
v 26.123520 23.253946 -20.838610
v 23.633596 23.420261 -23.634865
v 22.600531 23.509596 -24.695032
v 20.837679 23.526533 -26.133297
v 17.782518 23.420248 -28.300817
v 15.283866 23.296310 -29.787172
v 14.501007 23.246778 -30.114510
v 11.040786 23.204161 -31.548031
v 11.037777 23.211674 -31.544287
v 7.437837 23.214478 -32.585766
v 7.430931 23.221703 -32.580219
v 3.742180 23.292086 -33.213779
v 3.735872 23.299397 -33.207371
v 34.613209 25.081312 -2.852649
v 34.740002 25.501089 -2.477130
v 34.722637 24.979897 -2.767573
v 34.746262 25.471489 -2.586088
v 34.807934 25.546698 -2.151193
v 34.675884 25.583776 -1.960776
v 34.812702 25.299444 -1.845294
v 34.806225 25.176893 -1.787198
v 34.774319 24.816214 -1.843858
v 34.674187 24.580336 -1.980397
v 34.797531 24.681067 -1.973203
v 34.785713 24.587065 -2.343226
v 34.741024 24.758474 -2.641127
v 1.668578 25.218002 -34.690823
v 1.779439 25.106085 -34.800652
v 1.844230 25.402742 -34.773895
v 2.345421 25.633162 -34.792130
v 2.140553 25.618031 -34.785889
v 2.520267 25.619600 -34.639137
v 2.759434 25.312664 -34.742035
v 2.742255 25.297527 -34.735798
v 2.702860 24.694523 -34.625710
v 2.713235 24.872232 -34.754105
v 2.413377 24.635824 -34.763401
v 2.411671 24.656340 -34.781109
v 1.916698 24.806322 -34.785717
v -34.682384 23.255505 0.050104
v -33.439899 23.262228 0.047179
v -34.680504 23.260151 0.046860
v -33.437923 23.266432 0.042809
v -34.688442 23.258482 0.048360
v -34.198059 23.214312 6.182615
v -34.477005 23.204020 3.884260
v -34.681931 26.720413 0.043355
v -34.684467 26.718704 0.050109
v -33.825195 23.214575 7.721640
v -32.122524 23.222273 13.270434
v -32.748421 23.214611 11.459175
v -31.259495 23.214613 15.053739
v -29.390320 23.221722 18.451693
v -29.377411 23.214611 18.459084
v -26.554111 23.195570 22.434799
v -27.125860 23.214363 21.632540
v -24.532738 23.228815 24.533703
v -21.641020 23.420221 27.127861
v -21.632261 23.413242 27.125959
v -18.464157 23.532602 29.385527
v -18.459917 23.526466 29.376879
v -15.049034 23.420181 31.269543
v -15.054500 23.413418 31.259077
v -8.842615 23.203995 33.615192
v -11.458160 23.239567 32.748634
v -7.719519 23.214586 33.825710
v -3.901949 23.221676 34.482304
v -3.884377 23.214491 34.477333
v -0.048241 23.258186 34.688828
v -0.051090 23.258083 34.681271
v -0.046864 23.260155 34.680500
v -0.042813 23.266434 33.437923
v -0.045868 23.259314 33.438858
v -0.049532 26.719961 34.685364
v -0.043384 26.721941 34.681934
v -33.438812 26.720709 0.045018
v -34.681850 26.721869 0.050947
v -33.439095 26.727873 0.046768
v -34.477001 26.577627 3.885962
v -34.486721 26.571684 3.885954
v -33.825783 26.733505 7.719398
v -33.119335 26.753839 10.569520
v -32.748432 26.734541 11.459161
v -31.259491 26.734528 15.053750
v -31.260105 26.727409 15.068578
v -29.377432 26.734529 18.459047
v -28.879622 26.750824 19.348034
v -27.126944 26.733522 21.631008
v -24.532478 26.587450 24.534107
v -24.540897 26.581453 24.539257
v -21.634649 26.865871 27.123701
v -20.109665 26.947714 28.339668
v -18.459600 26.956268 29.376610
v -15.052655 26.867001 31.259768
v -12.616836 26.771959 32.396351
v -11.458659 26.743002 32.748619
v -7.720313 26.734472 33.825535
v -5.858814 26.727699 34.264465
v -3.884634 26.734528 34.477249
v -0.050652 26.724463 34.682503
v -0.047978 26.728228 33.440056
v -0.045116 26.724398 33.438843
v -33.438046 26.720510 0.049765
v -33.434711 23.265537 0.048259
v -33.204185 26.571760 3.741694
v -33.214146 26.577932 3.737983
v -32.581955 26.723343 7.436741
v -32.585693 26.731623 7.438452
v -30.934208 26.728401 12.774175
v -31.548246 26.734522 11.039239
v -30.113905 26.734528 14.502068
v -28.288101 26.727407 17.789692
v -28.300821 26.734509 17.782604
v -26.123398 26.724438 20.838839
v -26.131205 26.731594 20.840343
v -23.629818 26.585974 23.625278
v -23.639210 26.592007 23.629307
v -20.837004 26.863134 26.124798
v -20.838026 26.869930 26.133293
v -17.780466 26.948687 28.297407
v -17.781685 26.956289 28.301888
v -14.492492 26.865917 30.110729
v -14.503642 26.872717 30.113462
v -8.693697 26.711050 32.330593
v -11.039908 26.747261 31.548067
v -7.438191 26.734549 32.585762
v -3.740313 26.728456 33.204338
v -3.742311 26.734589 33.213696
v -0.049107 26.724020 33.437019
v -0.048054 23.265175 33.434124
v -33.214207 23.204157 3.740757
v -33.209515 23.211674 3.741878
v -32.585819 23.214479 7.437624
v -32.153946 23.224810 9.309531
v -31.548262 23.214611 11.039197
v -30.113895 23.214611 14.502089
v -29.282856 23.221138 16.205757
v -28.300825 23.214615 17.782583
v -26.131414 23.214590 20.840090
v -26.133116 23.221745 20.826855
v -23.635960 23.236092 23.632847
v -23.630650 23.243933 23.632046
v -20.838543 23.420145 26.132442
v -19.651968 23.512377 27.102207
v -17.780684 23.526541 28.302029
v -14.502044 23.420250 30.113859
v -11.826350 23.293947 31.319881
v -11.039258 23.246857 31.548252
v -7.437628 23.214716 32.585915
v -5.643529 23.211674 32.983242
v -3.742936 23.214622 33.213634
v -34.731403 24.774015 2.762297
v -34.616829 24.982046 2.802758
v -34.737572 24.831400 2.777014
v -34.762112 25.229206 2.636218
v -34.652447 25.444157 2.327139
v -34.767742 25.363924 2.408071
v -34.786041 25.384832 2.277344
v -34.787228 25.213774 1.882484
v -34.802650 25.166216 1.840006
v -34.686237 25.069973 1.744890
v -34.806927 24.752277 1.810025
v -34.783077 24.516256 2.020096
v -34.794628 24.461966 2.149509
v -34.660431 24.331244 2.217337
v -34.779968 24.492010 2.535741
v -1.776021 24.975601 34.795437
v -1.875414 25.276207 34.806309
v -2.287020 25.518187 34.654995
v -2.279225 25.464554 34.775276
v -2.280578 25.471155 34.795807
v -2.683733 25.276237 34.753307
v -2.780847 24.973534 34.729565
v -2.859882 24.940578 34.612595
v -2.752062 24.850618 34.733150
v -2.534485 24.547947 34.773643
v -2.255936 24.430950 34.657028
v -2.279009 24.484581 34.775295
v -2.150471 24.500055 34.794136
v -1.811920 24.784605 34.806488
v -1.682431 25.008556 34.689793
v -0.050466 23.491764 -34.682739
v -0.047746 23.480848 -33.440060
v -0.043190 23.494730 -34.682026
v -0.045315 23.485302 -33.438972
v -0.049740 23.496967 -34.684963
v -3.884774 23.532648 -34.486889
v -3.882851 23.526508 -34.477505
v -0.046893 26.946978 -34.680519
v -0.048193 26.948936 -34.688816
v -7.730386 23.420179 -33.830456
v -7.719618 23.413414 -33.825672
v -13.306073 23.198986 -32.100597
v -11.460640 23.239304 -32.747875
v -15.055326 23.228811 -31.258501
v -18.457930 23.420212 -29.386370
v -18.459026 23.413235 -29.377464
v -21.638206 23.532600 -27.133440
v -21.631432 23.526466 -27.126595
v -24.544367 23.420179 -24.532248
v -24.532713 23.413416 -24.533918
v -28.714005 23.204140 -19.582050
v -27.126520 23.239563 -21.631325
v -29.378157 23.214455 -18.457939
v -32.557362 23.355974 -12.239899
v -31.259657 23.239458 -15.053334
v -32.748390 23.413363 -11.459138
v -33.834850 23.532606 -7.722588
v -33.825302 23.526468 -7.721406
v -34.485176 23.420179 -3.877042
v -34.477108 23.413408 -3.885539
v -34.684460 23.262985 -0.050144
v -34.681606 23.260233 -0.051034
v -34.680561 23.262897 -0.046700
v -33.437847 23.269400 -0.042631
v -33.438927 23.262762 -0.046576
v -34.688744 26.722294 -0.048071
v -34.681728 26.722746 -0.043866
v -0.042654 26.937176 -33.437813
v -0.051202 26.948992 -34.681301
v -0.046383 26.943367 -33.439133
v -3.883537 26.988140 -34.477173
v -6.721559 26.915302 -34.104305
v -7.721642 26.867016 -33.825039
v -11.458624 26.741997 -32.748642
v -11.447405 26.735378 -32.759861
v -15.054784 26.587389 -31.258883
v -15.056993 26.581465 -31.268490
v -18.456116 26.865868 -29.378967
v -20.107733 26.947704 -28.341042
v -21.631304 26.956261 -27.126192
v -24.533968 26.867001 -24.532413
v -26.411652 26.771950 -22.608242
v -27.126343 26.742994 -21.631796
v -29.377630 26.734463 -18.458717
v -29.385700 26.728441 -18.463839
v -31.259729 26.743107 -15.053431
v -31.828903 26.771812 -13.985787
v -32.747417 26.866959 -11.461239
v -33.824959 26.956251 -7.721112
v -34.392986 26.917692 -5.023582
v -34.477123 26.867008 -3.883709
v -34.682346 26.724981 -0.050752
v -33.440079 26.728479 -0.047629
v -33.439056 26.724005 -0.045754
v -0.048003 26.938128 -33.434174
v -0.049342 23.485489 -33.437386
v -3.741812 26.967018 -33.209850
v -3.744708 26.975267 -33.213535
v -9.222106 26.811562 -32.167866
v -7.436421 26.872494 -32.586491
v -11.039330 26.744371 -31.548256
v -14.495749 26.586012 -30.106407
v -14.495583 26.592070 -30.116991
v -17.776754 26.863131 -28.296181
v -17.784422 26.869923 -28.299957
v -20.836935 26.948689 -26.128729
v -20.840763 26.956287 -26.131369
v -23.634413 26.865913 -23.624214
v -23.633335 26.872713 -23.635607
v -27.607096 26.710218 -18.938875
v -26.131474 26.747257 -20.840040
v -28.300390 26.734631 -17.783260
v -31.288492 26.819126 -11.905107
v -30.113708 26.747356 -14.502415
v -31.548941 26.872778 -11.037936
v -32.581974 26.948690 -7.436620
v -32.586605 26.956287 -7.436321
v -33.207569 26.865911 -3.734466
v -33.213840 26.872711 -3.743855
v -33.434013 26.725632 -0.047750
v -33.438084 23.270353 -0.049806
v -3.743762 23.526281 -33.213470
v -6.103737 23.501011 -32.914890
v -7.437511 23.420248 -32.585842
v -11.039879 23.246813 -31.548086
v -11.033251 23.253979 -31.543020
v -14.500228 23.236200 -30.115059
v -14.501197 23.243923 -30.109737
v -17.783417 23.420141 -28.300179
v -19.090452 23.512388 -27.500702
v -20.841248 23.526533 -26.130449
v -23.634253 23.420248 -23.634216
v -25.656580 23.293911 -21.506588
v -26.131865 23.246853 -20.839493
v -28.300440 23.214727 -17.783253
v -28.297422 23.222916 -17.780476
v -30.113401 23.246681 -14.502959
v -30.508696 23.293905 -13.784496
v -31.548498 23.420265 -11.038354
v -32.586414 23.526535 -7.435305
v -33.057507 23.510717 -5.266778
v -33.213699 23.420269 -3.742185
v -2.718109 25.521282 -34.751064
v -2.716766 25.526211 -34.725956
v -2.617107 25.694954 -34.631737
v -2.279568 25.768660 -34.775452
v -1.939089 25.691692 -34.676067
v -2.141935 25.774570 -34.797955
v -1.813317 25.466526 -34.807312
v -1.783100 25.344820 -34.797058
v -1.771167 25.002052 -34.685268
v -1.971050 24.902691 -34.788963
v -1.971166 24.895756 -34.792080
v -2.408723 24.811798 -34.777264
v -2.689589 24.971165 -34.747307
v -2.714235 25.039249 -34.756439
v -2.683036 24.878029 -34.626873
v -34.806290 25.239546 -1.816371
v -34.796444 25.238194 -1.815140
v -34.675819 25.475647 -1.943709
v -34.800781 25.569496 -2.215238
v -34.740368 25.501987 -2.478525
v -34.632000 25.522060 -2.614691
v -34.717342 25.337717 -2.710852
v -34.623623 24.767677 -2.721094
v -34.742489 24.811079 -2.683328
v -34.738037 24.748758 -2.640520
v -34.798473 24.600462 -2.148903
v -34.791519 24.681532 -1.963871
v -34.683956 24.705872 -1.801102
v -34.810787 24.816578 -1.846087
v 24.504358 23.645439 -24.504333
v 32.016506 23.645439 -13.261639
v 24.504351 23.645443 24.504345
v 13.261672 23.645439 -32.016476
v 0.000018 23.645439 -34.654366
v -13.261640 23.645439 -32.016506
v -24.504333 23.645439 -24.504360
v -32.016483 23.645439 -13.261672
v -34.654369 23.645441 -0.000014
v -32.016491 23.645443 13.261641
v -24.504354 23.645443 24.504341
v -13.261661 23.645443 32.016483
v -0.000005 23.645443 34.654369
v 13.261652 23.645443 32.016491
v 32.016491 23.645443 13.261653
v 34.654385 23.645441 -0.000002
v 32.016506 26.180775 -13.261639
v 24.504358 26.180775 -24.504333
v 24.504351 26.180782 24.504345
v 13.261672 26.180775 -32.016479
v 0.000018 26.180775 -34.654369
v -13.261640 26.180775 -32.016510
v -24.504333 26.180775 -24.504360
v -32.016483 26.180775 -13.261672
v -34.654369 26.180777 -0.000014
v -32.016491 26.180779 13.261641
v -24.504354 26.180779 24.504341
v -13.261661 26.180779 32.016479
v -0.000005 26.180779 34.654366
v 13.261652 26.180779 32.016487
v 32.016491 26.180779 13.261653
v 34.654385 26.180777 -0.000002
v -1.979486 23.811125 1.956380
v -1.956381 0.000000 1.979486
v 1.956381 23.811125 1.979484
v 1.979486 0.000000 1.956382
v -1.902471 -0.000000 -2.002591
v -1.902471 23.811125 -2.002593
v 1.956382 -0.000000 -1.979486
v 1.979486 23.811125 -1.956383
v -1.917140 23.811125 -2.016407
v -1.928060 -0.000000 -2.026689
v -1.969217 -0.000000 -1.969217
v -1.969217 0.000000 1.969217
v 1.969217 -0.000000 -1.969217
v 1.969217 0.000000 1.969217
v -2.037757 4.824521 10.867641
v -2.043982 4.830132 2.029590
v -2.013620 4.774142 10.828986
v 2.013209 4.773731 10.828643
v -1.976324 4.123646 11.122484
v -2.000001 4.168681 11.181246
v -1.985243 3.832188 11.671479
v -2.037760 3.855913 12.933196
v 2.081000 4.611119 10.886826
v 2.024890 4.842206 2.029592
v 1.976225 4.123670 11.122191
v 2.000000 4.168681 11.181246
v 1.984455 3.830811 11.671885
v 2.043838 3.862368 12.933832
v -1.977263 3.605354 13.916560
v -2.000001 3.209555 14.547725
v -1.976226 3.164544 14.488670
v -2.041066 2.467399 15.023193
v -2.052967 1.565578 15.216349
v -2.040791 1.552146 16.620323
v 2.050413 1.562869 15.214126
v 1.976845 3.601858 13.921967
v 2.000000 3.209555 14.547725
v 1.976324 3.164520 14.488963
v 2.040973 2.463209 15.024823
v 2.040745 1.552972 16.619402
v -2.020678 0.014965 16.605139
v 2.020978 0.014620 16.605621
v 2.026710 0.047971 2.029591
v -2.024746 0.040329 2.029591
v -2.029593 3.772845 13.583170
v -2.029593 1.540816 15.196025
v -2.029593 3.188220 14.526390
v -2.029593 2.459539 15.013280
v 2.029593 3.772845 13.583170
v 2.029593 2.459539 15.013280
v 2.029593 3.188220 14.526390
v 2.029593 1.540816 15.196025
v 2.029593 1.540816 16.607634
v -2.029593 1.540816 16.607634
v 2.029593 3.880580 11.589749
v -2.029593 3.880580 11.589749
v 2.029593 4.147346 11.159910
v -2.029593 4.292932 11.016597
v -2.029593 4.815479 10.870414
v -2.029593 4.815478 2.029593
v -10.867641 4.824520 -2.037757
v -2.029590 4.830132 -2.043982
v -10.828986 4.774140 -2.013620
v -10.828643 4.773729 2.013209
v -11.122484 4.123645 -1.976325
v -11.181246 4.168680 -2.000000
v -11.671479 3.832187 -1.985243
v -12.933196 3.855911 -2.037760
v -10.886826 4.611118 2.081000
v -2.029592 4.852782 2.007410
v -11.122191 4.123669 1.976225
v -11.181246 4.168680 2.000000
v -11.671885 3.830810 1.984455
v -12.933832 3.862367 2.043838
v -13.916560 3.605353 -1.977263
v -14.547725 3.209554 -2.000001
v -14.488670 3.164542 -1.976226
v -15.023193 2.467397 -2.041066
v -15.216349 1.565577 -2.052967
v -16.620323 1.552145 -2.040791
v -15.214126 1.562867 2.050413
v -13.921967 3.601857 1.976845
v -14.547725 3.209554 2.000000
v -14.488963 3.164519 1.976324
v -15.024823 2.463208 2.040973
v -16.619402 1.552971 2.040745
v -16.605066 0.016637 -2.020350
v -16.605621 0.014619 2.020978
v -2.029592 0.047659 2.026392
v -2.029590 0.036590 -2.024421
v -13.583170 3.772843 -2.029593
v -15.196025 1.540814 -2.029593
v -14.526390 3.188218 -2.029593
v -15.013280 2.459537 -2.029593
v -13.583170 3.772844 2.029593
v -15.013280 2.459538 2.029593
v -14.526390 3.188219 2.029593
v -15.196025 1.540815 2.029593
v -16.607634 1.540815 2.029593
v -16.607634 1.540814 -2.029593
v -11.589749 3.880579 2.029593
v -11.589749 3.880579 -2.029593
v -11.159910 4.147345 2.029593
v -11.016597 4.292931 -2.029593
v -10.870414 4.815478 -2.029593
v -2.029593 4.815478 -2.029593
v 2.037757 4.824519 -10.867641
v 2.043982 4.830132 -2.029590
v 2.013620 4.774140 -10.828986
v -2.013209 4.773729 -10.828643
v 1.976324 4.123644 -11.122484
v 2.000001 4.168679 -11.181246
v 1.985243 3.832186 -11.671479
v 2.037760 3.855911 -12.933196
v -2.081000 4.611117 -10.886826
v -2.024890 4.842206 -2.029592
v -1.976225 4.123668 -11.122191
v -2.000000 4.168679 -11.181246
v -1.984455 3.830809 -11.671885
v -2.043838 3.862366 -12.933832
v 1.977263 3.605352 -13.916560
v 2.000001 3.209553 -14.547725
v 1.976226 3.164541 -14.488670
v 2.041066 2.467396 -15.023193
v 2.052967 1.565575 -15.216349
v 2.040791 1.552144 -16.620323
v -2.050413 1.562866 -15.214126
v -1.976845 3.601856 -13.921967
v -2.000000 3.209552 -14.547725
v -1.976324 3.164518 -14.488963
v -2.040973 2.463207 -15.024823
v -2.040745 1.552969 -16.619402
v 2.021221 0.019775 -16.605383
v -2.020978 0.014618 -16.605621
v -2.026710 0.047971 -2.029591
v 2.024386 0.022316 -2.029588
v 2.029593 3.675106 -13.797709
v 2.029593 3.847239 -12.932343
v 2.029593 1.540813 -15.196025
v 2.029593 3.188217 -14.526390
v 2.029593 2.459536 -15.013280
v -2.029593 3.772843 -13.583170
v -2.029593 3.188217 -14.526390
v -2.029593 2.459536 -15.013280
v -2.029593 1.540813 -15.196025
v -2.029593 1.540813 -16.607634
v 2.029593 1.540813 -16.607634
v -2.029593 3.880578 -11.589749
v 2.029593 3.880578 -11.589749
v -2.029593 4.147344 -11.159910
v 2.029593 4.292930 -11.016597
v 2.029593 4.815477 -10.870414
v 2.029593 4.815478 -2.029593
v 10.867641 4.824519 2.037757
v 2.029590 4.830132 2.043982
v 10.828986 4.774140 2.013620
v 10.828643 4.773729 -2.013210
v 11.122484 4.123645 1.976324
v 11.181246 4.168680 2.000000
v 11.671479 3.832187 1.985243
v 12.933196 3.855912 2.037760
v 10.886826 4.611118 -2.081000
v 2.029592 4.852782 -2.007411
v 11.122191 4.123669 -1.976225
v 11.181246 4.168680 -2.000000
v 11.671885 3.830809 -1.984455
v 12.933832 3.862367 -2.043839
v 13.916560 3.605353 1.977263
v 14.547725 3.209554 2.000000
v 14.488670 3.164543 1.976226
v 15.023193 2.467398 2.041066
v 15.216349 1.565577 2.052968
v 16.620323 1.552145 2.040791
v 15.214126 1.562867 -2.050413
v 13.921967 3.601856 -1.976845
v 14.547725 3.209553 -2.000000
v 14.488963 3.164519 -1.976324
v 15.024823 2.463208 -2.040973
v 16.619402 1.552970 -2.040745
v 16.605139 0.014964 2.020678
v 16.605621 0.014619 -2.020978
v 2.029592 0.047659 -2.026392
v 2.029591 0.040329 2.024746
v 13.583170 3.772844 2.029593
v 14.526390 3.188219 2.029593
v 15.013280 2.459538 2.029593
v 15.196025 1.540815 2.029593
v 13.583170 3.772843 -2.029593
v 15.013280 2.459537 -2.029593
v 14.526390 3.188218 -2.029593
v 15.196025 1.540814 -2.029593
v 16.607634 1.540814 -2.029593
v 16.607634 1.540815 2.029593
v 11.589749 3.880579 -2.029593
v 11.589749 3.880579 2.029593
v 11.159910 4.147345 -2.029593
v 11.016597 4.292931 2.029593
v 10.870414 4.815478 2.029593
v 2.029593 4.815478 2.029593
v -1.372100 4.933545 10.406789
v -1.373729 4.759976 10.500232
v -1.307350 4.952135 10.373148
v 1.307350 4.952135 10.373148
v -1.365525 4.971673 10.345180
v -1.383590 5.577612 6.922537
v -1.311032 5.632183 6.938869
v 1.372100 4.933545 10.406789
v 1.373729 4.759977 10.500232
v 1.365525 4.971673 10.345180
v 1.380024 5.574883 6.920485
v 1.313460 5.634016 6.940251
v -1.367509 13.170908 2.120824
v -1.378397 9.693378 2.770362
v -1.311627 9.712588 2.829560
v -1.307350 13.198138 2.099526
v 1.307350 13.198140 2.099526
v -1.369686 13.229299 2.082258
v -1.371201 13.322589 1.936354
v 1.367509 13.170908 2.120824
v 1.381192 9.695019 2.772490
v 1.310013 9.711649 2.828350
v 1.369686 13.229299 2.082258
v 1.371201 13.322589 1.936354
v -1.337077 13.266710 1.879141
v -1.337090 11.303745 1.815087
v -1.307350 13.301648 1.885117
v 1.307350 13.301648 1.885117
v 1.337105 13.266710 1.879117
v 1.337092 11.303750 1.815084
v -1.337092 4.704120 10.441716
v -1.337091 4.640078 8.478758
v -1.307350 4.710109 10.476657
v 1.307350 4.710109 10.476657
v 1.337090 4.704122 10.441716
v 1.337092 4.640077 8.478757
v -1.337099 9.325970 2.292509
v 1.337083 9.325974 2.292523
v -1.337093 7.551425 3.287763
v 1.337089 7.551427 3.287767
v -1.337093 7.922549 3.777718
v -1.337088 6.112759 4.726436
v 1.337094 6.112753 4.726434
v 1.337090 7.922549 3.777715
v -1.337085 6.602705 5.097554
v -1.337087 5.117512 6.500985
v 1.337095 5.117505 6.500981
v 1.337097 6.602713 5.097560
v -1.307350 4.949848 10.329929
v 1.307350 4.980267 10.335177
v -1.307350 13.236110 2.071393
v 1.307350 13.236110 2.071393
v -1.307350 13.330981 1.924784
v 1.307350 13.330981 1.924784
v -1.307350 4.768063 7.257455
v 1.307350 4.679683 7.620133
v -1.307350 4.670442 10.447322
v 1.307350 4.670442 10.447322
v -1.307350 4.749777 10.505991
v 1.307350 4.749777 10.505991
v -1.307350 4.924002 10.411118
v 1.307350 4.924002 10.411118
v 1.366832 4.737800 10.436110
v 1.366832 4.674050 8.482157
v 1.366832 4.912907 10.346389
v 1.366832 5.561808 6.921966
v -1.366832 4.737800 10.436110
v -1.366832 4.912907 10.346389
v -1.366832 4.674050 8.482157
v -1.366832 5.561808 6.921966
v -1.366832 9.694682 2.758827
v -1.366832 13.233980 1.974551
v -1.366832 11.307147 1.849058
v -1.307350 13.272316 1.845450
v 1.307350 13.272316 1.845450
v -1.307350 10.445116 1.854693
v 1.307350 10.082438 1.943073
v 1.366832 9.694682 2.758827
v 1.366832 11.307147 1.849058
v 1.366832 13.233980 1.974551
v -1.307350 8.851740 3.098020
v 1.307350 13.155713 2.103897
v -1.307350 13.160169 2.127659
v -1.366832 9.338445 2.324299
v 1.366832 9.338445 2.324299
v 1.307350 8.843395 3.164745
v -1.366832 7.572042 3.314981
v -1.366832 7.901934 3.750500
v -1.307350 6.848426 3.759272
v 1.307350 6.584260 4.023438
v 1.366832 7.901934 3.750500
v 1.366832 7.572042 3.314981
v -1.366832 6.139973 4.747050
v -1.366832 6.575492 5.076942
v 1.366832 6.575492 5.076942
v 1.366832 6.139973 4.747050
v -1.307350 5.989740 6.018403
v 1.307350 5.906744 6.051275
v -1.366832 5.149291 6.513455
v 1.366832 5.149291 6.513455
v -1.332580 4.929783 10.369506
v -1.307350 4.980267 10.335177
v 1.332580 4.929783 10.369506
v 1.307350 4.980267 10.335177
v -1.307350 13.160169 2.127659
v -1.332581 13.194498 2.077175
v 1.332582 13.194499 2.077175
v 1.307350 13.160169 2.127659
v -1.333202 13.278182 1.889247
v -1.307350 13.330981 1.924784
v 1.333202 13.278182 1.889247
v 1.307350 13.330981 1.924784
v -1.333202 4.714239 10.453189
v -1.307350 4.749777 10.505991
v 1.333202 4.714239 10.453189
v 1.307350 4.749777 10.505991
v 10.406804 4.933551 1.372116
v 10.500247 4.759984 1.373748
v 10.373148 4.952133 1.307350
v 10.373149 4.952134 -1.307350
v 10.345181 4.971678 1.365530
v 6.922538 5.577617 1.383594
v 6.938864 5.632180 1.311026
v 10.406804 4.933551 -1.372117
v 10.500247 4.759984 -1.373748
v 10.345181 4.971678 -1.365531
v 6.920484 5.574883 -1.380023
v 6.940250 5.634017 -1.313461
v 2.120841 13.170913 1.367528
v 2.770364 9.693381 1.378399
v 2.829564 9.712584 1.311628
v 2.099527 13.198138 1.307349
v 2.099527 13.198140 -1.307351
v 2.082272 13.229319 1.369709
v 1.936368 13.322611 1.371228
v 2.120841 13.170913 -1.367530
v 2.772499 9.695024 -1.381204
v 2.828348 9.711643 -1.310007
v 2.082272 13.229319 -1.369711
v 1.936368 13.322611 -1.371230
v 1.879121 13.266708 1.337101
v 1.815081 11.303748 1.337096
v 1.885117 13.301651 1.307349
v 1.885117 13.301651 -1.307351
v 1.879139 13.266708 -1.337082
v 1.815091 11.303748 -1.337086
v 10.441716 4.704113 1.337099
v 8.478759 4.640074 1.337095
v 10.476657 4.710108 1.307350
v 10.476657 4.710108 -1.307350
v 10.441716 4.704127 -1.337084
v 8.478758 4.640081 -1.337087
v 2.292521 9.325974 1.337086
v 2.292514 9.325969 -1.337096
v 3.287767 7.551426 1.337089
v 3.287763 7.551427 -1.337093
v 3.777718 7.922550 1.337093
v 4.726435 6.112756 1.337091
v 4.726437 6.112755 -1.337091
v 3.777715 7.922549 -1.337090
v 5.097559 6.602708 1.337091
v 6.500984 5.117510 1.337088
v 6.500981 5.117507 -1.337094
v 5.097558 6.602707 -1.337091
v 10.329929 4.949848 1.307350
v 10.335177 4.980266 -1.307350
v 2.071394 13.236110 1.307349
v 2.071394 13.236110 -1.307351
v 1.924785 13.330983 1.307349
v 1.924785 13.330983 -1.307351
v 7.257451 4.768065 1.307350
v 7.620128 4.679685 -1.307350
v 10.447323 4.670441 1.307350
v 10.447323 4.670441 -1.307350
v 10.505992 4.749776 1.307350
v 10.505992 4.749776 -1.307350
v 10.411119 4.924001 1.307350
v 10.411119 4.924001 -1.307350
v 10.436110 4.737799 -1.366833
v 8.482158 4.674050 -1.366833
v 10.346391 4.912907 -1.366833
v 6.921968 5.561808 -1.366833
v 10.436110 4.737799 1.366832
v 10.346391 4.912907 1.366832
v 8.482158 4.674050 1.366832
v 6.921968 5.561808 1.366832
v 2.758826 9.694686 1.366832
v 1.974552 13.233978 1.366831
v 1.849059 11.307147 1.366832
v 1.845451 13.272316 1.307349
v 1.845451 13.272316 -1.307351
v 1.854691 10.445121 1.307349
v 1.943072 10.082442 -1.307351
v 2.758826 9.694686 -1.366833
v 1.849059 11.307147 -1.366833
v 1.974552 13.233978 -1.366833
v 3.098022 8.851738 1.307349
v 2.103899 13.155713 -1.307351
v 2.127660 13.160169 1.307349
v 2.324300 9.338446 1.366832
v 2.324300 9.338446 -1.366833
v 3.164746 8.843398 -1.307351
v 3.314981 7.572042 1.366832
v 3.750500 7.901933 1.366832
v 3.759274 6.848425 1.307350
v 4.023441 6.584259 -1.307351
v 3.750500 7.901933 -1.366833
v 3.314981 7.572042 -1.366833
v 4.747051 6.139972 1.366832
v 5.076942 6.575491 1.366832
v 5.076942 6.575491 -1.366833
v 4.747051 6.139972 -1.366833
v 6.018404 5.989738 1.307350
v 6.051275 5.906744 -1.307351
v 6.513456 5.149291 1.366832
v 6.513456 5.149291 -1.366833
v 10.369507 4.929782 1.332580
v 10.335177 4.980266 1.307350
v 10.369507 4.929782 -1.332581
v 10.335177 4.980266 -1.307350
v 2.127660 13.160169 1.307349
v 2.077176 13.194501 1.332580
v 2.077176 13.194501 -1.332582
v 2.127660 13.160169 -1.307351
v 1.889247 13.278180 1.333200
v 1.924785 13.330983 1.307349
v 1.889246 13.278182 -1.333203
v 1.924785 13.330983 -1.307351
v 10.453189 4.714238 1.333201
v 10.505992 4.749776 1.307350
v 10.453189 4.714237 -1.333203
v 10.505992 4.749776 -1.307350
v 1.372116 4.933550 -10.406804
v 1.373748 4.759983 -10.500247
v 1.307350 4.952132 -10.373148
v -1.307350 4.952133 -10.373149
v 1.365531 4.971677 -10.345181
v 1.383594 5.577616 -6.922539
v 1.311027 5.632179 -6.938865
v -1.372116 4.933550 -10.406804
v -1.373748 4.759983 -10.500247
v -1.365530 4.971677 -10.345181
v -1.380023 5.574883 -6.920484
v -1.313461 5.634017 -6.940250
v 1.367529 13.170913 -2.120842
v 1.378400 9.693381 -2.770365
v 1.311629 9.712584 -2.829565
v 1.307350 13.198138 -2.099528
v -1.307350 13.198140 -2.099528
v 1.369710 13.229319 -2.082273
v 1.371229 13.322611 -1.936369
v -1.367529 13.170913 -2.120842
v -1.381203 9.695024 -2.772500
v -1.310007 9.711643 -2.828348
v -1.369710 13.229319 -2.082273
v -1.371229 13.322611 -1.936369
v 1.337102 13.266708 -1.879122
v 1.337097 11.303748 -1.815081
v 1.307350 13.301651 -1.885118
v -1.307350 13.301651 -1.885118
v -1.337081 13.266708 -1.879140
v -1.337085 11.303748 -1.815092
v 1.337099 4.704112 -10.441716
v 1.337096 4.640073 -8.478759
v 1.307350 4.710107 -10.476657
v -1.307350 4.710107 -10.476657
v -1.337083 4.704126 -10.441716
v -1.337087 4.640081 -8.478758
v 1.337086 9.325974 -2.292522
v -1.337096 9.325969 -2.292515
v 1.337089 7.551425 -3.287768
v -1.337093 7.551426 -3.287764
v 1.337093 7.922550 -3.777719
v 1.337091 6.112756 -4.726435
v -1.337091 6.112755 -4.726437
v -1.337089 7.922548 -3.777716
v 1.337092 6.602708 -5.097559
v 1.337088 5.117510 -6.500985
v -1.337094 5.117506 -6.500982
v -1.337091 6.602706 -5.097559
v 1.307350 4.949847 -10.329929
v -1.307350 4.980265 -10.335177
v 1.307350 13.236110 -2.071395
v -1.307350 13.236110 -2.071395
v 1.307350 13.330983 -1.924786
v -1.307350 13.330983 -1.924786
v 1.307350 4.768064 -7.257452
v -1.307350 4.679685 -7.620129
v 1.307350 4.670440 -10.447323
v -1.307350 4.670440 -10.447323
v 1.307350 4.749775 -10.505992
v -1.307350 4.749775 -10.505992
v 1.307350 4.924000 -10.411119
v -1.307350 4.924000 -10.411119
v -1.366832 4.737798 -10.436110
v -1.366832 4.674050 -8.482158
v -1.366832 4.912906 -10.346391
v -1.366832 5.561808 -6.921968
v 1.366832 4.737798 -10.436110
v 1.366832 4.912906 -10.346391
v 1.366832 4.674050 -8.482158
v 1.366832 5.561808 -6.921968
v 1.366832 9.694686 -2.758827
v 1.366832 13.233978 -1.974553
v 1.366832 11.307147 -1.849059
v 1.307350 13.272316 -1.845452
v -1.307350 13.272316 -1.845452
v 1.307350 10.445121 -1.854692
v -1.307350 10.082442 -1.943072
v -1.366832 9.694686 -2.758827
v -1.366832 11.307147 -1.849059
v -1.366832 13.233978 -1.974553
v 1.307350 8.851738 -3.098023
v -1.307350 13.155713 -2.103899
v 1.307350 13.160169 -2.127661
v 1.366832 9.338446 -2.324300
v -1.366832 9.338446 -2.324300
v -1.307350 8.843398 -3.164747
v 1.366832 7.572041 -3.314982
v 1.366832 7.901933 -3.750501
v 1.307350 6.848425 -3.759275
v -1.307350 6.584258 -4.023442
v -1.366832 7.901933 -3.750501
v -1.366832 7.572041 -3.314982
v 1.366832 6.139972 -4.747051
v 1.366832 6.575491 -5.076943
v -1.366832 6.575491 -5.076943
v -1.366832 6.139972 -4.747051
v 1.307350 5.989738 -6.018404
v -1.307350 5.906743 -6.051275
v 1.366832 5.149290 -6.513456
v -1.366832 5.149290 -6.513456
v 1.332581 4.929781 -10.369507
v 1.307350 4.980265 -10.335177
v -1.332581 4.929781 -10.369507
v -1.307350 4.980265 -10.335177
v 1.307350 13.160169 -2.127661
v 1.332581 13.194501 -2.077177
v -1.332581 13.194501 -2.077177
v -1.307350 13.160169 -2.127661
v 1.333201 13.278180 -1.889248
v 1.307350 13.330983 -1.924786
v -1.333202 13.278182 -1.889247
v -1.307350 13.330983 -1.924786
v 1.333202 4.714237 -10.453189
v 1.307350 4.749775 -10.505992
v -1.333202 4.714236 -10.453189
v -1.307350 4.749775 -10.505992
v -10.406804 4.933551 -1.372117
v -10.500247 4.759984 -1.373748
v -10.373148 4.952133 -1.307350
v -10.373149 4.952134 1.307350
v -10.345181 4.971678 -1.365531
v -6.922538 5.577617 -1.383595
v -6.938864 5.632180 -1.311027
v -10.406804 4.933551 1.372116
v -10.500247 4.759984 1.373748
v -10.345181 4.971678 1.365530
v -6.920484 5.574883 1.380022
v -6.940250 5.634017 1.313460
v -2.120841 13.170913 -1.367530
v -2.770364 9.693381 -1.378401
v -2.829564 9.712584 -1.311629
v -2.099527 13.198138 -1.307351
v -2.099527 13.198140 1.307349
v -2.082272 13.229319 -1.369711
v -1.936368 13.322611 -1.371230
v -2.120841 13.170913 1.367528
v -2.772499 9.695024 1.381202
v -2.828348 9.711643 1.310006
v -2.082272 13.229319 1.369709
v -1.936368 13.322611 1.371228
v -1.879121 13.266708 -1.337103
v -1.815081 11.303748 -1.337098
v -1.885117 13.301651 -1.307351
v -1.885117 13.301651 1.307349
v -1.879139 13.266708 1.337080
v -1.815091 11.303748 1.337085
v -10.441716 4.704113 -1.337099
v -8.478759 4.640074 -1.337096
v -10.476657 4.710108 -1.307350
v -10.476657 4.710108 1.307350
v -10.441716 4.704127 1.337083
v -8.478758 4.640081 1.337087
v -2.292521 9.325974 -1.337087
v -2.292514 9.325969 1.337095
v -3.287767 7.551426 -1.337090
v -3.287763 7.551427 1.337092
v -3.777718 7.922550 -1.337094
v -4.726435 6.112756 -1.337092
v -4.726437 6.112755 1.337090
v -3.777715 7.922549 1.337089
v -5.097559 6.602708 -1.337092
v -6.500984 5.117510 -1.337089
v -6.500981 5.117507 1.337094
v -5.097558 6.602707 1.337090
v -10.329929 4.949848 -1.307350
v -10.335177 4.980266 1.307350
v -2.071394 13.236110 -1.307351
v -2.071394 13.236110 1.307349
v -1.924785 13.330983 -1.307351
v -1.924785 13.330983 1.307349
v -7.257451 4.768065 -1.307350
v -7.620128 4.679685 1.307350
v -10.447323 4.670441 -1.307350
v -10.447323 4.670441 1.307350
v -10.505992 4.749776 -1.307350
v -10.505992 4.749776 1.307350
v -10.411119 4.924001 -1.307350
v -10.411119 4.924001 1.307350
v -10.436110 4.737799 1.366832
v -8.482158 4.674050 1.366832
v -10.346391 4.912907 1.366832
v -6.921968 5.561808 1.366832
v -10.436110 4.737799 -1.366833
v -10.346391 4.912907 -1.366833
v -8.482158 4.674050 -1.366833
v -6.921968 5.561808 -1.366833
v -2.758826 9.694686 -1.366833
v -1.974552 13.233978 -1.366833
v -1.849059 11.307147 -1.366833
v -1.845451 13.272316 -1.307351
v -1.845451 13.272316 1.307349
v -1.854691 10.445121 -1.307351
v -1.943072 10.082442 1.307349
v -2.758826 9.694686 1.366832
v -1.849059 11.307147 1.366832
v -1.974552 13.233978 1.366831
v -3.098022 8.851738 -1.307351
v -2.103899 13.155713 1.307349
v -2.127660 13.160169 -1.307351
v -2.324300 9.338446 -1.366833
v -2.324300 9.338446 1.366832
v -3.164746 8.843398 1.307349
v -3.314981 7.572042 -1.366833
v -3.750500 7.901933 -1.366833
v -3.759274 6.848425 -1.307351
v -4.023441 6.584259 1.307350
v -3.750500 7.901933 1.366832
v -3.314981 7.572042 1.366832
v -4.747051 6.139972 -1.366833
v -5.076942 6.575491 -1.366833
v -5.076942 6.575491 1.366832
v -4.747051 6.139972 1.366832
v -6.018404 5.989738 -1.307351
v -6.051275 5.906744 1.307350
v -6.513456 5.149291 -1.366833
v -6.513456 5.149291 1.366832
v -10.369507 4.929782 -1.332581
v -10.335177 4.980266 -1.307350
v -10.369507 4.929782 1.332581
v -10.335177 4.980266 1.307350
v -2.127660 13.160169 -1.307351
v -2.077176 13.194501 -1.332582
v -2.077176 13.194501 1.332580
v -2.127660 13.160169 1.307349
v -1.889247 13.278180 -1.333202
v -1.924785 13.330983 -1.307351
v -1.889246 13.278182 1.333201
v -1.924785 13.330983 1.307349
v -10.453189 4.714238 -1.333202
v -10.505992 4.749776 -1.307350
v -10.453189 4.714237 1.333202
v -10.505992 4.749776 1.307350
v -0.504287 5.342692 8.554994
v -0.000000 5.597144 8.605970
v 0.000000 5.361237 8.112925
v 0.504287 5.342693 8.554994
v 0.000000 5.242478 9.049189
v 0.000000 5.595719 8.606180
v 0.000000 5.595719 8.606180
v -0.504285 11.373404 2.517653
v -0.000000 11.427100 2.771546
v 0.000000 11.786825 2.360031
v 0.504286 11.373404 2.517653
v 0.000000 10.879812 2.620854
v 0.000000 11.426344 2.770320
v 0.000000 11.426344 2.770320
v -0.346710 14.815452 1.993558
v -0.000388 14.815452 2.254750
v 0.000058 15.215662 2.048799
v 0.400212 14.815396 2.048800
v 0.000000 14.415202 2.048736
v 0.000000 14.815452 2.253675
v 0.000000 14.815452 2.253675
v -0.722203 22.009565 2.085976
v -0.000099 21.287262 2.085978
v 0.000099 22.731676 2.085979
v 0.722204 22.009367 2.085976
v 0.000000 22.009466 2.455688
v 0.000000 22.009466 2.455688
v 0.000000 22.009466 2.455688
v 0.000000 22.009466 2.455688
v 8.554994 5.342692 0.504286
v 8.605970 5.597143 -0.000000
v 8.112925 5.361236 -0.000001
v 8.554994 5.342692 -0.504288
v 9.049189 5.242478 -0.000001
v 8.606180 5.595718 -0.000000
v 8.606180 5.595718 -0.000000
v 2.517654 11.373404 0.504284
v 2.771547 11.427100 -0.000001
v 2.360032 11.786825 -0.000001
v 2.517654 11.373404 -0.504286
v 2.620855 10.879812 -0.000001
v 2.770321 11.426344 -0.000001
v 2.770321 11.426344 -0.000001
v 1.993559 14.815452 0.346709
v 2.254752 14.815452 0.000387
v 2.048800 15.215662 -0.000059
v 2.048801 14.815396 -0.400213
v 2.048738 14.415202 -0.000001
v 2.253676 14.815452 -0.000001
v 2.253676 14.815452 -0.000001
v 2.085977 22.009565 0.722202
v 2.085980 21.287262 0.000097
v 2.085981 22.731676 -0.000100
v 2.085977 22.009367 -0.722205
v 2.455690 22.009466 -0.000002
v 2.455690 22.009466 -0.000002
v 2.455690 22.009466 -0.000002
v 2.455690 22.009466 -0.000002
v 0.504287 5.342691 -8.554994
v 0.000000 5.597143 -8.605970
v -0.000000 5.361236 -8.112925
v -0.504287 5.342692 -8.554994
v -0.000000 5.242477 -9.049189
v 0.000000 5.595718 -8.606180
v 0.000000 5.595718 -8.606180
v 0.504285 11.373404 -2.517655
v 0.000000 11.427100 -2.771548
v -0.000000 11.786825 -2.360033
v -0.504286 11.373404 -2.517655
v -0.000000 10.879812 -2.620855
v 0.000000 11.426344 -2.770322
v 0.000000 11.426344 -2.770322
v 0.346710 14.815452 -1.993560
v 0.000388 14.815452 -2.254753
v -0.000058 15.215662 -2.048801
v -0.400212 14.815396 -2.048802
v -0.000000 14.415202 -2.048739
v 0.000000 14.815452 -2.253678
v 0.000000 14.815452 -2.253678
v 0.722203 22.009565 -2.085979
v 0.000099 21.287262 -2.085982
v -0.000099 22.731676 -2.085983
v -0.722204 22.009367 -2.085979
v 0.000000 22.009466 -2.455692
v 0.000000 22.009466 -2.455692
v 0.000000 22.009466 -2.455692
v 0.000000 22.009466 -2.455692
v -8.554994 5.342692 -0.504287
v -8.605970 5.597143 -0.000000
v -8.112925 5.361236 -0.000000
v -8.554994 5.342692 0.504287
v -9.049189 5.242478 -0.000000
v -8.606180 5.595718 -0.000000
v -8.606180 5.595718 -0.000000
v -2.517654 11.373404 -0.504286
v -2.771547 11.427100 -0.000001
v -2.360032 11.786825 -0.000001
v -2.517654 11.373404 0.504285
v -2.620855 10.879812 -0.000001
v -2.770321 11.426344 -0.000001
v -2.770321 11.426344 -0.000001
v -1.993559 14.815452 -0.346712
v -2.254752 14.815452 -0.000389
v -2.048800 15.215662 0.000057
v -2.048801 14.815396 0.400210
v -2.048738 14.415202 -0.000001
v -2.253676 14.815452 -0.000001
v -2.253676 14.815452 -0.000001
v -2.085977 22.009565 -0.722205
v -2.085980 21.287262 -0.000100
v -2.085981 22.731676 0.000097
v -2.085977 22.009367 0.722202
v -2.455690 22.009466 -0.000002
v -2.455690 22.009466 -0.000002
v -2.455690 22.009466 -0.000002
v -2.455690 22.009466 -0.000002
vn 0.2333 0.1275 0.9640
vn -0.0257 0.1361 0.9904
vn 0.2035 -0.1652 0.9650
vn 0.1271 -0.1630 0.9784
vn 0.1205 0.1174 0.9857
vn 0.1950 0.1670 0.9665
vn 0.3323 -0.1815 0.9255
vn 0.3993 0.1129 0.9098
vn 0.5467 -0.1819 0.8173
vn 0.5889 0.1510 0.7940
vn 0.5637 -0.1775 0.8067
vn 0.6776 0.1399 0.7220
vn 0.7655 -0.1670 0.6213
vn 0.7832 0.1196 0.6102
vn 0.8720 0.1368 0.4700
vn 0.8839 -0.1677 0.4366
vn 0.9286 -0.1559 0.3367
vn 0.9505 0.1153 0.2886
vn 0.9795 -0.1747 0.1006
vn 0.9577 0.0295 0.2863
vn 0.9705 -0.2196 0.0993
vn 0.0051 0.9842 -0.1769
vn -0.1281 0.9875 -0.0913
vn 0.0836 0.9826 0.1660
vn 0.0068 0.9887 0.1496
vn -0.1274 0.9886 -0.0800
vn 0.0331 0.9893 0.1420
vn -0.1294 0.9893 -0.0669
vn 0.0562 0.9889 0.1375
vn -0.1306 0.9899 -0.0558
vn -0.0316 0.9898 0.1389
vn -0.1531 0.9876 -0.0352
vn 0.0812 0.9884 0.1282
vn -0.1691 0.9856 -0.0045
vn 0.0823 0.9878 0.1321
vn -0.1678 0.9856 0.0222
vn 0.0870 0.9880 0.1275
vn -0.1498 0.9886 0.0161
vn 0.1136 0.9895 0.0898
vn -0.1214 0.9926 -0.0051
vn 0.1506 0.9879 0.0375
vn -0.1368 0.9898 0.0388
vn 0.0622 0.9898 0.1283
vn -0.1493 0.9852 0.0847
vn 0.1346 0.9886 0.0672
vn -0.1340 0.9874 0.0841
vn 0.1473 0.9885 0.0340
vn -0.1234 0.9876 0.0970
vn 0.1509 0.9884 0.0162
vn -0.0405 0.9817 0.1861
vn 0.1975 0.9793 0.0442
vn -0.2480 -0.1164 -0.9617
vn -0.1745 0.1766 -0.9687
vn -0.0251 -0.1876 -0.9819
vn -0.0364 0.1927 -0.9806
vn -0.4469 -0.1059 -0.8883
vn -0.5169 0.1118 -0.8487
vn -0.6496 -0.1342 -0.7483
vn -0.5132 0.1801 -0.8391
vn -0.6503 0.1714 -0.7401
vn -0.7938 -0.1041 -0.5992
vn -0.8421 -0.1138 -0.5272
vn -0.8333 0.1676 -0.5268
vn -0.9100 -0.1235 -0.3957
vn -0.9397 -0.1136 -0.3226
vn -0.9389 0.1326 -0.3177
vn -0.9717 -0.1245 -0.2005
vn -0.9321 0.1753 -0.3168
vn -0.9917 -0.1181 -0.0507
vn -0.9715 0.1748 -0.1601
vn -0.9924 -0.0422 0.1160
vn -0.9797 0.1964 -0.0403
vn 0.0904 -0.9763 0.1965
vn -0.0616 -0.9921 0.1091
vn 0.1545 -0.9725 -0.1743
vn -0.0906 -0.9898 -0.1097
vn -0.0787 -0.9890 0.1252
vn -0.1298 -0.9879 -0.0844
vn -0.1007 -0.9847 0.1424
vn -0.0887 -0.9859 -0.1421
vn -0.0753 -0.9863 0.1464
vn -0.0949 -0.9863 -0.1347
vn -0.0330 -0.9887 0.1461
vn -0.0838 -0.9873 -0.1350
vn 0.0006 -0.9916 0.1290
vn -0.0808 -0.9863 -0.1440
vn 0.0221 -0.9924 0.1213
vn -0.1367 -0.9901 -0.0313
vn 0.0169 -0.9884 0.1511
vn -0.1582 -0.9873 0.0154
vn 0.0086 -0.9843 0.1764
vn -0.1595 -0.9858 -0.0535
vn 0.0312 -0.9870 0.1577
vn -0.1545 -0.9870 -0.0443
vn 0.0645 -0.9884 0.1376
vn -0.1496 -0.9875 -0.0503
vn 0.0805 -0.9885 0.1280
vn -0.1539 -0.9875 -0.0351
vn 0.0948 -0.9891 0.1125
vn -0.1568 -0.9874 -0.0236
vn 0.1639 -0.9796 0.1166
vn -0.1174 -0.9814 0.1521
vn -0.1584 0.1151 -0.9806
vn 0.1918 0.0404 -0.9806
vn -0.1121 -0.1688 -0.9793
vn 0.1905 -0.0473 -0.9805
vn -0.9800 0.0484 -0.1931
vn -0.9797 -0.1970 -0.0372
vn -0.9799 0.1140 0.1635
vn -0.9810 -0.0420 0.1894
vn 0.7254 0.0552 0.6861
vn 0.3514 0.7327 -0.5828
vn 0.4754 -0.6566 -0.5855
vn -0.2645 0.5973 0.7572
vn -0.8130 0.0806 -0.5766
vn -0.3530 -0.8803 0.3169
vn -0.5949 -0.6393 0.4873
vn -0.0337 -0.0330 0.9989
vn 0.1180 -0.1681 0.9787
vn 0.0821 -0.0225 0.9964
vn 0.2548 -0.0486 0.9658
vn 0.0637 0.1159 0.9912
vn -0.0616 0.1315 0.9894
vn 0.6947 0.0896 -0.7137
vn 0.4593 0.8848 0.0787
vn 0.6262 -0.0993 -0.7733
vn 0.4026 0.9146 -0.0374
vn 0.5198 0.0993 0.8485
vn 0.5954 -0.0896 0.7984
vn 0.4655 -0.8848 -0.0177
vn 0.3946 -0.9146 0.0885
vn 0.9688 -0.0176 0.2474
vn 0.9876 -0.1492 0.0484
vn 0.9978 -0.0012 0.0670
vn 0.9907 -0.1061 -0.0850
vn 0.9965 0.0381 -0.0747
vn 0.9867 0.1497 0.0635
vn 0.9857 -0.0417 0.1632
vn 0.9640 0.1276 -0.2333
vn 0.9904 0.1360 0.0257
vn 0.9650 -0.1652 -0.2035
vn 0.9784 -0.1629 -0.1271
vn 0.9857 0.1174 -0.1205
vn 0.9665 0.1670 -0.1950
vn 0.9255 -0.1815 -0.3323
vn 0.9098 0.1128 -0.3994
vn 0.8173 -0.1819 -0.5467
vn 0.7940 0.1510 -0.5889
vn 0.8065 -0.1745 -0.5648
vn 0.7207 0.1555 -0.6756
vn 0.6018 -0.1679 -0.7808
vn 0.6114 0.1111 -0.7835
vn 0.4742 0.1235 -0.8717
vn 0.4462 -0.1808 -0.8765
vn 0.3077 -0.1600 -0.9379
vn 0.3107 0.1224 -0.9426
vn 0.2505 -0.1346 -0.9587
vn 0.2866 0.0219 -0.9578
vn 0.0969 -0.2194 -0.9708
vn -0.1769 0.9842 -0.0051
vn -0.0912 0.9876 0.1281
vn 0.1660 0.9826 -0.0836
vn 0.1496 0.9887 -0.0068
vn -0.0800 0.9886 0.1274
vn 0.1419 0.9893 -0.0331
vn -0.0669 0.9893 0.1294
vn 0.1374 0.9889 -0.0562
vn -0.0557 0.9899 0.1306
vn 0.1389 0.9898 0.0316
vn -0.0352 0.9876 0.1531
vn 0.1282 0.9884 -0.0812
vn -0.0045 0.9856 0.1691
vn 0.1321 0.9878 -0.0823
vn 0.0222 0.9856 0.1677
vn 0.1275 0.9880 -0.0870
vn 0.0162 0.9886 0.1499
vn 0.0900 0.9894 -0.1137
vn 0.0128 0.9914 0.1303
vn 0.0562 0.9883 -0.1416
vn 0.0187 0.9913 0.1304
vn 0.1068 0.9919 -0.0689
vn 0.0680 0.9876 0.1414
vn 0.1350 0.9885 -0.0686
vn 0.1110 0.9837 0.1415
vn 0.0622 0.9883 -0.1390
vn 0.1261 0.9837 0.1280
vn 0.0457 0.9884 -0.1451
vn 0.2277 0.9724 0.0503
vn 0.0838 0.9782 -0.1899
vn -0.9617 -0.1164 0.2480
vn -0.9687 0.1766 0.1745
vn -0.9819 -0.1876 0.0251
vn -0.9806 0.1927 0.0364
vn -0.8883 -0.1059 0.4469
vn -0.8487 0.1118 0.5169
vn -0.7421 -0.1278 0.6579
vn -0.8391 0.1803 0.5132
vn -0.7517 0.1499 0.6423
vn -0.6312 -0.1231 0.7658
vn -0.6601 0.1698 0.7317
vn -0.4833 -0.1037 0.8693
vn -0.3876 -0.1085 0.9154
vn -0.3557 0.1251 0.9262
vn -0.2168 -0.1237 0.9683
vn -0.2041 0.1298 0.9703
vn -0.0688 -0.1220 0.9901
vn -0.2247 0.1880 0.9561
vn -0.0850 0.1449 0.9858
vn 0.1026 -0.0463 0.9936
vn -0.0417 0.1831 0.9822
vn 0.1965 -0.9763 -0.0904
vn 0.1091 -0.9921 0.0616
vn -0.1743 -0.9725 -0.1545
vn -0.1097 -0.9898 0.0906
vn 0.1252 -0.9890 0.0788
vn -0.0844 -0.9879 0.1298
vn 0.1425 -0.9847 0.1007
vn -0.1421 -0.9859 0.0887
vn 0.1464 -0.9863 0.0753
vn -0.1347 -0.9863 0.0949
vn 0.1460 -0.9887 0.0330
vn -0.1350 -0.9873 0.0838
vn 0.1290 -0.9916 -0.0006
vn -0.1440 -0.9863 0.0808
vn 0.1213 -0.9924 -0.0221
vn -0.0314 -0.9901 0.1367
vn 0.1511 -0.9884 -0.0169
vn 0.0154 -0.9873 0.1583
vn 0.1753 -0.9845 -0.0093
vn -0.0547 -0.9858 0.1588
vn 0.1627 -0.9862 -0.0318
vn -0.0448 -0.9863 0.1588
vn 0.1352 -0.9889 -0.0622
vn -0.0477 -0.9881 0.1462
vn 0.1166 -0.9897 -0.0831
vn -0.0467 -0.9874 0.1513
vn 0.0842 -0.9915 -0.0990
vn -0.0524 -0.9874 0.1497
vn 0.0712 -0.9827 -0.1708
vn 0.1370 -0.9901 0.0308
vn -0.9819 0.0409 -0.1847
vn -0.9791 -0.1166 -0.1665
vn -0.9803 0.1127 0.1624
vn -0.9791 -0.1721 0.1088
vn -0.1930 0.0484 0.9800
vn -0.0372 -0.1970 0.9797
vn 0.1635 0.1140 0.9799
vn 0.1894 -0.0420 0.9810
vn 0.6861 0.0551 -0.7254
vn -0.5829 0.7326 -0.3514
vn -0.5855 -0.6566 -0.4754
vn 0.7571 0.5973 0.2646
vn -0.5763 0.0804 0.8132
vn 0.3170 -0.8804 0.3526
vn 0.4869 -0.6392 0.5953
vn 0.9989 -0.0330 0.0337
vn 0.9787 -0.1681 -0.1180
vn 0.9964 -0.0225 -0.0821
vn 0.9658 -0.0485 -0.2547
vn 0.9912 0.1159 -0.0637
vn 0.9894 0.1315 0.0616
vn -0.7981 -0.5476 -0.2512
vn -0.8713 0.1179 -0.4764
vn -0.3145 0.7849 0.5339
vn 0.4284 0.7804 -0.4554
vn 0.7798 0.2334 0.5809
vn 0.6165 -0.5747 -0.5382
vn -0.1726 -0.7851 0.5948
vn -0.0104 0.0649 -0.9978
vn 0.0317 0.1637 -0.9860
vn 0.0401 0.0074 -0.9992
vn 0.1218 0.1555 -0.9803
vn 0.1719 0.0267 -0.9847
vn 0.1141 -0.0704 -0.9910
vn -0.9898 0.1315 0.0543
vn -0.9800 -0.1672 0.1081
vn -0.9609 0.1113 0.2536
vn -0.9712 -0.2172 0.0977
vn -0.9644 -0.1651 0.2068
vn -0.9581 0.1145 0.2625
vn -0.8831 -0.1718 0.4366
vn -0.9060 0.1083 0.4093
vn -0.8191 -0.1735 0.5468
vn -0.8287 0.1361 0.5429
vn -0.6900 -0.1680 0.7040
vn -0.7254 0.1114 0.6793
vn -0.6634 -0.1268 0.7374
vn -0.6055 0.1393 0.7835
vn -0.5423 0.1497 0.8268
vn -0.3699 -0.1824 0.9110
vn -0.3756 0.1303 0.9176
vn -0.1606 -0.1716 0.9720
vn -0.2158 0.1318 0.9675
vn -0.2863 0.0513 0.9568
vn -0.1188 -0.2196 0.9683
vn 0.1925 0.9778 0.0833
vn 0.0977 0.9874 -0.1247
vn -0.1662 0.9724 0.1636
vn -0.1209 0.9882 -0.0939
vn 0.0814 0.9849 -0.1531
vn -0.1501 0.9886 0.0128
vn 0.0687 0.9874 -0.1425
vn -0.1428 0.9885 0.0496
vn 0.0524 0.9875 -0.1489
vn -0.1362 0.9885 0.0656
vn 0.0354 0.9875 -0.1538
vn -0.1277 0.9885 0.0804
vn 0.0312 0.9892 -0.1433
vn -0.1034 0.9888 0.1076
vn -0.0155 0.9858 -0.1674
vn -0.1673 0.9859 -0.0076
vn -0.0552 0.9823 -0.1787
vn -0.1318 0.9875 0.0863
vn -0.0331 0.9885 -0.1475
vn -0.0771 0.9894 0.1228
vn -0.0274 0.9914 -0.1281
vn -0.0402 0.9883 0.1472
vn -0.0529 0.9898 -0.1323
vn -0.1200 0.9899 0.0759
vn -0.0823 0.9877 -0.1329
vn -0.0320 0.9885 0.1479
vn -0.0970 0.9876 -0.1234
vn -0.0162 0.9884 0.1509
vn -0.1861 0.9817 -0.0405
vn -0.0442 0.9793 0.1975
vn 0.9808 -0.1933 -0.0268
vn 0.9647 -0.1132 -0.2380
vn 0.9847 0.1669 0.0500
vn 0.9601 0.1287 -0.2482
vn 0.9367 -0.1204 -0.3289
vn 0.9463 0.1724 -0.2736
vn 0.8645 -0.1101 -0.4905
vn 0.8616 0.1730 -0.4773
vn 0.7617 -0.1164 -0.6374
vn 0.6944 -0.1172 -0.7099
vn 0.7756 0.1736 -0.6069
vn 0.6107 -0.1180 -0.7830
vn 0.6874 0.1800 -0.7036
vn 0.5280 -0.1351 -0.8385
vn 0.5692 0.1752 -0.8033
vn 0.3931 -0.1139 -0.9124
vn 0.3221 -0.0987 -0.9416
vn 0.2507 0.1282 -0.9595
vn 0.1403 -0.1180 -0.9830
vn 0.1632 0.1788 -0.9702
vn -0.0157 -0.1255 -0.9920
vn -0.1332 -0.0420 -0.9902
vn 0.0325 0.2059 -0.9780
vn -0.1951 -0.9802 0.0336
vn -0.1154 -0.9886 -0.0966
vn 0.1675 -0.9812 0.0963
vn 0.1524 -0.9881 -0.0224
vn -0.1278 -0.9886 -0.0791
vn 0.1541 -0.9875 -0.0338
vn -0.1363 -0.9885 -0.0655
vn 0.1489 -0.9875 -0.0521
vn -0.1428 -0.9885 -0.0499
vn 0.1422 -0.9875 -0.0685
vn -0.1474 -0.9885 -0.0336
vn 0.1337 -0.9875 -0.0840
vn -0.1484 -0.9888 -0.0147
vn 0.1259 -0.9873 -0.0968
vn -0.1240 -0.9922 0.0151
vn 0.1313 -0.9869 -0.0936
vn -0.1169 -0.9925 0.0363
vn 0.0169 -0.9902 -0.1385
vn -0.1482 -0.9884 0.0337
vn -0.0330 -0.9873 -0.1556
vn -0.1732 -0.9845 0.0289
vn 0.0365 -0.9858 -0.1638
vn -0.1567 -0.9864 0.0503
vn 0.0281 -0.9863 -0.1623
vn -0.1308 -0.9882 0.0791
vn 0.0319 -0.9875 -0.1546
vn -0.1125 -0.9891 0.0948
vn 0.0236 -0.9873 -0.1568
vn -0.1166 -0.9796 0.1639
vn -0.1522 -0.9814 -0.1174
vn 0.9806 0.1151 -0.1584
vn 0.9806 0.0404 0.1918
vn 0.9793 -0.1688 -0.1121
vn 0.9806 -0.0473 0.1905
vn 0.1899 0.0471 -0.9807
vn 0.0372 -0.1999 -0.9791
vn -0.1609 0.1114 -0.9807
vn -0.1925 -0.0429 -0.9804
vn -0.6929 0.2358 0.6814
vn -0.5206 0.8454 0.1195
vn 0.3224 -0.4377 0.8393
vn -0.1234 0.7895 0.6012
vn -0.1898 0.6394 -0.7451
vn -0.4996 0.0951 -0.8610
vn 0.0238 -0.6704 -0.7417
vn -0.7648 -0.6414 0.0613
vn -0.9969 -0.0778 0.0100
vn -0.9835 -0.1718 0.0566
vn -0.9975 0.0095 0.0693
vn -0.9796 -0.1464 0.1375
vn -0.9802 -0.0027 0.1982
vn -0.9731 0.1715 0.1535
vn -0.9844 0.1746 -0.0202
vn 0.7139 0.0896 0.6945
vn -0.0788 0.8847 0.4594
vn 0.7735 -0.0993 0.6259
vn 0.0378 0.9146 0.4026
vn -0.8484 0.0993 0.5199
vn -0.7984 -0.0896 0.5954
vn 0.0542 -0.0070 0.9985
vn -0.2007 -0.0161 0.9795
vn -0.1082 0.1739 0.9788
vn 0.0175 -0.8849 0.4655
vn -0.0882 -0.9146 0.3946
vn -0.0636 -0.0014 0.9980
vn -0.1851 0.1018 0.9774
vn -0.2044 -0.0419 0.9780
vn -0.1989 -0.0395 0.9792
vn -0.2353 0.1224 -0.9642
vn 0.0171 0.1331 -0.9910
vn -0.1987 -0.1728 -0.9647
vn -0.1789 -0.1790 -0.9674
vn -0.1200 0.1126 -0.9864
vn -0.2600 0.1237 -0.9576
vn -0.3048 -0.1741 -0.9364
vn -0.4440 -0.1634 -0.8810
vn -0.4039 0.1141 -0.9077
vn -0.4769 -0.1268 -0.8698
vn -0.5396 0.1393 -0.8303
vn -0.6008 0.1501 -0.7852
vn -0.7345 -0.1846 -0.6530
vn -0.7517 0.1196 -0.6486
vn -0.8443 -0.1802 -0.5047
vn -0.8751 0.1510 -0.4598
vn -0.8588 -0.1746 -0.4816
vn -0.9215 0.1549 -0.3562
vn -0.9646 -0.1672 -0.2040
vn -0.9694 0.1185 -0.2148
vn -0.9621 0.0465 -0.2689
vn -0.9699 -0.2195 -0.1050
vn -0.0306 0.9795 0.1989
vn 0.1120 0.9877 0.1093
vn -0.0437 0.9806 -0.1913
vn -0.0277 0.9902 -0.1371
vn 0.0990 0.9915 0.0847
vn 0.0470 0.9913 -0.1228
vn 0.1066 0.9912 0.0784
vn 0.0279 0.9917 -0.1252
vn 0.1614 0.9860 0.0409
vn 0.0609 0.9861 -0.1547
vn 0.1870 0.9823 0.0069
vn -0.0380 0.9875 -0.1528
vn 0.1501 0.9885 0.0175
vn -0.0905 0.9894 -0.1134
vn 0.1300 0.9914 0.0164
vn -0.1256 0.9883 -0.0866
vn 0.1424 0.9898 -0.0063
vn -0.0320 0.9899 -0.1384
vn 0.1533 0.9876 -0.0347
vn -0.1288 0.9884 -0.0803
vn 0.1543 0.9856 -0.0693
vn -0.1315 0.9878 -0.0833
vn 0.1415 0.9856 -0.0928
vn -0.1337 0.9880 -0.0771
vn 0.1280 0.9886 -0.0796
vn -0.1415 0.9894 -0.0318
vn 0.1115 0.9916 -0.0658
vn -0.1525 0.9882 0.0127
vn 0.0385 0.9884 -0.1469
vn -0.1964 0.9805 -0.0078
vn 0.2280 -0.1099 0.9674
vn 0.2011 0.1612 0.9662
vn 0.0392 -0.1870 0.9816
vn 0.0472 0.1928 0.9801
vn 0.3974 -0.1247 0.9091
vn 0.4455 0.1309 0.8857
vn 0.5328 -0.1225 0.8373
vn 0.4363 0.1805 0.8815
vn 0.6170 -0.1351 0.7752
vn 0.5703 0.1752 0.8026
vn 0.7314 -0.1140 0.6724
vn 0.7822 -0.0984 0.6152
vn 0.8208 0.1253 0.5573
vn 0.8840 -0.1308 0.4489
vn 0.8396 0.1803 0.5125
vn 0.9687 -0.1049 0.2250
vn 0.9017 0.1629 0.4005
vn 0.9874 -0.1135 0.1103
vn 0.9791 0.1678 0.1146
vn 0.9916 -0.1255 -0.0319
vn 0.9907 -0.0330 -0.1317
vn 0.9805 0.1929 0.0377
vn -0.0595 -0.9768 -0.2056
vn 0.1045 -0.9871 -0.1215
vn -0.1205 -0.9805 0.1550
vn 0.0273 -0.9874 0.1561
vn 0.1173 -0.9845 -0.1305
vn 0.0736 -0.9858 0.1509
vn 0.0886 -0.9867 -0.1360
vn 0.0769 -0.9862 0.1463
vn 0.0299 -0.9920 -0.1228
vn 0.0480 -0.9870 0.1535
vn 0.0043 -0.9925 -0.1224
vn 0.1252 -0.9902 0.0617
vn 0.0171 -0.9884 -0.1511
vn 0.1577 -0.9873 0.0202
vn 0.0299 -0.9845 -0.1729
vn 0.1426 -0.9858 0.0886
vn 0.0043 -0.9863 -0.1646
vn 0.1440 -0.9863 0.0802
vn -0.0336 -0.9887 -0.1459
vn 0.1341 -0.9873 0.0853
vn -0.0566 -0.9916 -0.1160
vn 0.1353 -0.9863 0.0947
vn -0.0725 -0.9924 -0.0997
vn 0.1368 -0.9901 -0.0311
vn -0.0808 -0.9884 -0.1288
vn 0.1359 -0.9873 -0.0825
vn -0.0846 -0.9847 -0.1523
vn 0.1664 -0.9859 -0.0178
vn -0.1607 -0.9728 -0.1670
vn 0.1191 -0.9715 -0.2048
vn 0.1610 0.1178 0.9799
vn -0.1955 0.0419 0.9798
vn 0.1116 -0.1661 0.9798
vn -0.1566 -0.1121 0.9813
vn 0.9812 0.0470 -0.1874
vn 0.9794 0.0419 0.1975
vn 0.9799 -0.0414 -0.1953
vn 0.9798 -0.1976 0.0325
vn -0.9026 0.2766 0.3297
vn -0.8344 -0.4571 -0.3079
vn -0.5746 -0.7279 -0.3742
vn -0.5976 0.7539 -0.2731
vn 0.0308 0.9709 0.2375
vn 0.5259 0.7382 -0.4224
vn 0.9453 0.3046 0.1165
vn 0.6953 -0.3993 -0.5976
vn 0.3276 -0.9356 0.1316
vn -0.1682 0.0611 -0.9839
vn -0.0422 0.1662 -0.9852
vn -0.0651 0.0107 -0.9978
vn 0.0836 0.1113 -0.9903
vn 0.0847 -0.0062 -0.9964
vn 0.0250 0.0256 -0.9994
vn -0.5732 -0.5122 0.6396
vn -0.6997 0.6312 0.3346
vn 0.1465 0.2958 0.9440
vn -0.5090 0.8269 -0.2390
vn -0.7569 0.3945 -0.5211
vn -0.4649 -0.4892 -0.7379
vn -0.4066 -0.4146 -0.8141
vn -0.1543 -0.9652 0.2112
vn -0.9999 0.0141 0.0059
vn -0.9823 0.1702 -0.0777
vn -0.9959 0.0072 -0.0899
vn -0.9701 0.1228 -0.2093
vn -0.9804 0.0766 -0.1818
vn -0.9909 -0.1198 -0.0616
vn -0.0000 -1.0000 -0.0000
vn -0.0000 1.0000 -0.0000
vn -0.7954 -0.3473 0.4967
vn -0.5059 0.3471 0.7897
vn 0.5012 -0.3465 0.7929
vn 0.7929 0.3465 0.5012
vn -0.0197 -0.0000 -0.9998
vn -0.0144 0.0009 -0.9999
vn 0.5060 0.3465 -0.7899
vn 0.7944 -0.3462 -0.4990
vn -0.9557 0.0006 0.2944
vn -0.9482 -0.0008 0.3178
vn 0.3409 0.2690 0.9008
vn 0.1995 0.6009 0.7740
vn -0.3393 0.2491 0.9071
vn -0.1967 0.6020 0.7739
vn 0.2251 0.9741 -0.0229
vn -0.2981 0.9508 0.0841
vn 0.3956 0.9183 0.0108
vn 0.6698 0.7329 0.1193
vn 0.3320 0.9431 0.0180
vn 0.6266 0.7791 0.0198
vn 0.2427 0.9622 -0.1235
vn 0.2412 0.7575 0.6067
vn -0.3249 0.9402 0.1027
vn -0.2427 0.7545 0.6097
vn 0.1685 0.7721 0.6127
vn -0.1704 0.7721 0.6122
vn 0.2496 0.5814 0.7744
vn -0.3224 0.3790 0.8674
vn 0.3097 0.8560 0.4141
vn -0.1190 0.9369 0.3287
vn -0.9995 0.0230 0.0224
vn -0.9995 0.0290 0.0090
vn -1.0000 -0.0010 -0.0001
vn -0.9995 0.0117 0.0278
vn 0.9996 0.0281 0.0085
vn 0.9995 0.0231 0.0223
vn 1.0000 -0.0001 -0.0002
vn -0.9000 -0.3372 0.2761
vn 0.9091 -0.3230 0.2630
vn 0.4559 0.6931 0.5584
vn -0.4560 0.5645 0.6880
vn -0.5680 -0.8211 0.0566
vn 0.7098 -0.6752 0.2006
vn 1.0000 0.0040 0.0031
vn 0.9987 0.0304 0.0408
vn -0.9987 0.0301 0.0407
vn 1.0000 0.0080 0.0024
vn -1.0000 0.0050 0.0015
vn 0.9996 -0.0275 0.0011
vn -1.0000 0.0028 0.0040
vn -0.9988 0.0487 0.0003
vn -0.9999 0.0170 -0.0000
vn -0.9008 0.2690 0.3409
vn -0.7740 0.6009 0.1995
vn -0.9071 0.2491 -0.3393
vn -0.7739 0.6020 -0.1967
vn 0.0229 0.9741 0.2251
vn -0.0841 0.9508 -0.2981
vn -0.0108 0.9183 0.3956
vn -0.2831 0.6560 0.6997
vn -0.0188 0.9438 0.3301
vn -0.4364 0.6464 0.6259
vn 0.1235 0.9622 0.2427
vn -0.6067 0.7575 0.2412
vn -0.1027 0.9402 -0.3249
vn -0.6097 0.7545 -0.2427
vn -0.6127 0.7721 0.1685
vn -0.6122 0.7721 -0.1704
vn -0.7744 0.5814 0.2496
vn -0.8674 0.3790 -0.3224
vn -0.4141 0.8560 0.3097
vn -0.3287 0.9369 -0.1190
vn -0.0224 0.0230 -0.9995
vn -0.0090 0.0290 -0.9995
vn -0.0002 -0.0020 -1.0000
vn -0.0278 0.0117 -0.9995
vn -0.0089 0.0289 0.9995
vn -0.0223 0.0231 0.9995
vn 0.0002 -0.0001 1.0000
vn -0.1413 -0.6395 -0.7557
vn -0.2631 -0.3230 0.9091
vn -0.5583 0.6932 0.4558
vn -0.6880 0.5645 -0.4560
vn -0.0281 -0.8135 -0.5809
vn -0.1674 -0.6578 0.7344
vn -0.0031 0.0039 1.0000
vn -0.0408 0.0303 0.9987
vn -0.0405 0.0297 -0.9987
vn -0.0024 0.0082 1.0000
vn -0.0014 0.0049 -1.0000
vn -0.0196 -0.0315 0.9993
vn -0.0040 0.0028 -1.0000
vn -0.0003 0.0487 -0.9988
vn -0.0000 0.0169 -0.9999
vn -0.3409 0.2690 -0.9008
vn -0.1995 0.6009 -0.7740
vn 0.3393 0.2491 -0.9071
vn 0.1967 0.6020 -0.7739
vn -0.2251 0.9741 0.0229
vn 0.2981 0.9508 -0.0841
vn -0.3956 0.9183 -0.0108
vn -0.6698 0.7329 -0.1193
vn -0.3320 0.9431 -0.0181
vn -0.6266 0.7791 -0.0198
vn -0.2427 0.9622 0.1235
vn -0.2412 0.7575 -0.6067
vn 0.3249 0.9402 -0.1027
vn 0.2427 0.7545 -0.6097
vn -0.1685 0.7721 -0.6127
vn 0.1704 0.7721 -0.6122
vn -0.2496 0.5814 -0.7744
vn 0.3224 0.3790 -0.8674
vn -0.3097 0.8560 -0.4141
vn 0.1190 0.9369 -0.3287
vn 0.9995 0.0299 -0.0124
vn 0.9997 0.0261 -0.0025
vn 0.9954 -0.0671 0.0686
vn 0.9995 0.0227 -0.0228
vn 0.9995 0.0117 -0.0278
vn -0.9995 0.0231 -0.0223
vn -0.9995 0.0119 -0.0281
vn -1.0000 -0.0009 -0.0069
vn -1.0000 0.0040 -0.0031
vn 0.7594 -0.4250 -0.4927
vn -0.9090 -0.3229 -0.2634
vn -0.4559 0.6930 -0.5585
vn 0.4560 0.5645 -0.6880
vn 0.6019 -0.7986 0.0015
vn -0.6674 -0.7063 -0.2359
vn -0.9987 0.0304 -0.0408
vn 0.9987 0.0303 -0.0405
vn -1.0000 0.0080 -0.0024
vn 1.0000 0.0038 -0.0017
vn -0.9996 -0.0275 -0.0011
vn 1.0000 0.0028 -0.0040
vn 0.9988 0.0487 -0.0003
vn 0.9999 0.0169 -0.0000
vn 0.9008 0.2690 -0.3409
vn 0.7740 0.6009 -0.1995
vn 0.9071 0.2491 0.3393
vn 0.7739 0.6020 0.1967
vn -0.0229 0.9741 -0.2251
vn 0.0841 0.9508 0.2981
vn 0.0108 0.9183 -0.3956
vn 0.2831 0.6560 -0.6997
vn 0.0188 0.9438 -0.3301
vn 0.4364 0.6464 -0.6259
vn -0.1235 0.9622 -0.2427
vn 0.6067 0.7575 -0.2412
vn 0.1027 0.9402 0.3249
vn 0.6097 0.7545 0.2427
vn 0.6127 0.7721 -0.1685
vn 0.6122 0.7721 0.1704
vn 0.7744 0.5814 -0.2496
vn 0.8674 0.3790 0.3224
vn 0.4141 0.8560 -0.3097
vn 0.3287 0.9369 0.1190
vn 0.0278 0.0117 0.9995
vn 0.0224 0.0230 0.9995
vn -0.0003 -0.0003 1.0000
vn 0.0031 0.0031 1.0000
vn 0.0089 0.0289 -0.9995
vn 0.0223 0.0231 -0.9995
vn -0.0002 -0.0001 -1.0000
vn 0.2761 -0.3372 0.9000
vn 0.2630 -0.3230 -0.9091
vn 0.5584 0.6931 -0.4559
vn 0.6880 0.5645 0.4560
vn 0.0823 -0.8248 0.5594
vn 0.1675 -0.6581 -0.7341
vn 0.0031 0.0039 -1.0000
vn 0.0408 0.0303 -0.9987
vn 0.0407 0.0301 0.9987
vn 0.0024 0.0082 -1.0000
vn 0.0196 -0.0315 -0.9993
vn 0.0020 0.0054 1.0000
vn 0.0040 0.0028 1.0000
vn 0.0003 0.0487 0.9988
vn -0.0000 0.0170 0.9999
vn -0.6171 0.7434 0.2578
vn -0.6151 0.7758 0.1406
vn -0.6170 0.7418 0.2626
vn 0.6798 0.7218 0.1300
vn 0.6839 0.6892 0.2394
vn 0.6838 0.6885 0.2417
vn -0.6789 0.1369 0.7213
vn -0.6819 0.2439 0.6896
vn -0.6818 0.2478 0.6883
vn 0.6331 0.2577 0.7299
vn 0.6316 0.1453 0.7616
vn 0.6329 0.2636 0.7280
vn -0.6756 0.3529 0.6474
vn 0.6253 0.3737 0.6851
vn -0.6096 0.6975 0.3767
vn 0.6782 0.6465 0.3493
vn 0.0021 0.9757 0.2193
vn -0.0118 0.9773 0.2114
vn 0.0092 0.8772 0.4801
vn -0.0000 0.8396 0.5433
vn -0.0000 0.8395 0.5433
vn -0.0084 -0.9583 -0.2857
vn 0.0057 -0.9730 -0.2306
vn -0.0140 -0.9998 -0.0163
vn -0.0000 -1.0000 -0.0033
vn -0.0000 0.4782 0.8782
vn 1.0000 -0.0000 -0.0000
vn -1.0000 -0.0000 -0.0000
vn -0.0000 -0.0033 -1.0000
vn 0.0140 -0.0163 -0.9998
vn -0.0057 -0.2306 -0.9730
vn 0.0084 -0.2856 -0.9583
vn -0.0094 0.4850 0.8744
vn -0.0021 0.2263 0.9741
vn 0.0092 0.2197 0.9755
vn -0.0207 0.4894 0.8718
vn -0.0110 -0.6841 -0.7293
vn 0.0110 -0.7293 -0.6841
vn 0.0215 0.8723 0.4885
vn 0.2574 0.7437 0.6170
vn 0.1406 0.7759 0.6150
vn 0.2625 0.7420 0.6169
vn 0.1300 0.7218 -0.6798
vn 0.2395 0.6897 -0.6833
vn 0.2417 0.6884 -0.6838
vn 0.7213 0.1369 0.6789
vn 0.6897 0.2440 0.6817
vn 0.6882 0.2477 0.6820
vn 0.7301 0.2578 -0.6329
vn 0.7617 0.1453 -0.6314
vn 0.7282 0.2635 -0.6327
vn 0.6474 0.3529 0.6756
vn 0.6854 0.3736 -0.6250
vn 0.3767 0.6976 0.6094
vn 0.3487 0.6468 -0.6782
vn 0.2193 0.9757 -0.0018
vn 0.2114 0.9773 0.0118
vn 0.4801 0.8772 -0.0092
vn 0.5433 0.8395 -0.0000
vn -0.2856 -0.9583 0.0084
vn -0.2306 -0.9730 -0.0057
vn -0.0163 -0.9998 0.0140
vn -0.0033 -1.0000 -0.0000
vn 0.8782 0.4782 -0.0000
vn -0.0000 -0.0000 -1.0000
vn -0.0000 -0.0000 1.0000
vn -1.0000 -0.0033 -0.0000
vn -0.9998 -0.0163 -0.0140
vn -0.9730 -0.2306 0.0057
vn -0.9583 -0.2856 -0.0084
vn 0.8744 0.4850 0.0094
vn 0.9741 0.2263 0.0021
vn 0.9755 0.2197 -0.0092
vn 0.8718 0.4894 0.0207
vn -0.7293 -0.6841 0.0110
vn -0.6841 -0.7293 -0.0110
vn 0.4885 0.8723 -0.0215
vn 0.6170 0.7436 -0.2576
vn 0.6150 0.7759 -0.1406
vn 0.6169 0.7420 -0.2625
vn -0.6798 0.7218 -0.1300
vn -0.6837 0.6893 -0.2394
vn -0.6836 0.6887 -0.2418
vn 0.6789 0.1369 -0.7213
vn 0.6820 0.2439 -0.6895
vn 0.6818 0.2478 -0.6883
vn -0.6329 0.2578 -0.7301
vn -0.6314 0.1453 -0.7617
vn -0.6327 0.2637 -0.7281
vn 0.6756 0.3531 -0.6473
vn -0.6250 0.3737 -0.6853
vn 0.6094 0.6978 -0.3764
vn -0.6782 0.6468 -0.3487
vn -0.0018 0.9757 -0.2193
vn 0.0118 0.9773 -0.2114
vn -0.0092 0.8772 -0.4801
vn -0.0000 0.8395 -0.5433
vn 0.0084 -0.9583 0.2856
vn -0.0057 -0.9730 0.2306
vn 0.0140 -0.9998 0.0163
vn -0.0000 -1.0000 0.0033
vn -0.0000 0.4782 -0.8782
vn -0.0000 -0.0033 1.0000
vn -0.0140 -0.0163 0.9998
vn 0.0057 -0.2306 0.9730
vn -0.0084 -0.2856 0.9583
vn 0.0094 0.4850 -0.8744
vn 0.0021 0.2263 -0.9741
vn -0.0092 0.2197 -0.9755
vn 0.0207 0.4894 -0.8718
vn 0.0110 -0.6841 0.7293
vn -0.0110 -0.7293 0.6841
vn -0.0215 0.8723 -0.4885
vn -0.2574 0.7437 -0.6170
vn -0.1406 0.7759 -0.6150
vn -0.2625 0.7420 -0.6169
vn -0.1300 0.7218 0.6798
vn -0.2395 0.6897 0.6833
vn -0.2417 0.6884 0.6838
vn -0.7213 0.1369 -0.6789
vn -0.6897 0.2440 -0.6817
vn -0.6882 0.2477 -0.6820
vn -0.7301 0.2578 0.6329
vn -0.7617 0.1453 0.6314
vn -0.7282 0.2635 0.6327
vn -0.6474 0.3529 -0.6756
vn -0.6854 0.3736 0.6250
vn -0.3767 0.6976 -0.6094
vn -0.3487 0.6468 0.6782
vn -0.2193 0.9757 0.0018
vn -0.2114 0.9773 -0.0118
vn -0.4801 0.8772 0.0092
vn -0.5433 0.8395 -0.0000
vn 0.2856 -0.9583 -0.0084
vn 0.2306 -0.9730 0.0057
vn 0.0163 -0.9998 -0.0140
vn 0.0033 -1.0000 -0.0000
vn -0.8782 0.4782 -0.0000
vn 1.0000 -0.0033 -0.0000
vn 0.9998 -0.0163 0.0140
vn 0.9730 -0.2306 -0.0057
vn 0.9583 -0.2856 0.0084
vn -0.8744 0.4850 -0.0094
vn -0.9741 0.2263 -0.0021
vn -0.9755 0.2197 0.0092
vn -0.8718 0.4894 -0.0207
vn 0.7293 -0.6841 -0.0110
vn 0.6841 -0.7293 0.0110
vn -0.4885 0.8723 0.0215
vn -0.3773 0.7535 -0.5385
vn -0.1426 0.8518 -0.5042
vn -0.0000 0.8085 -0.5884
vn 0.3773 0.7535 -0.5385
vn -0.2916 0.7279 0.6206
vn -0.4636 0.7620 0.4521
vn -0.4146 0.7115 0.5673
vn 0.4636 0.7620 0.4521
vn 0.2916 0.7279 0.6206
vn 0.4146 0.7115 0.5673
vn -0.3772 0.7924 0.4794
vn -0.1426 0.7997 0.5833
vn -0.0000 0.8600 0.5103
vn 0.3773 0.7924 0.4794
vn -0.2916 -0.2825 0.9139
vn -0.4636 -0.1142 0.8787
vn -0.4146 -0.2401 0.8778
vn 0.4636 -0.1142 0.8787
vn 0.2916 -0.2826 0.9139
vn 0.4146 -0.2401 0.8778
vn -0.7372 -0.0001 0.6756
vn -0.7185 -0.0588 0.6930
vn -0.6774 0.3773 0.6315
vn -0.6774 -0.3772 0.6315
vn 0.2917 0.4636 0.8366
vn 0.4637 0.2916 0.8366
vn 0.4147 0.4146 0.8100
vn 0.4636 -0.2918 0.8366
vn 0.2916 -0.4637 0.8366
vn 0.4146 -0.4147 0.8100
vn -0.4636 0.2917 0.8366
vn -0.2916 0.4637 0.8366
vn -0.4146 0.4147 0.8100
vn -0.2917 -0.4636 0.8366
vn -0.4637 -0.2916 0.8366
vn -0.4147 -0.4146 0.8100
vn 0.4636 -0.2917 0.8366
vn -0.5385 0.7535 0.3772
vn -0.5042 0.8518 0.1426
vn -0.5884 0.8085 -0.0000
vn -0.5385 0.7535 -0.3772
vn 0.6206 0.7279 0.2916
vn 0.4521 0.7620 0.4636
vn 0.5673 0.7115 0.4146
vn 0.4521 0.7620 -0.4636
vn 0.6206 0.7279 -0.2916
vn 0.5673 0.7115 -0.4146
vn 0.4794 0.7924 0.3772
vn 0.5833 0.7997 0.1426
vn 0.5103 0.8600 -0.0000
vn 0.4794 0.7924 -0.3773
vn 0.9139 -0.2825 0.2916
vn 0.8787 -0.1142 0.4636
vn 0.8778 -0.2401 0.4146
vn 0.8787 -0.1142 -0.4636
vn 0.9139 -0.2826 -0.2916
vn 0.8778 -0.2401 -0.4146
vn 0.6756 -0.0000 0.7373
vn 0.6930 -0.0588 0.7185
vn 0.6315 0.3772 0.6774
vn 0.6315 -0.3772 0.6774
vn 0.8366 0.4636 -0.2917
vn 0.8366 0.2916 -0.4637
vn 0.8100 0.4146 -0.4147
vn 0.8366 -0.2918 -0.4636
vn 0.8366 -0.4637 -0.2916
vn 0.8100 -0.4147 -0.4146
vn 0.8366 0.2917 0.4636
vn 0.8366 0.4637 0.2916
vn 0.8100 0.4147 0.4146
vn 0.8366 -0.4636 0.2917
vn 0.8366 -0.2916 0.4637
vn 0.8100 -0.4146 0.4147
vn 0.8366 -0.2917 -0.4636
vn 0.3773 0.7535 0.5385
vn 0.1426 0.8518 0.5042
vn -0.0000 0.8085 0.5884
vn -0.3773 0.7535 0.5385
vn 0.2916 0.7279 -0.6206
vn 0.4636 0.7620 -0.4521
vn 0.4146 0.7115 -0.5673
vn -0.4636 0.7620 -0.4521
vn -0.2916 0.7279 -0.6206
vn -0.4146 0.7115 -0.5673
vn 0.3772 0.7924 -0.4794
vn 0.1426 0.7997 -0.5833
vn -0.0000 0.8600 -0.5103
vn -0.3773 0.7924 -0.4794
vn 0.2916 -0.2825 -0.9139
vn 0.4636 -0.1142 -0.8787
vn 0.4146 -0.2401 -0.8778
vn -0.4636 -0.1142 -0.8787
vn -0.2916 -0.2826 -0.9139
vn -0.4146 -0.2401 -0.8778
vn 0.7372 -0.0001 -0.6756
vn 0.7185 -0.0588 -0.6930
vn 0.6774 0.3773 -0.6315
vn 0.6774 -0.3772 -0.6315
vn -0.2917 0.4636 -0.8366
vn -0.4637 0.2916 -0.8366
vn -0.4147 0.4146 -0.8100
vn -0.4636 -0.2918 -0.8366
vn -0.2916 -0.4637 -0.8366
vn -0.4146 -0.4147 -0.8100
vn 0.4636 0.2917 -0.8366
vn 0.2916 0.4637 -0.8366
vn 0.4146 0.4147 -0.8100
vn 0.2917 -0.4636 -0.8366
vn 0.4637 -0.2916 -0.8366
vn 0.4147 -0.4146 -0.8100
vn -0.4636 -0.2917 -0.8366
vn 0.5385 0.7535 -0.3772
vn 0.5042 0.8518 -0.1426
vn 0.5884 0.8085 -0.0000
vn 0.5385 0.7535 0.3772
vn -0.6206 0.7279 -0.2916
vn -0.4521 0.7620 -0.4636
vn -0.5673 0.7115 -0.4146
vn -0.4521 0.7620 0.4636
vn -0.6206 0.7279 0.2916
vn -0.5673 0.7115 0.4146
vn -0.4794 0.7924 -0.3772
vn -0.5833 0.7997 -0.1426
vn -0.5103 0.8600 -0.0000
vn -0.4794 0.7924 0.3773
vn -0.9139 -0.2825 -0.2916
vn -0.8787 -0.1142 -0.4636
vn -0.8778 -0.2401 -0.4146
vn -0.8787 -0.1142 0.4636
vn -0.9139 -0.2826 0.2916
vn -0.8778 -0.2401 0.4146
vn -0.6756 -0.0000 -0.7373
vn -0.6930 -0.0588 -0.7185
vn -0.6315 0.3772 -0.6774
vn -0.6315 -0.3772 -0.6774
vn -0.8366 0.4636 0.2917
vn -0.8366 0.2916 0.4637
vn -0.8100 0.4146 0.4147
vn -0.8366 -0.2918 0.4636
vn -0.8366 -0.4637 0.2916
vn -0.8100 -0.4147 0.4146
vn -0.8366 0.2917 -0.4636
vn -0.8366 0.4637 -0.2916
vn -0.8100 0.4147 -0.4146
vn -0.8366 -0.4636 -0.2917
vn -0.8366 -0.2916 -0.4637
vn -0.8100 -0.4146 -0.4147
vn -0.8366 -0.2917 0.4636
vt 0.117592 0.562077
vt 0.117458 0.588978
vt 0.142265 0.562066
vt 0.142398 0.613306
vt 0.117461 0.616300
vt 0.117458 0.643622
vt 0.142399 0.667363
vt 0.117457 0.689031
vt 0.142398 0.698266
vt 0.117457 0.747433
vt 0.142399 0.733993
vt 0.117460 0.780231
vt 0.142405 0.794060
vt 0.117458 0.807553
vt 0.117460 0.855184
vt 0.142398 0.834875
vt 0.142399 0.882361
vt 0.117460 0.901872
vt 0.142398 0.916840
vt 0.117592 0.943749
vt 0.142266 0.943741
vt 0.142549 0.562074
vt 0.142400 0.588978
vt 0.151410 0.562009
vt 0.151393 0.588978
vt 0.142400 0.616300
vt 0.151393 0.616300
vt 0.142399 0.643622
vt 0.151393 0.643622
vt 0.142400 0.670944
vt 0.151393 0.670944
vt 0.142400 0.698266
vt 0.151393 0.698266
vt 0.142400 0.725588
vt 0.151393 0.725588
vt 0.142399 0.752909
vt 0.151393 0.752909
vt 0.142400 0.780231
vt 0.151393 0.780231
vt 0.142400 0.807553
vt 0.151393 0.807553
vt 0.142400 0.834875
vt 0.151393 0.834875
vt 0.142400 0.862197
vt 0.151393 0.862197
vt 0.142400 0.889519
vt 0.151393 0.889519
vt 0.142400 0.916840
vt 0.151393 0.916840
vt 0.142531 0.943743
vt 0.151420 0.943810
vt 0.151395 0.592342
vt 0.176313 0.600064
vt 0.151446 0.562020
vt 0.176252 0.562022
vt 0.151395 0.647285
vt 0.176316 0.665491
vt 0.151396 0.708183
vt 0.176318 0.698266
vt 0.176316 0.731459
vt 0.151396 0.752909
vt 0.151395 0.780231
vt 0.176315 0.796490
vt 0.151395 0.807553
vt 0.151395 0.834875
vt 0.176317 0.834875
vt 0.151395 0.862197
vt 0.176317 0.862197
vt 0.151395 0.902374
vt 0.176317 0.904342
vt 0.151451 0.943799
vt 0.176253 0.943795
vt 0.176293 0.562007
vt 0.176320 0.588978
vt 0.185180 0.562075
vt 0.185312 0.588978
vt 0.176319 0.616300
vt 0.185312 0.616300
vt 0.176320 0.643622
vt 0.185312 0.643622
vt 0.176319 0.670944
vt 0.185312 0.670944
vt 0.176319 0.698266
vt 0.185312 0.698266
vt 0.176319 0.725588
vt 0.185312 0.725588
vt 0.176319 0.752909
vt 0.185312 0.752909
vt 0.176319 0.780231
vt 0.185312 0.780231
vt 0.176319 0.807553
vt 0.185312 0.807553
vt 0.176318 0.834875
vt 0.185313 0.834875
vt 0.176319 0.862197
vt 0.185311 0.862197
vt 0.176319 0.889519
vt 0.185312 0.889519
vt 0.176319 0.916840
vt 0.185312 0.916840
vt 0.176303 0.943812
vt 0.185168 0.943747
vt 0.176194 0.952662
vt 0.176266 0.943826
vt 0.151518 0.952668
vt 0.151453 0.943830
vt 0.176194 0.553150
vt 0.151519 0.553148
vt 0.176265 0.561990
vt 0.151452 0.561989
vt 0.794526 0.605970
vt 0.781374 0.591299
vt 0.786493 0.616121
vt 0.766004 0.588695
vt 0.758133 0.601012
vt 0.763930 0.622946
vt 0.763965 0.619061
vt 0.791460 0.609232
vt 0.785676 0.591232
vt 0.770299 0.587756
vt 0.759222 0.596225
vt 0.759976 0.613839
vt 0.776972 0.622624
vt 0.826042 0.624467
vt 0.846585 0.604299
vt 0.825386 0.621135
vt 0.842511 0.605162
vt 0.825399 0.589140
vt 0.824744 0.585806
vt 0.804201 0.605972
vt 0.808274 0.605119
vt 0.827786 0.623134
vt 0.839288 0.615840
vt 0.807522 0.605122
vt 0.842639 0.600491
vt 0.832090 0.588923
vt 0.814817 0.591170
vt 0.814818 0.619103
vt 0.202032 0.562077
vt 0.201899 0.588978
vt 0.226705 0.562066
vt 0.226838 0.613306
vt 0.201902 0.616300
vt 0.201899 0.643622
vt 0.226839 0.667363
vt 0.201898 0.689032
vt 0.226838 0.698266
vt 0.201897 0.747434
vt 0.226840 0.733994
vt 0.201901 0.780231
vt 0.226841 0.799896
vt 0.201898 0.807553
vt 0.201898 0.852771
vt 0.226842 0.834875
vt 0.226838 0.862197
vt 0.201896 0.900967
vt 0.226840 0.910472
vt 0.202033 0.943751
vt 0.226706 0.943741
vt 0.226990 0.562074
vt 0.226840 0.588978
vt 0.235851 0.562009
vt 0.235834 0.588978
vt 0.226840 0.616300
vt 0.235833 0.616300
vt 0.226840 0.643622
vt 0.235834 0.643622
vt 0.226840 0.670944
vt 0.235833 0.670944
vt 0.226840 0.698266
vt 0.235833 0.698266
vt 0.226840 0.725588
vt 0.235834 0.725588
vt 0.226840 0.752909
vt 0.235834 0.752909
vt 0.226840 0.780231
vt 0.235833 0.780231
vt 0.226840 0.807553
vt 0.235834 0.807553
vt 0.226841 0.834875
vt 0.235834 0.834875
vt 0.226841 0.862197
vt 0.235833 0.862197
vt 0.226841 0.889519
vt 0.235833 0.889519
vt 0.226840 0.916840
vt 0.235834 0.916840
vt 0.226973 0.943743
vt 0.235860 0.943811
vt 0.235836 0.592342
vt 0.260754 0.600064
vt 0.235886 0.562020
vt 0.260693 0.562022
vt 0.235836 0.647285
vt 0.260756 0.665491
vt 0.235837 0.708184
vt 0.260758 0.698266
vt 0.260757 0.725588
vt 0.235836 0.752909
vt 0.260755 0.763583
vt 0.235835 0.780231
vt 0.235836 0.820608
vt 0.260757 0.828790
vt 0.235835 0.862197
vt 0.260758 0.862197
vt 0.235837 0.896207
vt 0.260758 0.889519
vt 0.260757 0.916840
vt 0.235894 0.943796
vt 0.260707 0.943796
vt 0.260733 0.562007
vt 0.260760 0.588978
vt 0.269621 0.562075
vt 0.269752 0.588978
vt 0.260760 0.616300
vt 0.269753 0.616300
vt 0.260760 0.643622
vt 0.269752 0.643622
vt 0.260760 0.670944
vt 0.269753 0.670944
vt 0.260760 0.698266
vt 0.269752 0.698266
vt 0.260760 0.725588
vt 0.269753 0.725588
vt 0.260760 0.752909
vt 0.269753 0.752909
vt 0.260760 0.780231
vt 0.269753 0.780231
vt 0.260760 0.807553
vt 0.269753 0.807553
vt 0.260760 0.834875
vt 0.269753 0.834875
vt 0.260759 0.862197
vt 0.269753 0.862197
vt 0.260760 0.889519
vt 0.269752 0.889519
vt 0.260760 0.916840
vt 0.269753 0.916840
vt 0.260743 0.943810
vt 0.269622 0.943741
vt 0.260702 0.943827
vt 0.235888 0.943829
vt 0.260634 0.952671
vt 0.235959 0.952669
vt 0.260635 0.553150
vt 0.235959 0.553148
vt 0.260706 0.561990
vt 0.235893 0.561989
vt 0.899070 0.550833
vt 0.885920 0.536162
vt 0.891036 0.560985
vt 0.870548 0.533558
vt 0.862679 0.545875
vt 0.868475 0.567810
vt 0.868507 0.563923
vt 0.896004 0.554095
vt 0.890221 0.536096
vt 0.874844 0.532619
vt 0.863767 0.541088
vt 0.864521 0.558703
vt 0.881517 0.567487
vt 0.928167 0.566540
vt 0.931630 0.569017
vt 0.946352 0.554820
vt 0.948597 0.540848
vt 0.936292 0.534769
vt 0.916788 0.536786
vt 0.914732 0.545686
vt 0.936509 0.533712
vt 0.920987 0.534503
vt 0.947256 0.547827
vt 0.912713 0.545315
vt 0.917992 0.562167
vt 0.938610 0.564756
vt 0.279966 0.605259
vt 0.304903 0.588978
vt 0.280098 0.562069
vt 0.304772 0.562077
vt 0.304905 0.636741
vt 0.279966 0.657148
vt 0.304904 0.670944
vt 0.279966 0.698266
vt 0.304904 0.705313
vt 0.279965 0.732486
vt 0.304904 0.752909
vt 0.279964 0.780231
vt 0.304911 0.793723
vt 0.279966 0.807553
vt 0.279964 0.834875
vt 0.304905 0.853794
vt 0.279963 0.881439
vt 0.304904 0.902878
vt 0.279965 0.916840
vt 0.280098 0.943749
vt 0.304772 0.943741
vt 0.305051 0.562071
vt 0.304906 0.588978
vt 0.313924 0.562007
vt 0.313899 0.588978
vt 0.304906 0.616300
vt 0.313899 0.616300
vt 0.304906 0.643622
vt 0.313899 0.643622
vt 0.304906 0.670944
vt 0.313899 0.670944
vt 0.304906 0.698266
vt 0.313899 0.698266
vt 0.304906 0.725588
vt 0.313899 0.725588
vt 0.304906 0.752909
vt 0.313899 0.752909
vt 0.304905 0.780231
vt 0.313899 0.780231
vt 0.304905 0.807553
vt 0.313899 0.807553
vt 0.304905 0.834875
vt 0.313899 0.834875
vt 0.304906 0.862197
vt 0.313899 0.862197
vt 0.304906 0.889519
vt 0.313899 0.889519
vt 0.304906 0.916840
vt 0.313899 0.916840
vt 0.305037 0.943743
vt 0.313926 0.943810
vt 0.313966 0.562022
vt 0.313901 0.588978
vt 0.338759 0.562025
vt 0.338824 0.588978
vt 0.313901 0.616300
vt 0.338824 0.630346
vt 0.313901 0.656924
vt 0.338823 0.684839
vt 0.313901 0.698266
vt 0.313902 0.725588
vt 0.338824 0.725588
vt 0.313901 0.752909
vt 0.338823 0.752909
vt 0.313902 0.780231
vt 0.338821 0.791295
vt 0.313901 0.807553
vt 0.313902 0.834875
vt 0.338822 0.856323
vt 0.313902 0.880053
vt 0.338823 0.902933
vt 0.313901 0.916840
vt 0.313957 0.943799
vt 0.338759 0.943795
vt 0.338797 0.562006
vt 0.338825 0.588978
vt 0.347688 0.562075
vt 0.347818 0.588978
vt 0.338826 0.616300
vt 0.347818 0.616300
vt 0.338826 0.643622
vt 0.347818 0.643622
vt 0.338826 0.670944
vt 0.347818 0.670944
vt 0.338826 0.698266
vt 0.347818 0.698266
vt 0.338826 0.725588
vt 0.347818 0.725588
vt 0.338825 0.752909
vt 0.347819 0.752909
vt 0.338825 0.780231
vt 0.347818 0.780231
vt 0.338825 0.807553
vt 0.347818 0.807553
vt 0.338825 0.834875
vt 0.347818 0.834875
vt 0.338825 0.862197
vt 0.347818 0.862197
vt 0.338825 0.889519
vt 0.347818 0.889519
vt 0.338825 0.916840
vt 0.347818 0.916840
vt 0.338809 0.943812
vt 0.347675 0.943747
vt 0.338700 0.952662
vt 0.338772 0.943826
vt 0.314024 0.952668
vt 0.313959 0.943830
vt 0.338700 0.553157
vt 0.314024 0.553151
vt 0.338772 0.561992
vt 0.313951 0.561991
vt 0.900093 0.599762
vt 0.880148 0.582942
vt 0.894237 0.607918
vt 0.883044 0.587036
vt 0.863680 0.595227
vt 0.857344 0.598132
vt 0.870270 0.617399
vt 0.877251 0.622009
vt 0.896091 0.605999
vt 0.891421 0.591100
vt 0.887710 0.619196
vt 0.878518 0.585681
vt 0.864599 0.593010
vt 0.862321 0.610222
vt 0.873988 0.621110
vt 0.929870 0.623035
vt 0.950413 0.602867
vt 0.929215 0.619703
vt 0.946340 0.603733
vt 0.929227 0.587708
vt 0.928573 0.584374
vt 0.939812 0.589738
vt 0.924590 0.586381
vt 0.913819 0.594732
vt 0.908029 0.604540
vt 0.912102 0.603689
vt 0.947092 0.603691
vt 0.911975 0.608349
vt 0.922592 0.619938
vt 0.939811 0.617671
vt 0.036735 0.562078
vt 0.036604 0.588978
vt 0.061409 0.562069
vt 0.061544 0.609120
vt 0.036602 0.616300
vt 0.036600 0.657178
vt 0.061545 0.643622
vt 0.061542 0.670944
vt 0.036602 0.698266
vt 0.061549 0.711759
vt 0.036604 0.725588
vt 0.036602 0.752909
vt 0.061543 0.771832
vt 0.036601 0.798315
vt 0.061541 0.807553
vt 0.036601 0.856722
vt 0.061543 0.843281
vt 0.036604 0.889519
vt 0.061544 0.908933
vt 0.036602 0.916840
vt 0.036736 0.943742
vt 0.061409 0.943752
vt 0.061675 0.562074
vt 0.061544 0.588978
vt 0.070555 0.562008
vt 0.070536 0.588978
vt 0.061543 0.616300
vt 0.070537 0.616300
vt 0.061544 0.643622
vt 0.070537 0.643622
vt 0.061544 0.670944
vt 0.070537 0.670944
vt 0.061543 0.698266
vt 0.070537 0.698266
vt 0.061543 0.725588
vt 0.070537 0.725588
vt 0.061543 0.752909
vt 0.070537 0.752909
vt 0.061544 0.780231
vt 0.070537 0.780231
vt 0.061544 0.807553
vt 0.070537 0.807553
vt 0.061544 0.834875
vt 0.070537 0.834875
vt 0.061543 0.862197
vt 0.070537 0.862197
vt 0.061543 0.889519
vt 0.070537 0.889519
vt 0.061543 0.916840
vt 0.070537 0.916840
vt 0.061674 0.943743
vt 0.070557 0.943809
vt 0.070539 0.588978
vt 0.095458 0.606417
vt 0.070590 0.562024
vt 0.095405 0.562022
vt 0.070541 0.629576
vt 0.095461 0.643622
vt 0.070538 0.670944
vt 0.095461 0.670944
vt 0.070539 0.698266
vt 0.095459 0.709327
vt 0.070539 0.725588
vt 0.070540 0.752909
vt 0.095460 0.774360
vt 0.070540 0.797662
vt 0.095462 0.807553
vt 0.070540 0.855736
vt 0.095460 0.840745
vt 0.070539 0.889519
vt 0.095458 0.905794
vt 0.070540 0.916840
vt 0.070590 0.943798
vt 0.095396 0.943796
vt 0.095437 0.562009
vt 0.095463 0.588978
vt 0.104301 0.562073
vt 0.104456 0.588978
vt 0.095463 0.616300
vt 0.104456 0.616300
vt 0.095464 0.643622
vt 0.104456 0.643622
vt 0.095463 0.670944
vt 0.104457 0.670944
vt 0.095463 0.698266
vt 0.104456 0.698266
vt 0.095463 0.725588
vt 0.104456 0.725588
vt 0.095463 0.752909
vt 0.104456 0.752909
vt 0.095463 0.780231
vt 0.104456 0.780231
vt 0.095463 0.807553
vt 0.104456 0.807553
vt 0.095463 0.834875
vt 0.104456 0.834875
vt 0.095463 0.862197
vt 0.104456 0.862197
vt 0.095463 0.889519
vt 0.104456 0.889519
vt 0.095463 0.916840
vt 0.104456 0.916840
vt 0.095438 0.943812
vt 0.104311 0.943748
vt 0.095338 0.952662
vt 0.095409 0.943829
vt 0.070662 0.952669
vt 0.070589 0.943826
vt 0.095404 0.561988
vt 0.095338 0.553151
vt 0.070590 0.561993
vt 0.070662 0.553156
vt 0.790530 0.541269
vt 0.787905 0.560218
vt 0.788807 0.564304
vt 0.787749 0.533467
vt 0.774842 0.532735
vt 0.761418 0.531889
vt 0.758459 0.543379
vt 0.756759 0.560346
vt 0.764496 0.563080
vt 0.757316 0.547713
vt 0.764027 0.563957
vt 0.770333 0.533456
vt 0.779450 0.567414
vt 0.790335 0.558949
vt 0.789732 0.541539
vt 0.813551 0.565606
vt 0.843522 0.563467
vt 0.831974 0.566286
vt 0.839090 0.543426
vt 0.842082 0.536973
vt 0.813043 0.532603
vt 0.815704 0.536593
vt 0.812509 0.560394
vt 0.834015 0.535218
vt 0.813488 0.537802
vt 0.842703 0.552210
vt 0.808167 0.554678
vt 0.816462 0.565513
vt 0.831957 0.566291
vt 0.914550 0.431513
vt 0.966453 0.353835
vt 0.914550 0.092901
vt 0.836872 0.483416
vt 0.745245 0.501642
vt 0.653617 0.483416
vt 0.575939 0.431513
vt 0.524036 0.353835
vt 0.505810 0.262207
vt 0.524036 0.170580
vt 0.575939 0.092902
vt 0.653617 0.040999
vt 0.745245 0.022773
vt 0.836872 0.040999
vt 0.984680 0.262207
vt 0.966453 0.170580
vt 0.475964 0.170580
vt 0.424061 0.092901
vt 0.424061 0.431513
vt 0.346383 0.040999
vt 0.254755 0.022773
vt 0.163128 0.040999
vt 0.085449 0.092901
vt 0.033546 0.170580
vt 0.015320 0.262207
vt 0.033547 0.353835
vt 0.085449 0.431513
vt 0.163128 0.483416
vt 0.254755 0.501642
vt 0.346383 0.483416
vt 0.475964 0.353835
vt 0.494190 0.262207
vt 0.379025 0.551320
vt 0.379130 0.771661
vt 0.396795 0.551317
vt 0.396900 0.771662
vt 0.432159 0.771662
vt 0.432158 0.551319
vt 0.414670 0.771662
vt 0.414564 0.551319
vt 0.361082 0.551319
vt 0.361083 0.771662
vt 0.379071 0.782350
vt 0.396841 0.782354
vt 0.379077 0.771796
vt 0.396848 0.771798
vt 0.439038 0.828338
vt 0.438912 0.832305
vt 0.474848 0.828357
vt 0.474975 0.832307
vt 0.438984 0.835202
vt 0.474911 0.835229
vt 0.541253 0.916262
vt 0.503830 0.915997
vt 0.541258 0.972283
vt 0.505239 0.972283
vt 0.438885 0.842355
vt 0.438985 0.847879
vt 0.474999 0.842358
vt 0.474902 0.847881
vt 0.438910 0.851403
vt 0.474973 0.851406
vt 0.438885 0.856040
vt 0.474998 0.856043
vt 0.438888 0.861345
vt 0.475005 0.861348
vt 0.419053 0.893094
vt 0.415684 0.899138
vt 0.429492 0.888851
vt 0.423670 0.890009
vt 0.498197 0.899138
vt 0.494827 0.893094
vt 0.490210 0.890009
vt 0.439054 0.879765
vt 0.474837 0.879757
vt 0.438902 0.869956
vt 0.474974 0.869954
vt 0.438956 0.972283
vt 0.474955 0.972283
vt 0.484388 0.888851
vt 0.484388 0.879906
vt 0.429492 0.879906
vt 0.499365 0.911673
vt 0.414515 0.911673
vt 0.500905 0.914427
vt 0.411918 0.915133
vt 0.408741 0.916261
vt 0.408742 0.972283
vt 0.589038 0.828338
vt 0.588912 0.832305
vt 0.624848 0.828357
vt 0.624975 0.832307
vt 0.588984 0.835202
vt 0.624911 0.835229
vt 0.691253 0.916262
vt 0.653830 0.915997
vt 0.691258 0.972283
vt 0.655328 0.972283
vt 0.588885 0.842355
vt 0.588985 0.847879
vt 0.624999 0.842358
vt 0.624902 0.847881
vt 0.588911 0.851403
vt 0.624973 0.851406
vt 0.588885 0.856040
vt 0.624998 0.856043
vt 0.588888 0.861345
vt 0.625005 0.861348
vt 0.569053 0.893094
vt 0.565684 0.899138
vt 0.579492 0.888851
vt 0.573670 0.890009
vt 0.648197 0.899138
vt 0.644828 0.893094
vt 0.640210 0.890009
vt 0.589049 0.879764
vt 0.624838 0.879757
vt 0.588903 0.869956
vt 0.624974 0.869954
vt 0.588969 0.972283
vt 0.624953 0.972283
vt 0.634389 0.888851
vt 0.634389 0.879906
vt 0.579492 0.879906
vt 0.649365 0.911673
vt 0.564515 0.911673
vt 0.650905 0.914427
vt 0.561918 0.915133
vt 0.558741 0.916261
vt 0.558741 0.972283
vt 0.739038 0.828338
vt 0.738912 0.832305
vt 0.774848 0.828357
vt 0.774974 0.832307
vt 0.738984 0.835202
vt 0.774911 0.835229
vt 0.841253 0.916262
vt 0.803830 0.915997
vt 0.841258 0.972283
vt 0.805239 0.972283
vt 0.738885 0.842355
vt 0.738985 0.847879
vt 0.774999 0.842358
vt 0.774902 0.847881
vt 0.738910 0.851403
vt 0.774973 0.851406
vt 0.738885 0.856040
vt 0.774998 0.856043
vt 0.738888 0.861345
vt 0.775005 0.861348
vt 0.715967 0.897712
vt 0.714877 0.903195
vt 0.729492 0.888851
vt 0.719053 0.893094
vt 0.723670 0.890009
vt 0.794828 0.893094
vt 0.790210 0.890009
vt 0.798197 0.899138
vt 0.784389 0.888851
vt 0.739036 0.879761
vt 0.774837 0.879757
vt 0.738903 0.869956
vt 0.774974 0.869954
vt 0.739014 0.972283
vt 0.774955 0.972283
vt 0.784389 0.879906
vt 0.729492 0.879906
vt 0.799365 0.911673
vt 0.714515 0.911673
vt 0.800905 0.914427
vt 0.711918 0.915133
vt 0.708741 0.916261
vt 0.708741 0.972283
vt 0.889038 0.828338
vt 0.888912 0.832305
vt 0.924848 0.828357
vt 0.924975 0.832307
vt 0.888984 0.835202
vt 0.924911 0.835229
vt 0.991254 0.916262
vt 0.953830 0.915997
vt 0.991258 0.972283
vt 0.955328 0.972283
vt 0.888885 0.842355
vt 0.888985 0.847879
vt 0.924999 0.842358
vt 0.924902 0.847881
vt 0.888911 0.851403
vt 0.924973 0.851406
vt 0.888885 0.856040
vt 0.924998 0.856043
vt 0.888888 0.861345
vt 0.925005 0.861348
vt 0.873670 0.890009
vt 0.869053 0.893094
vt 0.865684 0.899138
vt 0.879492 0.888851
vt 0.948197 0.899138
vt 0.944828 0.893094
vt 0.940210 0.890009
vt 0.889054 0.879765
vt 0.924838 0.879757
vt 0.888902 0.869956
vt 0.924974 0.869954
vt 0.888956 0.972283
vt 0.924953 0.972283
vt 0.934388 0.888851
vt 0.934388 0.879906
vt 0.879492 0.879906
vt 0.949365 0.911673
vt 0.950905 0.914427
vt 0.864515 0.911673
vt 0.861918 0.915133
vt 0.858741 0.916261
vt 0.858742 0.972283
vt 0.520718 0.608815
vt 0.521014 0.640525
vt 0.521318 0.608778
vt 0.547965 0.640525
vt 0.548261 0.608803
vt 0.547662 0.608786
vt 0.521014 0.521514
vt 0.520718 0.553744
vt 0.521318 0.553770
vt 0.548261 0.553734
vt 0.547966 0.521514
vt 0.547662 0.553776
vt 0.521018 0.572433
vt 0.547962 0.572433
vt 0.521018 0.589606
vt 0.547962 0.589606
vt 0.521318 0.640525
vt 0.547662 0.640525
vt 0.547662 0.600376
vt 0.521318 0.520915
vt 0.547662 0.520915
vt 0.521318 0.516120
vt 0.547662 0.516120
vt 0.580001 0.613686
vt 0.553656 0.616822
vt 0.580001 0.640525
vt 0.553656 0.640525
vt 0.521318 0.645920
vt 0.547662 0.645920
vt 0.521318 0.641124
vt 0.547662 0.641124
vt 0.553056 0.640525
vt 0.553056 0.623952
vt 0.548261 0.640525
vt 0.548261 0.608844
vt 0.515923 0.640525
vt 0.520718 0.640525
vt 0.515923 0.623952
vt 0.520718 0.608844
vt 0.520718 0.553707
vt 0.517780 0.521514
vt 0.515923 0.538087
vt 0.580001 0.521514
vt 0.553656 0.521514
vt 0.580001 0.545217
vt 0.553656 0.548354
vt 0.548261 0.553707
vt 0.553056 0.538087
vt 0.551199 0.521514
vt 0.521317 0.561928
vt 0.547662 0.521514
vt 0.521318 0.521514
vt 0.515923 0.555260
vt 0.553056 0.555260
vt 0.547662 0.562277
vt 0.515923 0.572433
vt 0.520718 0.572433
vt 0.580001 0.579450
vt 0.553656 0.582589
vt 0.548261 0.572433
vt 0.553056 0.572433
vt 0.515923 0.589606
vt 0.520718 0.589606
vt 0.548261 0.589606
vt 0.553056 0.589606
vt 0.521318 0.599762
vt 0.515923 0.606779
vt 0.553056 0.606779
vt 0.592871 0.608815
vt 0.593167 0.640525
vt 0.593470 0.608778
vt 0.620118 0.640525
vt 0.620414 0.608803
vt 0.619815 0.608786
vt 0.593167 0.521514
vt 0.592871 0.553744
vt 0.593470 0.553770
vt 0.620414 0.553734
vt 0.620119 0.521514
vt 0.619815 0.553776
vt 0.593171 0.572433
vt 0.620115 0.572433
vt 0.593171 0.589606
vt 0.620115 0.589606
vt 0.593470 0.640525
vt 0.619815 0.640525
vt 0.619815 0.600376
vt 0.593470 0.520915
vt 0.619815 0.520915
vt 0.593470 0.516120
vt 0.619815 0.516120
vt 0.652154 0.613686
vt 0.625809 0.616822
vt 0.652154 0.640525
vt 0.625809 0.640525
vt 0.593470 0.645920
vt 0.619815 0.645920
vt 0.593470 0.641124
vt 0.619815 0.641124
vt 0.625209 0.640525
vt 0.625209 0.623952
vt 0.620414 0.640525
vt 0.620414 0.608844
vt 0.588076 0.640525
vt 0.592871 0.640525
vt 0.588076 0.623952
vt 0.592871 0.608844
vt 0.592871 0.553707
vt 0.589933 0.521514
vt 0.588076 0.538087
vt 0.652154 0.521514
vt 0.625809 0.521514
vt 0.652154 0.545217
vt 0.625809 0.548353
vt 0.620414 0.553707
vt 0.625209 0.538087
vt 0.623352 0.521514
vt 0.593470 0.561928
vt 0.619815 0.521514
vt 0.593470 0.521514
vt 0.588076 0.555260
vt 0.625209 0.555260
vt 0.619815 0.562277
vt 0.588076 0.572433
vt 0.592871 0.572433
vt 0.652154 0.579450
vt 0.625809 0.582589
vt 0.620414 0.572433
vt 0.625209 0.572433
vt 0.588076 0.589606
vt 0.592871 0.589606
vt 0.620414 0.589606
vt 0.625209 0.589606
vt 0.593470 0.599762
vt 0.588076 0.606779
vt 0.625209 0.606779
vt 0.665024 0.608815
vt 0.665320 0.640525
vt 0.665623 0.608778
vt 0.692271 0.640525
vt 0.692567 0.608803
vt 0.691968 0.608786
vt 0.665319 0.521514
vt 0.665024 0.553744
vt 0.665623 0.553770
vt 0.692567 0.553734
vt 0.692272 0.521514
vt 0.691968 0.553776
vt 0.665324 0.572433
vt 0.692267 0.572433
vt 0.665324 0.589606
vt 0.692267 0.589606
vt 0.665623 0.640525
vt 0.691968 0.640525
vt 0.691968 0.600376
vt 0.665623 0.520915
vt 0.691968 0.520915
vt 0.665623 0.516120
vt 0.691968 0.516120
vt 0.724306 0.613686
vt 0.697962 0.616822
vt 0.724306 0.640525
vt 0.697962 0.640525
vt 0.665623 0.645920
vt 0.691968 0.645920
vt 0.665623 0.641124
vt 0.691968 0.641124
vt 0.697362 0.640525
vt 0.697362 0.623952
vt 0.692567 0.640525
vt 0.692567 0.608844
vt 0.660229 0.640525
vt 0.665024 0.640525
vt 0.660229 0.623952
vt 0.665024 0.608844
vt 0.665024 0.553707
vt 0.662086 0.521514
vt 0.660229 0.538087
vt 0.724306 0.521514
vt 0.697962 0.521514
vt 0.724306 0.545217
vt 0.697962 0.548353
vt 0.692567 0.553707
vt 0.697362 0.538087
vt 0.695505 0.521514
vt 0.665623 0.561928
vt 0.691968 0.521514
vt 0.665623 0.521514
vt 0.660229 0.555260
vt 0.697362 0.555260
vt 0.691968 0.562277
vt 0.660229 0.572433
vt 0.665024 0.572433
vt 0.724306 0.579450
vt 0.697962 0.582589
vt 0.692567 0.572433
vt 0.697362 0.572433
vt 0.660229 0.589606
vt 0.665024 0.589606
vt 0.692567 0.589606
vt 0.697362 0.589606
vt 0.665623 0.599762
vt 0.660229 0.606779
vt 0.697362 0.606779
vt 0.447872 0.608815
vt 0.448168 0.640525
vt 0.448471 0.608778
vt 0.475119 0.640525
vt 0.475415 0.608803
vt 0.474815 0.608786
vt 0.448167 0.521514
vt 0.447872 0.553744
vt 0.448471 0.553770
vt 0.475414 0.553734
vt 0.475119 0.521514
vt 0.474815 0.553776
vt 0.448171 0.572433
vt 0.475115 0.572433
vt 0.448171 0.589606
vt 0.475115 0.589606
vt 0.448471 0.640525
vt 0.474815 0.640525
vt 0.474815 0.600376
vt 0.448471 0.520915
vt 0.474815 0.520915
vt 0.448471 0.516120
vt 0.474815 0.516120
vt 0.507154 0.613686
vt 0.480809 0.616822
vt 0.507154 0.640525
vt 0.480809 0.640525
vt 0.448471 0.645920
vt 0.474815 0.645920
vt 0.448471 0.641124
vt 0.474815 0.641124
vt 0.480209 0.640525
vt 0.480209 0.623952
vt 0.475415 0.640525
vt 0.475415 0.608844
vt 0.443076 0.640525
vt 0.447872 0.640525
vt 0.443076 0.623952
vt 0.447872 0.608844
vt 0.447872 0.553707
vt 0.444933 0.521514
vt 0.443076 0.538087
vt 0.507154 0.521514
vt 0.480809 0.521514
vt 0.507154 0.545217
vt 0.480809 0.548353
vt 0.475414 0.553707
vt 0.480209 0.538087
vt 0.478353 0.521514
vt 0.448471 0.561928
vt 0.474815 0.521514
vt 0.448471 0.521514
vt 0.443076 0.555260
vt 0.480209 0.555260
vt 0.474816 0.562277
vt 0.443076 0.572433
vt 0.447872 0.572433
vt 0.507154 0.579450
vt 0.480809 0.582589
vt 0.475415 0.572433
vt 0.480209 0.572433
vt 0.443076 0.589606
vt 0.447872 0.589606
vt 0.475415 0.589606
vt 0.480209 0.589606
vt 0.448471 0.599762
vt 0.443076 0.606779
vt 0.480209 0.606779
vt 0.590206 0.708518
vt 0.590324 0.727771
vt 0.609210 0.727659
vt 0.590434 0.747023
vt 0.571059 0.727884
vt 0.590320 0.727771
vt 0.636274 0.708518
vt 0.636392 0.727771
vt 0.655278 0.727659
vt 0.636274 0.747023
vt 0.617127 0.727884
vt 0.636388 0.727771
vt 0.678950 0.708880
vt 0.679062 0.727767
vt 0.698314 0.727657
vt 0.659801 0.727884
vt 0.678948 0.747023
vt 0.679062 0.727771
vt 0.722471 0.747023
vt 0.741837 0.727657
vt 0.722585 0.727771
vt 0.722698 0.708518
vt 0.703332 0.727885
vt 0.766842 0.708518
vt 0.766960 0.727771
vt 0.785847 0.727659
vt 0.767070 0.747023
vt 0.747695 0.727884
vt 0.766956 0.727771
vt 0.544138 0.751218
vt 0.544256 0.770470
vt 0.563142 0.770359
vt 0.544138 0.789723
vt 0.524991 0.770584
vt 0.544252 0.770470
vt 0.590208 0.751002
vt 0.590320 0.769888
vt 0.609572 0.769779
vt 0.571059 0.770006
vt 0.590206 0.789145
vt 0.590320 0.769893
vt 0.636836 0.789509
vt 0.656202 0.770143
vt 0.636949 0.770257
vt 0.637063 0.751005
vt 0.617697 0.770371
vt 0.678431 0.751302
vt 0.678548 0.770554
vt 0.697435 0.770443
vt 0.678658 0.789806
vt 0.659284 0.770668
vt 0.678544 0.770554
vt 0.720540 0.753359
vt 0.720657 0.772611
vt 0.739544 0.772500
vt 0.720540 0.791864
vt 0.701393 0.772725
vt 0.720653 0.772611
vt 0.767498 0.754567
vt 0.767609 0.773453
vt 0.786861 0.773344
vt 0.748348 0.773571
vt 0.767496 0.792710
vt 0.767609 0.773457
vt 0.812157 0.792935
vt 0.831523 0.773569
vt 0.812270 0.773683
vt 0.812384 0.754431
vt 0.793018 0.773797
vt 0.811769 0.707065
vt 0.811887 0.726317
vt 0.830773 0.726206
vt 0.811996 0.745569
vt 0.792622 0.726431
vt 0.811882 0.726317
vt 0.854987 0.707624
vt 0.855104 0.726877
vt 0.873991 0.726765
vt 0.854987 0.746129
vt 0.835840 0.726990
vt 0.855100 0.726877
vt 0.855637 0.754176
vt 0.855748 0.773063
vt 0.875000 0.772953
vt 0.836488 0.773181
vt 0.855635 0.792319
vt 0.855748 0.773067
vt 0.544138 0.747023
vt 0.563504 0.727657
vt 0.544252 0.727771
vt 0.544365 0.708518
vt 0.524999 0.727885
s 1
usemtl lambert3
f 5/1/1 6/2/2 9/3/3
f 9/3/3 6/2/2 41/4/4
f 6/2/2 10/5/5 41/4/4
f 12/6/6 44/7/7 10/5/5
f 10/5/5 44/7/7 41/4/4
f 14/8/8 44/7/7 12/6/6
f 14/8/8 47/9/9 44/7/7
f 14/8/8 17/10/10 47/9/9
f 47/9/9 17/10/10 49/11/11
f 17/10/10 20/12/12 49/11/11
f 49/11/11 20/12/12 52/13/13
f 22/14/14 52/13/13 20/12/12
f 24/15/15 55/16/16 22/14/14
f 22/14/14 55/16/16 52/13/13
f 55/16/16 24/15/15 57/17/17
f 24/15/15 27/18/18 57/17/17
f 57/17/17 27/18/18 60/19/19
f 27/18/18 30/20/20 60/19/19
f 60/19/19 30/20/20 35/21/21
f 38/22/22 40/23/23 39/24/24
f 39/24/24 40/23/23 67/25/25
f 40/23/23 42/26/26 67/25/25
f 67/25/25 42/26/26 68/27/27
f 42/26/26 43/28/28 68/27/27
f 68/27/27 43/28/28 70/29/29
f 43/28/28 45/30/30 70/29/29
f 70/29/29 45/30/30 71/31/31
f 45/30/30 46/32/32 71/31/31
f 71/31/31 46/32/32 73/33/33
f 46/32/32 48/34/34 73/33/33
f 73/33/33 48/34/34 74/35/35
f 48/34/34 50/36/36 74/35/35
f 74/35/35 50/36/36 76/37/37
f 50/36/36 51/38/38 76/37/37
f 76/37/37 51/38/38 78/39/39
f 51/38/38 53/40/40 78/39/39
f 78/39/39 53/40/40 80/41/41
f 53/40/40 54/42/42 80/41/41
f 80/41/41 54/42/42 82/43/43
f 54/42/42 56/44/44 82/43/43
f 82/43/43 56/44/44 84/45/45
f 56/44/44 58/46/46 84/45/45
f 84/45/45 58/46/46 86/47/47
f 58/46/46 59/48/48 86/47/47
f 86/47/47 59/48/48 87/49/49
f 59/48/48 61/50/50 87/49/49
f 87/49/49 61/50/50 62/51/51
f 66/52/52 91/53/53 64/54/54
f 64/54/54 91/53/53 65/55/55
f 66/52/52 69/56/56 91/53/53
f 91/53/53 69/56/56 94/57/57
f 69/56/56 72/58/58 94/57/57
f 94/57/57 72/58/58 97/59/59
f 72/58/58 99/60/60 97/59/59
f 75/61/61 99/60/60 72/58/58
f 77/62/62 102/63/63 75/61/61
f 75/61/61 102/63/63 99/60/60
f 77/62/62 79/64/64 102/63/63
f 79/64/64 81/65/65 102/63/63
f 102/63/63 81/65/65 105/66/66
f 83/67/67 107/68/68 81/65/65
f 81/65/65 107/68/68 105/66/66
f 83/67/67 85/69/69 107/68/68
f 107/68/68 85/69/69 109/70/70
f 88/71/71 89/72/72 85/69/69
f 85/69/69 89/72/72 109/70/70
f 2/73/73 90/74/74 1/75/75
f 1/75/75 90/74/74 7/76/76
f 90/74/74 92/77/77 7/76/76
f 7/76/76 92/77/77 11/78/78
f 92/77/77 93/79/79 11/78/78
f 11/78/78 93/79/79 13/80/80
f 93/79/79 95/81/81 13/80/80
f 13/80/80 95/81/81 15/82/82
f 95/81/81 96/83/83 15/82/82
f 15/82/82 96/83/83 16/84/84
f 96/83/83 98/85/85 16/84/84
f 16/84/84 98/85/85 18/86/86
f 98/85/85 100/87/87 18/86/86
f 18/86/86 100/87/87 19/88/88
f 100/87/87 101/89/89 19/88/88
f 19/88/88 101/89/89 21/90/90
f 101/89/89 103/91/91 21/90/90
f 21/90/90 103/91/91 23/92/92
f 103/91/91 104/93/93 23/92/92
f 23/92/92 104/93/93 25/94/94
f 104/93/93 106/95/95 25/94/94
f 25/94/94 106/95/95 26/96/96
f 106/95/95 108/97/97 26/96/96
f 26/96/96 108/97/97 28/98/98
f 108/97/97 110/99/99 28/98/98
f 28/98/98 110/99/99 29/100/100
f 110/99/99 34/101/101 29/100/100
f 29/100/100 34/101/101 31/102/102
f 32/103/103 33/104/104 36/105/105
f 36/105/105 33/104/104 63/106/106
f 3/107/107 8/108/108 4/109/109
f 4/109/109 8/108/108 37/110/110
f 111/111/111 112/112/112 123/113/113
f 111/111/111 116/114/114 112/112/112
f 112/112/112 116/114/114 118/115/115
f 118/115/115 116/114/114 120/116/116
f 118/115/115 120/116/116 121/117/117
f 121/117/117 120/116/116 123/113/113
f 111/111/111 123/113/113 120/116/116
f 113/118/118 114/119/119 115/120/120
f 117/121/121 119/122/122 115/120/120
f 119/122/122 122/123/123 115/120/120
f 122/123/123 113/118/118 115/120/120
f 138/124/124 127/125/125 124/126/126
f 124/126/126 127/125/125 128/127/127
f 128/127/127 127/125/125 131/128/128
f 131/128/128 127/125/125 132/129/129
f 132/129/129 134/130/130 131/128/128
f 131/128/128 134/130/130 135/131/131
f 135/131/131 134/130/130 124/126/126
f 124/126/126 134/130/130 138/124/124
f 125/132/132 126/133/133 136/134/134
f 126/133/133 129/135/135 136/134/134
f 129/135/135 130/136/136 136/134/134
f 130/136/136 133/137/137 136/134/134
f 137/138/138 125/132/132 136/134/134
f 143/139/139 144/140/140 147/141/141
f 147/141/141 144/140/140 179/142/142
f 144/140/140 148/143/143 179/142/142
f 150/144/144 182/145/145 148/143/143
f 148/143/143 182/145/145 179/142/142
f 152/146/146 182/145/145 150/144/144
f 152/146/146 185/147/147 182/145/145
f 152/146/146 155/148/148 185/147/147
f 185/147/147 155/148/148 187/149/149
f 155/148/148 158/150/150 187/149/149
f 187/149/149 158/150/150 190/151/151
f 160/152/152 190/151/151 158/150/150
f 162/153/153 193/154/154 160/152/152
f 160/152/152 193/154/154 190/151/151
f 162/153/153 195/155/155 193/154/154
f 162/153/153 165/156/156 195/155/155
f 195/155/155 165/156/156 197/157/157
f 165/156/156 168/158/158 197/157/157
f 197/157/157 168/158/158 173/159/159
f 176/160/160 178/161/161 177/162/162
f 177/162/162 178/161/161 205/163/163
f 178/161/161 180/164/164 205/163/163
f 205/163/163 180/164/164 206/165/165
f 180/164/164 181/166/166 206/165/165
f 206/165/165 181/166/166 208/167/167
f 181/166/166 183/168/168 208/167/167
f 208/167/167 183/168/168 209/169/169
f 183/168/168 184/170/170 209/169/169
f 209/169/169 184/170/170 211/171/171
f 184/170/170 186/172/172 211/171/171
f 211/171/171 186/172/172 212/173/173
f 186/172/172 188/174/174 212/173/173
f 212/173/173 188/174/174 214/175/175
f 188/174/174 189/176/176 214/175/175
f 214/175/175 189/176/176 216/177/177
f 189/176/176 191/178/178 216/177/177
f 216/177/177 191/178/178 218/179/179
f 191/178/178 192/180/180 218/179/179
f 218/179/179 192/180/180 219/181/181
f 192/180/180 194/182/182 219/181/181
f 219/181/181 194/182/182 221/183/183
f 194/182/182 196/184/184 221/183/183
f 221/183/183 196/184/184 223/185/185
f 196/184/184 198/186/186 223/185/185
f 223/185/185 198/186/186 224/187/187
f 198/186/186 199/188/188 224/187/187
f 224/187/187 199/188/188 200/189/189
f 204/190/190 228/191/191 202/192/192
f 202/192/192 228/191/191 203/193/193
f 204/190/190 207/194/194 228/191/191
f 228/191/191 207/194/194 231/195/195
f 207/194/194 210/196/196 231/195/195
f 231/195/195 210/196/196 234/197/197
f 210/196/196 236/198/198 234/197/197
f 213/199/199 238/200/200 210/196/196
f 210/196/196 238/200/200 236/198/198
f 215/201/201 238/200/200 213/199/199
f 215/201/201 217/202/202 238/200/200
f 238/200/200 217/202/202 241/203/203
f 217/202/202 220/204/204 241/203/203
f 241/203/203 220/204/204 244/205/205
f 222/206/206 246/207/207 220/204/204
f 220/204/204 246/207/207 244/205/205
f 222/206/206 248/208/208 246/207/207
f 225/209/209 226/210/210 222/206/206
f 222/206/206 226/210/210 248/208/208
f 140/211/211 227/212/212 139/213/213
f 139/213/213 227/212/212 145/214/214
f 227/212/212 229/215/215 145/214/214
f 145/214/214 229/215/215 149/216/216
f 229/215/215 230/217/217 149/216/216
f 149/216/216 230/217/217 151/218/218
f 230/217/217 232/219/219 151/218/218
f 151/218/218 232/219/219 153/220/220
f 232/219/219 233/221/221 153/220/220
f 153/220/220 233/221/221 154/222/222
f 233/221/221 235/223/223 154/222/222
f 154/222/222 235/223/223 156/224/224
f 235/223/223 237/225/225 156/224/224
f 156/224/224 237/225/225 157/226/226
f 237/225/225 239/227/227 157/226/226
f 157/226/226 239/227/227 159/228/228
f 239/227/227 240/229/229 159/228/228
f 159/228/228 240/229/229 161/230/230
f 240/229/229 242/231/231 161/230/230
f 161/230/230 242/231/231 163/232/232
f 242/231/231 243/233/233 163/232/232
f 163/232/232 243/233/233 164/234/234
f 243/233/233 245/235/235 164/234/234
f 164/234/234 245/235/235 166/236/236
f 245/235/235 247/237/237 166/236/236
f 166/236/236 247/237/237 167/238/238
f 247/237/237 172/239/239 167/238/238
f 167/238/238 172/239/239 169/240/240
f 171/241/241 201/242/242 170/243/243
f 170/243/243 201/242/242 174/244/244
f 141/245/245 146/246/246 142/247/247
f 142/247/247 146/246/246 175/248/248
f 249/249/249 250/250/250 261/251/251
f 249/249/249 254/252/252 250/250/250
f 250/250/250 254/252/252 256/253/253
f 256/253/253 254/252/252 258/254/254
f 256/253/253 258/254/254 259/255/255
f 259/255/255 258/254/254 261/251/251
f 249/249/249 261/251/251 258/254/254
f 251/256/256 252/257/257 253/258/258
f 255/259/259 257/260/260 253/258/258
f 257/260/260 260/261/261 253/258/258
f 260/261/261 251/256/256 253/258/258
f 263/262/262 262/263/263 266/264/264
f 267/265/265 268/266/266 266/264/264
f 268/266/266 267/265/265 270/267/267
f 268/266/266 270/267/267 272/268/268
f 263/262/262 272/268/268 262/263/263
f 262/263/263 267/265/265 266/264/264
f 262/263/263 272/268/268 270/267/267
f 269/269/269 271/270/270 265/271/271
f 271/270/270 273/272/272 265/271/271
f 273/272/272 274/273/273 265/271/271
f 274/273/273 264/274/274 265/271/271
f 280/275/275 315/276/276 279/277/277
f 279/277/277 315/276/276 283/278/278
f 315/276/276 280/275/275 317/279/279
f 280/275/275 285/280/280 317/279/279
f 317/279/279 285/280/280 320/281/281
f 285/280/280 288/282/282 320/281/281
f 320/281/281 288/282/282 322/283/283
f 288/282/282 290/284/284 322/283/283
f 290/284/284 325/285/285 322/283/283
f 290/284/284 293/286/286 325/285/285
f 325/285/285 293/286/286 327/287/287
f 293/286/286 295/288/288 327/287/287
f 297/289/289 330/290/290 295/288/288
f 295/288/288 330/290/290 327/287/287
f 299/291/291 330/290/290 297/289/289
f 299/291/291 333/292/292 330/290/290
f 299/291/291 302/293/293 333/292/292
f 302/293/293 304/294/294 333/292/292
f 333/292/292 304/294/294 309/295/295
f 312/296/296 314/297/297 313/298/298
f 313/298/298 314/297/297 341/299/299
f 314/297/297 316/300/300 341/299/299
f 341/299/299 316/300/300 343/301/301
f 316/300/300 318/302/302 343/301/301
f 343/301/301 318/302/302 345/303/303
f 318/302/302 319/304/304 345/303/303
f 345/303/303 319/304/304 346/305/305
f 319/304/304 321/306/306 346/305/305
f 346/305/305 321/306/306 348/307/307
f 321/306/306 323/308/308 348/307/307
f 348/307/307 323/308/308 350/309/309
f 323/308/308 324/310/310 350/309/309
f 350/309/309 324/310/310 352/311/311
f 324/310/310 326/312/312 352/311/311
f 352/311/311 326/312/312 354/313/313
f 326/312/312 328/314/314 354/313/313
f 354/313/313 328/314/314 356/315/315
f 328/314/314 329/316/316 356/315/315
f 356/315/315 329/316/316 358/317/317
f 329/316/316 331/318/318 358/317/317
f 358/317/317 331/318/318 360/319/319
f 331/318/318 332/320/320 360/319/319
f 360/319/319 332/320/320 361/321/321
f 332/320/320 334/322/322 361/321/321
f 361/321/321 334/322/322 363/323/323
f 334/322/322 335/324/324 363/323/323
f 363/323/323 335/324/324 336/325/325
f 338/326/326 340/327/327 339/328/328
f 339/328/328 340/327/327 367/329/329
f 342/330/330 369/331/331 340/327/327
f 340/327/327 369/331/331 367/329/329
f 342/330/330 344/332/332 369/331/331
f 369/331/331 344/332/332 372/333/333
f 344/332/332 347/334/334 372/333/333
f 347/334/334 349/335/335 372/333/333
f 372/333/333 349/335/335 375/336/336
f 349/335/335 351/337/337 375/336/336
f 375/336/336 351/337/337 377/338/338
f 353/339/339 379/340/340 351/337/337
f 351/337/337 379/340/340 377/338/338
f 355/341/341 379/340/340 353/339/339
f 355/341/341 357/342/342 379/340/340
f 379/340/340 357/342/342 382/343/343
f 357/342/342 359/344/344 382/343/343
f 382/343/343 359/344/344 385/345/345
f 359/344/344 362/346/346 385/345/345
f 364/347/347 365/348/348 362/346/346
f 362/346/346 365/348/348 385/345/345
f 276/349/349 366/350/350 275/351/351
f 275/351/351 366/350/350 281/352/352
f 366/350/350 368/353/353 281/352/352
f 281/352/352 368/353/353 284/354/354
f 368/353/353 370/355/355 284/354/354
f 284/354/354 370/355/355 286/356/356
f 370/355/355 371/357/357 286/356/356
f 286/356/356 371/357/357 287/358/358
f 371/357/357 373/359/359 287/358/358
f 287/358/358 373/359/359 289/360/360
f 373/359/359 374/361/361 289/360/360
f 289/360/360 374/361/361 291/362/362
f 374/361/361 376/363/363 291/362/362
f 291/362/362 376/363/363 292/364/364
f 376/363/363 378/365/365 292/364/364
f 292/364/364 378/365/365 294/366/366
f 378/365/365 380/367/367 294/366/366
f 294/366/366 380/367/367 296/368/368
f 380/367/367 381/369/369 296/368/368
f 296/368/368 381/369/369 298/370/370
f 381/369/369 383/371/371 298/370/370
f 298/370/370 383/371/371 300/372/372
f 383/371/371 384/373/373 300/372/372
f 300/372/372 384/373/373 301/374/374
f 384/373/373 386/375/375 301/374/374
f 301/374/374 386/375/375 303/376/376
f 386/375/375 308/377/377 303/376/376
f 303/376/376 308/377/377 305/378/378
f 306/379/379 307/380/380 310/381/381
f 310/381/381 307/380/380 337/382/382
f 277/383/383 282/384/384 278/385/385
f 278/385/385 282/384/384 311/386/386
f 388/387/387 391/388/388 387/389/389
f 387/389/389 391/388/388 392/390/390
f 392/390/390 391/388/388 395/391/391
f 395/391/391 391/388/388 396/392/392
f 395/391/391 396/392/392 398/393/393
f 396/392/392 400/394/394 398/393/393
f 398/393/393 400/394/394 387/389/389
f 400/394/394 388/387/387 387/389/389
f 389/395/395 390/396/396 401/397/397
f 390/396/396 393/398/398 401/397/397
f 393/398/398 394/399/399 401/397/397
f 394/399/399 397/400/400 401/397/397
f 397/400/400 399/401/401 401/397/397
f 416/402/402 404/403/403 402/404/404
f 402/404/404 404/403/403 405/405/405
f 405/405/405 404/403/403 408/406/406
f 408/406/406 404/403/403 409/407/407
f 407/408/408 410/409/409 411/410/410
f 409/407/407 412/411/411 408/406/406
f 408/406/406 412/411/411 413/412/412
f 413/412/412 412/411/411 402/404/404
f 402/404/404 412/411/411 416/402/402
f 407/408/408 411/410/410 406/413/413
f 411/410/410 414/414/414 406/413/413
f 414/414/414 415/415/415 406/413/413
f 415/415/415 403/416/416 406/413/413
f 421/417/417 422/418/418 425/419/419
f 425/419/419 422/418/418 458/420/420
f 426/421/421 458/420/420 422/418/418
f 428/422/422 461/423/423 426/421/421
f 426/421/421 461/423/423 458/420/420
f 428/422/422 463/424/424 461/423/423
f 428/422/422 431/425/425 463/424/424
f 463/424/424 431/425/425 465/426/426
f 431/425/425 433/427/427 465/426/426
f 435/428/428 468/429/429 433/427/427
f 433/427/427 468/429/429 465/426/426
f 437/430/430 468/429/429 435/428/428
f 437/430/430 471/431/431 468/429/429
f 437/430/430 440/432/432 471/431/431
f 471/431/431 440/432/432 473/433/433
f 440/432/432 443/434/434 473/433/433
f 473/433/433 443/434/434 476/435/435
f 445/436/436 476/435/435 443/434/434
f 447/437/437 452/438/438 445/436/436
f 445/436/436 452/438/438 476/435/435
f 455/439/439 457/440/440 456/441/441
f 456/441/441 457/440/440 484/442/442
f 457/440/440 459/443/443 484/442/442
f 484/442/442 459/443/443 486/444/444
f 459/443/443 460/445/445 486/444/444
f 486/444/444 460/445/445 487/446/446
f 460/445/445 462/447/447 487/446/446
f 487/446/446 462/447/447 489/448/448
f 462/447/447 464/449/449 489/448/448
f 489/448/448 464/449/449 491/450/450
f 464/449/449 466/451/451 491/450/450
f 491/450/450 466/451/451 493/452/452
f 466/451/451 467/453/453 493/452/452
f 493/452/452 467/453/453 495/454/454
f 467/453/453 469/455/455 495/454/454
f 495/454/454 469/455/455 497/456/456
f 469/455/455 470/457/457 497/456/456
f 497/456/456 470/457/457 498/458/458
f 470/457/457 472/459/459 498/458/458
f 498/458/458 472/459/459 500/460/460
f 472/459/459 474/461/461 500/460/460
f 500/460/460 474/461/461 501/462/462
f 474/461/461 475/463/463 501/462/462
f 501/462/462 475/463/463 503/464/464
f 475/463/463 477/465/465 503/464/464
f 503/464/464 477/465/465 505/466/466
f 477/465/465 478/467/467 505/466/466
f 505/466/466 478/467/467 479/468/468
f 483/469/469 509/470/470 481/471/471
f 481/471/471 509/470/470 482/472/472
f 483/469/469 485/473/473 509/470/470
f 509/470/470 485/473/473 512/474/474
f 485/473/473 488/475/475 512/474/474
f 512/474/474 488/475/475 514/476/476
f 490/477/477 516/478/478 488/475/475
f 488/475/475 516/478/478 514/476/476
f 492/479/479 516/478/478 490/477/477
f 492/479/479 494/480/480 516/478/478
f 516/478/478 494/480/480 519/481/481
f 494/480/480 496/482/482 519/481/481
f 519/481/481 496/482/482 522/483/483
f 499/484/484 524/485/485 496/482/482
f 496/482/482 524/485/485 522/483/483
f 502/486/486 527/487/487 499/484/484
f 499/484/484 527/487/487 524/485/485
f 502/486/486 504/488/488 527/487/487
f 504/488/488 506/489/489 527/487/487
f 527/487/487 506/489/489 507/490/490
f 418/491/491 508/492/492 417/493/493
f 417/493/493 508/492/492 423/494/494
f 508/492/492 510/495/495 423/494/494
f 423/494/494 510/495/495 427/496/496
f 510/495/495 511/497/497 427/496/496
f 427/496/496 511/497/497 429/498/498
f 511/497/497 513/499/499 429/498/498
f 429/498/498 513/499/499 430/500/500
f 513/499/499 515/501/501 430/500/500
f 430/500/500 515/501/501 432/502/502
f 515/501/501 517/503/503 432/502/502
f 432/502/502 517/503/503 434/504/504
f 517/503/503 518/505/505 434/504/504
f 434/504/504 518/505/505 436/506/506
f 518/505/505 520/507/507 436/506/506
f 436/506/506 520/507/507 438/508/508
f 520/507/507 521/509/509 438/508/508
f 438/508/508 521/509/509 439/510/510
f 521/509/509 523/511/511 439/510/510
f 439/510/510 523/511/511 441/512/512
f 523/511/511 525/513/513 441/512/512
f 441/512/512 525/513/513 442/514/514
f 525/513/513 526/515/515 442/514/514
f 442/514/514 526/515/515 444/516/516
f 526/515/515 528/517/517 444/516/516
f 444/516/516 528/517/517 446/518/518
f 528/517/517 451/519/519 446/518/518
f 446/518/518 451/519/519 448/520/520
f 449/521/521 450/522/522 453/523/523
f 453/523/523 450/522/522 480/524/524
f 420/525/525 419/526/526 454/527/527
f 454/527/527 419/526/526 424/528/528
f 529/529/529 541/530/530 543/531/531
f 529/529/529 531/532/532 532/533/533
f 532/533/533 533/534/534 535/535/535
f 535/535/535 533/534/534 537/536/536
f 535/535/535 537/536/536 538/537/537
f 537/536/536 543/531/531 538/537/537
f 538/537/537 543/531/531 541/530/530
f 531/532/532 533/534/534 532/533/533
f 543/531/531 531/532/532 529/529/529
f 536/538/538 539/539/539 534/540/540
f 539/539/539 540/541/541 534/540/540
f 540/541/541 542/542/542 534/540/540
f 542/542/542 530/543/543 534/540/540
f 556/544/544 546/545/545 544/546/546
f 544/546/546 546/545/545 548/547/547
f 548/547/547 546/545/545 549/548/548
f 549/548/548 551/549/549 548/547/547
f 548/547/547 551/549/549 552/550/550
f 552/550/550 551/549/549 555/551/551
f 555/551/551 551/549/549 556/544/544
f 555/551/551 556/544/544 544/546/546
f 550/552/552 553/553/553 547/554/554
f 553/553/553 554/555/555 547/554/554
f 554/555/555 557/556/556 547/554/554
f 557/556/556 545/557/557 547/554/554
f 558/558/558 559/559/558 560/560/558
f 561/561/558 558/558/558 560/560/558
f 562/562/558 561/561/558 560/560/558
f 563/563/558 562/562/558 560/560/558
f 564/564/558 563/563/558 560/560/558
f 565/565/558 564/564/558 560/560/558
f 566/566/558 565/565/558 560/560/558
f 567/567/558 566/566/558 560/560/558
f 568/568/558 567/567/558 560/560/558
f 569/569/558 568/568/558 560/560/558
f 570/570/558 569/569/558 560/560/558
f 571/571/558 570/570/558 560/560/558
f 573/572/558 572/573/558 560/560/558
f 559/559/558 573/572/558 560/560/558
f 574/574/559 575/575/559 576/576/559
f 575/575/559 577/577/559 576/576/559
f 577/577/559 578/578/559 576/576/559
f 578/578/559 579/579/559 576/576/559
f 579/579/559 580/580/559 576/576/559
f 580/580/559 581/581/559 576/576/559
f 581/581/559 582/582/559 576/576/559
f 582/582/559 583/583/559 576/576/559
f 583/583/559 584/584/559 576/576/559
f 584/584/559 585/585/559 576/576/559
f 585/585/559 586/586/559 576/576/559
f 586/586/559 587/587/559 576/576/559
f 588/588/559 589/589/559 576/576/559
f 589/589/559 574/574/559 576/576/559
f 590/590/560 591/591/561 592/592/562
f 592/592/562 591/591/561 593/593/563
f 594/594/564 595/595/565 596/596/566
f 596/596/566 595/595/565 597/597/567
f 592/592/562 593/593/563 597/597/567
f 597/597/567 593/593/563 596/596/566
f 598/598/568 599/599/569 590/590/560
f 590/590/560 599/599/569 591/591/561
f 600/600/558 602/601/558 601/602/558
f 602/601/558 603/603/558 601/602/558
f 606/604/570 608/605/571 607/606/572
f 607/606/572 608/605/571 614/607/573
f 608/605/571 610/608/574 614/607/573
f 614/607/573 610/608/574 616/609/575
f 604/610/576 612/611/577 605/612/578
f 605/612/578 612/611/577 613/613/579
f 611/614/580 618/615/581 617/616/582
f 617/616/582 618/615/581 625/617/583
f 618/615/581 620/618/584 625/617/583
f 625/617/583 620/618/584 627/619/585
f 620/618/584 621/620/586 627/619/585
f 627/619/585 621/620/586 628/621/587
f 621/620/586 622/622/588 628/621/587
f 628/621/587 622/622/588 624/623/589
f 636/624/590 634/625/591 635/626/592
f 637/627/593 636/624/590 635/626/592
f 638/628/594 640/629/595 639/630/596
f 611/614/580 617/616/582 610/608/574
f 610/608/574 617/616/582 616/609/575
f 630/631/597 631/632/598 623/633/599
f 623/633/599 631/632/598 629/634/600
f 630/631/597 633/635/601 631/632/598
f 631/632/598 633/635/601 632/636/602
f 624/623/589 622/622/588 629/634/600
f 629/634/600 622/622/588 623/633/599
f 641/637/603 642/638/604 632/636/602
f 632/636/602 642/638/604 631/632/598
f 635/626/592 633/635/601 643/639/605
f 643/639/605 633/635/601 630/631/597
f 639/630/596 641/637/603 632/636/602
f 644/640/606 638/628/594 632/636/602
f 632/636/602 638/628/594 639/630/596
f 645/641/607 635/626/592 634/625/591
f 612/611/577 646/642/608 613/613/579
f 646/642/608 644/640/606 613/613/579
f 644/640/606 632/636/602 613/613/579
f 635/626/592 645/641/607 633/635/601
f 645/641/607 647/643/609 633/635/601
f 647/643/609 648/644/610 633/635/601
f 633/635/601 648/644/610 649/645/611
f 652/646/612 654/647/613 653/648/614
f 653/648/614 654/647/613 660/649/615
f 654/647/613 656/650/616 660/649/615
f 660/649/615 656/650/616 662/651/617
f 650/652/618 658/653/619 651/654/620
f 651/654/620 658/653/619 659/655/621
f 657/656/622 664/657/623 663/658/624
f 663/658/624 664/657/623 671/659/625
f 664/657/623 666/660/626 671/659/625
f 671/659/625 666/660/626 673/661/627
f 666/660/626 667/662/628 673/661/627
f 673/661/627 667/662/628 674/663/629
f 667/662/628 668/664/630 674/663/629
f 674/663/629 668/664/630 670/665/631
f 682/666/632 680/667/633 681/668/634
f 683/669/635 682/666/632 681/668/634
f 684/670/636 686/671/637 685/672/638
f 657/656/622 663/658/624 656/650/616
f 656/650/616 663/658/624 662/651/617
f 676/673/639 677/674/640 669/675/641
f 669/675/641 677/674/640 675/676/642
f 676/673/639 679/677/643 677/674/640
f 677/674/640 679/677/643 678/678/644
f 670/665/631 668/664/630 675/676/642
f 675/676/642 668/664/630 669/675/641
f 687/679/645 688/680/646 678/678/644
f 678/678/644 688/680/646 677/674/640
f 681/668/634 676/673/639 689/681/647
f 685/672/638 687/679/645 678/678/644
f 681/668/634 679/677/643 676/673/639
f 690/682/648 684/670/636 685/672/638
f 691/683/649 681/668/634 680/667/633
f 658/653/619 692/684/650 678/678/644
f 692/684/650 690/682/648 678/678/644
f 690/682/648 685/672/638 678/678/644
f 678/678/644 659/655/621 658/653/619
f 681/668/634 691/683/649 679/677/643
f 691/683/649 693/685/651 679/677/643
f 693/685/651 694/686/652 679/677/643
f 679/677/643 694/686/652 695/687/653
f 698/688/654 700/689/655 699/690/656
f 699/690/656 700/689/655 706/691/657
f 700/689/655 702/692/658 706/691/657
f 706/691/657 702/692/658 708/693/659
f 696/694/660 704/695/661 697/696/662
f 697/696/662 704/695/661 705/697/663
f 703/698/664 710/699/665 709/700/666
f 709/700/666 710/699/665 717/701/667
f 710/699/665 712/702/668 717/701/667
f 717/701/667 712/702/668 719/703/669
f 712/702/668 713/704/670 719/703/669
f 719/703/669 713/704/670 720/705/671
f 713/704/670 714/706/672 720/705/671
f 720/705/671 714/706/672 716/707/673
f 726/708/674 727/709/675 728/710/676
f 729/711/677 726/708/674 728/710/676
f 730/712/678 729/711/677 728/710/676
f 732/713/679 733/714/680 731/715/681
f 733/714/680 734/716/682 731/715/681
f 703/698/664 709/700/666 702/692/658
f 702/692/658 709/700/666 708/693/659
f 722/717/683 723/718/684 715/719/685
f 715/719/685 723/718/684 721/720/686
f 722/717/683 725/721/687 723/718/684
f 723/718/684 725/721/687 724/722/688
f 716/707/673 714/706/672 721/720/686
f 721/720/686 714/706/672 715/719/685
f 734/716/682 735/723/689 724/722/688
f 724/722/688 735/723/689 723/718/684
f 728/710/676 722/717/683 736/724/690
f 731/715/681 734/716/682 724/722/688
f 737/725/691 731/715/681 724/722/688
f 738/726/692 722/717/683 727/709/675
f 727/709/675 722/717/683 728/710/676
f 704/695/661 739/727/693 705/697/663
f 739/727/693 737/725/691 705/697/663
f 737/725/691 724/722/688 705/697/663
f 722/717/683 738/726/692 725/721/687
f 738/726/692 740/728/694 725/721/687
f 740/728/694 741/729/695 725/721/687
f 725/721/687 741/729/695 742/730/696
f 745/731/697 747/732/698 746/733/699
f 746/733/699 747/732/698 753/734/700
f 747/732/698 749/735/701 753/734/700
f 753/734/700 749/735/701 755/736/702
f 743/737/703 751/738/704 744/739/705
f 744/739/705 751/738/704 752/740/706
f 750/741/707 757/742/708 756/743/709
f 756/743/709 757/742/708 764/744/710
f 757/742/708 759/745/711 764/744/710
f 764/744/710 759/745/711 766/746/712
f 759/745/711 760/747/713 766/746/712
f 766/746/712 760/747/713 767/748/714
f 760/747/713 761/749/715 767/748/714
f 767/748/714 761/749/715 763/750/716
f 775/751/717 774/752/718 773/753/719
f 776/754/720 775/751/717 773/753/719
f 777/755/721 779/756/722 778/757/723
f 750/741/707 756/743/709 749/735/701
f 749/735/701 756/743/709 755/736/702
f 769/758/724 770/759/725 762/760/726
f 762/760/726 770/759/725 768/761/727
f 769/758/724 772/762/728 770/759/725
f 770/759/725 772/762/728 771/763/729
f 763/750/716 761/749/715 768/761/727
f 768/761/727 761/749/715 762/760/726
f 780/764/730 781/765/731 771/763/729
f 771/763/729 781/765/731 770/759/725
f 776/754/720 772/762/728 782/766/732
f 782/766/732 772/762/728 769/758/724
f 778/757/723 780/764/730 771/763/729
f 773/753/719 772/762/728 776/754/720
f 783/767/733 777/755/721 778/757/723
f 751/738/704 785/768/734 771/763/729
f 785/768/734 783/767/733 771/763/729
f 783/767/733 778/757/723 771/763/729
f 771/763/729 752/740/706 751/738/704
f 773/753/719 784/769/735 772/762/728
f 784/769/735 786/770/736 772/762/728
f 786/770/736 787/771/737 772/762/728
f 772/762/728 787/771/737 788/772/738
f 794/773/739 793/774/740 795/775/741
f 798/776/742 799/777/743 800/778/744
f 801/779/745 802/780/746 803/781/747
f 809/782/748 808/783/749 810/784/750
f 803/781/747 802/780/746 829/785/751
f 809/782/748 810/784/750 832/786/752
f 795/775/741 833/787/753 794/773/739
f 799/777/743 836/788/754 800/778/744
f 837/789/755 838/790/756 886/791/757
f 839/792/758 840/793/759 841/794/758
f 841/794/758 840/793/759 842/795/759
f 843/796/760 844/797/761 845/798/762
f 845/798/762 844/797/761 846/799/763
f 847/800/764 848/801/764 849/802/764
f 849/802/764 848/801/764 850/803/764
f 851/804/765 852/805/765 853/806/765
f 853/806/765 852/805/765 854/807/765
f 855/808/766 856/809/766 857/810/766
f 857/810/766 856/809/766 858/811/766
f 859/812/766 860/813/766 861/814/766
f 862/815/767 863/816/768 864/817/769
f 864/817/769 863/816/768 865/818/770
f 866/819/765 867/820/765 868/821/765
f 869/822/771 870/823/772 871/824/773
f 872/825/766 859/812/766 861/814/766
f 866/819/765 873/826/765 867/820/765
f 869/822/771 874/827/774 870/823/772
f 875/828/766 876/829/766 872/825/766
f 872/825/766 876/829/766 859/812/766
f 864/817/769 865/818/770 877/830/775
f 877/830/775 865/818/770 878/831/776
f 879/832/765 880/833/765 866/819/765
f 866/819/765 880/833/765 873/826/765
f 881/834/766 882/835/766 875/828/766
f 875/828/766 882/835/766 876/829/766
f 883/836/765 884/837/765 879/832/765
f 879/832/765 884/837/765 880/833/765
f 885/838/777 886/791/757 869/822/771
f 869/822/771 886/791/757 874/827/774
f 887/839/766 858/811/766 881/834/766
f 881/834/766 858/811/766 882/835/766
f 877/830/775 878/831/776 843/796/760
f 843/796/760 878/831/776 844/797/761
f 854/807/765 888/840/765 883/836/765
f 883/836/765 888/840/765 884/837/765
f 857/810/766 858/811/766 887/839/766
f 854/807/765 852/805/765 888/840/765
f 837/789/755 886/791/757 885/838/777
f 910/841/778 909/842/779 911/843/780
f 914/844/781 915/845/782 916/846/783
f 917/847/784 918/848/785 919/849/786
f 925/850/787 924/851/788 926/852/789
f 919/849/786 918/848/785 945/853/790
f 925/850/787 926/852/789 948/854/791
f 911/843/780 949/855/792 910/841/778
f 915/845/782 952/856/793 916/846/783
f 953/857/794 954/858/795 1002/859/796
f 955/860/797 956/861/797 957/862/797
f 957/862/797 956/861/797 958/863/797
f 959/864/798 960/865/799 961/866/800
f 961/866/800 960/865/799 962/867/801
f 963/868/802 964/869/802 965/870/802
f 965/870/802 964/869/802 966/871/802
f 967/872/803 968/873/803 969/874/803
f 969/874/803 968/873/803 970/875/803
f 971/876/804 972/877/804 973/878/804
f 973/878/804 972/877/804 974/879/804
f 975/880/804 976/881/804 977/882/804
f 978/883/805 979/884/806 980/885/807
f 980/885/807 979/884/806 981/886/808
f 982/887/803 983/888/803 984/889/803
f 985/890/809 986/891/810 987/892/811
f 988/893/804 975/880/804 977/882/804
f 982/887/803 989/894/803 983/888/803
f 985/890/809 990/895/812 986/891/810
f 991/896/804 992/897/804 988/893/804
f 988/893/804 992/897/804 975/880/804
f 980/885/807 981/886/808 993/898/813
f 993/898/813 981/886/808 994/899/814
f 995/900/803 996/901/803 982/887/803
f 982/887/803 996/901/803 989/894/803
f 997/902/804 998/903/804 991/896/804
f 991/896/804 998/903/804 992/897/804
f 999/904/803 1000/905/803 995/900/803
f 995/900/803 1000/905/803 996/901/803
f 1001/906/815 1002/859/796 985/890/809
f 985/890/809 1002/859/796 990/895/812
f 1003/907/804 974/879/804 997/902/804
f 997/902/804 974/879/804 998/903/804
f 993/898/813 994/899/814 959/864/798
f 959/864/798 994/899/814 960/865/799
f 970/875/803 1004/908/803 999/904/803
f 999/904/803 1004/908/803 1000/905/803
f 973/878/804 974/879/804 1003/907/804
f 970/875/803 968/873/803 1004/908/803
f 953/857/794 1002/859/796 1001/906/815
f 1026/909/816 1025/910/817 1027/911/818
f 1030/912/819 1031/913/820 1032/914/821
f 1033/915/822 1034/916/823 1035/917/824
f 1041/918/825 1040/919/826 1042/920/827
f 1035/917/824 1034/916/823 1061/921/828
f 1041/918/825 1042/920/827 1064/922/829
f 1027/911/818 1065/923/830 1026/909/816
f 1031/913/820 1068/924/831 1032/914/821
f 1069/925/832 1070/926/833 1118/927/834
f 1071/928/835 1072/929/835 1073/930/835
f 1073/930/835 1072/929/835 1074/931/835
f 1075/932/836 1076/933/837 1077/934/838
f 1077/934/838 1076/933/837 1078/935/839
f 1079/936/840 1080/937/840 1081/938/840
f 1081/938/840 1080/937/840 1082/939/840
f 1083/940/766 1084/941/766 1085/942/766
f 1085/942/766 1084/941/766 1086/943/766
f 1087/944/765 1088/945/765 1089/946/765
f 1089/946/765 1088/945/765 1090/947/765
f 1091/948/765 1092/949/765 1093/950/765
f 1094/951/841 1095/952/842 1096/953/843
f 1096/953/843 1095/952/842 1097/954/844
f 1098/955/766 1099/956/766 1100/957/766
f 1101/958/845 1102/959/846 1103/960/847
f 1104/961/765 1091/948/765 1093/950/765
f 1098/955/766 1105/962/766 1099/956/766
f 1101/958/845 1106/963/848 1102/959/846
f 1107/964/765 1108/965/765 1104/961/765
f 1104/961/765 1108/965/765 1091/948/765
f 1096/953/843 1097/954/844 1109/966/849
f 1109/966/849 1097/954/844 1110/967/850
f 1111/968/766 1112/969/766 1098/955/766
f 1098/955/766 1112/969/766 1105/962/766
f 1113/970/765 1114/971/765 1107/964/765
f 1107/964/765 1114/971/765 1108/965/765
f 1115/972/766 1116/973/766 1111/968/766
f 1111/968/766 1116/973/766 1112/969/766
f 1117/974/851 1118/927/834 1101/958/845
f 1101/958/845 1118/927/834 1106/963/848
f 1119/975/765 1090/947/765 1113/970/765
f 1113/970/765 1090/947/765 1114/971/765
f 1109/966/849 1110/967/850 1075/932/836
f 1075/932/836 1110/967/850 1076/933/837
f 1086/943/766 1120/976/766 1115/972/766
f 1115/972/766 1120/976/766 1116/973/766
f 1089/946/765 1090/947/765 1119/975/765
f 1086/943/766 1084/941/766 1120/976/766
f 1069/925/832 1118/927/834 1117/974/851
f 1142/977/852 1141/978/853 1143/979/854
f 1146/980/855 1147/981/856 1148/982/857
f 1149/983/858 1150/984/859 1151/985/860
f 1157/986/861 1156/987/862 1158/988/863
f 1151/985/860 1150/984/859 1177/989/864
f 1157/986/861 1158/988/863 1180/990/865
f 1143/979/854 1181/991/866 1142/977/852
f 1147/981/856 1184/992/867 1148/982/857
f 1185/993/868 1186/994/869 1234/995/870
f 1187/996/871 1188/997/871 1189/998/871
f 1189/998/871 1188/997/871 1190/999/871
f 1191/1000/872 1192/1001/873 1193/1002/874
f 1193/1002/874 1192/1001/873 1194/1003/875
f 1195/1004/876 1196/1005/876 1197/1006/876
f 1197/1006/876 1196/1005/876 1198/1007/876
f 1199/1008/804 1200/1009/804 1201/1010/804
f 1201/1010/804 1200/1009/804 1202/1011/804
f 1203/1012/803 1204/1013/803 1205/1014/803
f 1205/1014/803 1204/1013/803 1206/1015/803
f 1207/1016/803 1208/1017/803 1209/1018/803
f 1210/1019/877 1211/1020/878 1212/1021/879
f 1212/1021/879 1211/1020/878 1213/1022/880
f 1214/1023/804 1215/1024/804 1216/1025/804
f 1217/1026/881 1218/1027/882 1219/1028/883
f 1220/1029/803 1207/1016/803 1209/1018/803
f 1214/1023/804 1221/1030/804 1215/1024/804
f 1217/1026/881 1222/1031/884 1218/1027/882
f 1223/1032/803 1224/1033/803 1220/1029/803
f 1220/1029/803 1224/1033/803 1207/1016/803
f 1212/1021/879 1213/1022/880 1225/1034/885
f 1225/1034/885 1213/1022/880 1226/1035/886
f 1227/1036/804 1228/1037/804 1214/1023/804
f 1214/1023/804 1228/1037/804 1221/1030/804
f 1229/1038/803 1230/1039/803 1223/1032/803
f 1223/1032/803 1230/1039/803 1224/1033/803
f 1231/1040/804 1232/1041/804 1227/1036/804
f 1227/1036/804 1232/1041/804 1228/1037/804
f 1233/1042/887 1234/995/870 1217/1026/881
f 1217/1026/881 1234/995/870 1222/1031/884
f 1235/1043/803 1206/1015/803 1229/1038/803
f 1229/1038/803 1206/1015/803 1230/1039/803
f 1225/1034/885 1226/1035/886 1191/1000/872
f 1191/1000/872 1226/1035/886 1192/1001/873
f 1202/1011/804 1236/1044/804 1231/1040/804
f 1231/1040/804 1236/1044/804 1232/1041/804
f 1205/1014/803 1206/1015/803 1235/1043/803
f 1202/1011/804 1200/1009/804 1236/1044/804
f 1185/993/868 1234/995/870 1233/1042/887
f 1253/1045/888 1254/1046/889 1255/1047/890
f 1255/1047/890 1254/1046/889 1256/1048/891
f 1253/1045/892 1257/1049/893 1258/1050/894
f 1257/1049/895 1256/1048/896 1259/1050/897
f 1260/1051/898 1261/1052/899 1262/1053/900
f 1262/1053/900 1261/1052/899 1263/1054/901
f 1260/1051/902 1264/1055/903 1265/1056/904
f 1264/1055/905 1263/1054/906 1266/1056/907
f 1267/1057/908 1268/1058/909 1269/1059/910
f 1271/1060/911 1268/1058/909 1267/1057/908
f 1270/1061/912 1269/1059/913 1272/1062/914
f 1271/1060/915 1270/1061/916 1273/1062/917
f 1277/1063/912 1276/1064/913 1278/1065/914
f 1276/1064/918 1274/1066/919 1279/1065/920
f 1274/1066/921 1275/1067/922 1280/1065/923
f 1275/1067/924 1277/1063/916 1281/1065/917
f 1282/1068/925 1283/1069/926 1284/1070/927
f 1284/1070/927 1283/1069/926 1285/1071/928
f 1282/1068/929 1286/1072/930 1287/1073/931
f 1286/1072/932 1285/1071/933 1288/1073/934
f 1289/1074/935 1290/1075/936 1291/1076/937
f 1291/1076/937 1290/1075/936 1292/1077/938
f 1289/1074/939 1293/1078/940 1294/1079/941
f 1293/1078/942 1292/1077/943 1295/1079/944
f 1296/1080/945 1297/1081/946 1298/1082/947
f 1300/1083/948 1297/1081/946 1296/1080/945
f 1299/1084/949 1298/1082/950 1301/1085/951
f 1300/1083/952 1299/1084/953 1302/1085/954
f 1306/1086/949 1305/1087/950 1307/1088/951
f 1305/1087/955 1303/1089/956 1308/1088/957
f 1303/1089/958 1304/1090/959 1309/1088/960
f 1304/1090/961 1306/1086/953 1310/1088/954
f 1311/1091/962 1312/1092/963 1313/1093/964
f 1313/1093/964 1312/1092/963 1314/1094/965
f 1311/1091/966 1315/1095/967 1316/1096/968
f 1315/1095/969 1314/1094/970 1317/1096/971
f 1318/1097/972 1319/1098/973 1320/1099/974
f 1320/1099/974 1319/1098/973 1321/1100/975
f 1318/1097/976 1322/1101/977 1323/1102/978
f 1322/1101/979 1321/1100/980 1324/1102/981
f 1325/1103/982 1326/1104/983 1327/1105/984
f 1329/1106/985 1326/1104/983 1325/1103/982
f 1328/1107/986 1327/1105/987 1330/1108/988
f 1329/1106/989 1328/1107/990 1331/1108/991
f 1335/1109/986 1334/1110/987 1336/1111/988
f 1334/1110/992 1332/1112/993 1337/1111/994
f 1332/1112/995 1333/1113/996 1338/1111/997
f 1333/1113/998 1335/1109/990 1339/1111/991
f 1340/1114/999 1341/1115/1000 1342/1116/1001
f 1342/1116/1001 1341/1115/1000 1343/1117/1002
f 1340/1114/1003 1344/1118/1004 1345/1119/1005
f 1344/1118/1006 1343/1117/1007 1346/1119/1008
f 1347/1120/1009 1348/1121/1010 1349/1122/1011
f 1349/1122/1011 1348/1121/1010 1350/1123/1012
f 1347/1120/1013 1351/1124/1014 1352/1125/1015
f 1351/1124/1016 1350/1123/1017 1353/1125/1018
f 1354/1126/1019 1355/1127/1020 1356/1128/1021
f 1358/1129/1022 1355/1127/1020 1354/1126/1019
f 1357/1130/1023 1356/1128/1024 1359/1131/1025
f 1358/1129/1026 1357/1130/1027 1360/1131/1028
f 1364/1132/1023 1363/1133/1024 1365/1134/1025
f 1363/1133/1029 1361/1135/1030 1366/1134/1031
f 1361/1135/1032 1362/1136/1033 1367/1134/1034
f 1362/1136/1035 1364/1132/1027 1368/1134/1028
l 754 755
l 757 758
l 791 792
l 796 797
l 806 807
l 811 812
l 815 816
l 819 820
l 823 824
l 825 827
l 828 831
l 831 835
l 897 898
l 907 908
l 912 913
l 922 923
l 927 928
l 931 932
l 935 936
l 939 940
l 941 943
l 944 947
l 947 951
l 1013 1014
l 1023 1024
l 1028 1029
l 1038 1039
l 1043 1044
l 1047 1048
l 1051 1052
l 1055 1056
l 1057 1059
l 1060 1063
l 1063 1067
l 1129 1130
l 1139 1140
l 1144 1145
l 1154 1155
l 1159 1160
l 1163 1164
l 1167 1168
l 1171 1172
l 1173 1175
l 1176 1179
l 1179 1183
l 1245 1246
l 609 610
l 625 626
l 903 904
l 1019 1020
l 1135 1136
l 1251 1252
l 615 616
l 618 619
l 826 828
l 832 836
l 820 834
l 824 835
l 893 894
l 942 944
l 948 952
l 936 950
l 940 951
l 1009 1010
l 1058 1060
l 1064 1068
l 1052 1066
l 1056 1067
l 1125 1126
l 1174 1176
l 1180 1184
l 1168 1182
l 1172 1183
l 1241 1242
l 655 656
l 671 672
l 899 900
l 1015 1016
l 1131 1132
l 1247 1248
l 661 662
l 664 665
l 789 790
l 804 805
l 813 814
l 817 818
l 821 822
l 829 833
l 889 890
l 905 906
l 920 921
l 929 930
l 933 934
l 937 938
l 945 949
l 1005 1006
l 1021 1022
l 1036 1037
l 1045 1046
l 1049 1050
l 1053 1054
l 1061 1065
l 1121 1122
l 1137 1138
l 1152 1153
l 1161 1162
l 1165 1166
l 1169 1170
l 1177 1181
l 1237 1238
l 701 702
l 717 718
l 895 896
l 1011 1012
l 1127 1128
l 1243 1244
l 707 708
l 710 711
l 814 825
l 818 826
l 827 830
l 830 834
l 901 902
l 930 941
l 934 942
l 943 946
l 946 950
l 1017 1018
l 1046 1057
l 1050 1058
l 1059 1062
l 1062 1066
l 1133 1134
l 1162 1173
l 1166 1174
l 1175 1178
l 1178 1182
l 1249 1250
l 748 749
l 764 765
l 891 892
l 1007 1008
l 1123 1124
l 1239 1240
