# Blender 5.1.2
# www.blender.org
mtllib bishop.mtl
o bishop
v 0.000015 -0.000000 -0.009891
v 0.000000 0.000184 -0.009743
v 0.002674 0.000184 -0.009413
v 0.004766 -0.000000 -0.008546
v 0.006071 0.000184 -0.007673
v 0.007673 -0.000000 -0.006071
v 0.008546 0.000184 -0.004766
v 0.009413 -0.000000 -0.002674
v 0.009720 0.000184 -0.001132
v 0.009720 0.000000 0.001132
v 0.009413 0.000184 0.002674
v 0.008546 0.000000 0.004766
v 0.007673 0.000184 0.006071
v 0.006071 0.000000 0.007673
v 0.004766 0.000184 0.008546
v 0.002674 0.000000 0.009413
v 0.001132 0.000184 0.009720
v -0.001132 0.000000 0.009720
v -0.002674 0.000184 0.009413
v -0.004766 0.000000 0.008546
v -0.006071 0.000184 0.007673
v -0.007673 0.000000 0.006071
v -0.008546 0.000184 0.004766
v -0.009413 0.000000 0.002674
v -0.009720 0.000184 0.001132
v -0.009720 -0.000000 -0.001132
v -0.009413 0.000184 -0.002674
v -0.008546 -0.000000 -0.004766
v -0.007673 0.000184 -0.006071
v -0.006071 -0.000000 -0.007673
v -0.004766 0.000184 -0.008546
v -0.002674 -0.000000 -0.009413
v -0.000015 0.000184 -0.009891
v 0.000000 -0.000000 -0.009743
v -0.009556 0.000184 0.001901
v -0.009556 0.000184 -0.001901
v -0.009743 0.000184 -0.000000
v -0.009001 0.000184 0.003729
v -0.009001 0.000184 -0.003729
v -0.008101 0.000184 0.005413
v -0.008101 0.000184 -0.005413
v -0.006889 0.000184 0.006889
v -0.006889 0.000184 -0.006889
v -0.005413 0.000184 0.008101
v -0.005413 0.000184 -0.008101
v -0.003729 0.000184 0.009001
v -0.003729 0.000184 -0.009001
v -0.001901 0.000184 0.009556
v -0.001901 0.000184 -0.009556
v 0.000000 0.000184 0.009743
v 0.000000 0.000184 -0.009743
v 0.001901 0.000184 0.009556
v 0.001901 0.000184 -0.009556
v 0.003729 0.000184 0.009001
v 0.003729 0.000184 -0.009001
v 0.005413 0.000184 0.008101
v 0.005413 0.000184 -0.008101
v 0.006889 0.000184 0.006889
v 0.006889 0.000184 -0.006889
v 0.008101 0.000184 0.005413
v 0.008101 0.000184 -0.005413
v 0.009001 0.000184 0.003729
v 0.009001 0.000184 -0.003729
v 0.009556 0.000184 0.001901
v 0.009556 0.000184 -0.001901
v 0.009743 0.000184 -0.000000
v -0.009556 -0.000000 -0.001901
v -0.009556 0.000000 0.001901
v -0.009743 0.000000 0.000000
v -0.009001 -0.000000 -0.003729
v -0.009001 0.000000 0.003729
v -0.008101 -0.000000 -0.005413
v -0.008101 0.000000 0.005413
v -0.006889 -0.000000 -0.006889
v -0.006889 0.000000 0.006889
v -0.005413 -0.000000 -0.008101
v -0.005413 0.000000 0.008101
v -0.003729 -0.000000 -0.009001
v -0.003729 0.000000 0.009001
v -0.001901 -0.000000 -0.009556
v -0.001901 0.000000 0.009556
v 0.000000 -0.000000 -0.009743
v 0.000000 0.000000 0.009743
v 0.001901 -0.000000 -0.009556
v 0.001901 0.000000 0.009556
v 0.003729 -0.000000 -0.009001
v 0.003729 0.000000 0.009001
v 0.005413 -0.000000 -0.008101
v 0.005413 0.000000 0.008101
v 0.006889 -0.000000 -0.006889
v 0.006889 0.000000 0.006889
v 0.008101 -0.000000 -0.005413
v 0.008101 0.000000 0.005413
v 0.009001 -0.000000 -0.003729
v 0.009001 0.000000 0.003729
v 0.009556 -0.000000 -0.001901
v 0.009556 0.000000 0.001901
v 0.009743 0.000000 0.000000
v 0.001894 0.055611 -0.007253
v 0.003145 0.058487 -0.005721
v 0.004076 0.060594 -0.003077
v 0.004067 0.060579 0.003097
v 0.001393 0.059754 -0.005571
v 0.001844 0.055496 0.007281
v 0.003140 0.058478 0.005723
v 0.001231 0.059389 0.005913
v -0.000699 0.059266 -0.006087
v 0.000000 0.000188 -0.000000
v 0.012133 0.000333 -0.000000
v 0.000182 0.000190 -0.000036
v 0.000000 0.000188 -0.000000
v 0.000171 0.000190 -0.000071
v 0.000000 0.000188 -0.000000
v 0.000154 0.000190 -0.000103
v 0.000000 0.000188 -0.000000
v 0.008663 0.000330 -0.008662
v 0.000000 0.000188 -0.000000
v 0.000103 0.000190 -0.000154
v 0.000000 0.000188 -0.000000
v 0.000071 0.000190 -0.000171
v 0.000000 0.000188 -0.000000
v 0.000000 0.000188 -0.000000
v -0.000000 0.000202 -0.001105
v 0.000000 0.000188 -0.000000
v -0.000036 0.000190 -0.000182
v 0.000000 0.000188 -0.000000
v -0.000079 0.000190 -0.000191
v 0.000000 0.000188 -0.000000
v -0.000151 0.000191 -0.000225
v 0.000000 0.000188 -0.000000
v -0.000131 0.000190 -0.000131
v 0.000000 0.000188 -0.000000
v -0.010060 0.000330 -0.006728
v 0.000000 0.000188 -0.000000
v -0.000171 0.000190 -0.000071
v 0.000000 0.000188 -0.000000
v -0.000742 0.000198 -0.000147
v 0.000000 0.000188 -0.000000
v -0.000186 0.000190 -0.000000
v 0.000000 0.000188 -0.000000
v -0.000182 0.000190 0.000036
v 0.000000 0.000188 -0.000000
v -0.000171 0.000190 0.000071
v 0.000000 0.000188 -0.000000
v -0.000199 0.000191 0.000133
v 0.000000 0.000188 -0.000000
v -0.000131 0.000190 0.000131
v 0.000000 0.000188 -0.000000
v -0.000103 0.000190 0.000154
v 0.000000 0.000188 -0.000000
v -0.000254 0.000197 0.000611
v 0.000000 0.000188 -0.000000
v -0.002372 0.000331 0.011986
v 0.000000 0.000188 -0.000000
v 0.000000 0.000190 0.000186
v 0.000000 0.000188 -0.000000
v 0.000339 0.000210 0.001712
v 0.000000 0.000188 -0.000000
v 0.000071 0.000190 0.000171
v 0.000000 0.000188 -0.000000
v 0.000144 0.000191 0.000216
v 0.000000 0.000188 -0.000000
v 0.000131 0.000190 0.000131
v 0.000000 0.000188 -0.000000
v 0.000154 0.000190 0.000103
v 0.000000 0.000188 -0.000000
v 0.000000 0.000188 -0.000000
v 0.000182 0.000190 0.000036
v 0.000000 0.000188 -0.000000
v 0.002350 0.000333 -0.011882
v 0.011183 0.000330 0.004643
v -0.011984 0.000329 0.002628
v -0.002628 0.000329 -0.011984
v 0.005818 0.000330 0.010684
v -0.011724 0.000349 -0.003448
v -0.008657 0.000358 0.008809
v 0.001299 0.000349 0.012152
v 0.009683 0.000343 0.007377
v 0.012240 0.000682 -0.004594
v 0.005859 0.000466 -0.011077
v -0.008196 0.000486 -0.009563
v 0.012298 0.000345 0.000000
v 0.009327 0.000876 0.009309
v 0.013228 0.000958 0.000000
v 0.012967 0.000941 -0.002576
v 0.011004 0.000952 -0.007347
v 0.007355 0.000952 -0.010999
v 0.005068 0.000953 -0.012224
v 0.002586 0.000956 -0.012980
v 0.000004 0.000955 -0.013234
v -0.002576 0.000941 -0.012967
v -0.005058 0.000949 -0.012223
v -0.007349 0.000954 -0.011005
v -0.010990 0.000941 -0.007348
v -0.012224 0.000953 -0.005068
v -0.012979 0.000955 -0.002586
v -0.013234 0.000955 -0.000004
v -0.012978 0.000952 0.002577
v -0.012216 0.000942 0.005056
v -0.011005 0.000953 0.007348
v -0.007356 0.000955 0.011002
v -0.005068 0.000956 0.012226
v -0.002586 0.000955 0.012979
v -0.000005 0.000946 0.013226
v 0.002578 0.000955 0.012980
v 0.005059 0.000952 0.012226
v 0.007345 0.000948 0.011001
v 0.010996 0.000948 0.007353
v 0.012219 0.000949 0.005067
v 0.012975 0.000951 0.002586
v 0.013226 0.000948 0.000000
v 0.009362 0.000985 -0.009356
v -0.009353 0.000980 -0.009360
v -0.009361 0.000983 0.009354
v 0.012231 0.002620 -0.005068
v 0.009363 0.002621 0.009360
v 0.012970 0.002840 -0.002579
v -0.002584 0.002623 -0.012984
v -0.011008 0.002623 -0.007354
v -0.012231 0.002620 0.005068
v 0.013228 0.002807 -0.000000
v -0.009487 0.002882 -0.009204
v 0.000002 0.002621 0.013239
v 0.013227 0.002826 0.000000
v -0.005068 0.002621 -0.012230
v -0.009360 0.002622 0.009363
v 0.007355 0.002624 0.011007
v 0.010830 0.002883 0.007581
v 0.012232 0.002621 0.005064
v 0.012898 0.002883 0.002886
v 0.011175 0.002883 -0.007051
v 0.009359 0.002623 -0.009363
v 0.007626 0.002883 -0.010790
v -0.012983 0.002625 0.002584
v 0.005297 0.002884 0.012100
v 0.005059 0.002846 -0.012202
v -0.012231 0.002623 -0.005063
v -0.011192 0.002884 0.007014
v -0.000331 0.002887 -0.013192
v -0.006967 0.002886 -0.011214
v -0.013192 0.002887 0.000331
v -0.012830 0.002888 -0.003067
v -0.002587 0.002854 0.012936
v 0.002077 0.002888 0.013027
v -0.007812 0.002893 0.010608
v 0.002626 0.002878 -0.012868
v -0.005087 0.002878 0.012108
v 0.011573 0.003224 -0.000001
v 0.010000 0.003262 -0.005399
v 0.008048 0.003261 -0.007953
v 0.005320 0.003262 -0.010042
v 0.002276 0.003260 -0.011084
v -0.001161 0.003262 -0.011305
v -0.005399 0.003262 -0.010000
v -0.007953 0.003261 -0.008048
v -0.010042 0.003262 -0.005320
v -0.011084 0.003260 -0.002276
v -0.011305 0.003262 0.001161
v -0.010000 0.003262 0.005399
v -0.008048 0.003261 0.007953
v -0.005320 0.003262 0.010042
v -0.002276 0.003260 0.011084
v 0.001161 0.003262 0.011305
v 0.005399 0.003262 0.010000
v 0.007953 0.003261 0.008048
v 0.010042 0.003262 0.005320
v 0.011411 0.003277 0.000003
v 0.011150 0.003607 -0.000001
v 0.010760 0.003658 -0.003256
v 0.009290 0.003659 -0.006237
v 0.007139 0.003657 -0.008684
v 0.003273 0.003658 -0.010754
v -0.000025 0.003660 -0.011190
v -0.003256 0.003658 -0.010760
v -0.006237 0.003659 -0.009290
v -0.008684 0.003657 -0.007139
v -0.010754 0.003658 -0.003273
v -0.011190 0.003660 0.000025
v -0.010760 0.003658 0.003256
v -0.009290 0.003659 0.006237
v -0.007139 0.003657 0.008684
v -0.003273 0.003658 0.010754
v 0.000025 0.003660 0.011190
v 0.003256 0.003658 0.010760
v 0.006237 0.003659 0.009290
v 0.008684 0.003657 0.007139
v 0.010754 0.003658 0.003273
v 0.011183 0.003646 0.000000
v 0.013285 0.005312 0.000000
v 0.012985 0.005252 -0.002650
v 0.011110 0.004612 -0.005975
v 0.007977 0.004612 -0.009771
v 0.003633 0.004612 -0.012080
v -0.001267 0.004611 -0.012549
v -0.005975 0.004612 -0.011110
v -0.009771 0.004612 -0.007977
v -0.012080 0.004612 -0.003633
v -0.012549 0.004611 0.001267
v -0.011110 0.004612 0.005975
v -0.007977 0.004612 0.009771
v -0.003633 0.004612 0.012080
v 0.001267 0.004611 0.012549
v 0.005975 0.004612 0.011110
v 0.009771 0.004612 0.007977
v 0.012080 0.004612 0.003633
v 0.013246 0.005253 -0.000001
v 0.012360 0.005794 -0.005133
v 0.011120 0.005793 -0.007447
v 0.009454 0.005791 -0.009473
v 0.007425 0.005793 -0.011134
v 0.005110 0.005795 -0.012370
v 0.002598 0.005794 -0.013129
v -0.000013 0.005793 -0.013384
v -0.002624 0.005793 -0.013124
v -0.005133 0.005794 -0.012360
v -0.007447 0.005793 -0.011120
v -0.009473 0.005791 -0.009454
v -0.011134 0.005793 -0.007425
v -0.012370 0.005795 -0.005110
v -0.013129 0.005794 -0.002598
v -0.013384 0.005793 0.000013
v -0.013124 0.005793 0.002624
v -0.012360 0.005794 0.005133
v -0.011120 0.005793 0.007447
v -0.009454 0.005791 0.009473
v -0.007425 0.005793 0.011134
v -0.005110 0.005795 0.012370
v -0.002598 0.005794 0.013129
v 0.000013 0.005793 0.013384
v 0.002624 0.005793 0.013124
v 0.005133 0.005794 0.012360
v 0.007447 0.005793 0.011120
v 0.009473 0.005791 0.009454
v 0.011134 0.005793 0.007425
v 0.012370 0.005795 0.005110
v 0.013129 0.005794 0.002598
v 0.013009 0.008116 0.000000
v 0.012669 0.007715 -0.003817
v 0.010828 0.008197 -0.007165
v 0.008411 0.007714 -0.010216
v 0.003864 0.007714 -0.012655
v 0.000061 0.008200 -0.012982
v -0.003817 0.007715 -0.012669
v -0.007165 0.008197 -0.010828
v -0.010216 0.007714 -0.008411
v -0.012655 0.007714 -0.003864
v -0.012982 0.008200 -0.000061
v -0.012669 0.007715 0.003817
v -0.010828 0.008197 0.007165
v -0.008411 0.007714 0.010216
v -0.003864 0.007714 0.012655
v -0.000061 0.008200 0.012982
v 0.003817 0.007715 0.012669
v 0.007165 0.008197 0.010828
v 0.010216 0.007714 0.008411
v 0.012655 0.007714 0.003864
v 0.013025 0.008138 0.000000
v 0.011446 0.009318 -0.003454
v 0.007595 0.009323 -0.009226
v 0.003492 0.009320 -0.011433
v -0.003454 0.009318 -0.011446
v -0.009226 0.009323 -0.007595
v -0.011433 0.009320 -0.003492
v -0.011446 0.009318 0.003454
v -0.007595 0.009323 0.009226
v -0.003492 0.009320 0.011433
v 0.003454 0.009318 0.011446
v 0.009226 0.009323 0.007595
v 0.011433 0.009320 0.003492
v 0.008987 0.012144 -0.000000
v 0.009071 0.011646 -0.002761
v 0.007325 0.011645 -0.006023
v 0.005263 0.011629 -0.007849
v 0.002746 0.011646 -0.009076
v -0.000599 0.012209 -0.008985
v -0.002761 0.011646 -0.009071
v -0.006023 0.011645 -0.007325
v -0.007849 0.011629 -0.005263
v -0.009076 0.011646 -0.002746
v -0.008985 0.012209 0.000599
v -0.009071 0.011646 0.002761
v -0.007325 0.011645 0.006023
v -0.005263 0.011629 0.007849
v -0.002746 0.011646 0.009076
v 0.000599 0.012209 0.008985
v 0.002761 0.011646 0.009071
v 0.006023 0.011645 0.007325
v 0.007849 0.011629 0.005263
v 0.009076 0.011646 0.002746
v 0.008888 0.012312 -0.000000
v 0.008652 0.013002 -0.001703
v 0.007812 0.013013 -0.004175
v 0.005621 0.013011 -0.006846
v 0.002570 0.013013 -0.008477
v -0.004175 0.013013 -0.007812
v -0.006846 0.013011 -0.005621
v -0.008477 0.013013 -0.002570
v -0.007812 0.013013 0.004175
v -0.005621 0.013011 0.006846
v -0.002570 0.013013 0.008477
v 0.004175 0.013013 0.007812
v 0.006846 0.013011 0.005621
v 0.008477 0.013013 0.002570
v 0.008644 0.015179 -0.000000
v 0.008466 0.015116 -0.001825
v 0.007697 0.014997 -0.004127
v 0.005562 0.014866 -0.006767
v 0.003336 0.015026 -0.008020
v 0.001768 0.015181 -0.008454
v 0.000012 0.015026 -0.008686
v -0.001613 0.015191 -0.008481
v -0.004086 0.015059 -0.007701
v -0.006767 0.014866 -0.005562
v -0.008020 0.015026 -0.003336
v -0.008454 0.015181 -0.001768
v -0.008686 0.015026 -0.000012
v -0.008481 0.015191 0.001613
v -0.007701 0.015059 0.004086
v -0.005562 0.014866 0.006767
v -0.003336 0.015026 0.008020
v -0.001768 0.015181 0.008454
v -0.000012 0.015026 0.008686
v 0.001613 0.015191 0.008481
v 0.004086 0.015059 0.007701
v 0.006767 0.014866 0.005562
v 0.008020 0.015026 0.003336
v 0.008454 0.015181 0.001768
v 0.008596 0.015191 0.000001
v 0.005551 0.015236 -0.006296
v -0.006296 0.015236 -0.005551
v -0.005551 0.015236 0.006296
v 0.006296 0.015236 0.005551
v 0.007314 0.015356 0.000001
v 0.007083 0.015308 -0.002131
v 0.004720 0.015250 -0.006093
v 0.000741 0.015309 -0.007359
v -0.004058 0.015302 -0.006291
v -0.007435 0.015250 -0.002027
v -0.006291 0.015302 0.004058
v -0.003501 0.015309 0.006515
v 0.001341 0.015302 0.007365
v 0.004999 0.015311 0.005485
v 0.007520 0.015307 0.000005
v 0.005558 0.015588 -0.004566
v 0.003253 0.015997 -0.006045
v -0.002092 0.015588 -0.006882
v -0.006045 0.015997 -0.003253
v -0.006830 0.015997 -0.000691
v -0.006882 0.015588 0.002092
v -0.000691 0.015997 0.006830
v 0.006045 0.015997 0.003252
v 0.006137 0.017509 0.000000
v 0.005453 0.019571 -0.000006
v 0.004793 0.019498 -0.002559
v 0.003476 0.019696 -0.004096
v 0.000589 0.017906 -0.006037
v -0.000558 0.019692 -0.005346
v -0.002559 0.019498 -0.004793
v -0.004096 0.019696 -0.003476
v -0.005346 0.019692 0.000558
v -0.004793 0.019498 0.002559
v -0.003476 0.019696 0.004096
v -0.002054 0.019564 0.005035
v 0.000558 0.019692 0.005346
v 0.002559 0.019498 0.004793
v 0.004096 0.019696 0.003476
v 0.005153 0.019688 0.001529
v 0.001262 0.023769 -0.004156
v -0.004156 0.023769 -0.001262
v 0.003984 0.025972 0.000000
v 0.003758 0.028959 -0.000000
v 0.003919 0.025935 -0.001191
v 0.002912 0.025976 -0.002919
v -0.000807 0.025977 -0.004043
v -0.002919 0.025976 -0.002912
v -0.004043 0.025977 0.000807
v -0.002912 0.025976 0.002919
v -0.001184 0.025937 0.003920
v 0.000807 0.025977 0.004043
v 0.002919 0.025976 0.002912
v 0.003754 0.027295 0.001136
v 0.003634 0.031054 -0.001507
v 0.001873 0.031034 -0.003507
v -0.000702 0.032886 -0.003969
v -0.001798 0.032213 -0.003533
v -0.003507 0.031034 -0.001873
v -0.003969 0.032886 0.000702
v -0.003533 0.032213 0.001798
v -0.001873 0.031034 0.003507
v 0.000702 0.032886 0.003969
v 0.001798 0.032213 0.003533
v 0.003022 0.031075 0.002472
v 0.003897 0.033776 0.001530
v 0.004123 0.033637 0.000000
v 0.005066 0.037814 -0.000002
v 0.003931 0.034804 -0.002087
v 0.001303 0.034804 -0.004255
v -0.004255 0.034804 -0.001303
v -0.001303 0.034804 0.004255
v 0.003856 0.037816 -0.003631
v -0.000877 0.037816 -0.005224
v -0.004224 0.037816 -0.002978
v -0.005224 0.037816 0.000877
v -0.002978 0.037816 0.004224
v 0.000877 0.037816 0.005224
v 0.004537 0.037816 0.002591
v 0.005107 0.037816 -0.000000
v 0.007791 0.037829 -0.000000
v -0.007193 0.037823 -0.003123
v -0.007291 0.037822 0.002883
v 0.000805 0.037825 0.007875
v 0.006034 0.037836 0.005113
v 0.005502 0.037821 -0.005590
v -0.002884 0.037821 -0.007290
v 0.007582 0.037829 0.002194
v -0.003120 0.037823 0.007194
v 0.007879 0.037851 0.000000
v 0.007488 0.038019 -0.003103
v -0.000002 0.038020 -0.008106
v -0.005732 0.038019 -0.005730
v -0.008106 0.038020 0.000002
v -0.005730 0.038019 0.005732
v -0.001134 0.037965 0.007896
v 0.003824 0.038020 0.007084
v 0.003709 0.038025 -0.007150
v 0.008327 0.038793 0.000000
v 0.008167 0.039073 -0.001620
v 0.007380 0.039072 -0.003940
v 0.005312 0.039072 -0.006463
v 0.002434 0.039074 -0.008004
v -0.000815 0.039073 -0.008326
v -0.003940 0.039072 -0.007380
v -0.006463 0.039072 -0.005312
v -0.008004 0.039074 -0.002434
v -0.008326 0.039073 0.000815
v -0.007380 0.039072 0.003940
v -0.005312 0.039072 0.006463
v -0.002434 0.039074 0.008004
v 0.000815 0.039073 0.008326
v 0.003940 0.039072 0.007380
v 0.006463 0.039072 0.005312
v 0.008004 0.039074 0.002434
v 0.008327 0.039038 -0.000000
v 0.007934 0.039909 -0.000000
v 0.007303 0.040008 -0.002927
v 0.005264 0.039919 -0.005913
v 0.002568 0.040012 -0.007371
v -0.000646 0.040007 -0.007776
v -0.004091 0.040011 -0.006677
v -0.006169 0.039792 -0.005129
v -0.007616 0.040009 -0.001828
v -0.007990 0.039791 0.000737
v -0.006677 0.040012 0.004089
v -0.005129 0.039792 0.006169
v -0.001829 0.040010 0.007615
v 0.000737 0.039791 0.007990
v 0.003572 0.040007 0.006936
v 0.006331 0.040012 0.004606
v 0.007662 0.039792 0.002378
v 0.007788 0.040005 0.000000
v 0.006402 0.040015 -0.000000
v -0.002450 0.040015 -0.005915
v -0.006398 0.040015 0.000666
v 0.001875 0.040015 0.006153
v 0.004969 0.040015 -0.004085
v -0.000680 0.040015 -0.006396
v -0.005915 0.040015 0.002450
v -0.000641 0.040015 0.006400
v 0.006142 0.040015 0.001910
v 0.006125 0.040015 -0.001960
v 0.003557 0.040015 -0.005323
v 0.001864 0.040015 -0.006157
v -0.004072 0.040015 -0.004979
v -0.005323 0.040015 -0.003557
v -0.006174 0.040015 -0.001803
v -0.004988 0.040015 0.004062
v -0.003041 0.040015 0.005668
v 0.004073 0.040015 0.004979
v 0.005323 0.040015 0.003557
v 0.006402 0.040015 -0.000000
v 0.006095 0.041573 -0.002175
v -0.000544 0.041573 -0.006408
v -0.006107 0.041573 -0.002006
v 0.006402 0.041573 -0.000000
v -0.004690 0.041573 -0.004373
v -0.001352 0.041573 0.006355
v 0.001854 0.041573 0.006159
v 0.006402 0.041573 -0.000000
v -0.003012 0.041573 -0.005684
v -0.006384 0.041573 0.001442
v -0.004098 0.041573 0.004958
v 0.004109 0.041573 -0.004949
v 0.001903 0.041573 -0.006144
v 0.004123 0.041573 0.004937
v 0.006095 0.041573 0.002206
v -0.003582 0.041573 -0.002896
v -0.001745 0.041573 0.004298
v -0.002191 0.041573 -0.004052
v -0.004415 0.041573 -0.001315
v 0.001755 0.041573 0.004236
v 0.004585 0.041573 -0.000000
v 0.001348 0.041573 -0.004405
v -0.003241 0.041573 0.003243
v 0.000476 0.041573 0.004582
v 0.003813 0.041573 0.002547
v -0.004052 0.041573 0.002191
v 0.002938 0.041573 0.003548
v 0.004415 0.041573 0.001315
v 0.004585 0.041573 0.000000
v 0.004280 0.041573 -0.001803
v 0.002918 0.041573 -0.003565
v -0.004582 0.041573 0.000476
v -0.000476 0.041573 -0.004582
v 0.004633 0.044998 -0.000000
v -0.000428 0.045043 -0.004633
v -0.004444 0.045043 -0.001377
v -0.004607 0.045043 0.000880
v -0.002708 0.044957 0.003787
v 0.000752 0.045042 0.004618
v 0.004444 0.045043 0.001377
v 0.004652 0.044912 -0.000001
v 0.004454 0.045043 -0.001343
v -0.002165 0.045043 -0.004117
v 0.003214 0.045042 0.003404
v 0.003603 0.045043 -0.002944
v 0.001780 0.045043 -0.004340
v -0.003659 0.044967 -0.002912
v -0.003602 0.045043 0.002944
v -0.001335 0.045043 0.004457
v 0.004706 0.045127 -0.002177
v 0.002443 0.045181 -0.004698
v -0.000014 0.045169 -0.005269
v -0.002177 0.045127 -0.004706
v -0.005269 0.045169 0.000014
v -0.004706 0.045127 0.002177
v 0.000014 0.045169 0.005269
v 0.002551 0.045181 0.004640
v 0.004065 0.045159 0.003276
v 0.005009 0.045159 0.001468
v 0.005396 0.045389 -0.000004
v -0.004802 0.045334 -0.002333
v -0.002333 0.045334 0.004802
v 0.003811 0.045525 -0.003814
v -0.003814 0.045525 -0.003811
v -0.003811 0.045525 0.003814
v 0.005318 0.045629 0.000000
v 0.004754 0.045732 -0.002200
v -0.001781 0.045720 -0.004974
v -0.004974 0.045720 0.001781
v 0.001781 0.045720 0.004974
v 0.004101 0.045601 0.003388
v 0.005085 0.045601 0.001562
v 0.004839 0.045967 -0.000003
v 0.000867 0.045718 -0.005216
v -0.005216 0.045718 -0.000867
v -0.000867 0.045718 0.005216
v 0.002668 0.045900 -0.003942
v -0.000969 0.045908 -0.004646
v -0.004646 0.045908 0.000969
v 0.000969 0.045908 0.004645
v 0.004245 0.045916 0.002096
v 0.004148 0.045873 -0.002221
v 0.000538 0.045879 -0.004670
v -0.002963 0.045919 -0.003713
v -0.004150 0.045873 -0.002217
v -0.004670 0.045879 -0.000538
v -0.003713 0.045919 0.002963
v -0.002217 0.045873 0.004150
v -0.000538 0.045879 0.004670
v 0.002963 0.045919 0.003713
v 0.004740 0.045875 0.000004
v 0.007181 0.051322 0.000000
v 0.005841 0.049075 -0.002435
v 0.004038 0.049295 -0.004932
v 0.001992 0.051025 -0.006835
v -0.000683 0.050201 -0.006743
v -0.003009 0.049291 -0.005618
v -0.004932 0.049295 -0.004039
v -0.006847 0.051039 -0.001980
v -0.007139 0.051188 0.000713
v -0.006597 0.051204 0.002744
v -0.005541 0.051194 0.004559
v -0.003389 0.051138 0.006301
v -0.000744 0.050282 0.006770
v 0.002116 0.051179 0.006849
v 0.004559 0.051194 0.005541
v 0.005849 0.049072 0.002412
v 0.007051 0.052226 -0.002143
v 0.005697 0.052233 -0.004677
v 0.003472 0.052227 -0.006501
v -0.000237 0.052036 -0.007247
v -0.003062 0.053149 -0.006885
v -0.004677 0.052233 -0.005697
v -0.006501 0.052227 -0.003472
v 0.006501 0.052227 0.003472
v 0.007262 0.051433 0.000004
v 0.007573 0.055764 -0.000009
v 0.006652 0.055636 -0.003538
v 0.004462 0.055374 -0.006151
v -0.004883 0.055470 -0.005758
v -0.006640 0.055636 -0.003559
v -0.007497 0.055416 -0.000935
v -0.007435 0.055836 0.000940
v -0.006652 0.055636 0.003538
v -0.004793 0.055639 0.005812
v -0.002454 0.055594 0.007123
v 0.004722 0.055700 0.005866
v 0.006640 0.055636 0.003559
v 0.007609 0.055514 0.000009
v -0.000340 0.055804 -0.007509
v -0.003318 0.057418 -0.006260
v -0.000355 0.055760 0.007496
v 0.005898 0.059610 -0.000000
v 0.005936 0.058397 -0.003128
v -0.005122 0.058289 -0.004229
v -0.006540 0.058330 -0.001326
v -0.006175 0.058330 0.002531
v -0.004229 0.058289 0.005122
v -0.001332 0.059313 0.006006
v 0.005909 0.058391 0.003185
v 0.006075 0.059392 0.000003
v -0.001932 0.060694 -0.004603
v -0.004769 0.060246 -0.002592
v -0.005204 0.060247 0.001539
v -0.003514 0.060693 0.003546
v 0.004320 0.061204 -0.000002
v 0.000365 0.062851 -0.002528
v -0.002007 0.062937 -0.001517
v -0.002353 0.062934 0.000755
v -0.001047 0.062766 0.002440
v 0.000634 0.062823 0.002522
v 0.004334 0.061218 0.000004
v 0.002689 0.062695 -0.000001
v 0.000906 0.064018 -0.000003
v 0.000890 0.063760 -0.000632
v -0.000530 0.063717 -0.000944
v -0.000944 0.063717 0.000530
v 0.000425 0.063714 0.000973
v 0.002584 0.062461 0.001717
v 0.001020 0.063717 0.000002
v 0.000272 0.064257 -0.001051
v -0.000945 0.064263 -0.000461
v -0.000919 0.064258 0.000443
v 0.000048 0.064254 0.001081
v 0.001155 0.064265 0.000011
v 0.001604 0.065387 -0.000001
v 0.001286 0.064730 -0.000671
v 0.000428 0.064827 -0.001425
v -0.000671 0.064730 -0.001286
v -0.001508 0.065035 -0.000455
v -0.001286 0.064729 0.000671
v -0.000428 0.064827 0.001425
v 0.000671 0.064730 0.001286
v 0.001592 0.065131 0.000003
v 0.001140 0.065555 0.001017
v 0.001252 0.065562 -0.000859
v 0.000267 0.065646 -0.001428
v -0.000782 0.065439 -0.001312
v -0.001313 0.065439 0.000781
v -0.000184 0.065526 0.001533
v 0.001424 0.065697 0.000001
v -0.000263 0.066073 -0.001106
v -0.001179 0.066093 -0.000130
v 0.000188 0.066068 0.001129
v 0.000687 0.066140 -0.000774
v -0.000515 0.066297 0.000651
v 0.000685 0.066328 -0.000000
v 0.000641 0.066397 0.000003
v -0.000000 0.066487 -0.000000
v -0.000776 0.052190 -0.007189
v 0.002677 0.062689 0.000000
v 0.002576 0.062450 -0.001745
v 0.000096 0.052096 -0.007251
v 0.000102 0.052042 0.007239
v -0.001251 0.052497 0.007215
v -0.001461 0.052947 0.007277
v -0.001480 0.052947 -0.007278
v 0.000500 0.052410 -0.007274
v 0.000127 0.052070 0.007221
v 0.000099 0.052103 -0.007240
v 0.000173 0.052129 -0.007236
v 0.000450 0.052342 -0.007265
v -0.001458 0.052847 -0.007327
v -0.001138 0.052422 -0.007207
v -0.001450 0.052875 0.007296
v -0.001200 0.052465 0.007197
v -0.000234 0.052043 0.007218
v 0.000173 0.052129 0.007238
v 0.000451 0.052340 0.007274
v -0.001472 0.053153 0.007313
v 0.000704 0.052899 0.007359
v 0.001463 0.054636 0.007394
v 0.002245 0.056430 0.006910
v 0.002956 0.058057 0.006018
v 0.003391 0.059054 0.005076
v 0.003849 0.060103 0.003809
v 0.004074 0.060618 0.002722
v 0.004272 0.061073 0.001281
v 0.004322 0.061188 -0.000426
v 0.004163 0.060824 -0.002209
v 0.003849 0.060103 -0.003809
v 0.003391 0.059055 -0.005076
v 0.002956 0.058057 -0.006019
v 0.002245 0.056430 -0.006910
v 0.001463 0.054636 -0.007394
v -0.001472 0.053154 -0.007311
v -0.000049 0.056451 0.007290
v -0.000845 0.054628 0.007455
v 0.000823 0.058447 0.006457
v 0.001615 0.060263 0.005015
v 0.002327 0.061895 0.002771
v 0.002617 0.062559 0.001072
v 0.002662 0.062663 -0.000262
v 0.002577 0.062467 -0.001374
v 0.002330 0.061894 -0.002771
v 0.001616 0.060263 -0.005015
v 0.000820 0.058449 -0.006457
v -0.000049 0.056452 -0.007290
v -0.000845 0.054628 -0.007455
vn 0.3453 0.7445 0.5714
vn -0.0731 0.7779 0.6241
vn 0.5483 0.4887 -0.6787
vn 0.1191 0.8327 0.5408
vn 0.9102 0.3012 -0.2844
vn 0.2859 0.8945 0.3436
vn 0.9836 -0.1749 -0.0451
vn 0.5376 0.8344 0.1218
vn 0.7872 -0.6162 0.0231
vn 0.7872 0.6162 -0.0231
vn 0.5376 -0.8344 -0.1218
vn 0.9836 0.1749 0.0451
vn 0.2859 -0.8945 -0.3436
vn 0.9102 -0.3012 0.2844
vn 0.1094 -0.8341 -0.5407
vn 0.4967 -0.6688 0.5532
vn -0.0143 -0.7771 -0.6292
vn -0.1425 -0.7695 0.6225
vn -0.1256 -0.8008 -0.5856
vn -0.7147 -0.5577 0.4221
vn -0.2662 -0.8684 -0.4183
vn -0.9840 -0.1298 0.1220
vn -0.4699 -0.8636 -0.1828
vn -0.9410 0.3349 -0.0478
vn -0.7565 -0.6537 -0.0216
vn -0.7565 0.6537 0.0216
vn -0.9410 -0.3349 0.0478
vn -0.4699 0.8636 0.1828
vn -0.9840 0.1298 -0.1220
vn -0.2662 0.8684 0.4183
vn -0.7046 0.5726 -0.4191
vn -0.0666 0.6961 0.7148
vn 0.1305 0.8149 -0.5647
vn -0.0653 0.7778 -0.6251
vn -0.0000 -0.0000 1.0000
vn 0.0001 -0.0000 1.0000
vn -0.0001 -0.0000 1.0000
vn -0.0000 -0.0000 -1.0000
vn 0.0001 -0.0000 -1.0000
vn -0.0001 -0.0000 -1.0000
vn -0.0193 0.9402 0.3400
vn -0.9504 -0.1342 -0.2806
vn 0.9965 -0.0751 -0.0366
vn -0.0130 0.0061 0.9999
vn 0.5341 0.8225 0.1953
vn -0.0127 0.0004 0.9999
vn -0.0128 -0.0025 0.9999
vn -0.0119 -0.0050 0.9999
vn -0.0121 -0.0050 0.9999
vn -0.0108 -0.0084 0.9999
vn -0.0108 -0.0107 0.9999
vn 0.1092 0.9925 -0.0544
vn -0.0091 -0.0069 0.9999
vn -0.0071 -0.0092 0.9999
vn -0.0071 -0.0108 0.9999
vn -0.0050 -0.0119 0.9999
vn -0.0050 -0.0142 0.9999
vn 0.0639 -0.7126 -0.6986
vn -0.0026 -0.0151 0.9999
vn 0.7008 -0.4434 0.5589
vn -0.0000 -0.0152 0.9999
vn 0.0026 -0.0114 0.9999
vn 0.0025 -0.0119 0.9999
vn 0.0070 0.9999 0.0116
vn 0.0050 -0.0118 0.9999
vn 0.0056 -0.9469 -0.3216
vn 0.0072 -0.0155 0.9999
vn 0.0091 -0.0091 0.9999
vn 0.0091 -0.0058 0.9999
vn 0.4908 -0.1281 -0.8618
vn 0.0107 -0.0115 0.9999
vn 0.0120 -0.0014 0.9999
vn 0.0121 0.0059 0.9999
vn -0.2797 -0.8611 0.4246
vn 0.0125 -0.0145 0.9998
vn 0.0129 -0.0043 0.9999
vn 0.0129 -0.0000 0.9999
vn 0.0127 0.0043 0.9999
vn 0.0127 0.0025 0.9999
vn 0.0120 0.0083 0.9999
vn 0.0121 0.0103 0.9999
vn -0.0811 0.0124 0.9966
vn 0.0108 0.0031 0.9999
vn 0.0092 0.0105 0.9999
vn 0.0092 0.0092 0.9999
vn 0.0072 0.0158 0.9998
vn 0.0072 0.0173 0.9998
vn 0.0571 0.0087 0.9983
vn 0.0048 0.0116 0.9999
vn -0.1325 -0.9155 0.3798
vn 0.0026 0.0127 0.9999
vn 0.0001 0.0111 0.9999
vn -0.0000 0.0130 0.9999
vn -0.3308 0.0089 0.9437
vn -0.0025 0.0165 0.9999
vn -0.0049 0.0123 0.9999
vn -0.0050 0.0096 0.9999
vn -0.1676 0.0096 0.9858
vn -0.0073 0.0152 0.9999
vn -0.0092 0.0122 0.9999
vn -0.0092 0.0092 0.9999
vn -0.0108 0.0063 0.9999
vn -0.0107 0.0031 0.9999
vn 0.4004 0.4835 -0.7784
vn -0.0121 0.0097 0.9999
vn -0.0127 0.0010 0.9999
vn -0.4245 0.8718 -0.2445
vn 0.9951 0.0101 0.0983
vn -0.2681 0.9033 0.3349
vn -0.9195 0.0825 0.3843
vn -0.1293 0.9593 -0.2510
vn -0.6067 0.4672 -0.6432
vn -0.5904 0.1502 -0.7931
vn 0.1495 -0.8401 0.5215
vn -0.1792 -0.0343 -0.9832
vn -0.2336 0.8478 -0.4760
vn 0.0746 0.2583 0.9632
vn -0.2855 0.9163 -0.2809
vn -0.4526 -0.5066 -0.7339
vn -0.6518 0.7558 -0.0627
vn -0.9982 -0.0424 -0.0430
vn -0.2704 0.9626 -0.0192
vn -0.3873 0.8601 -0.3320
vn -0.4738 0.3148 0.8224
vn -0.3849 -0.6800 0.6240
vn -0.3631 -0.6847 0.6320
vn -0.9132 0.1795 0.3658
vn 0.3283 0.3273 0.8860
vn 0.4186 -0.6059 0.6765
vn 0.0032 0.2066 0.9784
vn 0.7795 -0.2374 0.5797
vn 0.9212 0.0378 0.3873
vn 0.4713 0.8819 -0.0050
vn 0.4611 0.8088 -0.3650
vn 0.4831 0.8059 0.3423
vn 0.4848 0.8153 0.3166
vn -0.1616 -0.3788 -0.9113
vn 0.3470 0.6199 -0.7038
vn -0.8809 0.3768 -0.2865
vn -0.3283 0.9019 0.2806
vn -0.7356 0.6411 0.2189
vn -0.2560 0.4069 -0.8769
vn -0.8755 0.3843 0.2931
vn -0.9503 0.1943 0.2433
vn -0.7991 0.3647 0.4779
vn -0.4671 0.6432 -0.6068
vn -0.8408 0.3002 0.4504
vn -0.8728 0.3944 -0.2874
vn 0.4066 -0.5021 0.7632
vn -0.2903 0.7925 -0.5364
vn -0.9983 0.0089 -0.0569
vn -0.7595 -0.6053 0.2380
vn -0.9995 0.0204 -0.0252
vn -0.9201 -0.3031 0.2482
vn 0.0755 -0.8258 0.5588
vn 0.6935 -0.1294 -0.7087
vn -0.7249 -0.4728 -0.5009
vn -0.3330 -0.8970 0.2908
vn -0.9896 -0.0016 -0.1438
vn -0.5311 -0.8368 0.1325
vn -0.2671 -0.5936 0.7591
vn 0.0009 0.2158 -0.9764
vn -0.8252 -0.4480 0.3440
vn -0.8130 -0.5759 -0.0859
vn -0.9958 -0.0601 0.0686
vn -0.7451 -0.2842 0.6033
vn -0.9037 0.2868 0.3179
vn -0.8211 -0.4943 -0.2853
vn -0.7749 -0.6297 -0.0546
vn 0.7668 -0.3153 -0.5591
vn -0.4414 -0.5907 -0.6755
vn -0.1717 -0.6444 0.7451
vn 0.3915 -0.7750 0.4961
vn -0.2523 -0.6666 -0.7014
vn -0.8989 -0.4356 0.0471
vn 0.3242 0.6097 -0.7233
vn 0.2708 -0.9228 -0.2739
vn 0.5713 -0.0466 0.8194
vn -0.8771 -0.1649 -0.4511
vn -0.9045 -0.4136 0.1042
vn 0.3793 -0.6546 -0.6540
vn -0.9774 -0.0289 0.2094
vn 0.9680 -0.2448 -0.0544
vn 0.2995 -0.6599 -0.6890
vn 0.4364 -0.4823 0.7595
vn 0.7302 -0.2007 0.6531
vn 0.1881 -0.9286 0.3198
vn 0.9981 0.0613 0.0055
vn 0.8460 0.4263 0.3204
vn 0.6635 -0.4013 0.6314
vn -0.0605 0.3664 0.9285
vn 0.4202 0.1199 0.8995
vn 0.9932 0.1106 0.0368
vn 0.7077 -0.0208 -0.7062
vn 0.9891 0.1456 0.0203
vn 0.6039 0.4748 -0.6402
vn 0.4542 -0.5393 -0.7091
vn 0.4301 0.6911 -0.5809
vn 0.3775 0.5934 -0.7109
vn -0.1535 -0.3908 -0.9076
vn -0.1120 0.3926 -0.9129
vn -0.6907 0.2038 -0.6939
vn 0.2734 -0.7033 0.6562
vn -0.1121 0.6715 0.7325
vn -0.4908 0.5233 -0.6966
vn -0.8416 -0.0127 -0.5399
vn -0.8014 0.2550 -0.5411
vn 0.9193 0.3803 0.1013
vn -0.8459 -0.5326 0.0273
vn 0.2665 0.5625 0.7826
vn -0.0063 -0.8017 0.5977
vn 0.5599 -0.6808 0.4722
vn 0.3370 0.8276 -0.4489
vn 0.6908 0.1420 -0.7089
vn 0.2010 0.2417 -0.9493
vn -0.4913 0.5207 -0.6982
vn -0.6120 -0.0592 -0.7886
vn 0.9153 0.1547 0.3719
vn -0.9809 -0.1941 0.0130
vn -0.1919 0.5314 -0.8251
vn -0.8558 -0.2400 0.4582
vn -0.8642 0.0150 0.5030
vn -0.3678 0.6709 0.6439
vn -0.5382 -0.7494 -0.3856
vn -0.7288 0.6840 -0.0303
vn -0.9563 -0.2807 -0.0818
vn -0.8495 -0.3507 0.3941
vn -0.6822 -0.4774 0.5538
vn -0.2853 0.5451 0.7884
vn -0.1940 -0.6039 0.7731
vn -0.1008 -0.4551 0.8847
vn 0.2889 -0.3077 0.9065
vn 0.5195 -0.0638 0.8521
vn 0.5458 0.2433 0.8018
vn 0.3165 0.6572 0.6840
vn 0.2109 0.7582 0.6170
vn 0.1921 0.8283 -0.5264
vn -0.3307 0.7345 0.5926
vn -0.7316 0.4206 0.5365
vn -0.7629 0.2754 0.5849
vn 0.3134 0.9490 -0.0339
vn -0.8167 0.1152 0.5654
vn -0.7654 0.6416 -0.0501
vn -0.9749 -0.1980 -0.1020
vn -0.7505 -0.6381 0.1719
vn -0.9215 -0.3881 -0.0107
vn -0.5151 -0.8205 0.2479
vn -0.7547 -0.6237 0.2037
vn -0.1879 -0.9178 0.3497
vn -0.4206 -0.8036 0.4212
vn 0.2165 -0.8767 0.4295
vn 0.0959 -0.7716 0.6289
vn 0.5312 -0.7206 0.4456
vn 0.5983 -0.5341 0.5973
vn 0.8066 -0.4486 0.3849
vn 0.9354 -0.1714 0.3094
vn 0.8384 0.5057 0.2033
vn 0.7940 0.5895 0.1485
vn 0.8131 0.5435 0.2086
vn 0.5160 0.8473 -0.1256
vn 0.5982 0.7775 0.1940
vn 0.0215 0.9906 -0.1353
vn 0.2423 0.9622 0.1244
vn -0.4305 0.9026 -0.0007
vn -0.1837 0.9785 0.0935
vn -0.7414 0.6452 0.1843
vn -0.5537 0.8137 0.1770
vn -0.8990 0.3556 0.2556
vn -0.7988 0.5498 0.2440
vn -0.9438 0.1498 0.2946
vn -0.9122 0.2867 0.2926
vn -0.7454 0.5260 -0.4094
vn -0.8835 0.0035 -0.4685
vn -0.9404 -0.1543 -0.3031
vn -0.9099 -0.1944 -0.3663
vn -0.7140 -0.6366 -0.2915
vn -0.2862 -0.3679 0.8847
vn -0.4472 -0.8554 -0.2613
vn 0.2675 -0.3587 0.8943
vn 0.1508 -0.9618 -0.2284
vn 0.6745 -0.6875 -0.2689
vn 0.8580 0.1972 0.4743
vn 0.7498 -0.2411 -0.6162
vn 0.8765 0.2164 -0.4301
vn 0.5054 0.3728 -0.7782
vn 0.4956 0.6740 -0.5477
vn 0.2864 -0.3692 -0.8841
vn -0.4466 0.7092 -0.5455
vn -0.2673 -0.3600 -0.8938
vn -0.8016 0.5337 -0.2692
vn -0.8089 0.4964 -0.3152
vn -0.9353 0.2251 -0.2729
vn -0.9025 0.0045 -0.4307
vn -0.9218 0.3203 0.2185
vn -0.9588 0.2839 0.0052
vn -0.2327 -0.6713 0.7037
vn -0.0441 -0.7905 0.6109
vn 0.7475 0.4681 0.4714
vn 0.6983 -0.2347 -0.6763
vn -0.0958 -0.5208 -0.8483
vn -0.5909 -0.0622 -0.8043
vn 0.2331 -0.6843 -0.6909
vn -0.4777 -0.6046 -0.6374
vn -0.9422 0.1101 0.3163
vn -0.6759 0.2259 -0.7015
vn -0.8444 -0.0116 -0.5355
vn -0.9387 0.2872 0.1907
vn -0.7439 -0.2917 -0.6013
vn -0.9353 0.0044 -0.3538
vn -0.5108 -0.8592 -0.0275
vn 0.3188 0.8394 0.4402
vn 0.1028 -0.8295 0.5490
vn 0.2653 -0.7495 -0.6065
vn 0.0500 -0.9283 -0.3684
vn 0.5825 -0.3847 -0.7161
vn 0.8704 -0.0564 -0.4890
vn 0.4209 -0.0449 -0.9060
vn 0.4059 0.4922 -0.7701
vn -0.3612 0.4305 -0.8272
vn 0.0997 0.2506 -0.9630
vn 0.4312 -0.8336 0.3451
vn -0.4043 -0.4417 -0.8009
vn -0.6387 0.6413 -0.4251
vn -0.9492 0.2667 0.1670
vn -0.8236 0.3573 -0.4405
vn -0.5342 -0.7486 -0.3927
vn -0.9677 0.1611 0.1937
vn -0.8984 -0.3498 -0.2655
vn -0.7333 -0.5943 -0.3303
vn -0.3756 -0.8915 -0.2534
vn 0.2180 -0.9727 -0.0800
vn 0.5956 -0.8003 -0.0687
vn 0.6849 -0.1984 0.7011
vn 0.8013 0.4896 -0.3440
vn 0.4283 0.8173 -0.3855
vn 0.2065 0.9424 -0.2632
vn -0.7279 0.6771 -0.1084
vn -0.9062 0.4206 -0.0429
vn -0.9629 0.2581 -0.0789
vn 0.5757 0.5378 -0.6160
vn -0.7689 -0.6365 0.0608
vn -0.7512 -0.5566 -0.3548
vn -0.7363 -0.6293 -0.2488
vn -0.4695 -0.6524 0.5949
vn -0.9478 -0.3034 -0.0977
vn -0.3966 -0.8675 -0.3002
vn -0.8099 -0.5865 -0.0090
vn 0.2061 -0.9633 0.1718
vn 0.5235 -0.8374 -0.1571
vn 0.0830 -0.8726 0.4813
vn 0.6769 0.2903 -0.6764
vn 0.8816 -0.3556 -0.3104
vn -0.6610 0.7500 0.0216
vn 0.7915 -0.3829 -0.4764
vn 0.5572 0.6063 -0.5674
vn 0.3380 -0.3452 -0.8755
vn -0.8285 0.0405 -0.5585
vn -0.3912 0.7385 -0.5492
vn -0.9375 0.1235 -0.3253
vn -0.7293 -0.0413 -0.6829
vn -0.9138 0.3722 -0.1624
vn -0.9918 0.1180 -0.0491
vn 0.9533 0.2115 -0.2157
vn 0.8589 0.2329 -0.4562
vn 0.6164 0.4339 -0.6572
vn 0.8308 -0.5336 -0.1585
vn 0.5339 0.8310 -0.1562
vn 0.2268 -0.5927 -0.7728
vn -0.8136 0.3331 -0.4766
vn 0.1090 -0.6283 -0.7703
vn 0.5296 0.0907 0.8434
vn 0.3484 -0.8331 0.4297
vn -0.0313 -0.1337 -0.9905
vn 0.1392 -0.0215 -0.9900
vn 0.4061 -0.8174 -0.4085
vn 0.0823 -0.8643 -0.4961
vn 0.8742 -0.4720 -0.1141
vn -0.2795 -0.8676 -0.4113
vn 0.9550 -0.0921 -0.2821
vn -0.2803 0.4984 0.8204
vn -0.4950 -0.7103 -0.5005
vn -0.6480 0.6234 0.4376
vn 0.6007 0.2552 0.7577
vn 0.3897 -0.8986 -0.2015
vn 0.7950 -0.0649 -0.6032
vn 0.7626 -0.1777 -0.6220
vn 0.6690 0.6867 -0.2846
vn -0.4545 -0.6216 -0.6381
vn -0.7024 -0.6549 0.2789
vn -0.9119 0.2345 0.3368
vn -0.8834 -0.3504 -0.3111
vn -0.9134 -0.2212 -0.3418
vn -0.7843 -0.4329 -0.4445
vn -0.6890 -0.6203 0.3749
vn 0.0080 -0.7406 0.6719
vn -0.6616 -0.6961 0.2788
vn 0.5930 -0.7749 -0.2186
vn 0.7685 -0.2001 -0.6077
vn 0.7248 0.4448 -0.5261
vn 0.4753 0.7752 -0.4162
vn 0.4479 0.8467 -0.2872
vn -0.2960 -0.1107 -0.9488
vn -0.5914 0.7783 -0.2112
vn -0.8965 0.4424 -0.0248
vn -0.9910 0.0574 0.1213
vn -0.9784 -0.1470 -0.1451
vn -0.4868 -0.8295 -0.2737
vn 0.9085 -0.3905 -0.1488
vn -0.9547 -0.1882 -0.2304
vn -0.9912 -0.1209 -0.0530
vn -0.9596 -0.2687 -0.0829
vn -0.7947 -0.5944 -0.1234
vn 0.2142 -0.2659 0.9399
vn 0.6269 -0.7785 -0.0302
vn 0.8977 0.2350 -0.3728
vn 0.6636 0.7104 -0.2344
vn 0.2601 0.9545 -0.1461
vn -0.0787 -0.8072 -0.5851
vn -0.7510 0.6560 -0.0758
vn -0.9474 0.3163 -0.0488
vn -0.9451 -0.3268 0.0036
vn -0.5345 -0.8369 0.1182
vn 0.8452 0.4846 -0.2255
vn 0.9289 -0.3287 -0.1706
vn 0.8524 -0.5064 0.1304
vn 0.9940 0.0725 0.0817
vn 0.8047 0.5922 0.0412
vn 0.4476 0.8870 -0.1136
vn 0.1212 -0.9886 -0.0891
vn -0.6594 0.7483 0.0726
vn -0.8673 0.4950 0.0520
vn -0.9781 0.1654 0.1264
vn -0.9974 -0.0017 0.0718
vn 0.5793 0.7362 0.3499
vn -0.8051 -0.4803 0.3481
vn -0.3807 0.0343 0.9241
vn 0.8415 0.5320 -0.0937
vn 0.3466 0.3591 -0.8665
vn -0.5509 0.7333 -0.3985
vn 0.2436 0.8537 0.4603
vn 0.2509 0.8764 0.4110
vn -0.3677 0.5049 -0.7809
vn 0.2976 0.1148 -0.9478
vn 0.0244 0.9163 -0.3997
vn -0.5978 0.7496 -0.2841
vn -0.0661 0.3925 0.9174
vn 0.2851 0.7911 -0.5412
vn 0.9030 -0.1490 0.4030
vn 0.2110 0.7841 0.5837
vn -0.5237 -0.6670 -0.5299
vn 0.4136 0.9048 0.1015
vn -0.9844 0.1309 -0.1175
vn -0.7410 0.5523 -0.3820
vn -0.0685 -0.0776 -0.9946
vn 0.5351 -0.5067 -0.6760
vn -0.6225 0.4415 0.6462
vn -0.3636 0.8608 -0.3561
vn -0.2299 0.9626 0.1433
vn -0.0663 -0.5681 0.8203
vn 0.0628 0.9021 0.4269
vn 0.1980 0.9451 -0.2599
vn 0.1306 0.5260 -0.8404
vn -0.4899 -0.5509 -0.6756
vn -0.3712 0.1620 -0.9143
vn -0.8763 0.2024 0.4373
vn -0.8751 0.3385 0.3459
vn -0.9865 -0.0005 -0.1638
vn -0.6993 -0.7146 0.0190
vn 0.6305 0.7587 0.1639
vn -0.5598 -0.8038 0.2016
vn 0.4488 -0.8828 0.1384
vn 0.5012 -0.8013 0.3267
vn 0.7093 0.1015 0.6976
vn 0.9060 0.3314 -0.2632
vn 0.8800 0.4704 -0.0654
vn 0.0646 0.7887 -0.6113
vn 0.1191 -0.7260 -0.6773
vn -0.4377 0.8723 -0.2180
vn -0.6572 0.7269 -0.1993
vn -0.8371 0.5376 -0.1015
vn -0.9444 0.3265 0.0384
vn -0.9090 -0.3877 -0.1528
vn -0.4809 -0.8207 0.3084
vn -0.1371 -0.7429 0.6552
vn -0.5705 -0.8183 -0.0709
vn -0.1016 0.3326 -0.9376
vn -0.0330 -0.7331 -0.6794
vn 0.0881 -0.4739 0.8762
vn 0.5726 -0.5270 -0.6280
vn 0.5838 -0.7706 0.2556
vn 0.7716 -0.0737 -0.6318
vn 0.5102 -0.4075 -0.7573
vn 0.5547 0.4037 -0.7276
vn -0.1445 -0.4966 0.8558
vn -0.0733 0.6164 -0.7840
vn 0.3886 0.0382 0.9206
vn -0.4254 -0.4399 -0.7909
vn -0.7601 0.1026 -0.6416
vn -0.5766 -0.2255 -0.7853
vn 0.3480 0.3504 0.8696
vn -0.5731 0.0110 0.8194
vn 0.4370 -0.8486 0.2980
vn 0.1958 -0.8885 0.4151
vn -0.0487 -0.9246 -0.3778
vn 0.2664 -0.9486 0.1709
vn -0.3798 -0.7234 0.5766
vn 0.7983 -0.5002 0.3355
vn 0.7308 -0.4149 0.5420
vn -0.5543 -0.7588 -0.3420
vn 0.2303 0.3975 0.8882
vn -0.6041 -0.6617 0.4442
vn 0.4038 0.5072 0.7614
vn 0.6106 -0.7529 0.2455
vn -0.3301 -0.9319 0.1503
vn -0.1453 -0.7907 -0.5948
vn -0.7386 -0.6104 -0.2862
vn 0.1496 -0.7358 0.6605
vn -0.6614 -0.3276 0.6747
vn 0.5709 -0.7752 -0.2705
vn -0.8853 -0.4614 0.0574
vn -0.7256 0.4553 -0.5160
vn 0.7563 -0.6298 0.1772
vn -0.6581 -0.6115 -0.4392
vn 0.5121 -0.7306 0.4517
vn 0.2320 -0.6208 -0.7489
vn -0.3401 -0.6566 -0.6732
vn -0.6176 -0.6787 -0.3973
vn 0.1387 0.9902 0.0190
vn 0.1286 -0.8294 0.5436
vn 0.6910 -0.6788 0.2483
vn 0.1294 -0.9821 -0.1367
vn -0.4649 -0.8837 -0.0552
vn -0.7347 -0.6780 -0.0230
vn -0.2926 -0.7721 0.5642
vn -0.5286 0.1475 0.8359
vn 0.0736 -0.9338 -0.3502
vn -0.1321 -0.9554 -0.2642
vn -0.2776 -0.8870 0.3691
vn 0.5340 -0.3701 -0.7602
vn 0.4306 -0.6022 0.6722
vn 0.8168 -0.3603 -0.4505
vn -0.7104 -0.6831 0.1692
vn -0.2141 -0.6717 -0.7092
vn -0.1342 -0.2183 -0.9666
vn -0.2997 -0.0370 0.9533
vn -0.7950 -0.0257 -0.6061
vn -0.7235 -0.1226 0.6794
vn -0.4826 -0.8469 0.2231
vn 0.0164 0.2782 -0.9604
vn -0.0781 -0.5859 0.8066
vn 0.5886 -0.8060 -0.0632
vn -0.4356 0.8854 0.1623
vn -0.0153 0.9998 0.0103
vn 0.7788 -0.6143 0.1266
vn 0.0193 0.5850 0.8108
vn 0.7269 0.6080 0.3193
vn 0.2540 0.6272 -0.7363
vn 0.1005 -0.6439 0.7585
vn 0.1637 0.7652 -0.6226
vn -0.8372 0.4694 -0.2807
vn -0.3512 -0.1447 -0.9250
vn 0.4644 0.6639 -0.5861
vn 0.4499 0.7929 0.4109
vn 0.5691 -0.4290 0.7015
vn 0.0217 0.5605 -0.8279
vn -0.9787 0.2044 -0.0193
vn 0.4189 0.1247 0.8994
vn 0.5556 0.7269 -0.4037
vn -0.5714 0.7938 0.2085
vn -0.4095 0.4787 0.7766
vn -0.0644 -0.6653 0.7438
vn 0.3200 0.6711 0.6687
vn 0.4355 0.5929 -0.6773
vn 0.2869 0.1563 -0.9451
vn -0.0944 0.9439 0.3164
vn -0.3838 0.4058 -0.8295
vn -0.5837 0.6913 -0.4260
vn -0.8913 -0.4265 0.1540
vn -0.8386 0.4981 -0.2206
vn 0.2965 0.8060 0.5123
vn 0.0315 -0.2175 -0.9756
vn -0.2010 0.7291 0.6542
vn -0.1124 0.0165 0.9935
vn -0.1806 -0.4225 -0.8882
vn -0.6563 -0.7384 -0.1549
vn -0.7993 -0.5025 0.3297
vn -0.3503 0.6600 0.6646
vn 0.2815 -0.4782 0.8319
vn 0.7274 -0.5977 0.3371
vn 0.9189 -0.1676 -0.3570
vn -0.4125 -0.9009 0.1348
vn -0.2552 -0.5329 -0.8068
vn -0.8794 -0.3348 0.3385
vn -0.9601 0.2067 -0.1882
vn -0.9976 -0.0601 0.0338
vn -0.6235 -0.3291 0.7092
vn -0.0751 0.2685 -0.9604
vn 0.0437 -0.2579 0.9652
vn 0.6986 0.1474 -0.7002
vn 0.3701 -0.7321 -0.5718
vn -0.1521 0.8943 -0.4208
vn -0.0830 -0.9594 -0.2697
vn -0.7220 0.5132 -0.4641
vn -0.9686 -0.1874 -0.1631
vn -0.8016 0.0365 -0.5968
vn -0.2176 0.6577 0.7211
vn -0.2495 -0.9052 0.3440
vn 0.7257 0.1067 -0.6797
vn -0.6225 -0.4522 0.6388
vn 0.2181 -0.8991 -0.3796
vn -0.9429 -0.0567 0.3282
vn -0.8880 -0.3353 0.3146
vn -0.7445 -0.6046 0.2832
vn 0.4799 0.0701 -0.8745
vn -0.3300 -0.8357 0.4390
vn 0.1501 -0.8013 0.5791
vn 0.4830 -0.5537 0.6783
vn 0.8215 -0.1688 0.5446
vn 0.9107 0.2853 0.2986
vn 0.7646 0.6304 0.1343
vn 0.6475 0.7579 0.0789
vn 0.1974 0.9793 0.0453
vn -0.2243 0.9424 0.2481
vn 0.1224 -0.9673 -0.2222
vn -0.8356 0.4997 0.2284
vn -0.8781 0.2743 0.3921
vn -0.9861 -0.1487 0.0739
vn -0.9939 -0.0779 -0.0784
vn -0.8369 -0.5320 0.1290
vn -0.6705 -0.7382 0.0737
vn -0.8745 0.4791 -0.0756
vn -0.0810 0.9827 0.1665
vn 0.4640 -0.7738 0.4312
vn 0.7772 -0.4894 0.3955
vn -0.9880 -0.0966 0.1203
vn -0.9578 -0.2611 -0.1205
vn -0.9286 -0.3235 -0.1818
vn -0.7304 -0.6780 -0.0829
vn -0.1656 0.5787 -0.7986
vn -0.2750 -0.9487 0.1561
vn -0.0546 0.6531 0.7553
vn 0.8698 -0.4764 -0.1286
vn 0.9924 -0.0694 -0.1016
vn 0.9319 0.0799 -0.3538
vn 0.8496 0.4851 -0.2072
vn 0.3869 0.8244 -0.4131
vn 0.1647 0.6694 -0.7244
vn 0.0343 0.0806 -0.9962
vn -0.7230 0.6799 -0.1226
vn -0.9068 0.4185 -0.0509
vn -0.9577 -0.2757 0.0828
vn -0.6831 0.0291 0.7297
vn -0.6399 -0.4502 -0.6228
vn -0.6661 -0.6376 -0.3871
vn 0.1516 -0.9880 -0.0281
vn 0.6101 -0.7081 -0.3555
vn 0.9072 -0.1319 -0.3995
vn 0.8309 0.3418 -0.4391
vn 0.7046 0.6085 -0.3651
vn -0.3857 -0.1271 0.9138
vn 0.3330 0.4331 -0.8376
vn -0.6903 0.3338 -0.6419
vn -0.2175 -0.9725 0.0833
vn -0.1748 -0.9001 -0.3990
vn -0.5630 -0.8105 0.1615
vn 0.9166 -0.0952 -0.3883
vn 0.9203 0.2262 -0.3192
vn 0.7341 0.4713 -0.4889
vn 0.1642 -0.4621 -0.8715
vn -0.8326 0.0346 -0.5528
vn -0.2205 0.8360 -0.5025
vn 0.6691 -0.6102 0.4243
vn 0.5843 0.0361 -0.8107
vn 0.2371 -0.8022 -0.5480
vn 0.6000 -0.7963 -0.0767
vn 0.3652 -0.7420 0.5621
vn 0.0977 -0.5132 -0.8527
vn -0.8570 0.2376 -0.4572
vn 0.1646 0.1777 0.9702
vn -0.7381 -0.2217 -0.6373
vn 0.3259 -0.9454 -0.0022
vn 0.6320 0.0608 -0.7725
vn -0.1348 -0.9581 -0.2527
vn -0.9898 0.1277 0.0625
vn 0.0647 -0.0846 -0.9943
vn -0.0969 -0.1529 -0.9835
vn 0.0682 0.1881 0.9798
vn 0.5271 -0.1222 0.8410
vn 0.1411 0.5627 0.8146
vn 0.5373 0.1527 -0.8295
vn 0.1405 0.0818 -0.9867
vn -0.3859 0.2331 -0.8926
vn -0.4757 0.0619 -0.8774
vn -0.4233 -0.5319 -0.7334
vn -0.9165 0.3998 0.0139
vn -0.8916 0.3144 -0.3258
vn 0.2751 0.4027 0.8730
vn 0.2302 0.8953 -0.3813
vn -0.5933 0.2731 -0.7573
vn -0.9517 0.0599 -0.3012
vn -0.0458 0.3635 0.9305
vn 0.6901 0.4842 0.5379
vn 0.1789 0.4259 -0.8869
vn -0.9257 -0.3378 -0.1700
vn -0.9669 -0.2552 0.0069
vn -0.8181 0.4468 0.3621
vn 0.8277 -0.2961 0.4768
vn 0.2879 -0.3349 -0.8972
vn 0.2875 0.4234 -0.8591
vn 0.2145 -0.4189 -0.8823
vn -0.2712 0.6644 -0.6964
vn 0.4255 -0.5593 -0.7114
vn 0.6553 0.7225 0.2205
vn -0.6671 -0.5259 0.5276
vn -0.2442 -0.8968 0.3689
vn -0.3435 -0.3339 0.8778
vn -0.5304 -0.7312 0.4289
vn -0.3640 -0.8080 -0.4633
vn -0.2663 -0.2206 0.9383
vn -0.6304 -0.4132 -0.6571
vn -0.1280 0.1730 -0.9766
vn 0.9107 -0.1581 -0.3817
vn -0.7694 0.1500 -0.6209
vn -0.3058 0.0584 -0.9503
vn -0.7069 -0.0627 -0.7046
vn -0.7300 -0.6406 0.2382
vn 0.8816 -0.0550 -0.4687
vn 0.8155 0.2456 -0.5240
vn 0.2804 0.0489 -0.9586
vn -0.2269 -0.9509 0.2104
vn -0.8190 0.4502 0.3558
vn 0.1270 -0.9819 0.1402
vn 0.4326 0.7208 -0.5415
vn 0.2043 0.9567 0.2075
vn -0.1339 -0.9520 -0.2751
vn -0.1314 0.9514 0.2787
vn 0.0310 -0.9803 -0.1951
vn -0.5164 0.7740 -0.3664
vn -0.8531 0.1236 0.5069
vn 0.9204 0.0115 -0.3908
vn 0.5482 0.1106 -0.8290
vn 0.9103 -0.0249 -0.4132
vn 0.9047 -0.0271 -0.4252
vn 0.9164 -0.0002 -0.4002
vn 0.9073 -0.0213 -0.4200
vn 0.9135 -0.0064 -0.4069
vn 0.9079 -0.0183 -0.4187
vn 0.9110 -0.0112 -0.4122
vn 0.9158 -0.0002 -0.4016
vn 0.9165 0.0020 -0.4000
vn 0.9147 -0.0009 -0.4040
vn 0.9213 0.0146 -0.3886
vn 0.9166 0.0084 -0.3997
vn 0.9020 -0.0203 -0.4313
vn 0.3640 -0.9287 -0.0707
vn -0.9279 -0.0290 0.3718
vn -0.9935 0.0045 0.1137
vn -0.9319 -0.0329 0.3612
vn -0.9334 -0.0391 0.3566
vn -0.9286 -0.0309 0.3699
vn -0.9281 -0.0318 0.3709
vn -0.9239 -0.0252 0.3817
vn -0.9189 -0.0159 0.3941
vn -0.9173 -0.0147 0.3980
vn -0.9061 -0.0049 0.4231
vn -0.8966 -0.0061 0.4428
vn -0.8814 -0.0107 0.4723
vn -0.7882 -0.0724 0.6111
vt 0.999985 0.500000
vt 1.000000 0.000000
vt 0.955971 0.000000
vt 0.919031 0.500000
vt 0.893484 0.000000
vt 0.856516 0.500000
vt 0.830969 0.000000
vt 0.794029 0.500000
vt 0.768468 0.000000
vt 0.731532 0.500000
vt 0.705971 0.000000
vt 0.669031 0.500000
vt 0.643484 0.000000
vt 0.606516 0.500000
vt 0.580969 0.000000
vt 0.544029 0.500000
vt 0.518468 0.000000
vt 0.481532 0.500000
vt 0.455971 0.000000
vt 0.419031 0.500000
vt 0.393484 0.000000
vt 0.356516 0.500000
vt 0.330969 0.000000
vt 0.294029 0.500000
vt 0.268468 0.000000
vt 0.231532 0.500000
vt 0.205971 0.000000
vt 0.169031 0.500000
vt 0.143484 0.000000
vt 0.106516 0.500000
vt 0.080969 0.000000
vt 0.044029 0.500000
vt 0.000015 0.000000
vt 0.000000 0.500000
vt 0.014610 0.796820
vt 0.014610 0.703180
vt 0.010000 0.750000
vt 0.028270 0.841840
vt 0.028270 0.658160
vt 0.050450 0.883340
vt 0.050450 0.616660
vt 0.080290 0.919710
vt 0.080290 0.580290
vt 0.116660 0.949550
vt 0.116660 0.550450
vt 0.158160 0.971730
vt 0.158160 0.528270
vt 0.203180 0.985390
vt 0.203180 0.514610
vt 0.250000 0.990000
vt 0.250000 0.510000
vt 0.296820 0.985390
vt 0.296820 0.514610
vt 0.341840 0.971730
vt 0.341840 0.528270
vt 0.383340 0.949550
vt 0.383340 0.550450
vt 0.419710 0.919710
vt 0.419710 0.580290
vt 0.449550 0.883340
vt 0.449550 0.616660
vt 0.471730 0.841840
vt 0.471730 0.658160
vt 0.485390 0.796820
vt 0.485390 0.703180
vt 0.490000 0.750000
vt 0.514610 0.703180
vt 0.514610 0.796820
vt 0.510000 0.750000
vt 0.528270 0.658160
vt 0.528270 0.841840
vt 0.550450 0.616660
vt 0.550450 0.883340
vt 0.580290 0.580290
vt 0.580290 0.919710
vt 0.616660 0.550450
vt 0.616660 0.949550
vt 0.658160 0.528270
vt 0.658160 0.971730
vt 0.703180 0.514610
vt 0.703180 0.985390
vt 0.750000 0.510000
vt 0.750000 0.990000
vt 0.796820 0.514610
vt 0.796820 0.985390
vt 0.841840 0.528270
vt 0.841840 0.971730
vt 0.883340 0.550450
vt 0.883340 0.949550
vt 0.919710 0.580290
vt 0.919710 0.919710
vt 0.949550 0.616660
vt 0.949550 0.883340
vt 0.971730 0.658160
vt 0.971730 0.841840
vt 0.985390 0.703180
vt 0.985390 0.796820
vt 0.990000 0.750000
vt 0.257131 -0.116139
vt 0.211229 -0.191918
vt 0.265224 -0.179237
vt 0.031250 1.000000
vt -0.000250 0.996294
vt 0.031250 0.999950
vt 0.046880 1.000000
vt 0.062500 0.999950
vt 0.078120 1.000000
vt 0.093750 0.999950
vt 0.109370 1.000000
vt 0.135105 0.995544
vt 0.140620 1.000000
vt 0.156250 0.999950
vt 0.171880 1.000000
vt 0.187500 0.999950
vt 0.203120 1.000000
vt 0.209723 0.996027
vt 0.234380 1.000000
vt 0.259281 0.999670
vt 0.265620 1.000000
vt 0.281250 0.999950
vt 0.296880 1.000000
vt 0.312500 0.999945
vt 0.328120 1.000000
vt 0.345246 0.999929
vt 0.359380 1.000000
vt 0.375000 0.999950
vt 0.390620 1.000000
vt 0.397671 0.996009
vt 0.421880 1.000000
vt 0.437500 0.999950
vt 0.453120 1.000000
vt 0.476911 0.999720
vt 0.484380 1.000000
vt 0.500000 0.999950
vt 0.515620 1.000000
vt 0.531250 0.999950
vt 0.546880 1.000000
vt 0.562500 0.999950
vt 0.578120 1.000000
vt 0.598605 0.999916
vt 0.609380 1.000000
vt 0.625000 0.999950
vt 0.640630 1.000000
vt 0.656250 0.999950
vt 0.671880 1.000000
vt 0.674363 0.999788
vt 0.703120 1.000000
vt 0.704187 0.996742
vt 0.734380 1.000000
vt 0.750000 0.999950
vt 0.765620 1.000000
vt 0.799625 0.999546
vt 0.796880 1.000000
vt 0.812500 0.999950
vt 0.828120 1.000000
vt 0.847833 0.999912
vt 0.859380 1.000000
vt 0.875000 0.999950
vt 0.890620 1.000000
vt 0.906250 0.999950
vt 0.921880 1.000000
vt 0.948942 0.996184
vt 0.953120 1.000000
vt 0.968750 0.999950
vt 0.999882 0.995762
vt 0.984380 1.000000
vt 0.535150 0.994518
vt 0.285137 0.994516
vt 0.829785 0.994371
vt 0.454698 0.994382
vt 0.625716 0.993770
vt 0.767175 0.994379
vt 0.896040 0.994556
vt 0.057428 0.988165
vt 0.172330 0.993959
vt 0.362442 0.993421
vt 0.875000 0.985322
vt 0.000000 0.983993
vt 0.031250 0.984265
vt 0.093750 0.984031
vt 0.156250 0.984029
vt 0.187500 0.983993
vt 0.218750 0.983942
vt 0.250000 0.983966
vt 0.281250 0.984265
vt 0.312500 0.984093
vt 0.343750 0.983987
vt 0.406250 0.984268
vt 0.437500 0.983993
vt 0.468750 0.983965
vt 0.500000 0.983966
vt 0.531250 0.984025
vt 0.562500 0.984256
vt 0.593750 0.984006
vt 0.656250 0.983956
vt 0.687500 0.983934
vt 0.718750 0.983965
vt 0.750000 0.984151
vt 0.781250 0.983966
vt 0.812500 0.984018
vt 0.843750 0.984106
vt 0.906250 0.984105
vt 0.937500 0.984093
vt 0.968750 0.984057
vt 1.000000 0.984116
vt 0.125000 0.983615
vt 0.375000 0.983720
vt 0.625000 0.983672
vt 0.062500 0.951465
vt 0.875000 0.951438
vt 0.031250 0.949367
vt 0.281250 0.951401
vt 0.406250 0.951399
vt 0.562500 0.951454
vt 0.000000 0.949566
vt 0.378156 0.950221
vt 0.750000 0.951432
vt 1.000000 0.949431
vt 0.312500 0.951439
vt 0.625000 0.951427
vt 0.843750 0.951375
vt 0.902542 0.950065
vt 0.937500 0.951437
vt 0.964750 0.949957
vt 0.089402 0.949821
vt 0.125000 0.951401
vt 0.151909 0.949822
vt 0.531250 0.951359
vt 0.816396 0.949918
vt 0.187500 0.949178
vt 0.437500 0.951390
vt 0.588972 0.949655
vt 0.254703 0.949558
vt 0.338420 0.949439
vt 0.504703 0.949558
vt 0.462682 0.949149
vt 0.718750 0.948928
vt 0.775194 0.949151
vt 0.649136 0.948718
vt 0.218750 0.948070
vt 0.687500 0.948064
vt -0.000274 0.938770
vt 0.079336 0.937571
vt 0.125000 0.937525
vt 0.173022 0.937568
vt 0.218750 0.937532
vt 0.266827 0.937574
vt 0.329274 0.937663
vt 0.375000 0.937525
vt 0.423022 0.937568
vt 0.468750 0.937532
vt 0.516827 0.937574
vt 0.579274 0.937663
vt 0.625000 0.937525
vt 0.673022 0.937568
vt 0.718750 0.937532
vt 0.766827 0.937574
vt 0.829274 0.937663
vt 0.875000 0.937525
vt 0.923022 0.937568
vt 1.000099 0.937486
vt 0.000000 0.932239
vt 0.046417 0.931340
vt 0.093750 0.931353
vt 0.140138 0.931352
vt 0.202627 0.931343
vt 0.250000 0.931334
vt 0.296417 0.931340
vt 0.343750 0.931353
vt 0.390138 0.931352
vt 0.452627 0.931343
vt 0.500000 0.931334
vt 0.546417 0.931340
vt 0.593750 0.931353
vt 0.640138 0.931352
vt 0.702627 0.931343
vt 0.750000 0.931334
vt 0.796417 0.931340
vt 0.843750 0.931353
vt 0.890138 0.931352
vt 0.952627 0.931343
vt 1.000000 0.931604
vt 0.000000 0.894734
vt 0.031250 0.895864
vt 0.078402 0.910530
vt 0.140900 0.910540
vt 0.203392 0.910533
vt 0.265884 0.910553
vt 0.328402 0.910530
vt 0.390900 0.910540
vt 0.453392 0.910533
vt 0.515884 0.910553
vt 0.578402 0.910530
vt 0.640900 0.910540
vt 0.703392 0.910533
vt 0.765884 0.910553
vt 0.828402 0.910530
vt 0.890900 0.910540
vt 0.953392 0.910533
vt 1.000000 0.895909
vt 0.062500 0.887299
vt 0.093750 0.887333
vt 0.125000 0.887368
vt 0.156250 0.887331
vt 0.187500 0.887289
vt 0.218750 0.887312
vt 0.250000 0.887328
vt 0.281250 0.887324
vt 0.312500 0.887299
vt 0.343750 0.887333
vt 0.375000 0.887368
vt 0.406250 0.887331
vt 0.437500 0.887289
vt 0.468750 0.887312
vt 0.500000 0.887328
vt 0.531250 0.887324
vt 0.562500 0.887299
vt 0.593750 0.887333
vt 0.625000 0.887368
vt 0.656250 0.887331
vt 0.687500 0.887289
vt 0.718750 0.887312
vt 0.750000 0.887328
vt 0.781250 0.887324
vt 0.812500 0.887299
vt 0.843750 0.887333
vt 0.875000 0.887368
vt 0.906250 0.887331
vt 0.937500 0.887289
vt 0.968750 0.887312
vt 0.000000 0.843440
vt 0.046661 0.850414
vt 0.093750 0.842244
vt 0.140464 0.850433
vt 0.202930 0.850413
vt 0.250000 0.842181
vt 0.296661 0.850414
vt 0.343750 0.842244
vt 0.390464 0.850433
vt 0.452930 0.850413
vt 0.500000 0.842181
vt 0.546661 0.850414
vt 0.593750 0.842244
vt 0.640464 0.850433
vt 0.702930 0.850413
vt 0.750000 0.842181
vt 0.796661 0.850414
vt 0.843750 0.842244
vt 0.890464 0.850433
vt 0.952930 0.850413
vt 1.000000 0.843470
vt 0.046666 0.820040
vt 0.140398 0.819982
vt 0.202843 0.820049
vt 0.296666 0.820040
vt 0.390398 0.819982
vt 0.452843 0.820049
vt 0.546666 0.820040
vt 0.640399 0.819982
vt 0.702843 0.820049
vt 0.796666 0.820040
vt 0.890399 0.819982
vt 0.952843 0.820049
vt 0.000000 0.758379
vt 0.047294 0.770027
vt 0.109794 0.770044
vt 0.156250 0.770060
vt 0.203508 0.770021
vt 0.258461 0.756048
vt 0.297294 0.770027
vt 0.359794 0.770044
vt 0.406250 0.770060
vt 0.453508 0.770022
vt 0.508461 0.756048
vt 0.547294 0.770027
vt 0.609794 0.770044
vt 0.656250 0.770060
vt 0.703508 0.770021
vt 0.758461 0.756048
vt 0.797294 0.770027
vt 0.859794 0.770044
vt 0.906250 0.770060
vt 0.953508 0.770022
vt 1.000000 0.755014
vt 0.031250 0.743631
vt 0.078445 0.743600
vt 0.140912 0.743635
vt 0.203479 0.743600
vt 0.328445 0.743600
vt 0.390912 0.743635
vt 0.453479 0.743600
vt 0.578445 0.743600
vt 0.640912 0.743635
vt 0.703479 0.743600
vt 0.828445 0.743600
vt 0.890912 0.743635
vt 0.953479 0.743600
vt 0.000012 0.703199
vt 0.036343 0.704877
vt 0.078559 0.705462
vt 0.140508 0.706776
vt 0.187500 0.704223
vt 0.215643 0.703443
vt 0.250000 0.704223
vt 0.278897 0.703258
vt 0.326890 0.705596
vt 0.390508 0.706776
vt 0.437500 0.704223
vt 0.465643 0.703443
vt 0.500000 0.704223
vt 0.528897 0.703258
vt 0.576890 0.705596
vt 0.640508 0.706776
vt 0.687500 0.704223
vt 0.715643 0.703443
vt 0.750000 0.704223
vt 0.778897 0.703258
vt 0.826890 0.705596
vt 0.890508 0.706776
vt 0.937500 0.704223
vt 0.965643 0.703443
vt 1.000036 0.702701
vt 0.135527 0.700181
vt 0.385527 0.700181
vt 0.635527 0.700181
vt 0.885527 0.700181
vt 0.000000 0.695459
vt 0.048974 0.696201
vt 0.145153 0.698820
vt 0.236491 0.696189
vt 0.341834 0.696542
vt 0.457696 0.698820
vt 0.591834 0.696542
vt 0.673963 0.696202
vt 0.779309 0.696540
vt 0.869169 0.695185
vt 1.000102 0.697874
vt 0.110311 0.691941
vt 0.172679 0.683043
vt 0.297829 0.691942
vt 0.422679 0.683042
vt 0.485194 0.683040
vt 0.547829 0.691942
vt 0.735193 0.683040
vt 0.922682 0.683043
vt 0.000571 0.609608
vt 0.078338 0.614266
vt 0.133295 0.609132
vt 0.234673 0.647055
vt 0.272972 0.609092
vt 0.328338 0.614266
vt 0.383295 0.609132
vt 0.522972 0.609092
vt 0.578338 0.614266
vt 0.633295 0.609132
vt 0.687160 0.612702
vt 0.772972 0.609092
vt 0.828338 0.614266
vt 0.883295 0.609132
vt 0.960487 0.609154
vt 1.000000 0.652599
vt 0.203250 0.528579
vt 0.453250 0.528579
vt 1.000000 0.483817
vt 0.000000 0.424424
vt 0.046922 0.485659
vt 0.124744 0.485324
vt 0.281392 0.485543
vt 0.374744 0.485324
vt 0.531392 0.485543
vt 0.624744 0.485324
vt 0.703258 0.485657
vt 0.781392 0.485543
vt 0.874744 0.485324
vt 0.953220 0.458134
vt 0.062257 0.382345
vt 0.171774 0.382279
vt 0.275572 0.345876
vt 0.332434 0.360284
vt 0.421773 0.382279
vt 0.525572 0.345876
vt 0.582434 0.360284
vt 0.671774 0.382279
vt 0.775572 0.345876
vt 0.832434 0.360284
vt 0.890699 0.382152
vt 0.951260 0.325980
vt 1.000000 0.331224
vt -0.000106 0.247887
vt 0.077689 0.302960
vt 0.202692 0.302960
vt 0.452692 0.302960
vt 0.702692 0.302960
vt 0.120496 0.247450
vt 0.276750 0.247450
vt 0.402324 0.247450
vt 0.526750 0.247450
vt 0.652324 0.247450
vt 0.776750 0.247450
vt 0.917352 0.247450
vt 1.000000 0.247450
vt 0.682564 0.243040
vt 0.124988 0.245574
vt 0.307639 0.243035
vt 0.432527 0.243044
vt 0.557610 0.243038
vt 0.770310 0.241193
vt 0.884207 0.242013
vt 0.952378 0.241629
vt 0.000000 0.245105
vt 1.000000 0.244190
vt 0.062195 0.240200
vt 0.173427 0.240793
vt 0.249714 0.240194
vt 0.374706 0.240199
vt 0.499714 0.240194
vt 0.624706 0.240199
vt 0.727571 0.242281
vt 0.827642 0.240663
vt 0.000000 0.227795
vt 0.031250 0.222418
vt 0.078085 0.222471
vt 0.140575 0.222481
vt 0.203097 0.222441
vt 0.265597 0.222443
vt 0.328085 0.222471
vt 0.390575 0.222481
vt 0.453097 0.222441
vt 0.515597 0.222443
vt 0.578085 0.222471
vt 0.640575 0.222481
vt 0.703097 0.222441
vt 0.765597 0.222443
vt 0.828085 0.222471
vt 0.890575 0.222481
vt 0.953097 0.222441
vt 1.000000 0.223101
vt 0.000000 0.207530
vt 0.061570 0.208004
vt 0.134079 0.207417
vt 0.195318 0.206920
vt 0.263264 0.205773
vt 0.338531 0.206673
vt 0.389929 0.208290
vt 0.463551 0.206666
vt 0.514945 0.208305
vt 0.588507 0.206677
vt 0.639929 0.208290
vt 0.713536 0.206669
vt 0.764945 0.208305
vt 0.825796 0.205765
vt 0.900951 0.206676
vt 0.952434 0.208294
vt 1.000000 0.205759
vt 0.000000 0.203450
vt 0.312500 0.203450
vt 0.516503 0.203450
vt 0.671622 0.203450
vt 0.797072 0.203450
vt 0.859128 0.203450
vt 0.109520 0.203450
vt 0.266866 0.203450
vt 0.454780 0.203450
vt 0.562500 0.203450
vt 0.734122 0.203450
vt 0.049314 0.203450
vt 0.156250 0.203450
vt 0.203210 0.203450
vt 0.359099 0.203450
vt 0.406250 0.203450
vt 0.608760 0.203450
vt 0.906250 0.203450
vt 0.952013 0.203450
vt 1.000000 0.203450
vt 0.054563 0.172300
vt 0.263478 0.172300
vt 0.449459 0.172300
vt 0.000000 0.172300
vt 0.380550 0.172300
vt 0.716718 0.172300
vt 0.796536 0.172300
vt 0.944745 0.172300
vt 1.000000 0.172300
vt 0.327551 0.172300
vt 0.535240 0.172300
vt 0.640074 0.172300
vt 0.860740 0.172300
vt 0.139716 0.172300
vt 0.202194 0.172300
vt 0.391766 0.172300
vt 0.063382 0.172300
vt 0.578885 0.172300
vt 0.860131 0.172300
vt 0.202757 0.172300
vt 0.453972 0.172300
vt 0.688556 0.172300
vt 0.328885 0.172300
vt 0.812500 0.172300
vt 0.000000 0.172300
vt 0.140805 0.172300
vt 0.625000 0.172300
vt 0.766485 0.172300
vt 0.906250 0.172300
vt 0.266485 0.172300
vt 0.953972 0.172300
vt 0.516485 0.172300
vt 1.000000 0.172300
vt 0.000000 0.102917
vt 0.264680 0.102907
vt 0.452213 0.102907
vt 0.530163 0.102907
vt 0.655545 0.102693
vt 0.775766 0.102908
vt 0.952213 0.102907
vt 1.000000 0.102914
vt 0.046634 0.102908
vt 0.187996 0.102908
vt 0.327073 0.102908
vt 0.703735 0.102908
vt 0.870498 0.102908
vt 0.109040 0.102908
vt 0.390634 0.102583
vt 0.609048 0.102908
vt 0.068416 0.099673
vt 0.172752 0.097689
vt 0.249739 0.098913
vt 0.318416 0.099673
vt 0.499739 0.098913
vt 0.568416 0.099673
vt 0.749739 0.098913
vt 0.829096 0.097663
vt 0.891201 0.099471
vt 0.953765 0.099480
vt -0.000033 0.096245
vt 0.428020 0.096790
vt 0.678020 0.096790
vt 0.125340 0.093891
vt 0.375340 0.093891
vt 0.625340 0.093891
vt 1.000000 0.092313
vt 0.069828 0.091098
vt 0.224102 0.091394
vt 0.305377 0.091407
vt 0.474102 0.091394
vt 0.555377 0.091407
vt 0.724102 0.091394
vt 0.805377 0.091407
vt 0.890444 0.092140
vt 0.952926 0.092133
vt -0.000040 0.086747
vt 0.156592 0.086533
vt 0.279891 0.081357
vt 0.355803 0.086415
vt 0.529891 0.081357
vt 0.605800 0.086413
vt 0.779891 0.081357
vt 0.855800 0.086413
vt 0.929052 0.086502
vt 0.080791 0.086372
vt 0.227967 0.082916
vt 0.424645 0.086333
vt 0.477967 0.082916
vt 0.674645 0.086333
vt 0.727967 0.082916
vt 1.000055 0.086548
vt 0.000000 -0.023810
vt 0.062879 0.015809
vt 0.141058 0.015879
vt 0.212328 -0.017869
vt 0.271206 0.001048
vt 0.328501 0.015885
vt 0.391060 0.015875
vt 0.462426 -0.017725
vt 0.515855 -0.021992
vt 0.562500 -0.021458
vt 0.609622 -0.022109
vt 0.672164 -0.021300
vt 0.734199 -0.005318
vt 0.795701 -0.021624
vt 0.859622 -0.022109
vt 0.938269 0.015802
vt 0.996377 -0.022001
vt 0.047185 -0.041357
vt 0.109648 -0.041464
vt 0.172173 -0.041379
vt 0.255069 -0.037770
vt 0.312500 -0.059573
vt 0.359648 -0.041464
vt 0.422173 -0.041379
vt 0.922173 -0.041379
vt -0.000019 -0.110298
vt 0.077926 -0.108516
vt 0.148758 -0.102466
vt 0.208834 -0.106205
vt 0.240431 -0.043306
vt 0.365913 -0.103833
vt 0.421820 -0.108529
vt 0.478036 -0.103404
vt 0.520688 -0.112839
vt 0.577926 -0.108516
vt 0.640397 -0.108563
vt 0.695236 -0.108977
vt 0.789764 -0.100957
vt 0.858745 -0.109261
vt 0.921820 -0.108529
vt 1.000015 -0.106282
vt 0.327756 -0.143488
vt 0.000143 -0.185665
vt 0.077132 -0.161660
vt 0.161735 -0.165383
vt 0.390169 -0.161660
vt 0.468074 -0.161660
vt 0.561844 -0.161660
vt 0.640169 -0.161660
vt 0.713916 -0.182072
vt 0.837420 -0.165220
vt 0.921361 -0.161660
vt 1.000080 -0.183079
vt 0.096571 -0.205290
vt 0.318520 -0.209111
vt 0.420760 -0.198630
vt 0.545764 -0.198630
vt 0.630999 -0.209103
vt 0.902859 -0.204998
vt 0.000040 -0.219999
vt 0.229577 -0.251144
vt 0.394918 -0.250534
vt 0.553844 -0.252244
vt 0.686280 -0.249813
vt 0.791442 -0.250750
vt 0.782988 -0.185230
vt 0.999956 -0.219998
vt 0.001100 -0.249504
vt -0.000331 -0.277330
vt 0.138085 -0.268926
vt 0.329813 -0.270420
vt 0.579892 -0.270420
vt 0.815109 -0.270420
vt 0.899360 -0.243809
vt 1.000254 -0.270420
vt 0.998909 -0.249503
vt 0.213401 -0.282512
vt 0.432608 -0.282544
vt 0.568756 -0.282396
vt 0.756778 -0.282854
vt 0.997189 -0.282887
vt 0.076711 -0.294228
vt 0.326711 -0.294228
vt 0.576706 -0.294221
vt 0.826711 -0.294228
vt 0.000063 -0.306583
vt 0.203209 -0.296328
vt 0.453167 -0.300832
vt 0.703209 -0.296328
vt 0.880270 -0.309782
vt 0.983532 -0.299152
vt 0.099320 -0.310298
vt 0.335781 -0.308949
vt 0.585639 -0.308930
vt 0.220546 -0.312035
vt 0.730467 -0.309988
vt 0.292083 -0.317837
vt 0.483387 -0.317069
vt 0.776224 -0.317696
vt 0.999934 -0.312948
vt 0.134208 -0.318705
vt 0.645010 -0.319546
vt -0.000267 -0.320194
vt 0.992222 -0.320157
vt 0.031543 -0.320770
vt 0.089558 -0.241848
vt 0.759575 -0.043321
vt 0.126358 0.477223
vt 0.126033 0.272775
vt 0.252024 0.476831
vt 0.320390 0.272987
vt 0.381140 0.477900
vt 0.386453 0.772214
vt 0.375171 0.977224
vt 0.375000 0.772780
vt 0.246247 -0.038953
vt 0.280998 -0.053547
vt 0.274683 -0.044899
vt 0.718859 -0.053829
vt 0.724222 -0.045917
vt 0.744911 -0.037773
vt 0.753755 -0.038954
vt 0.718715 -0.059277
vt 0.742417 -0.112393
vt 0.381251 0.272100
vt 0.427720 0.979371
vt 0.395310 0.978900
vt 0.461180 0.972560
vt 0.491248 0.959555
vt 0.510150 0.946660
vt 0.529669 0.928758
vt 0.539320 0.913430
vt 0.547276 0.892995
vt 0.549415 0.869025
vt 0.542631 0.843966
vt 0.529670 0.821243
vt 0.510150 0.803340
vt 0.491235 0.790439
vt 0.461180 0.777440
vt 0.427720 0.770629
vt 0.281302 -0.059296
vt 0.445804 0.272116
vt 0.411810 0.269750
vt 0.482791 0.284180
vt 0.516627 0.304432
vt 0.546966 0.336098
vt 0.558995 0.360042
vt 0.561423 0.378687
vt 0.557760 0.394325
vt 0.546967 0.413902
vt 0.516627 0.445568
vt 0.482791 0.465820
vt 0.445804 0.477884
vt 0.411810 0.480250
s 1
f 1/1/1 2/2/2 3/3/3
f 1/1/1 3/3/3 4/4/4
f 4/4/4 3/3/3 5/5/5
f 4/4/4 5/5/5 6/6/6
f 6/6/6 5/5/5 7/7/7
f 6/6/6 7/7/7 8/8/8
f 8/8/8 7/7/7 9/9/9
f 8/8/8 9/9/9 10/10/10
f 10/10/10 9/9/9 11/11/11
f 10/10/10 11/11/11 12/12/12
f 12/12/12 11/11/11 13/13/13
f 12/12/12 13/13/13 14/14/14
f 14/14/14 13/13/13 15/15/15
f 14/14/14 15/15/15 16/16/16
f 16/16/16 15/15/15 17/17/17
f 16/16/16 17/17/17 18/18/18
f 18/18/18 17/17/17 19/19/19
f 18/18/18 19/19/19 20/20/20
f 20/20/20 19/19/19 21/21/21
f 20/20/20 21/21/21 22/22/22
f 22/22/22 21/21/21 23/23/23
f 22/22/22 23/23/23 24/24/24
f 24/24/24 23/23/23 25/25/25
f 24/24/24 25/25/25 26/26/26
f 26/26/26 25/25/25 27/27/27
f 26/26/26 27/27/27 28/28/28
f 28/28/28 27/27/27 29/29/29
f 28/28/28 29/29/29 30/30/30
f 30/30/30 29/29/29 31/31/31
f 30/30/30 31/31/31 32/32/32
f 32/32/32 31/31/31 33/33/33
f 32/32/32 33/33/33 34/34/34
f 35/35/35 36/36/35 37/37/36
f 36/36/35 35/35/35 38/38/35
f 36/36/35 38/38/35 39/39/35
f 39/39/35 38/38/35 40/40/37
f 39/39/35 40/40/37 41/41/35
f 41/41/35 40/40/37 42/42/37
f 41/41/35 42/42/37 43/43/36
f 43/43/36 42/42/37 44/44/36
f 43/43/36 44/44/36 45/45/35
f 45/45/35 44/44/36 46/46/35
f 45/45/35 46/46/35 47/47/37
f 47/47/37 46/46/35 48/48/35
f 47/47/37 48/48/35 49/49/35
f 49/49/35 48/48/35 50/50/36
f 49/49/35 50/50/36 51/51/36
f 51/51/36 50/50/36 52/52/35
f 51/51/36 52/52/35 53/53/37
f 53/53/37 52/52/35 54/54/35
f 53/53/37 54/54/35 55/55/35
f 55/55/35 54/54/35 56/56/36
f 55/55/35 56/56/36 57/57/35
f 57/57/35 56/56/36 58/58/35
f 57/57/35 58/58/35 59/59/35
f 59/59/35 58/58/35 60/60/35
f 59/59/35 60/60/35 61/61/35
f 61/61/35 60/60/35 62/62/35
f 61/61/35 62/62/35 63/63/35
f 63/63/35 62/62/35 64/64/35
f 63/63/35 64/64/35 65/65/35
f 65/65/35 64/64/35 66/66/35
f 67/67/38 68/68/38 69/69/39
f 68/68/38 67/67/38 70/70/38
f 68/68/38 70/70/38 71/71/38
f 71/71/38 70/70/38 72/72/40
f 71/71/38 72/72/40 73/73/38
f 73/73/38 72/72/40 74/74/40
f 73/73/38 74/74/40 75/75/39
f 75/75/39 74/74/40 76/76/39
f 75/75/39 76/76/39 77/77/38
f 77/77/38 76/76/39 78/78/38
f 77/77/38 78/78/38 79/79/40
f 79/79/40 78/78/38 80/80/38
f 79/79/40 80/80/38 81/81/38
f 81/81/38 80/80/38 82/82/39
f 81/81/38 82/82/39 83/83/39
f 83/83/39 82/82/39 84/84/38
f 83/83/39 84/84/38 85/85/40
f 85/85/40 84/84/38 86/86/38
f 85/85/40 86/86/38 87/87/38
f 87/87/38 86/86/38 88/88/39
f 87/87/38 88/88/39 89/89/38
f 89/89/38 88/88/39 90/90/38
f 89/89/38 90/90/38 91/91/38
f 91/91/38 90/90/38 92/92/38
f 91/91/38 92/92/38 93/93/38
f 93/93/38 92/92/38 94/94/38
f 93/93/38 94/94/38 95/95/38
f 95/95/38 94/94/38 96/96/38
f 95/95/38 96/96/38 97/97/38
f 97/97/38 96/96/38 98/98/38
f 710/99/41 103/100/42 107/101/43
f 108/102/44 109/103/45 110/104/46
f 111/105/47 110/104/46 112/106/48
f 113/107/49 112/106/48 114/108/50
f 115/109/51 114/108/50 116/110/52
f 117/111/53 116/110/52 118/112/54
f 119/113/55 118/112/54 120/114/56
f 121/115/57 120/114/56 170/116/58
f 122/117/59 170/116/58 123/118/60
f 124/119/61 123/118/60 125/120/62
f 126/121/63 125/120/62 127/122/64
f 128/123/65 127/122/64 129/124/66
f 130/125/67 129/124/66 131/126/68
f 132/127/69 131/126/68 133/128/70
f 134/129/71 133/128/70 135/130/72
f 136/131/73 135/130/72 137/132/74
f 138/133/75 137/132/74 139/134/76
f 140/135/77 139/134/76 141/136/78
f 142/137/79 141/136/78 143/138/80
f 144/139/81 143/138/80 145/140/82
f 146/141/83 145/140/82 147/142/84
f 148/143/85 147/142/84 149/144/86
f 150/145/87 149/144/86 151/146/88
f 152/147/89 151/146/88 153/148/90
f 154/149/91 153/148/90 155/150/92
f 156/151/93 155/150/92 157/152/94
f 158/153/95 157/152/94 159/154/96
f 160/155/97 159/154/96 161/156/98
f 162/157/99 161/156/98 163/158/100
f 164/159/101 163/158/100 165/160/102
f 166/161/103 165/160/102 171/162/104
f 167/163/105 171/162/104 168/164/106
f 110/104/46 109/103/45 112/106/48
f 112/106/48 109/103/45 116/110/52
f 112/106/48 116/110/52 114/108/50
f 118/112/54 116/110/52 120/114/56
f 120/114/56 116/110/52 170/116/58
f 125/120/62 123/118/60 127/122/64
f 131/126/68 129/124/66 133/128/70
f 133/128/70 137/132/74 135/130/72
f 139/134/76 137/132/74 141/136/78
f 141/136/78 137/132/74 145/140/82
f 141/136/78 145/140/82 143/138/80
f 147/142/84 145/140/82 149/144/86
f 149/144/86 145/140/82 151/146/88
f 155/150/92 153/148/90 157/152/94
f 157/152/94 161/156/98 159/154/96
f 163/158/100 161/156/98 165/160/102
f 165/160/102 161/156/98 171/162/104
f 171/162/104 182/165/107 168/164/106
f 168/164/106 182/165/107 169/166/108
f 123/118/60 129/124/66 127/122/64
f 129/124/66 123/118/60 133/128/70
f 145/140/82 137/132/74 151/146/88
f 161/156/98 157/152/94 171/162/104
f 151/146/88 137/132/74 153/148/90
f 133/128/70 172/167/109 137/132/74
f 170/116/58 173/168/110 123/118/60
f 123/118/60 173/168/110 133/128/70
f 137/132/74 172/167/109 153/148/90
f 153/148/90 174/169/111 157/152/94
f 157/152/94 174/169/111 171/162/104
f 133/128/70 175/170/112 172/167/109
f 172/167/109 176/171/113 153/148/90
f 153/148/90 177/172/114 174/169/111
f 174/169/111 178/173/115 171/162/104
f 109/103/45 179/174/116 116/110/52
f 116/110/52 180/175/117 170/116/58
f 173/168/110 181/176/118 133/128/70
f 174/169/111 183/177/119 178/173/115
f 109/103/45 184/178/120 185/179/121
f 109/103/45 185/179/121 179/174/116
f 179/174/116 186/180/122 116/110/52
f 116/110/52 187/181/123 180/175/117
f 180/175/117 187/181/123 188/182/124
f 180/175/117 188/182/124 189/183/125
f 180/175/117 189/183/125 170/116/58
f 170/116/58 189/183/125 190/184/126
f 170/116/58 190/184/126 173/168/110
f 173/168/110 190/184/126 191/185/127
f 173/168/110 191/185/127 192/186/128
f 173/168/110 192/186/128 193/187/129
f 173/168/110 193/187/129 181/176/118
f 181/176/118 194/188/130 133/128/70
f 133/128/70 194/188/130 195/189/131
f 133/128/70 195/189/131 175/170/112
f 175/170/112 195/189/131 196/190/132
f 175/170/112 196/190/132 197/191/133
f 175/170/112 197/191/133 172/167/109
f 172/167/109 197/191/133 198/192/134
f 172/167/109 198/192/134 199/193/135
f 172/167/109 199/193/135 200/194/136
f 172/167/109 200/194/136 176/171/113
f 176/171/113 201/195/137 202/196/138
f 176/171/113 202/196/138 153/148/90
f 153/148/90 202/196/138 203/197/139
f 153/148/90 203/197/139 204/198/140
f 153/148/90 204/198/140 177/172/114
f 177/172/114 204/198/140 205/199/141
f 177/172/114 205/199/141 206/200/142
f 177/172/114 206/200/142 174/169/111
f 174/169/111 206/200/142 207/201/143
f 174/169/111 207/201/143 183/177/119
f 183/177/119 208/202/144 178/173/115
f 178/173/115 208/202/144 209/203/145
f 178/173/115 209/203/145 171/162/104
f 171/162/104 209/203/145 210/204/146
f 171/162/104 210/204/146 182/165/107
f 182/165/107 210/204/146 211/205/147
f 186/180/122 212/206/148 116/110/52
f 116/110/52 212/206/148 187/181/123
f 193/187/129 213/207/149 181/176/118
f 181/176/118 213/207/149 194/188/130
f 200/194/136 214/208/150 176/171/113
f 176/171/113 214/208/150 201/195/137
f 185/179/121 215/209/151 179/174/116
f 179/174/116 215/209/151 186/180/122
f 207/201/143 216/210/152 183/177/119
f 183/177/119 216/210/152 208/202/144
f 184/178/120 217/211/153 185/179/121
f 185/179/121 217/211/153 215/209/151
f 190/184/126 218/212/154 191/185/127
f 191/185/127 218/212/154 192/186/128
f 213/207/149 219/213/155 194/188/130
f 194/188/130 219/213/155 195/189/131
f 198/192/134 220/214/156 199/193/135
f 199/193/135 220/214/156 200/194/136
f 184/178/120 221/215/157 217/211/153
f 193/187/129 222/216/158 213/207/149
f 213/207/149 222/216/158 219/213/155
f 203/197/139 223/217/159 204/198/140
f 204/198/140 223/217/159 205/199/141
f 210/204/146 224/218/160 211/205/147
f 218/212/154 225/219/161 192/186/128
f 192/186/128 225/219/161 193/187/129
f 200/194/136 226/220/162 214/208/150
f 214/208/150 226/220/162 201/195/137
f 206/200/142 227/221/163 207/201/143
f 207/201/143 227/221/163 216/210/152
f 216/210/152 228/222/164 208/202/144
f 208/202/144 228/222/164 229/223/165
f 208/202/144 229/223/165 209/203/145
f 209/203/145 229/223/165 210/204/146
f 229/223/165 230/224/166 210/204/146
f 210/204/146 230/224/166 224/218/160
f 215/209/151 231/225/167 186/180/122
f 186/180/122 231/225/167 232/226/168
f 186/180/122 232/226/168 212/206/148
f 212/206/148 232/226/168 233/227/169
f 212/206/148 233/227/169 187/181/123
f 187/181/123 233/227/169 188/182/124
f 197/191/133 234/228/170 198/192/134
f 198/192/134 234/228/170 220/214/156
f 205/199/141 235/229/171 206/200/142
f 206/200/142 235/229/171 227/221/163
f 233/227/169 236/230/172 188/182/124
f 188/182/124 236/230/172 189/183/125
f 219/213/155 237/231/173 195/189/131
f 195/189/131 237/231/173 196/190/132
f 220/214/156 238/232/174 200/194/136
f 200/194/136 238/232/174 226/220/162
f 189/183/125 239/233/175 190/184/126
f 190/184/126 239/233/175 218/212/154
f 225/219/161 240/234/176 193/187/129
f 193/187/129 240/234/176 222/216/158
f 196/190/132 241/235/177 197/191/133
f 197/191/133 241/235/177 234/228/170
f 237/231/173 242/236/178 196/190/132
f 196/190/132 242/236/178 241/235/177
f 202/196/138 243/237/179 203/197/139
f 203/197/139 243/237/179 223/217/159
f 223/217/159 244/238/180 205/199/141
f 205/199/141 244/238/180 235/229/171
f 226/220/162 245/239/181 201/195/137
f 201/195/137 245/239/181 202/196/138
f 236/230/172 246/240/182 189/183/125
f 189/183/125 246/240/182 239/233/175
f 245/239/181 247/241/183 202/196/138
f 202/196/138 247/241/183 243/237/179
f 217/211/153 231/225/167 215/209/151
f 231/225/167 233/227/169 232/226/168
f 218/212/154 239/233/175 240/234/176
f 218/212/154 240/234/176 225/219/161
f 219/213/155 222/216/158 242/236/178
f 219/213/155 242/236/178 237/231/173
f 234/228/170 241/235/177 238/232/174
f 234/228/170 238/232/174 220/214/156
f 238/232/174 245/239/181 226/220/162
f 243/237/179 244/238/180 223/217/159
f 227/221/163 235/229/171 228/222/164
f 227/221/163 228/222/164 216/210/152
f 228/222/164 230/224/166 229/223/165
f 221/215/157 248/242/184 217/211/153
f 217/211/153 248/242/184 249/243/185
f 217/211/153 249/243/185 231/225/167
f 231/225/167 249/243/185 250/244/186
f 231/225/167 250/244/186 233/227/169
f 233/227/169 250/244/186 251/245/187
f 233/227/169 251/245/187 236/230/172
f 236/230/172 251/245/187 252/246/188
f 236/230/172 252/246/188 246/240/182
f 246/240/182 252/246/188 253/247/189
f 246/240/182 253/247/189 239/233/175
f 239/233/175 253/247/189 254/248/190
f 239/233/175 254/248/190 240/234/176
f 240/234/176 254/248/190 255/249/191
f 240/234/176 255/249/191 222/216/158
f 222/216/158 255/249/191 256/250/192
f 222/216/158 256/250/192 242/236/178
f 242/236/178 256/250/192 257/251/193
f 242/236/178 257/251/193 258/252/194
f 242/236/178 258/252/194 241/235/177
f 241/235/177 258/252/194 259/253/195
f 241/235/177 259/253/195 238/232/174
f 238/232/174 259/253/195 260/254/196
f 238/232/174 260/254/196 245/239/181
f 245/239/181 260/254/196 261/255/197
f 245/239/181 261/255/197 247/241/183
f 247/241/183 261/255/197 262/256/198
f 247/241/183 262/256/198 243/237/179
f 243/237/179 262/256/198 263/257/199
f 243/237/179 263/257/199 244/238/180
f 244/238/180 263/257/199 264/258/200
f 244/238/180 264/258/200 235/229/171
f 235/229/171 264/258/200 265/259/201
f 235/229/171 265/259/201 228/222/164
f 228/222/164 265/259/201 266/260/202
f 228/222/164 266/260/202 230/224/166
f 230/224/166 266/260/202 267/261/203
f 230/224/166 267/261/203 224/218/160
f 268/262/204 269/263/205 248/242/184
f 248/242/184 269/263/205 249/243/185
f 249/243/185 269/263/205 270/264/206
f 249/243/185 270/264/206 271/265/207
f 249/243/185 271/265/207 250/244/186
f 250/244/186 271/265/207 251/245/187
f 251/245/187 271/265/207 272/266/208
f 251/245/187 272/266/208 252/246/188
f 252/246/188 272/266/208 273/267/209
f 252/246/188 273/267/209 253/247/189
f 253/247/189 273/267/209 274/268/210
f 253/247/189 274/268/210 254/248/190
f 254/248/190 274/268/210 275/269/211
f 254/248/190 275/269/211 276/270/212
f 254/248/190 276/270/212 255/249/191
f 255/249/191 276/270/212 256/250/192
f 256/250/192 276/270/212 277/271/213
f 256/250/192 277/271/213 257/251/193
f 257/251/193 277/271/213 278/272/214
f 257/251/193 278/272/214 258/252/194
f 258/252/194 278/272/214 279/273/215
f 258/252/194 279/273/215 259/253/195
f 259/253/195 279/273/215 280/274/216
f 259/253/195 280/274/216 281/275/217
f 259/253/195 281/275/217 260/254/196
f 260/254/196 281/275/217 261/255/197
f 261/255/197 281/275/217 282/276/218
f 261/255/197 282/276/218 262/256/198
f 262/256/198 282/276/218 283/277/219
f 262/256/198 283/277/219 263/257/199
f 263/257/199 283/277/219 284/278/220
f 263/257/199 284/278/220 264/258/200
f 264/258/200 284/278/220 285/279/221
f 264/258/200 285/279/221 286/280/222
f 264/258/200 286/280/222 265/259/201
f 265/259/201 286/280/222 266/260/202
f 266/260/202 286/280/222 287/281/223
f 266/260/202 287/281/223 267/261/203
f 267/261/203 287/281/223 288/282/224
f 268/262/204 289/283/225 290/284/226
f 268/262/204 290/284/226 269/263/205
f 269/263/205 290/284/226 291/285/227
f 269/263/205 291/285/227 270/264/206
f 270/264/206 291/285/227 292/286/228
f 270/264/206 292/286/228 271/265/207
f 271/265/207 292/286/228 293/287/229
f 271/265/207 293/287/229 272/266/208
f 272/266/208 293/287/229 294/288/230
f 272/266/208 294/288/230 273/267/209
f 273/267/209 294/288/230 274/268/210
f 274/268/210 294/288/230 295/289/231
f 274/268/210 295/289/231 275/269/211
f 275/269/211 295/289/231 296/290/232
f 275/269/211 296/290/232 276/270/212
f 276/270/212 296/290/232 297/291/233
f 276/270/212 297/291/233 277/271/213
f 277/271/213 297/291/233 298/292/234
f 277/271/213 298/292/234 278/272/214
f 278/272/214 298/292/234 279/273/215
f 279/273/215 298/292/234 299/293/235
f 279/273/215 299/293/235 280/274/216
f 280/274/216 299/293/235 300/294/236
f 280/274/216 300/294/236 281/275/217
f 281/275/217 300/294/236 301/295/237
f 281/275/217 301/295/237 282/276/218
f 282/276/218 301/295/237 302/296/238
f 282/276/218 302/296/238 283/277/219
f 283/277/219 302/296/238 284/278/220
f 284/278/220 302/296/238 303/297/239
f 284/278/220 303/297/239 285/279/221
f 285/279/221 303/297/239 304/298/240
f 285/279/221 304/298/240 286/280/222
f 286/280/222 304/298/240 305/299/241
f 286/280/222 305/299/241 287/281/223
f 287/281/223 305/299/241 306/300/242
f 287/281/223 306/300/242 288/282/224
f 290/284/226 307/301/243 291/285/227
f 291/285/227 307/301/243 308/302/244
f 291/285/227 308/302/244 309/303/245
f 291/285/227 309/303/245 292/286/228
f 292/286/228 309/303/245 310/304/246
f 292/286/228 310/304/246 311/305/247
f 292/286/228 311/305/247 293/287/229
f 293/287/229 311/305/247 312/306/248
f 293/287/229 312/306/248 313/307/249
f 293/287/229 313/307/249 294/288/230
f 294/288/230 313/307/249 314/308/250
f 294/288/230 314/308/250 315/309/251
f 294/288/230 315/309/251 295/289/231
f 295/289/231 315/309/251 316/310/252
f 295/289/231 316/310/252 317/311/253
f 295/289/231 317/311/253 296/290/232
f 296/290/232 317/311/253 318/312/254
f 296/290/232 318/312/254 319/313/255
f 296/290/232 319/313/255 297/291/233
f 297/291/233 319/313/255 320/314/256
f 297/291/233 320/314/256 321/315/257
f 297/291/233 321/315/257 298/292/234
f 298/292/234 321/315/257 322/316/258
f 298/292/234 322/316/258 323/317/259
f 298/292/234 323/317/259 299/293/235
f 299/293/235 323/317/259 324/318/260
f 299/293/235 324/318/260 325/319/261
f 299/293/235 325/319/261 300/294/236
f 300/294/236 325/319/261 326/320/262
f 300/294/236 326/320/262 327/321/263
f 300/294/236 327/321/263 301/295/237
f 301/295/237 327/321/263 328/322/264
f 301/295/237 328/322/264 329/323/265
f 301/295/237 329/323/265 302/296/238
f 302/296/238 329/323/265 330/324/266
f 302/296/238 330/324/266 331/325/267
f 302/296/238 331/325/267 303/297/239
f 303/297/239 331/325/267 332/326/268
f 303/297/239 332/326/268 333/327/269
f 303/297/239 333/327/269 304/298/240
f 304/298/240 333/327/269 334/328/270
f 304/298/240 334/328/270 335/329/271
f 304/298/240 335/329/271 305/299/241
f 305/299/241 335/329/271 336/330/272
f 305/299/241 336/330/272 306/300/242
f 289/283/225 337/331/273 338/332/274
f 289/283/225 338/332/274 290/284/226
f 290/284/226 338/332/274 307/301/243
f 307/301/243 338/332/274 339/333/275
f 307/301/243 339/333/275 308/302/244
f 308/302/244 339/333/275 340/334/276
f 308/302/244 340/334/276 309/303/245
f 309/303/245 340/334/276 310/304/246
f 310/304/246 340/334/276 341/335/277
f 310/304/246 341/335/277 311/305/247
f 311/305/247 341/335/277 312/306/248
f 312/306/248 341/335/277 342/336/278
f 312/306/248 342/336/278 313/307/249
f 313/307/249 342/336/278 343/337/279
f 313/307/249 343/337/279 314/308/250
f 314/308/250 343/337/279 315/309/251
f 315/309/251 343/337/279 344/338/280
f 315/309/251 344/338/280 316/310/252
f 316/310/252 344/338/280 345/339/281
f 316/310/252 345/339/281 317/311/253
f 317/311/253 345/339/281 318/312/254
f 318/312/254 345/339/281 346/340/282
f 318/312/254 346/340/282 319/313/255
f 319/313/255 346/340/282 320/314/256
f 320/314/256 346/340/282 347/341/283
f 320/314/256 347/341/283 321/315/257
f 321/315/257 347/341/283 348/342/284
f 321/315/257 348/342/284 322/316/258
f 322/316/258 348/342/284 323/317/259
f 323/317/259 348/342/284 349/343/285
f 323/317/259 349/343/285 324/318/260
f 324/318/260 349/343/285 350/344/286
f 324/318/260 350/344/286 325/319/261
f 325/319/261 350/344/286 326/320/262
f 326/320/262 350/344/286 351/345/287
f 326/320/262 351/345/287 327/321/263
f 327/321/263 351/345/287 328/322/264
f 328/322/264 351/345/287 352/346/288
f 328/322/264 352/346/288 329/323/265
f 329/323/265 352/346/288 353/347/289
f 329/323/265 353/347/289 330/324/266
f 330/324/266 353/347/289 331/325/267
f 331/325/267 353/347/289 354/348/290
f 331/325/267 354/348/290 332/326/268
f 332/326/268 354/348/290 355/349/291
f 332/326/268 355/349/291 333/327/269
f 333/327/269 355/349/291 334/328/270
f 334/328/270 355/349/291 356/350/292
f 334/328/270 356/350/292 335/329/271
f 335/329/271 356/350/292 336/330/272
f 336/330/272 356/350/292 357/351/293
f 336/330/272 357/351/293 306/300/242
f 337/331/273 358/352/294 338/332/274
f 338/332/274 358/352/294 339/333/275
f 339/333/275 359/353/295 340/334/276
f 340/334/276 359/353/295 360/354/296
f 340/334/276 360/354/296 341/335/277
f 341/335/277 360/354/296 342/336/278
f 342/336/278 361/355/297 343/337/279
f 343/337/279 361/355/297 344/338/280
f 344/338/280 362/356/298 345/339/281
f 345/339/281 362/356/298 363/357/299
f 345/339/281 363/357/299 346/340/282
f 346/340/282 363/357/299 347/341/283
f 347/341/283 364/358/300 348/342/284
f 348/342/284 364/358/300 349/343/285
f 349/343/285 365/359/301 350/344/286
f 350/344/286 365/359/301 366/360/302
f 350/344/286 366/360/302 351/345/287
f 351/345/287 366/360/302 352/346/288
f 352/346/288 367/361/303 353/347/289
f 353/347/289 367/361/303 354/348/290
f 354/348/290 368/362/304 355/349/291
f 355/349/291 368/362/304 369/363/305
f 355/349/291 369/363/305 356/350/292
f 356/350/292 369/363/305 357/351/293
f 337/331/273 370/364/306 358/352/294
f 370/364/306 371/365/307 358/352/294
f 358/352/294 371/365/307 372/366/308
f 358/352/294 372/366/308 339/333/275
f 339/333/275 372/366/308 359/353/295
f 359/353/295 372/366/308 373/367/309
f 359/353/295 373/367/309 374/368/310
f 359/353/295 374/368/310 360/354/296
f 360/354/296 374/368/310 375/369/311
f 360/354/296 375/369/311 342/336/278
f 342/336/278 375/369/311 376/370/312
f 342/336/278 376/370/312 361/355/297
f 361/355/297 376/370/312 377/371/313
f 361/355/297 377/371/313 344/338/280
f 344/338/280 377/371/313 362/356/298
f 362/356/298 377/371/313 378/372/314
f 362/356/298 378/372/314 379/373/315
f 362/356/298 379/373/315 363/357/299
f 363/357/299 379/373/315 380/374/316
f 363/357/299 380/374/316 347/341/283
f 347/341/283 380/374/316 381/375/317
f 347/341/283 381/375/317 364/358/300
f 364/358/300 381/375/317 382/376/318
f 364/358/300 382/376/318 349/343/285
f 349/343/285 382/376/318 365/359/301
f 365/359/301 382/376/318 383/377/319
f 365/359/301 383/377/319 384/378/320
f 365/359/301 384/378/320 366/360/302
f 366/360/302 384/378/320 385/379/321
f 366/360/302 385/379/321 352/346/288
f 352/346/288 385/379/321 386/380/322
f 352/346/288 386/380/322 367/361/303
f 367/361/303 386/380/322 387/381/323
f 367/361/303 387/381/323 354/348/290
f 354/348/290 387/381/323 368/362/304
f 368/362/304 387/381/323 388/382/324
f 368/362/304 388/382/324 389/383/325
f 368/362/304 389/383/325 369/363/305
f 369/363/305 389/383/325 390/384/326
f 369/363/305 390/384/326 357/351/293
f 370/364/306 391/385/327 371/365/307
f 371/365/307 391/385/327 392/386/328
f 371/365/307 392/386/328 372/366/308
f 372/366/308 392/386/328 393/387/329
f 372/366/308 393/387/329 373/367/309
f 373/367/309 393/387/329 394/388/330
f 373/367/309 394/388/330 374/368/310
f 374/368/310 394/388/330 375/369/311
f 376/370/312 375/369/311 395/389/331
f 376/370/312 395/389/331 377/371/313
f 377/371/313 395/389/331 396/390/332
f 377/371/313 396/390/332 378/372/314
f 378/372/314 396/390/332 397/391/333
f 378/372/314 397/391/333 379/373/315
f 379/373/315 397/391/333 380/374/316
f 381/375/317 380/374/316 398/392/334
f 381/375/317 398/392/334 382/376/318
f 382/376/318 398/392/334 399/393/335
f 382/376/318 399/393/335 383/377/319
f 383/377/319 399/393/335 400/394/336
f 383/377/319 400/394/336 384/378/320
f 384/378/320 400/394/336 385/379/321
f 386/380/322 385/379/321 401/395/337
f 386/380/322 401/395/337 387/381/323
f 387/381/323 401/395/337 402/396/338
f 387/381/323 402/396/338 388/382/324
f 388/382/324 402/396/338 403/397/339
f 388/382/324 403/397/339 389/383/325
f 389/383/325 403/397/339 390/384/326
f 370/364/306 404/398/340 405/399/341
f 370/364/306 405/399/341 391/385/327
f 391/385/327 405/399/341 406/400/342
f 391/385/327 406/400/342 392/386/328
f 392/386/328 406/400/342 407/401/343
f 392/386/328 407/401/343 393/387/329
f 393/387/329 407/401/343 408/402/344
f 393/387/329 408/402/344 394/388/330
f 394/388/330 408/402/344 409/403/345
f 394/388/330 409/403/345 410/404/346
f 394/388/330 410/404/346 375/369/311
f 375/369/311 410/404/346 411/405/347
f 375/369/311 411/405/347 412/406/348
f 375/369/311 412/406/348 395/389/331
f 395/389/331 412/406/348 413/407/349
f 395/389/331 413/407/349 396/390/332
f 396/390/332 413/407/349 414/408/350
f 396/390/332 414/408/350 397/391/333
f 397/391/333 414/408/350 415/409/351
f 397/391/333 415/409/351 416/410/352
f 397/391/333 416/410/352 380/374/316
f 380/374/316 416/410/352 417/411/353
f 380/374/316 417/411/353 418/412/354
f 380/374/316 418/412/354 398/392/334
f 398/392/334 418/412/354 419/413/355
f 398/392/334 419/413/355 399/393/335
f 399/393/335 419/413/355 420/414/356
f 399/393/335 420/414/356 400/394/336
f 400/394/336 420/414/356 421/415/357
f 400/394/336 421/415/357 422/416/358
f 400/394/336 422/416/358 385/379/321
f 385/379/321 422/416/358 423/417/359
f 385/379/321 423/417/359 424/418/360
f 385/379/321 424/418/360 401/395/337
f 401/395/337 424/418/360 425/419/361
f 401/395/337 425/419/361 402/396/338
f 402/396/338 425/419/361 426/420/362
f 402/396/338 426/420/362 403/397/339
f 403/397/339 426/420/362 427/421/363
f 403/397/339 427/421/363 390/384/326
f 427/421/363 428/422/364 390/384/326
f 406/400/342 429/423/365 407/401/343
f 407/401/343 429/423/365 408/402/344
f 412/406/348 430/424/366 413/407/349
f 413/407/349 430/424/366 414/408/350
f 418/412/354 431/425/367 419/413/355
f 419/413/355 431/425/367 420/414/356
f 424/418/360 432/426/368 425/419/361
f 425/419/361 432/426/368 426/420/362
f 405/399/341 429/423/365 406/400/342
f 429/423/365 409/403/345 408/402/344
f 409/403/345 411/405/347 410/404/346
f 430/424/366 415/409/351 414/408/350
f 415/409/351 417/411/353 416/410/352
f 431/425/367 421/415/357 420/414/356
f 421/415/357 423/417/359 422/416/358
f 432/426/368 427/421/363 426/420/362
f 405/399/341 404/398/340 429/423/365
f 411/405/347 430/424/366 412/406/348
f 417/411/353 431/425/367 418/412/354
f 423/417/359 432/426/368 424/418/360
f 404/398/340 433/427/369 434/428/370
f 404/398/340 434/428/370 429/423/365
f 429/423/365 434/428/370 435/429/371
f 429/423/365 435/429/371 409/403/345
f 409/403/345 435/429/371 436/430/372
f 409/403/345 436/430/372 411/405/347
f 411/405/347 436/430/372 437/431/373
f 411/405/347 437/431/373 430/424/366
f 430/424/366 437/431/373 438/432/374
f 430/424/366 438/432/374 415/409/351
f 415/409/351 438/432/374 417/411/353
f 417/411/353 438/432/374 439/433/375
f 417/411/353 439/433/375 431/425/367
f 431/425/367 439/433/375 440/434/376
f 431/425/367 440/434/376 421/415/357
f 421/415/357 440/434/376 441/435/377
f 421/415/357 441/435/377 423/417/359
f 423/417/359 441/435/377 432/426/368
f 432/426/368 441/435/377 442/436/378
f 432/426/368 442/436/378 427/421/363
f 427/421/363 442/436/378 443/437/379
f 427/421/363 443/437/379 428/422/364
f 434/428/370 444/438/380 435/429/371
f 435/429/371 444/438/380 445/439/381
f 435/429/371 445/439/381 436/430/372
f 436/430/372 446/440/382 437/431/383
f 437/431/383 447/441/384 438/432/385
f 438/432/385 447/441/384 448/442/386
f 438/432/385 448/442/386 449/443/387
f 438/432/385 449/443/387 439/433/375
f 440/434/376 450/444/388 441/435/377
f 442/436/378 451/445/389 443/437/390
f 433/427/369 453/446/391 434/428/370
f 434/428/370 453/446/391 454/447/392
f 434/428/370 454/447/392 444/438/380
f 444/438/380 454/447/392 455/448/393
f 444/438/380 455/448/393 445/439/381
f 445/439/381 456/449/394 436/430/372
f 436/430/372 456/449/394 457/450/395
f 436/430/372 457/450/395 446/440/382
f 446/440/382 457/450/395 458/451/396
f 446/440/382 458/451/396 437/431/383
f 437/431/383 458/451/396 459/452/397
f 437/431/383 459/452/397 447/441/384
f 448/442/386 460/453/398 449/443/387
f 449/443/387 460/453/398 461/454/399
f 449/443/387 461/454/399 439/433/375
f 439/433/375 461/454/399 462/455/400
f 439/433/375 462/455/400 463/456/401
f 439/433/375 463/456/401 440/434/376
f 440/434/376 463/456/401 450/444/388
f 450/444/388 464/457/402 441/435/377
f 441/435/377 464/457/402 465/458/403
f 441/435/377 465/458/403 442/436/378
f 442/436/378 465/458/403 466/459/404
f 442/436/378 466/459/404 451/445/389
f 451/445/389 467/460/405 443/437/390
f 443/437/390 467/460/405 452/461/406
f 445/439/381 455/448/393 468/462/407
f 445/439/381 468/462/407 456/449/394
f 456/449/394 468/462/407 457/450/395
f 447/441/384 459/452/397 469/463/408
f 447/441/384 469/463/408 448/442/386
f 448/442/386 469/463/408 460/453/398
f 450/444/388 463/456/401 464/457/402
f 451/445/389 466/459/404 467/460/405
f 467/460/405 470/464/409 452/461/406
f 453/446/391 471/465/410 472/466/411
f 453/446/391 472/466/411 454/447/392
f 454/447/392 472/466/411 473/467/412
f 454/447/392 473/467/412 455/448/393
f 455/448/393 473/467/412 468/462/407
f 468/462/407 474/468/413 457/450/395
f 457/450/395 474/468/413 458/451/396
f 458/451/396 474/468/413 475/469/414
f 458/451/396 475/469/414 459/452/397
f 459/452/397 475/469/414 469/463/408
f 469/463/408 476/470/415 460/453/398
f 460/453/398 476/470/415 461/454/399
f 461/454/399 476/470/415 477/471/416
f 461/454/399 477/471/416 462/455/400
f 462/455/400 477/471/416 478/472/417
f 462/455/400 478/472/417 463/456/401
f 463/456/401 478/472/417 479/473/418
f 463/456/401 479/473/418 464/457/402
f 464/457/402 479/473/418 465/458/403
f 465/458/403 479/473/418 480/474/419
f 465/458/403 480/474/419 466/459/404
f 466/459/404 480/474/419 481/475/420
f 466/459/404 481/475/420 467/460/405
f 467/460/405 481/475/420 470/464/409
f 471/465/410 482/476/421 472/466/411
f 472/466/411 482/476/421 473/467/412
f 473/467/412 482/476/421 483/477/422
f 473/467/412 483/477/422 468/462/407
f 468/462/407 483/477/422 484/478/423
f 468/462/407 484/478/423 474/468/413
f 474/468/413 484/478/423 485/479/424
f 474/468/413 485/479/424 475/469/414
f 475/469/414 485/479/424 486/480/425
f 475/469/414 486/480/425 469/463/408
f 469/463/408 486/480/425 487/481/426
f 469/463/408 487/481/426 476/470/415
f 476/470/415 487/481/426 488/482/427
f 476/470/415 488/482/427 477/471/416
f 477/471/416 488/482/427 489/483/428
f 477/471/416 489/483/428 478/472/417
f 478/472/417 489/483/428 490/484/429
f 478/472/417 490/484/429 479/473/418
f 479/473/418 490/484/429 491/485/430
f 479/473/418 491/485/430 480/474/419
f 480/474/419 491/485/430 492/486/431
f 480/474/419 492/486/431 481/475/420
f 492/486/431 493/487/432 481/475/420
f 481/475/420 493/487/432 494/488/433
f 481/475/420 494/488/433 470/464/409
f 471/465/410 495/489/434 496/490/435
f 471/465/410 496/490/435 482/476/421
f 482/476/421 496/490/435 483/477/422
f 483/477/422 496/490/435 497/491/436
f 483/477/422 497/491/436 484/478/423
f 486/480/425 485/479/424 498/492/437
f 486/480/425 498/492/437 487/481/426
f 489/483/428 488/482/427 499/493/438
f 489/483/428 499/493/438 490/484/429
f 492/486/431 491/485/430 493/487/432
f 496/490/435 495/489/434 500/494/439
f 496/490/435 500/494/439 497/491/436
f 497/491/436 500/494/439 501/495/440
f 497/491/436 501/495/440 484/478/423
f 484/478/423 501/495/440 485/479/424
f 485/479/424 501/495/440 502/496/441
f 485/479/424 502/496/441 498/492/437
f 498/492/437 502/496/441 503/497/442
f 498/492/437 503/497/442 487/481/426
f 487/481/426 503/497/442 488/482/427
f 488/482/427 503/497/442 504/498/443
f 488/482/427 504/498/443 499/493/438
f 499/493/438 504/498/443 505/499/444
f 499/493/438 505/499/444 490/484/429
f 490/484/429 505/499/444 491/485/430
f 491/485/430 505/499/444 506/500/445
f 491/485/430 506/500/445 493/487/432
f 493/487/432 506/500/445 507/501/446
f 493/487/432 507/501/446 494/488/433
f 504/498/443 516/502/447 505/499/444
f 495/489/434 513/503/448 500/494/439
f 500/494/439 513/503/448 501/495/440
f 514/504/449 509/505/450 501/495/440
f 501/495/440 509/505/450 502/496/441
f 502/496/441 510/506/451 503/497/442
f 503/497/442 516/502/447 504/498/443
f 516/502/447 511/507/452 505/499/444
f 505/499/444 512/508/453 506/500/445
f 506/500/445 515/509/454 507/501/446
f 508/510/455 513/503/448 495/489/434
f 513/503/448 514/504/449 501/495/440
f 505/499/444 511/507/452 512/508/453
f 506/500/445 512/508/453 515/509/454
f 502/496/441 509/505/450 510/506/451
f 510/506/451 516/502/447 503/497/442
f 515/509/454 517/511/456 507/501/446
f 508/510/455 518/512/457 513/503/448
f 513/503/448 525/513/458 519/514/459
f 513/503/448 519/514/459 514/504/449
f 514/504/449 520/515/460 509/505/450
f 509/505/450 521/516/461 510/506/451
f 510/506/451 522/517/462 516/502/447
f 516/502/447 523/518/463 511/507/452
f 511/507/452 524/519/464 512/508/453
f 508/510/455 526/520/465 518/512/457
f 526/520/465 527/521/466 518/512/457
f 518/512/457 527/521/466 528/522/467
f 518/512/457 528/522/467 529/523/468
f 518/512/457 529/523/468 513/503/448
f 513/503/448 529/523/468 525/513/458
f 525/513/458 529/523/468 530/524/469
f 525/513/458 530/524/469 519/514/459
f 519/514/459 530/524/469 531/525/470
f 519/514/459 531/525/470 532/526/471
f 519/514/459 532/526/471 514/504/449
f 514/504/449 532/526/471 520/515/460
f 520/515/460 532/526/471 533/527/472
f 520/515/460 533/527/472 534/528/473
f 520/515/460 534/528/473 509/505/450
f 509/505/450 534/528/473 521/516/461
f 521/516/461 534/528/473 535/529/474
f 521/516/461 535/529/474 536/530/475
f 521/516/461 536/530/475 510/506/451
f 510/506/451 536/530/475 522/517/462
f 522/517/462 536/530/475 537/531/476
f 522/517/462 537/531/476 538/532/477
f 522/517/462 538/532/477 516/502/447
f 516/502/447 538/532/477 523/518/463
f 523/518/463 538/532/477 539/533/478
f 523/518/463 539/533/478 511/507/452
f 511/507/452 539/533/478 540/534/479
f 511/507/452 540/534/479 524/519/464
f 524/519/464 540/534/479 541/535/480
f 524/519/464 541/535/480 512/508/453
f 512/508/453 541/535/480 542/536/481
f 512/508/453 542/536/481 515/509/454
f 515/509/454 542/536/481 543/537/482
f 515/509/454 543/537/482 517/511/456
f 526/520/465 544/538/483 527/521/466
f 544/538/483 545/539/484 527/521/466
f 527/521/466 545/539/484 528/522/467
f 528/522/467 545/539/484 546/540/485
f 528/522/467 546/540/485 529/523/468
f 529/523/468 546/540/485 547/541/486
f 529/523/468 547/541/486 530/524/469
f 530/524/469 547/541/486 548/542/487
f 530/524/469 548/542/487 531/525/470
f 531/525/470 548/542/487 549/543/488
f 531/525/470 549/543/488 532/526/471
f 532/526/471 549/543/488 550/544/489
f 532/526/471 550/544/489 533/527/472
f 533/527/472 550/544/489 551/545/490
f 533/527/472 551/545/490 534/528/473
f 534/528/473 551/545/490 552/546/491
f 534/528/473 552/546/491 535/529/474
f 535/529/474 552/546/491 553/547/492
f 535/529/474 553/547/492 536/530/475
f 536/530/475 553/547/492 554/548/493
f 536/530/475 554/548/493 537/531/476
f 537/531/476 554/548/493 555/549/494
f 537/531/476 555/549/494 538/532/477
f 538/532/477 555/549/494 556/550/495
f 538/532/477 556/550/495 539/533/478
f 539/533/478 556/550/495 557/551/496
f 539/533/478 557/551/496 540/534/479
f 540/534/479 557/551/496 558/552/497
f 540/534/479 558/552/497 541/535/480
f 541/535/480 558/552/497 559/553/498
f 541/535/480 559/553/498 542/536/481
f 542/536/481 559/553/498 560/554/499
f 542/536/481 560/554/499 543/537/482
f 550/544/489 549/543/488 551/545/490
f 552/546/491 551/545/490 553/547/492
f 554/548/493 553/547/492 555/549/494
f 556/550/495 555/549/494 557/551/496
f 559/553/498 558/552/497 560/554/499
f 546/540/485 545/539/484 547/541/486
f 544/538/483 561/555/500 545/539/484
f 548/542/487 562/556/501 549/543/488
f 551/545/490 563/557/502 553/547/492
f 553/547/492 577/558/503 555/549/494
f 555/549/494 564/559/504 557/551/496
f 557/551/496 578/560/505 558/552/497
f 545/539/484 565/561/506 547/541/486
f 547/541/486 566/562/507 548/542/487
f 548/542/487 566/562/507 562/556/501
f 551/545/490 575/563/508 563/557/502
f 563/557/502 567/564/509 553/547/492
f 577/558/503 568/565/510 555/549/494
f 555/549/494 568/565/510 564/559/504
f 561/555/500 570/566/511 545/539/484
f 545/539/484 570/566/511 565/561/506
f 547/541/486 565/561/506 571/567/512
f 547/541/486 571/567/512 572/568/513
f 547/541/486 572/568/513 566/562/507
f 562/556/501 573/569/514 549/543/488
f 549/543/488 573/569/514 574/570/515
f 549/543/488 574/570/515 575/563/508
f 549/543/488 575/563/508 551/545/490
f 567/564/509 576/571/516 553/547/492
f 553/547/492 576/571/516 577/558/503
f 557/551/496 564/559/504 578/560/505
f 578/560/505 579/572/517 558/552/497
f 558/552/497 579/572/517 569/573/518
f 558/552/497 569/573/518 580/574/519
f 558/552/497 580/574/519 560/554/499
f 561/555/500 581/575/520 570/566/511
f 572/568/513 582/576/521 566/562/507
f 574/570/515 583/577/522 575/563/508
f 561/555/500 584/578/523 581/575/520
f 566/562/507 582/576/521 562/556/501
f 573/569/514 585/579/524 574/570/515
f 577/558/503 586/580/525 568/565/510
f 568/565/510 587/581/526 564/559/504
f 564/559/504 587/581/526 578/560/505
f 569/573/518 595/582/527 588/583/528
f 569/573/518 588/583/528 580/574/519
f 570/566/511 581/575/520 565/561/506
f 582/576/521 589/584/529 562/556/501
f 562/556/501 589/584/529 573/569/514
f 573/569/514 589/584/529 585/579/524
f 575/563/508 583/577/522 590/585/530
f 575/563/508 590/585/530 563/557/502
f 576/571/516 591/586/531 577/558/503
f 577/558/503 591/586/531 586/580/525
f 568/565/510 586/580/525 587/581/526
f 578/560/505 594/587/532 579/572/517
f 565/561/506 581/575/520 592/588/533
f 565/561/506 592/588/533 571/567/512
f 571/567/512 592/588/533 593/589/534
f 571/567/512 593/589/534 572/568/513
f 572/568/513 593/589/534 582/576/521
f 563/557/502 590/585/530 567/564/509
f 567/564/509 590/585/530 576/571/516
f 587/581/526 594/587/532 578/560/505
f 574/570/515 585/579/524 583/577/522
f 576/571/516 590/585/530 591/586/531
f 594/587/532 595/582/527 579/572/517
f 579/572/517 595/582/527 569/573/518
f 585/579/524 596/590/535 583/577/522
f 581/575/520 610/591/536 592/588/533
f 590/585/530 606/592/537 591/586/531
f 594/587/532 607/593/538 595/582/527
f 593/589/534 602/594/539 582/576/521
f 589/584/529 596/590/535 585/579/524
f 583/577/522 599/595/540 590/585/530
f 591/586/531 597/596/541 586/580/525
f 582/576/521 598/597/542 589/584/529
f 589/584/529 598/597/542 596/590/535
f 596/590/535 599/595/540 583/577/522
f 587/581/526 600/598/543 594/587/532
f 584/578/523 601/599/544 581/575/520
f 592/588/533 611/600/545 602/594/539
f 592/588/533 602/594/539 593/589/534
f 606/592/537 603/601/546 591/586/531
f 591/586/531 603/601/546 597/596/541
f 586/580/525 604/602/547 587/581/526
f 607/593/538 605/603/548 595/582/527
f 582/576/521 613/604/549 598/597/542
f 586/580/525 597/596/541 604/602/547
f 587/581/526 604/602/547 600/598/543
f 595/582/527 608/605/550 588/583/528
f 612/606/551 606/592/537 590/585/530
f 600/598/543 607/593/538 594/587/532
f 605/603/548 608/605/550 595/582/527
f 608/605/550 609/607/552 588/583/528
f 601/599/544 610/591/536 581/575/520
f 610/591/536 611/600/545 592/588/533
f 599/595/540 612/606/551 590/585/530
f 602/594/539 613/604/549 582/576/521
f 601/599/544 614/608/553 610/591/536
f 602/594/539 615/609/554 613/604/549
f 596/590/535 616/610/555 599/595/540
f 599/595/540 617/611/556 612/606/551
f 603/601/546 618/612/557 597/596/541
f 597/596/541 619/613/558 604/602/547
f 605/603/548 620/614/559 608/605/550
f 608/605/550 621/615/560 609/607/552
f 614/608/553 622/616/561 610/591/536
f 602/594/539 626/617/562 615/609/554
f 613/604/549 615/609/554 623/618/563
f 613/604/549 623/618/563 598/597/542
f 599/595/540 616/610/555 617/611/556
f 612/606/551 617/611/556 606/592/537
f 597/596/541 629/619/564 619/613/558
f 604/602/547 619/613/558 600/598/543
f 600/598/543 624/620/565 607/593/538
f 608/605/550 620/614/559 621/615/560
f 622/616/561 625/621/566 610/591/536
f 610/591/536 625/621/566 611/600/545
f 611/600/545 625/621/566 626/617/562
f 611/600/545 626/617/562 602/594/539
f 598/597/542 623/618/563 627/622/567
f 598/597/542 627/622/567 596/590/535
f 617/611/556 628/623/568 606/592/537
f 606/592/537 628/623/568 603/601/546
f 603/601/546 628/623/568 618/612/557
f 618/612/557 629/619/564 597/596/541
f 607/593/538 624/620/565 605/603/548
f 596/590/535 627/622/567 616/610/555
f 600/598/543 619/613/558 624/620/565
f 605/603/548 624/620/565 620/614/559
f 614/608/553 630/624/569 622/616/561
f 622/616/561 630/624/569 625/621/566
f 625/621/566 630/624/569 631/625/570
f 625/621/566 631/625/570 626/617/562
f 626/617/562 631/625/570 632/626/571
f 626/617/562 632/626/571 615/609/554
f 615/609/554 632/626/571 633/627/572
f 615/609/554 633/627/572 623/618/563
f 623/618/563 633/627/572 627/622/567
f 616/610/555 627/622/567 634/628/573
f 616/610/555 634/628/573 617/611/556
f 617/611/556 634/628/573 635/629/574
f 617/611/556 635/629/574 628/623/568
f 628/623/568 635/629/574 618/612/557
f 629/619/564 618/612/557 636/630/575
f 629/619/564 636/630/575 619/613/558
f 619/613/558 636/630/575 637/631/576
f 619/613/558 637/631/576 624/620/565
f 624/620/565 637/631/576 638/632/577
f 624/620/565 638/632/577 639/633/578
f 624/620/565 639/633/578 620/614/559
f 620/614/559 639/633/578 621/615/560
f 614/608/553 640/634/579 630/624/569
f 627/622/567 641/635/580 634/628/573
f 618/612/557 642/636/581 636/630/575
f 630/624/569 643/637/582 631/625/570
f 633/627/572 644/638/583 627/622/567
f 627/622/567 644/638/583 641/635/580
f 635/629/574 645/639/584 618/612/557
f 618/612/557 645/639/584 642/636/581
f 639/633/578 646/640/585 621/615/560
f 640/634/579 647/641/586 630/624/569
f 630/624/569 647/641/586 643/637/582
f 631/625/570 654/642/587 632/626/571
f 632/626/571 654/642/587 648/643/588
f 632/626/571 648/643/588 633/627/572
f 633/627/572 648/643/588 644/638/583
f 641/635/580 655/644/589 634/628/573
f 634/628/573 655/644/589 649/645/590
f 634/628/573 649/645/590 635/629/574
f 635/629/574 649/645/590 645/639/584
f 642/636/581 656/646/591 636/630/575
f 636/630/575 656/646/591 650/647/592
f 636/630/575 650/647/592 637/631/576
f 637/631/576 651/648/593 638/632/577
f 638/632/577 651/648/593 652/649/594
f 638/632/577 652/649/594 639/633/578
f 639/633/578 652/649/594 646/640/585
f 640/634/579 653/650/595 647/641/586
f 643/637/582 654/642/587 631/625/570
f 644/638/583 655/644/589 641/635/580
f 645/639/584 656/646/591 642/636/581
f 637/631/576 650/647/592 651/648/593
f 647/641/586 657/651/596 643/637/582
f 643/637/582 657/651/596 654/642/587
f 654/642/587 658/652/597 648/643/588
f 648/643/588 664/653/598 644/638/583
f 644/638/583 664/653/598 655/644/589
f 655/644/589 659/654/599 649/645/590
f 649/645/590 667/655/600 645/639/584
f 645/639/584 667/655/600 656/646/591
f 656/646/591 660/656/601 650/647/592
f 650/647/592 670/657/602 651/648/593
f 651/648/593 670/657/602 661/658/603
f 651/648/593 661/658/603 652/649/594
f 652/649/594 661/658/603 646/640/585
f 653/650/595 662/659/604 647/641/586
f 647/641/586 662/659/604 657/651/596
f 654/642/587 657/651/596 663/660/605
f 654/642/587 663/660/605 658/652/597
f 658/652/597 664/653/598 648/643/588
f 664/653/598 665/661/606 655/644/589
f 655/644/589 665/661/606 666/662/607
f 655/644/589 666/662/607 659/654/599
f 659/654/599 667/655/600 649/645/590
f 667/655/600 668/663/608 656/646/591
f 656/646/591 668/663/608 669/664/609
f 656/646/591 669/664/609 660/656/601
f 660/656/601 670/657/602 650/647/592
f 661/658/603 671/665/610 646/640/585
f 653/650/595 672/666/611 673/667/612
f 653/650/595 673/667/612 662/659/604
f 662/659/604 673/667/612 674/668/613
f 662/659/604 674/668/613 657/651/596
f 657/651/596 674/668/613 675/669/614
f 657/651/596 675/669/614 663/660/605
f 663/660/605 675/669/614 676/670/615
f 663/660/605 676/670/615 658/652/597
f 658/652/597 676/670/615 677/671/616
f 658/652/597 677/671/616 664/653/598
f 664/653/598 677/671/616 678/672/617
f 664/653/598 678/672/617 665/661/606
f 665/661/606 678/672/617 679/673/618
f 665/661/606 679/673/618 666/662/607
f 666/662/607 679/673/618 680/674/619
f 666/662/607 680/674/619 659/654/599
f 659/654/599 680/674/619 681/675/620
f 659/654/599 681/675/620 682/676/621
f 659/654/599 682/676/621 667/655/600
f 667/655/600 682/676/621 683/677/622
f 667/655/600 683/677/622 668/663/608
f 668/663/608 683/677/622 684/678/623
f 668/663/608 684/678/623 669/664/609
f 669/664/609 684/678/623 685/679/624
f 669/664/609 685/679/624 660/656/601
f 660/656/601 685/679/624 686/680/625
f 660/656/601 686/680/625 670/657/602
f 670/657/602 686/680/625 687/681/626
f 670/657/602 687/681/626 661/658/603
f 661/658/603 687/681/626 671/665/610
f 671/665/610 687/681/626 696/682/627
f 672/666/611 688/683/628 673/667/612
f 673/667/612 688/683/628 689/684/629
f 673/667/612 689/684/629 674/668/613
f 674/668/613 689/684/629 690/685/630
f 674/668/613 690/685/630 675/669/614
f 675/669/614 691/686/631 676/670/615
f 676/670/615 692/687/632 677/671/616
f 677/671/616 692/687/632 693/688/633
f 677/671/616 693/688/633 678/672/617
f 678/672/617 693/688/633 694/689/634
f 678/672/617 694/689/634 679/673/618
f 686/680/625 695/690/635 687/681/626
f 687/681/626 695/690/635 696/682/627
f 672/666/611 697/691/636 688/683/628
f 688/683/628 697/691/636 698/692/637
f 688/683/628 698/692/637 689/684/629
f 689/684/629 698/692/637 699/693/638
f 689/684/629 699/693/638 690/685/630
f 690/685/630 699/693/638 99/694/639
f 690/685/630 99/694/639 675/669/614
f 675/669/614 99/694/639 782/695/640
f 692/687/632 700/696/641 693/688/633
f 693/688/633 700/696/641 701/697/642
f 693/688/633 701/697/642 694/689/634
f 694/689/634 701/697/642 702/698/643
f 694/689/634 702/698/643 679/673/618
f 679/673/618 702/698/643 680/674/619
f 680/674/619 702/698/643 703/699/644
f 680/674/619 703/699/644 704/700/645
f 680/674/619 704/700/645 681/675/620
f 681/675/620 704/700/645 682/676/621
f 682/676/621 704/700/645 705/701/646
f 682/676/621 705/701/646 683/677/622
f 683/677/622 705/701/646 706/702/647
f 685/679/624 104/703/648 707/704/649
f 685/679/624 707/704/649 686/680/625
f 686/680/625 707/704/649 708/705/650
f 686/680/625 708/705/650 695/690/635
f 695/690/635 708/705/650 709/706/651
f 695/690/635 709/706/651 696/682/627
f 710/99/41 711/707/652 692/687/632
f 692/687/632 711/707/652 700/696/641
f 697/691/636 713/708/653 714/709/654
f 697/691/636 714/709/654 698/692/637
f 698/692/637 714/709/654 699/693/638
f 699/693/638 714/709/654 100/710/655
f 710/99/41 107/101/43 711/707/652
f 711/707/652 715/711/656 700/696/641
f 700/696/641 715/711/656 701/697/642
f 701/697/642 715/711/656 716/712/657
f 701/697/642 716/712/657 702/698/643
f 702/698/643 716/712/657 703/699/644
f 703/699/644 716/712/657 717/713/658
f 703/699/644 717/713/658 704/700/645
f 704/700/645 717/713/658 718/714/659
f 704/700/645 718/714/659 705/701/646
f 705/701/646 718/714/659 719/715/660
f 705/701/646 719/715/660 706/702/647
f 707/704/649 105/716/661 720/717/662
f 707/704/649 720/717/662 708/705/650
f 708/705/650 720/717/662 709/706/651
f 709/706/651 720/717/662 721/718/663
f 714/709/654 713/708/653 101/719/664
f 714/709/654 101/719/664 100/710/655
f 107/101/43 722/720/665 711/707/652
f 711/707/652 722/720/665 723/721/666
f 711/707/652 723/721/666 715/711/656
f 715/711/656 723/721/666 716/712/657
f 716/712/657 723/721/666 724/722/667
f 716/712/657 724/722/667 717/713/658
f 717/713/658 724/722/667 725/723/668
f 717/713/658 725/723/668 718/714/659
f 718/714/659 725/723/668 719/715/660
f 105/716/661 102/724/669 720/717/662
f 720/717/662 102/724/669 721/718/663
f 713/708/653 726/725/670 101/719/664
f 103/100/42 727/726/671 107/101/43
f 107/101/43 727/726/671 722/720/665
f 722/720/665 728/727/672 723/721/666
f 723/721/666 728/727/672 729/728/673
f 723/721/666 729/728/673 724/722/667
f 724/722/667 729/728/673 725/723/668
f 725/723/668 730/729/674 719/715/660
f 719/715/660 730/729/674 731/730/675
f 719/715/660 731/730/675 106/731/676
f 102/724/669 732/732/677 721/718/663
f 733/733/678 734/734/679 735/735/680
f 727/726/671 735/735/680 736/736/681
f 727/726/671 736/736/681 728/727/672
f 728/727/672 736/736/681 737/737/682
f 728/727/672 737/737/682 729/728/673
f 729/728/673 737/737/682 730/729/674
f 730/729/674 737/737/682 738/738/683
f 730/729/674 738/738/683 731/730/675
f 731/730/675 738/738/683 739/739/684
f 739/739/684 738/738/683 740/740/685
f 739/739/684 740/740/685 771/741/686
f 734/734/679 741/742/687 735/735/680
f 735/735/680 741/742/687 736/736/688
f 736/736/688 741/742/687 742/743/689
f 736/736/688 742/743/689 737/737/690
f 737/737/690 742/743/689 743/744/691
f 737/737/690 743/744/691 744/745/692
f 737/737/690 744/745/692 738/738/693
f 738/738/693 744/745/692 745/746/694
f 738/738/693 745/746/694 740/740/695
f 734/734/679 747/747/696 741/742/687
f 741/742/687 749/748/697 742/743/689
f 743/744/691 751/749/698 744/745/692
f 744/745/692 753/750/699 745/746/694
f 734/734/679 746/751/700 747/747/696
f 747/747/696 748/752/701 741/742/687
f 741/742/687 748/752/701 749/748/697
f 749/748/697 750/753/702 742/743/689
f 742/743/689 750/753/702 751/749/698
f 742/743/689 751/749/698 743/744/691
f 751/749/698 752/754/703 744/745/692
f 744/745/692 752/754/703 753/750/699
f 753/750/699 755/755/704 745/746/694
f 745/746/694 755/755/704 754/756/705
f 747/747/696 756/757/706 748/752/701
f 749/748/697 758/758/707 750/753/702
f 751/749/698 759/759/708 752/754/703
f 746/751/700 756/757/706 747/747/696
f 748/752/701 756/757/706 757/760/709
f 748/752/701 757/760/709 758/758/707
f 748/752/701 758/758/707 749/748/697
f 750/753/702 759/759/708 751/749/698
f 759/759/708 760/761/710 752/754/703
f 752/754/703 760/761/710 753/750/699
f 753/750/699 760/761/710 755/755/704
f 757/760/709 762/762/711 758/758/707
f 758/758/707 763/763/712 750/753/702
f 750/753/702 763/763/712 759/759/708
f 760/761/710 764/764/713 755/755/704
f 754/756/705 755/755/704 761/765/714
f 756/757/706 765/766/715 757/760/709
f 758/758/707 762/762/711 763/763/712
f 759/759/708 763/763/712 766/767/716
f 759/759/708 766/767/716 760/761/710
f 760/761/710 766/767/716 764/764/713
f 746/751/700 767/768/717 765/766/715
f 746/751/700 765/766/715 756/757/706
f 765/766/715 762/762/711 757/760/709
f 764/764/713 768/769/718 755/755/704
f 755/755/704 768/769/718 761/765/714
f 765/766/715 767/768/717 769/770/719
f 765/766/715 769/770/719 762/762/711
f 762/762/711 769/770/719 763/763/712
f 763/763/712 769/770/719 766/767/716
f 764/764/713 766/767/716 768/769/718
f 766/767/716 769/770/719 768/769/718
f 725/723/668 729/728/673 730/729/674
f 722/720/665 727/726/671 728/727/672
f 772/771/720 735/735/680 727/726/671
f 103/100/42 772/771/720 727/726/671
f 789/772/721 104/703/648 685/679/624
f 773/773/722 774/774/723 770/775/724
f 775/776/725 777/777/726 770/775/724
f 778/778/727 779/779/728 780/780/729
f 739/739/684 106/731/676 731/730/675
f 772/771/720 733/733/678 735/735/680
f 770/775/724 774/774/723 775/776/725
f 691/686/631 675/669/614 781/781/730
f 781/781/730 675/669/614 782/695/640
f 783/782/731 676/670/615 784/783/732
f 784/783/732 676/670/615 691/686/631
f 783/782/731 692/687/632 676/670/615
f 684/678/623 683/677/622 785/784/733
f 786/785/734 684/678/623 785/784/733
f 684/678/623 786/785/734 787/786/735
f 787/786/735 685/679/624 684/678/623
f 685/679/624 787/786/735 788/787/736
f 685/679/624 788/787/736 789/772/721
f 706/702/647 785/784/733 683/677/622
f 785/784/733 706/702/647 790/788/737
f 790/788/737 706/702/647 712/789/738
f 100/710/655 99/694/639 699/693/638
f 719/715/660 712/789/738 706/702/647
f 712/789/738 719/715/660 106/731/676
f 105/716/661 707/704/649 104/703/648
f 776/790/739 777/777/726 775/776/725
f 792/791/740 791/792/741 793/793/742
f 793/793/742 791/792/741 779/779/728
f 793/793/742 779/779/728 778/778/727
f 793/793/742 778/778/727 794/794/743
f 794/794/743 778/778/727 795/795/744
f 795/795/744 778/778/727 796/796/745
f 796/796/745 778/778/727 797/797/746
f 797/797/746 778/778/727 798/798/747
f 798/798/747 778/778/727 799/799/748
f 799/799/748 778/778/727 800/800/749
f 800/800/749 778/778/727 801/801/750
f 801/801/750 778/778/727 802/802/751
f 802/802/751 778/778/727 803/803/752
f 803/803/752 778/778/727 804/804/753
f 804/804/753 778/778/727 805/805/754
f 692/687/632 783/782/731 806/806/755
f 692/687/632 806/806/755 710/99/41
f 807/807/756 776/790/739 808/808/757
f 776/790/739 807/807/756 777/777/726
f 777/777/726 807/807/756 809/809/758
f 777/777/726 809/809/758 810/810/759
f 777/777/726 810/810/759 811/811/760
f 777/777/726 811/811/760 812/812/761
f 777/777/726 812/812/761 813/813/762
f 777/777/726 813/813/762 814/814/763
f 777/777/726 814/814/763 815/815/764
f 777/777/726 815/815/764 816/816/765
f 777/777/726 816/816/765 817/817/766
f 777/777/726 817/817/766 818/818/767
f 777/777/726 818/818/767 819/819/768
