# Blender 5.1.2
# www.blender.org
mtllib king.mtl
o king
v 0.000000 0.000187 -0.000000
v 0.000852 0.000195 -0.000000
v 0.000836 0.000195 -0.000166
v 0.000000 0.000187 -0.000000
v 0.000787 0.000195 -0.000326
v 0.000000 0.000187 -0.000000
v 0.000708 0.000195 -0.000473
v 0.000000 0.000187 -0.000000
v 0.000602 0.000195 -0.000602
v 0.000000 0.000187 -0.000000
v 0.000473 0.000195 -0.000708
v 0.000000 0.000187 -0.000000
v 0.000326 0.000195 -0.000787
v 0.000000 0.000187 -0.000000
v 0.000166 0.000195 -0.000836
v 0.000000 0.000187 -0.000000
v 0.000000 0.000195 -0.000852
v 0.000000 0.000187 -0.000000
v -0.000166 0.000195 -0.000836
v 0.000000 0.000187 -0.000000
v -0.000326 0.000195 -0.000787
v 0.000000 0.000187 -0.000000
v -0.000473 0.000195 -0.000708
v 0.000000 0.000187 -0.000000
v -0.000602 0.000195 -0.000602
v 0.000000 0.000187 -0.000000
v -0.000708 0.000195 -0.000473
v 0.000000 0.000187 -0.000000
v -0.000787 0.000195 -0.000326
v 0.000000 0.000187 -0.000000
v -0.000836 0.000195 -0.000166
v 0.000000 0.000187 -0.000000
v -0.000852 0.000195 -0.000000
v 0.000000 0.000187 -0.000000
v -0.000836 0.000195 0.000166
v 0.000000 0.000187 -0.000000
v -0.000787 0.000195 0.000326
v 0.000000 0.000187 -0.000000
v -0.000708 0.000195 0.000473
v 0.000000 0.000187 -0.000000
v -0.000602 0.000195 0.000602
v 0.000000 0.000187 -0.000000
v -0.000473 0.000195 0.000708
v 0.000000 0.000187 -0.000000
v -0.000326 0.000195 0.000787
v 0.000000 0.000187 -0.000000
v -0.000166 0.000195 0.000836
v 0.000000 0.000187 -0.000000
v 0.000000 0.000195 0.000852
v 0.000000 0.000187 -0.000000
v 0.000166 0.000195 0.000836
v 0.000000 0.000187 -0.000000
v 0.000326 0.000195 0.000787
v 0.000000 0.000187 -0.000000
v 0.000473 0.000195 0.000708
v 0.000000 0.000187 -0.000000
v 0.000602 0.000195 0.000602
v 0.000000 0.000187 -0.000000
v 0.000708 0.000195 0.000473
v 0.000000 0.000187 -0.000000
v 0.000787 0.000195 0.000326
v 0.000000 0.000187 -0.000000
v 0.000836 0.000195 0.000166
v 0.000000 0.000187 -0.000000
v 0.000852 0.000195 -0.000000
v 0.000015 -0.000000 -0.009891
v 0.000000 0.000184 -0.009743
v 0.004448 0.000184 -0.008921
v 0.004766 -0.000000 -0.008546
v 0.008921 -0.000000 -0.004448
v 0.009454 0.000184 -0.003162
v 0.009454 0.000000 0.003162
v 0.008921 0.000184 0.004448
v 0.004448 0.000000 0.008921
v 0.003162 0.000184 0.009454
v -0.003162 0.000000 0.009454
v -0.004448 0.000184 0.008921
v -0.008921 0.000000 0.004448
v -0.009454 0.000184 0.003162
v -0.009454 -0.000000 -0.003162
v -0.008921 0.000184 -0.004448
v -0.004448 -0.000000 -0.008921
v -0.004766 0.000184 -0.008546
v -0.000015 0.000184 -0.009891
v 0.000000 -0.000000 -0.009743
v -0.009556 0.000184 0.001901
v -0.009556 0.000184 -0.001901
v -0.009743 0.000184 -0.000000
v -0.009001 0.000184 0.003729
v -0.009001 0.000184 -0.003729
v -0.008101 0.000184 0.005413
v -0.008101 0.000184 -0.005413
v -0.006889 0.000184 0.006889
v -0.006889 0.000184 -0.006889
v -0.005413 0.000184 0.008101
v -0.005413 0.000184 -0.008101
v -0.003729 0.000184 0.009001
v -0.003729 0.000184 -0.009001
v -0.001901 0.000184 0.009556
v -0.001901 0.000184 -0.009556
v 0.000000 0.000184 0.009743
v 0.000000 0.000184 -0.009743
v 0.001901 0.000184 0.009556
v 0.001901 0.000184 -0.009556
v 0.003729 0.000184 0.009001
v 0.003729 0.000184 -0.009001
v 0.005413 0.000184 0.008101
v 0.005413 0.000184 -0.008101
v 0.006889 0.000184 0.006889
v 0.006889 0.000184 -0.006889
v 0.008101 0.000184 0.005413
v 0.008101 0.000184 -0.005413
v 0.009001 0.000184 0.003729
v 0.009001 0.000184 -0.003729
v 0.009556 0.000184 0.001901
v 0.009556 0.000184 -0.001901
v 0.009743 0.000184 -0.000000
v -0.009556 -0.000000 -0.001901
v -0.009556 0.000000 0.001901
v -0.009743 0.000000 0.000000
v -0.009001 -0.000000 -0.003729
v -0.009001 0.000000 0.003729
v -0.008101 -0.000000 -0.005413
v -0.008101 0.000000 0.005413
v -0.006889 -0.000000 -0.006889
v -0.006889 0.000000 0.006889
v -0.005413 -0.000000 -0.008101
v -0.005413 0.000000 0.008101
v -0.003729 -0.000000 -0.009001
v -0.003729 0.000000 0.009001
v -0.001901 -0.000000 -0.009556
v -0.001901 0.000000 0.009556
v 0.000000 -0.000000 -0.009743
v 0.000000 0.000000 0.009743
v 0.001901 -0.000000 -0.009556
v 0.001901 0.000000 0.009556
v 0.003729 -0.000000 -0.009001
v 0.003729 0.000000 0.009001
v 0.005413 -0.000000 -0.008101
v 0.005413 0.000000 0.008101
v 0.006889 -0.000000 -0.006889
v 0.006889 0.000000 0.006889
v 0.008101 -0.000000 -0.005413
v 0.008101 0.000000 0.005413
v 0.009001 -0.000000 -0.003729
v 0.009001 0.000000 0.003729
v 0.009556 -0.000000 -0.001901
v 0.009556 0.000000 0.001901
v 0.009743 0.000000 0.000000
v 0.000012 0.083679 0.000004
v 0.001127 0.084200 0.000808
v -0.000002 0.083482 0.000012
v -0.000003 0.083593 0.000000
v 0.000039 0.083463 -0.000034
v -0.000325 0.084000 -0.001039
v -0.000511 0.084627 0.001619
v -0.001716 0.084763 0.000001
v -0.001441 0.084856 -0.001028
v 0.001338 0.084624 -0.000961
v 0.000156 0.084992 -0.001813
v 0.001297 0.086172 0.001168
v -0.001292 0.086289 0.000948
v -0.000506 0.086400 0.001493
v -0.001292 0.086291 -0.000949
v -0.001469 0.086591 -0.000021
v 0.000350 0.086964 -0.001039
v 0.000013 0.087243 -0.000000
v 0.001440 0.086107 -0.001065
v -0.000000 0.087372 -0.000009
v -0.000506 0.086400 -0.001493
v 0.000009 0.087351 -0.000006
v -0.001322 0.086311 0.000976
v -0.000000 0.087372 0.000009
v 0.000350 0.086964 0.001039
v 0.001093 0.086976 -0.000000
v 0.000013 0.087243 -0.000000
v 0.000438 0.085379 0.001764
v 0.001777 0.085546 0.000437
v -0.001299 0.084909 0.001120
v -0.000485 0.084676 0.001533
v 0.000791 0.083870 -0.000554
v 0.000026 0.083592 0.000009
v 0.000000 0.072301 -0.000000
v 0.000008 0.072495 -0.000004
v 0.000000 0.072301 -0.000000
v 0.000001 0.072385 -0.000003
v 0.000000 0.072385 -0.000003
v -0.000004 0.072495 -0.000008
v 0.000000 0.072301 -0.000000
v -0.000003 0.072385 -0.000001
v -0.000003 0.072385 -0.000000
v -0.000008 0.072495 0.000004
v 0.000000 0.072301 -0.000000
v -0.000001 0.072385 0.000003
v -0.000000 0.072385 0.000003
v 0.000004 0.072495 0.000008
v 0.000000 0.072301 -0.000000
v 0.000003 0.072385 0.000001
v 0.000000 0.072301 -0.000000
v 0.005777 0.081292 -0.001676
v 0.005772 0.075533 0.001673
v 0.005781 0.081299 0.001669
v 0.003566 0.083906 -0.001672
v 0.003610 0.083875 -0.001660
v 0.003568 0.083907 0.001671
v 0.003611 0.083877 0.001660
v 0.003617 0.073170 -0.001672
v 0.003617 0.073170 0.001672
v 0.002420 0.084240 -0.001657
v 0.002359 0.084230 -0.001676
v -0.005804 0.081289 -0.001676
v -0.005806 0.075534 0.001674
v -0.005810 0.081298 0.001669
v -0.003598 0.083907 -0.001672
v -0.003641 0.083877 -0.001661
v -0.003595 0.083906 0.001672
v -0.003638 0.083875 0.001660
v -0.003647 0.073170 -0.001672
v -0.003647 0.073170 0.001672
v -0.002251 0.084288 -0.001679
v -0.002388 0.084230 0.001676
v -0.002449 0.084240 0.001657
v 0.000852 0.000195 -0.000000
v 0.000770 0.000195 -0.000409
v 0.006345 0.000320 -0.012647
v 0.000253 0.000195 -0.000835
v -0.000328 0.000195 -0.000798
v -0.000817 0.000195 -0.000337
v -0.012637 0.000318 -0.006353
v -0.000770 0.000195 0.000409
v -0.006345 0.000320 0.012647
v -0.000253 0.000195 0.000835
v 0.006795 0.000323 0.012408
v 0.000328 0.000195 0.000798
v 0.000770 0.000195 0.000409
v 0.013057 0.000322 0.005248
v 0.000852 0.000195 0.000000
v 0.014337 0.000353 -0.000001
v 0.012415 0.000322 -0.006781
v -0.011009 0.000321 0.008887
v 0.014075 0.000323 -0.000000
v -0.003045 0.000323 -0.013744
v -0.009112 0.000362 -0.010943
v -0.014374 0.000371 0.000115
v 0.000115 0.000371 0.014374
v 0.010630 0.000733 -0.010633
v 0.010884 0.000695 0.010343
v 0.000342 0.000695 -0.015009
v -0.005759 0.000816 -0.013911
v 0.014690 0.000759 0.002894
v 0.015073 0.000955 0.000000
v 0.014782 0.000946 -0.002936
v 0.013925 0.000945 -0.005763
v 0.012531 0.000942 -0.008367
v 0.008375 0.000942 -0.012526
v 0.005771 0.000946 -0.013922
v 0.002944 0.000946 -0.014781
v -0.002938 0.000948 -0.014784
v -0.008371 0.000948 -0.012534
v -0.010653 0.000945 -0.010659
v -0.012529 0.000946 -0.008376
v -0.013923 0.000947 -0.005771
v -0.014781 0.000947 -0.002944
v -0.015071 0.000946 -0.000004
v -0.014466 0.000806 0.004285
v -0.012533 0.000945 0.008369
v -0.010659 0.000944 0.010652
v -0.008376 0.000946 0.012529
v -0.005771 0.000945 0.013922
v -0.002944 0.000945 0.014780
v -0.000004 0.000945 0.015070
v 0.002936 0.000946 0.014782
v 0.005763 0.000943 0.013924
v 0.008370 0.000947 0.012534
v 0.012530 0.000947 0.008376
v 0.013922 0.000945 0.005771
v 0.015072 0.000948 0.000000
v -0.013927 0.002515 0.005771
v 0.014774 0.002722 0.002939
v -0.014722 0.002768 0.003161
v 0.012522 0.002723 -0.008366
v 0.008367 0.002723 -0.012521
v -0.000000 0.002697 -0.015061
v -0.010649 0.002697 0.010650
v 0.005762 0.002724 0.013911
v 0.010650 0.002697 0.010649
v 0.013909 0.002725 -0.005760
v -0.010648 0.002699 -0.010648
v -0.012518 0.002725 0.008362
v -0.005763 0.002725 0.013908
v -0.002939 0.002725 0.014765
v -0.000000 0.002698 0.015059
v 0.013908 0.002725 0.005763
v 0.014762 0.002727 -0.002934
v 0.005763 0.002727 -0.013904
v 0.002939 0.002727 -0.014761
v -0.012513 0.002727 -0.008364
v -0.015056 0.002700 -0.000001
v -0.008364 0.002727 0.012513
v 0.002934 0.002727 0.014762
v 0.015051 0.002722 -0.000000
v 0.010645 0.002702 -0.010642
v -0.013900 0.002729 -0.005762
v -0.014756 0.002729 -0.002940
v 0.008356 0.002729 0.012513
v 0.012509 0.002729 0.008363
v 0.015053 0.002714 0.000000
v -0.008350 0.002731 -0.012510
v -0.004567 0.002738 -0.014391
v 0.008233 0.003115 -0.010465
v -0.001085 0.003248 -0.013005
v -0.010465 0.003115 -0.008233
v -0.013005 0.003248 0.001085
v -0.008233 0.003115 0.010464
v 0.001085 0.003248 0.013005
v 0.010465 0.003115 0.008233
v 0.013003 0.003299 -0.000001
v 0.012704 0.003126 -0.003915
v 0.010810 0.003280 -0.007190
v 0.003802 0.003126 -0.012739
v -0.006473 0.003261 -0.011318
v -0.012739 0.003126 -0.003802
v -0.011318 0.003262 0.006473
v -0.003802 0.003126 0.012739
v 0.006473 0.003262 0.011318
v 0.012739 0.003126 0.003802
v 0.013005 0.003285 0.000001
v 0.008361 0.003458 -0.010132
v -0.010132 0.003458 -0.008361
v -0.008361 0.003458 0.010132
v 0.010132 0.003458 0.008361
v 0.012611 0.003501 -0.003812
v 0.003836 0.003501 -0.012604
v -0.003812 0.003501 -0.012611
v -0.012604 0.003501 -0.003836
v -0.012611 0.003501 0.003812
v -0.003836 0.003501 0.012604
v 0.003812 0.003501 0.012611
v 0.012604 0.003501 0.003836
v 0.015107 0.005074 -0.000000
v 0.015132 0.005420 -0.003078
v 0.012951 0.004645 -0.006952
v 0.010872 0.005420 -0.010965
v 0.006900 0.004644 -0.012977
v 0.002950 0.005421 -0.015157
v -0.001468 0.004643 -0.014623
v -0.006952 0.004645 -0.012951
v -0.010965 0.005420 -0.010872
v -0.012977 0.004644 -0.006900
v -0.015157 0.005421 -0.002950
v -0.014623 0.004643 0.001468
v -0.012951 0.004645 0.006952
v -0.010872 0.005420 0.010965
v -0.006900 0.004644 0.012977
v -0.002950 0.005421 0.015157
v 0.001468 0.004643 0.014623
v 0.006952 0.004645 0.012951
v 0.010965 0.005420 0.010872
v 0.012977 0.004644 0.006900
v 0.015157 0.005421 0.002950
v 0.015431 0.005417 -0.000001
v 0.013782 0.005939 -0.007391
v 0.007353 0.005939 -0.013803
v -0.000013 0.005946 -0.015567
v -0.004559 0.005939 -0.014960
v -0.008659 0.005945 -0.012936
v -0.013803 0.005939 -0.007353
v -0.015567 0.005946 0.000013
v -0.014960 0.005939 0.004559
v -0.012936 0.005945 0.008659
v -0.007353 0.005939 0.013803
v 0.000013 0.005946 0.015567
v 0.004559 0.005939 0.014960
v 0.008659 0.005945 0.012936
v 0.013803 0.005939 0.007353
v 0.015619 0.007536 0.000001
v 0.014571 0.008413 -0.004119
v 0.013594 0.007809 -0.007241
v 0.009791 0.007809 -0.011890
v 0.004495 0.007811 -0.014731
v -0.001484 0.007810 -0.015330
v -0.004647 0.008466 -0.014368
v -0.009755 0.007807 -0.011920
v -0.012555 0.008312 -0.008452
v -0.014731 0.007810 -0.004493
v -0.015135 0.008311 -0.000052
v -0.014571 0.008413 0.004119
v -0.013594 0.007809 0.007241
v -0.009791 0.007809 0.011890
v -0.004495 0.007811 0.014731
v 0.001484 0.007810 0.015330
v 0.004647 0.008466 0.014368
v 0.009755 0.007807 0.011920
v 0.012555 0.008312 0.008452
v 0.014731 0.007810 0.004493
v 0.015181 0.008243 0.000000
v 0.010674 0.009910 -0.008729
v 0.006521 0.009909 -0.012151
v 0.001373 0.009910 -0.013721
v -0.008728 0.009913 -0.010671
v -0.010607 0.012750 -0.003297
v -0.010674 0.009910 0.008729
v -0.006521 0.009909 0.012151
v -0.001373 0.009910 0.013721
v 0.008728 0.009913 0.010671
v 0.010607 0.012750 0.003297
v 0.010431 0.013469 -0.000000
v 0.010031 0.013512 -0.003038
v 0.008268 0.013537 -0.006404
v 0.006610 0.013438 -0.008196
v 0.003186 0.012835 -0.010536
v -0.000729 0.013537 -0.010432
v -0.003207 0.012835 -0.010530
v -0.006404 0.013536 -0.008268
v -0.008196 0.013438 -0.006610
v -0.010432 0.013537 0.000729
v -0.010530 0.012835 0.003207
v -0.008268 0.013537 0.006404
v -0.006978 0.012831 0.008517
v -0.002969 0.013436 0.010103
v 0.000729 0.013537 0.010432
v 0.003207 0.012835 0.010530
v 0.006402 0.013536 0.008269
v 0.008197 0.013438 0.006608
v 0.010329 0.013652 -0.000000
v 0.003137 0.014368 -0.009804
v -0.005497 0.016074 -0.008514
v -0.009804 0.014368 -0.003137
v -0.008514 0.016074 0.005497
v -0.004857 0.014325 0.009093
v 0.005497 0.016074 0.008514
v 0.009804 0.014368 0.003137
v 0.010108 0.016203 -0.000000
v 0.009712 0.016231 -0.002928
v 0.007850 0.016218 -0.006430
v 0.004973 0.016229 -0.008818
v 0.001048 0.016082 -0.010136
v -0.002769 0.016249 -0.009759
v -0.007128 0.016238 -0.007145
v -0.008818 0.016229 -0.004973
v -0.010136 0.016082 -0.001048
v -0.009759 0.016249 0.002769
v -0.006461 0.016211 0.007827
v -0.002973 0.016211 0.009704
v 0.000967 0.016211 0.010103
v 0.003851 0.016238 0.009329
v 0.007827 0.016211 0.006461
v 0.009742 0.016220 0.002770
v 0.010068 0.016216 0.000000
v 0.009065 0.016336 -0.000006
v 0.007784 0.016423 -0.004118
v 0.004236 0.016338 -0.008122
v -0.000895 0.016329 -0.008954
v -0.004118 0.016423 -0.007784
v -0.008122 0.016338 -0.004236
v -0.008954 0.016329 0.000895
v -0.007784 0.016423 0.004118
v -0.004236 0.016338 0.008122
v 0.000895 0.016329 0.008954
v 0.004118 0.016423 0.007784
v 0.006965 0.016329 0.005698
v 0.008460 0.016392 0.002631
v 0.008468 0.016654 0.000000
v 0.007410 0.019676 -0.000000
v 0.007162 0.019683 -0.002006
v 0.004839 0.019687 -0.005648
v 0.002892 0.019544 -0.006944
v 0.000655 0.019265 -0.007558
v -0.002008 0.019683 -0.007162
v -0.005290 0.019541 -0.005344
v -0.006943 0.019547 -0.002890
v -0.007558 0.019265 -0.000655
v -0.007162 0.019683 0.002006
v -0.005344 0.019542 0.005290
v -0.002890 0.019547 0.006943
v -0.000655 0.019265 0.007558
v 0.002006 0.019683 0.007162
v 0.005290 0.019542 0.005344
v 0.006943 0.019547 0.002890
v 0.005078 0.025004 -0.003350
v 0.005681 0.027681 -0.000007
v 0.002153 0.027900 -0.005219
v -0.001648 0.028230 -0.005409
v -0.004739 0.029899 -0.002509
v -0.005409 0.028230 0.001648
v -0.002509 0.029899 0.004739
v 0.001648 0.028230 0.005409
v 0.004697 0.027901 0.003132
v 0.005623 0.028037 0.000007
v 0.004717 0.038607 -0.000001
v 0.004419 0.037442 -0.001842
v 0.002655 0.038365 -0.003984
v 0.001816 0.037623 -0.004405
v -0.000007 0.037672 -0.004732
v -0.001896 0.034778 -0.004567
v -0.003984 0.038365 -0.002655
v -0.004732 0.037672 0.000007
v -0.004419 0.037442 0.001842
v -0.002655 0.038365 0.003984
v 0.000354 0.038720 0.004719
v 0.001842 0.037442 0.004419
v 0.003984 0.038365 0.002655
v 0.004408 0.037437 0.001816
v 0.004687 0.038402 -0.000001
v -0.004743 0.039519 -0.000940
v -0.000940 0.039519 0.004743
v 0.004654 0.041473 -0.001919
v 0.004088 0.040961 -0.002733
v 0.002805 0.041490 -0.004182
v 0.000009 0.041474 -0.005034
v -0.001417 0.041203 -0.004740
v -0.002733 0.040961 -0.004088
v -0.003478 0.040957 -0.003477
v -0.004542 0.040942 -0.001881
v -0.004823 0.040964 0.000960
v -0.003566 0.041482 0.003554
v -0.003477 0.040957 0.003478
v -0.001881 0.040942 0.004542
v 0.002733 0.040961 0.004088
v 0.004182 0.041490 0.002805
v 0.004807 0.040574 0.000956
v 0.005506 0.047389 0.001095
v 0.005765 0.049244 0.001148
v 0.005872 0.049244 0.000000
v 0.005403 0.049244 -0.002237
v 0.004863 0.049243 -0.003248
v 0.003272 0.049244 -0.004897
v 0.002237 0.049244 -0.005403
v 0.000001 0.049244 -0.005889
v -0.001717 0.049244 -0.005641
v -0.003248 0.049244 -0.004863
v -0.004136 0.049244 -0.004136
v -0.004863 0.049244 -0.003248
v -0.005403 0.049244 -0.002237
v -0.005736 0.049244 -0.001139
v -0.005848 0.049244 -0.000000
v -0.005736 0.049244 0.001139
v -0.005403 0.049244 0.002237
v -0.004165 0.049243 0.004163
v -0.003248 0.049244 0.004863
v -0.002237 0.049243 0.005403
v -0.001139 0.049243 0.005736
v 0.000586 0.049244 0.005867
v 0.002237 0.049244 0.005403
v 0.003248 0.049244 0.004863
v 0.004896 0.049243 0.003272
v 0.005403 0.049244 0.002237
v 0.005935 0.049244 -0.000001
v 0.004184 0.042265 -0.002796
v 0.001926 0.042265 -0.004649
v -0.002796 0.042265 -0.004184
v -0.003558 0.042265 -0.003558
v -0.004184 0.042265 -0.002796
v -0.004649 0.042265 -0.001926
v -0.004936 0.042265 -0.000982
v -0.005032 0.042265 -0.000000
v -0.004936 0.042265 0.000982
v -0.004649 0.042265 0.001926
v -0.002796 0.042265 0.004184
v -0.001926 0.042265 0.004649
v -0.000982 0.042265 0.004936
v 0.001926 0.042265 0.004649
v 0.002796 0.042265 0.004184
v 0.004649 0.042265 0.001926
v 0.004936 0.042265 0.000982
v 0.008311 0.049254 -0.003565
v 0.002385 0.049249 -0.008656
v -0.005673 0.049257 -0.007141
v -0.008037 0.049254 -0.004248
v 0.006836 0.049259 0.005907
v 0.009023 0.049251 0.000000
v -0.008546 0.049251 0.002770
v -0.004248 0.049252 0.008037
v 0.008982 0.049282 -0.000000
v 0.005792 0.049437 -0.007162
v -0.009193 0.049470 -0.000869
v -0.000184 0.049260 0.009108
v 0.004653 0.049286 0.007771
v 0.008834 0.049437 0.002609
v -0.000997 0.049468 -0.009180
v -0.006784 0.049400 0.006232
v 0.009642 0.050283 -0.000012
v 0.008430 0.050237 -0.004516
v 0.002769 0.050237 -0.009154
v -0.004513 0.050237 -0.008432
v -0.009151 0.050237 0.002778
v 0.002778 0.050237 0.009151
v 0.007934 0.050790 0.005345
v 0.006069 0.050570 -0.007391
v -0.000908 0.050935 -0.009493
v -0.006727 0.050570 -0.006734
v -0.008430 0.050570 -0.004516
v -0.009517 0.050569 -0.000944
v -0.007397 0.050571 0.006062
v -0.004516 0.050570 0.008430
v -0.000944 0.050569 0.009517
v 0.006062 0.050571 0.007397
v 0.009151 0.050570 0.002778
v 0.009381 0.051423 0.000001
v 0.009201 0.051456 -0.000004
v 0.008064 0.051531 -0.004179
v 0.002668 0.051517 -0.008696
v -0.004147 0.051548 -0.008069
v -0.008779 0.051451 0.002569
v 0.002647 0.051347 0.008844
v 0.005798 0.051551 -0.006850
v -0.007564 0.051458 -0.005143
v -0.008925 0.051544 -0.001020
v -0.007025 0.051535 0.005612
v -0.004223 0.051549 0.007926
v -0.000512 0.051555 0.008993
v 0.005620 0.051526 0.007031
v 0.008505 0.051549 0.002901
v 0.002845 0.051563 -0.006893
v 0.000675 0.051562 -0.007452
v -0.007152 0.051562 0.002188
v -0.006195 0.051563 0.004149
v 0.005798 0.051563 0.004744
v 0.007461 0.051565 -0.000000
v 0.006195 0.051563 -0.004149
v -0.000675 0.051562 0.007452
v -0.006893 0.051563 -0.002845
v -0.007452 0.051563 -0.000675
v 0.004149 0.051563 0.006195
v -0.002188 0.051563 -0.007152
v -0.005798 0.051563 -0.004744
v -0.004744 0.051563 0.005798
v 0.007450 0.051565 -0.000000
v -0.004149 0.051565 -0.006195
v 0.007143 0.051563 0.002239
v 0.007152 0.051563 -0.002188
v 0.002188 0.051566 0.007152
v 0.004744 0.051566 -0.005798
v -0.002846 0.051598 0.006893
v 0.007119 0.053157 -0.002150
v 0.000775 0.053157 -0.007396
v -0.002150 0.053157 -0.007119
v -0.007396 0.053157 -0.000775
v -0.007119 0.053157 0.002150
v -0.000775 0.053157 0.007396
v 0.002150 0.053157 0.007119
v 0.007492 0.053157 0.000003
v 0.005760 0.053157 -0.004708
v 0.003519 0.053157 -0.006554
v -0.004708 0.053157 -0.005760
v -0.006554 0.053157 -0.003519
v -0.005760 0.053157 0.004708
v -0.003519 0.053157 0.006554
v 0.004708 0.053157 0.005760
v 0.006554 0.053157 0.003519
v 0.007406 0.053157 -0.000000
v 0.005490 0.053157 -0.000003
v -0.002572 0.053157 -0.004806
v -0.005217 0.053157 -0.001579
v -0.004806 0.053157 0.002572
v 0.005217 0.053157 0.001579
v -0.000669 0.053157 -0.005406
v -0.003443 0.053157 0.004225
v 0.004225 0.053157 0.003443
v 0.003443 0.053157 -0.004225
v 0.001579 0.053157 -0.005217
v -0.004225 0.053157 -0.003443
v -0.001579 0.053157 0.005217
v 0.002572 0.053157 0.004806
v 0.004806 0.053157 -0.002572
v -0.005406 0.053157 0.000669
v 0.000633 0.053157 0.005412
v 0.005426 0.053157 -0.000000
v -0.000350 0.056693 -0.005440
v -0.005440 0.056693 0.000350
v 0.000367 0.056693 0.005440
v 0.005489 0.056693 -0.000005
v 0.002710 0.056693 -0.004865
v -0.004865 0.056693 -0.002710
v -0.002710 0.056693 0.004865
v 0.004865 0.056693 0.002710
v 0.005433 0.056693 -0.000000
v 0.004823 0.056693 -0.002556
v -0.002556 0.056693 -0.004823
v -0.004823 0.056693 0.002556
v 0.002556 0.056693 0.004823
v 0.006172 0.056731 -0.000000
v 0.006037 0.056770 -0.001620
v 0.004392 0.056718 -0.004426
v -0.000053 0.056704 -0.006156
v -0.004426 0.056718 -0.004392
v -0.006156 0.056704 0.000053
v -0.004392 0.056718 0.004426
v 0.000053 0.056704 0.006156
v 0.004426 0.056718 0.004392
v 0.006156 0.056703 0.000000
v 0.001643 0.056837 -0.006051
v -0.006051 0.056837 -0.001643
v -0.001643 0.056837 0.006051
v 0.006051 0.056837 0.001643
v -0.001692 0.056839 -0.006040
v -0.006040 0.056839 0.001692
v 0.001692 0.056839 0.006040
v 0.006162 0.057381 -0.000000
v 0.004798 0.057390 -0.003900
v 0.002733 0.057389 -0.005563
v -0.000194 0.057392 -0.006153
v -0.002888 0.057383 -0.005472
v -0.004763 0.057383 -0.003949
v -0.006188 0.057392 -0.001025
v -0.005472 0.057383 0.002888
v -0.003949 0.057383 0.004763
v -0.001025 0.057392 0.006188
v 0.002888 0.057383 0.005472
v 0.005304 0.057396 0.003303
v 0.006168 0.057377 0.000000
v 0.005796 0.057391 -0.002086
v 0.005466 0.057552 0.000000
v 0.005041 0.057430 -0.002135
v 0.003119 0.057440 -0.004493
v 0.001604 0.057469 -0.005253
v -0.000531 0.057469 -0.005467
v -0.002582 0.057469 -0.004849
v -0.004242 0.057469 -0.003489
v -0.005253 0.057469 -0.001604
v -0.005467 0.057469 0.000531
v -0.004849 0.057469 0.002582
v -0.003489 0.057469 0.004242
v -0.001604 0.057469 0.005253
v 0.000531 0.057469 0.005467
v 0.002582 0.057469 0.004849
v 0.004242 0.057469 0.003489
v 0.005253 0.057469 0.001604
v 0.005469 0.057465 0.000000
v 0.005374 0.058339 -0.001052
v 0.004118 0.058204 -0.003653
v 0.010113 0.068791 -0.000001
v 0.006177 0.061774 -0.003298
v 0.002038 0.061784 -0.006704
v -0.000681 0.061787 -0.006975
v -0.003298 0.061774 -0.006177
v -0.005411 0.061774 -0.004445
v -0.006704 0.061784 -0.002038
v -0.006975 0.061787 0.000681
v -0.006177 0.061774 0.003298
v -0.004445 0.061774 0.005411
v -0.002038 0.061784 0.006704
v 0.000681 0.061787 0.006975
v 0.003298 0.061774 0.006177
v 0.005411 0.061774 0.004445
v 0.006704 0.061784 0.002038
v 0.010078 0.068750 -0.000001
v 0.010031 0.069403 -0.002439
v 0.008965 0.068688 -0.004802
v 0.006444 0.068687 -0.007867
v 0.002945 0.068689 -0.009734
v -0.001005 0.068687 -0.010119
v -0.004802 0.068688 -0.008965
v -0.007867 0.068687 -0.006444
v -0.009734 0.068689 -0.002945
v -0.010119 0.068687 0.001004
v -0.008965 0.068688 0.004802
v -0.006444 0.068687 0.007867
v -0.002945 0.068689 0.009734
v 0.001005 0.068687 0.010119
v 0.004802 0.068688 0.008965
v 0.007867 0.068687 0.006444
v 0.009734 0.068689 0.002945
v 0.009741 0.070130 0.000000
v 0.007216 0.069779 -0.007102
v 0.002958 0.070117 -0.009359
v -0.000922 0.069770 -0.010009
v -0.003487 0.070135 -0.009093
v -0.006859 0.070131 -0.007123
v -0.009350 0.070127 -0.002964
v -0.010009 0.069770 0.000922
v -0.009093 0.070135 0.003487
v -0.007123 0.070131 0.006859
v -0.002968 0.070134 0.009342
v 0.000922 0.069770 0.010009
v 0.003491 0.070126 0.009100
v 0.006325 0.069772 0.007811
v 0.008270 0.070138 0.005184
v 0.009600 0.069770 0.002978
v 0.009826 0.070087 0.000001
v 0.007646 0.070141 -0.005920
v 0.002580 0.070204 -0.000001
v -0.000332 0.070141 -0.002613
v -0.002613 0.070141 0.000332
v 0.000332 0.070141 0.002613
v 0.002011 0.070185 0.001632
v 0.002566 0.070206 0.000000
v 0.001632 0.070220 -0.002011
v -0.002011 0.070220 -0.001632
v -0.001632 0.070220 0.002011
v 0.002410 0.070539 -0.000995
v 0.000510 0.070539 -0.002557
v -0.000995 0.070539 -0.002410
v -0.002557 0.070539 -0.000510
v -0.002410 0.070539 0.000995
v -0.000510 0.070539 0.002557
v 0.000995 0.070539 0.002410
v 0.002474 0.070539 0.000755
v 0.002520 0.070665 -0.001960
v 0.000337 0.070579 -0.002964
v -0.001532 0.070666 -0.002727
v -0.002964 0.070579 -0.000337
v -0.002476 0.070699 0.002040
v -0.000338 0.070579 0.002964
v 0.001317 0.070669 0.002877
v 0.002976 0.070665 0.000963
v -0.002645 0.071067 -0.002157
v 0.003462 0.071247 -0.000005
v 0.000994 0.071255 -0.003292
v -0.000342 0.071256 -0.003422
v -0.003292 0.071255 -0.000994
v -0.003422 0.071256 0.000342
v -0.000332 0.071256 0.003423
v 0.002661 0.071256 0.002179
v 0.003372 0.071129 -0.000000
v 0.002712 0.071539 -0.002227
v -0.001624 0.071542 -0.003037
v -0.003037 0.071542 0.001624
v -0.001866 0.071315 0.002928
v 0.001329 0.071540 0.003207
v 0.003369 0.072029 0.000674
v 0.003279 0.072140 -0.000000
v 0.003287 0.072136 0.000000
v 0.003165 0.072171 -0.000631
v 0.002290 0.072176 -0.002289
v 0.001763 0.072193 -0.002637
v 0.000633 0.072169 -0.003182
v -0.000631 0.072171 -0.003165
v -0.002289 0.072176 -0.002290
v -0.002637 0.072193 -0.001763
v -0.003182 0.072169 -0.000633
v -0.003165 0.072171 0.000631
v -0.002290 0.072177 0.002289
v -0.001762 0.072193 0.002636
v -0.000633 0.072169 0.003182
v 0.000631 0.072171 0.003165
v 0.002288 0.072177 0.002290
v 0.002636 0.072193 0.001762
v 0.001750 0.079960 -0.001723
v -0.002023 0.084242 -0.001723
v 0.003560 0.083918 -0.001619
v 0.002078 0.080251 0.001678
v 0.003565 0.083961 -0.001661
v 0.002373 0.084257 -0.001660
v 0.002374 0.084257 0.001660
v 0.003568 0.083960 0.001660
v 0.001737 0.076871 0.001723
v 0.001750 0.079960 0.001723
v -0.000015 0.081963 0.001723
v 0.001365 0.076424 0.001723
v 0.001750 0.079960 0.001723
v 0.001365 0.076424 -0.001723
v 0.001905 0.076502 -0.001723
v 0.002223 0.073028 -0.001729
v -0.000015 0.084410 -0.001662
v -0.000015 0.084415 0.001665
v -0.001394 0.076424 0.001723
v 0.002331 0.072973 -0.001687
v 0.002331 0.072973 0.001688
v 0.002334 0.071583 0.001688
v 0.002333 0.071584 -0.001688
v -0.000015 0.084221 0.001723
v 0.005799 0.075512 -0.001691
v 0.001750 0.079960 0.001723
v 0.001737 0.076871 0.001723
v 0.001737 0.076871 0.001723
v 0.002223 0.073028 0.001726
v -0.000015 0.071523 -0.001597
v -0.000015 0.071523 0.001597
v -0.000015 0.072917 -0.001723
v 0.002169 0.073108 -0.001723
v 0.002244 0.073040 0.001602
v -0.000015 0.072917 0.001723
v -0.000015 0.071629 0.001712
v 0.002366 0.071598 0.001729
v -0.002152 0.076530 -0.001596
v 0.002241 0.073040 -0.001595
v 0.002365 0.071598 -0.001729
v -0.000015 0.071737 -0.001723
v 0.002169 0.073108 0.001723
v -0.001779 0.079960 -0.001723
v -0.003592 0.083919 -0.001623
v -0.001394 0.080397 -0.001723
v -0.001766 0.076871 0.001723
v -0.001779 0.079960 0.001723
v -0.003589 0.083919 0.001621
v -0.001779 0.079960 0.001723
v -0.003597 0.083962 -0.001661
v -0.003594 0.083960 0.001660
v -0.002403 0.084257 -0.001660
v -0.001766 0.076871 0.001723
v -0.002107 0.080252 -0.001678
v -0.001394 0.076424 -0.001723
v -0.002178 0.076528 -0.001660
v -0.002401 0.084258 0.001660
v -0.000015 0.084414 0.001664
v -0.000015 0.084411 -0.001663
v -0.001779 0.079960 0.001723
v -0.001766 0.076871 0.001723
v -0.002390 0.072937 -0.001648
v -0.002387 0.072940 0.001654
v -0.000015 0.084314 0.001712
v -0.000015 0.071540 0.001648
v -0.002198 0.073108 -0.001723
v -0.002252 0.073060 0.001627
v -0.002198 0.071737 0.001723
v -0.000015 0.071737 0.001723
v -0.000015 0.071629 -0.001709
v -0.002198 0.071737 -0.001723
v -0.002250 0.073062 -0.001613
v -0.002198 0.073108 0.001723
v 0.003564 0.083919 0.001625
v 0.002511 0.084233 -0.001686
v 0.002367 0.084234 -0.001660
v -0.002540 0.084233 0.001686
v -0.002395 0.084233 0.001659
v 0.002075 0.076576 0.001678
v 0.001750 0.079960 -0.001723
v 0.002077 0.080251 -0.001678
v 0.002104 0.076531 -0.001662
v 0.002222 0.084288 0.001679
v -0.000015 0.084405 0.001660
v -0.000015 0.084405 -0.001660
v -0.002334 0.071603 -0.001742
v -0.002334 0.071603 0.001742
v -0.005825 0.075503 -0.001692
v -0.002112 0.076571 0.001676
v -0.002107 0.080251 0.001678
v -0.001779 0.079960 -0.001723
v -0.002305 0.073012 0.001706
v -0.002384 0.072943 0.001660
v -0.000015 0.084405 0.001660
v -0.002305 0.073012 -0.001706
v -0.002384 0.072943 -0.001660
v -0.002305 0.071630 -0.001706
v -0.002305 0.071630 0.001706
v -0.002305 0.071630 -0.001706
v -0.002305 0.071630 0.001706
v 0.004944 0.042331 0.000983
v 0.002126 0.076748 -0.001723
v 0.001750 0.079960 -0.001723
v -0.002224 0.076513 -0.001641
v -0.001779 0.079960 -0.001723
v 0.001905 0.076502 -0.001723
vn 0.0001 -0.0000 1.0000
vn -0.0095 -0.0000 1.0000
vn -0.0093 -0.0019 1.0000
vn -0.0001 -0.0000 1.0000
vn -0.0093 -0.0018 1.0000
vn -0.0088 -0.0037 1.0000
vn -0.0000 -0.0000 1.0000
vn -0.0087 -0.0036 1.0000
vn -0.0079 -0.0053 1.0000
vn -0.0080 -0.0053 1.0000
vn -0.0067 -0.0068 1.0000
vn -0.0068 -0.0067 1.0000
vn -0.0053 -0.0079 1.0000
vn -0.0052 -0.0079 1.0000
vn -0.0037 -0.0088 1.0000
vn -0.0019 -0.0093 1.0000
vn -0.0020 -0.0093 1.0000
vn -0.0000 -0.0095 1.0000
vn 0.0019 -0.0093 1.0000
vn 0.0018 -0.0093 1.0000
vn 0.0037 -0.0088 1.0000
vn 0.0036 -0.0088 1.0000
vn 0.0052 -0.0079 1.0000
vn 0.0053 -0.0079 1.0000
vn 0.0066 -0.0067 1.0000
vn 0.0068 -0.0068 1.0000
vn 0.0079 -0.0053 1.0000
vn 0.0088 -0.0036 1.0000
vn 0.0087 -0.0037 1.0000
vn 0.0093 -0.0018 1.0000
vn 0.0093 -0.0019 1.0000
vn 0.0096 -0.0000 1.0000
vn 0.0095 -0.0000 1.0000
vn 0.0093 0.0019 1.0000
vn 0.0094 0.0018 1.0000
vn 0.0088 0.0036 1.0000
vn 0.0087 0.0037 1.0000
vn 0.0079 0.0053 1.0000
vn 0.0079 0.0052 1.0000
vn 0.0068 0.0067 1.0000
vn 0.0066 0.0067 1.0000
vn 0.0053 0.0079 1.0000
vn 0.0036 0.0088 1.0000
vn 0.0037 0.0087 1.0000
vn 0.0018 0.0093 1.0000
vn 0.0018 0.0094 1.0000
vn 0.0001 0.0095 1.0000
vn -0.0000 0.0095 1.0000
vn -0.0018 0.0094 1.0000
vn -0.0019 0.0093 1.0000
vn -0.0036 0.0087 1.0000
vn -0.0037 0.0088 1.0000
vn -0.0053 0.0079 1.0000
vn -0.0052 0.0079 1.0000
vn -0.0067 0.0067 1.0000
vn -0.0066 0.0067 1.0000
vn -0.0078 0.0052 1.0000
vn -0.0080 0.0053 1.0000
vn -0.0087 0.0037 1.0000
vn -0.0088 0.0036 1.0000
vn -0.0094 0.0018 1.0000
vn -0.0094 0.0019 1.0000
vn 0.3438 0.7319 0.5883
vn -0.0977 0.7787 0.6197
vn 0.8109 0.3263 -0.4858
vn 0.6037 0.7875 -0.1241
vn -0.0683 0.9356 0.3463
vn 0.5424 -0.8170 0.1956
vn 0.5424 0.8170 -0.1956
vn -0.0523 -0.9353 -0.3500
vn 0.8546 -0.1319 0.5022
vn -0.1505 -0.5526 -0.8197
vn -0.4777 -0.3850 0.7897
vn -0.0557 -0.6847 -0.7267
vn -0.9092 0.4113 -0.0646
vn -0.4058 -0.8927 -0.1962
vn -0.4058 0.8927 0.1962
vn -0.9002 -0.4286 0.0770
vn -0.0295 0.7972 0.6030
vn -0.2329 0.8711 0.4323
vn 0.1217 0.7781 -0.6162
vn -0.0653 0.7778 -0.6250
vn -0.0000 -0.0000 -1.0000
vn 0.0001 -0.0000 -1.0000
vn -0.0001 -0.0000 -1.0000
vn -0.5586 0.5688 -0.6038
vn -0.4047 0.7428 -0.5334
vn 0.6119 0.7820 0.1188
vn -0.0154 0.2476 0.9687
vn 0.9061 -0.0598 0.4189
vn 0.0122 0.0896 0.9959
vn 0.8602 -0.4963 0.1169
vn -0.8925 0.1191 0.4351
vn 0.5707 0.6579 0.4914
vn -0.3009 -0.5896 -0.7495
vn -0.9685 -0.2257 -0.1054
vn -0.5523 -0.1694 -0.8163
vn -0.2221 0.9172 -0.3309
vn -0.3825 -0.6982 0.6051
vn -0.8411 -0.5275 -0.1199
vn -0.6520 -0.2784 0.7052
vn -0.9127 -0.2988 0.2787
vn 0.0068 -0.0942 0.9955
vn -0.0743 -0.5925 0.8022
vn -0.5822 -0.5197 0.6252
vn 0.4425 -0.7400 -0.5065
vn -0.1829 -0.9766 -0.1130
vn 0.9366 0.3237 -0.1343
vn 0.9531 -0.2967 -0.0591
vn 0.7456 -0.4620 0.4802
vn -0.8053 -0.2903 -0.5169
vn -0.3953 -0.6092 -0.6875
vn 0.4887 0.4829 -0.7266
vn -0.9021 0.1667 -0.3981
vn -0.4598 0.3281 0.8252
vn -0.1396 -0.6766 0.7230
vn 0.9956 0.0370 -0.0860
vn 0.9979 0.0140 0.0626
vn 0.5124 0.1384 0.8475
vn 0.0017 0.0402 -0.9992
vn -0.4233 -0.8989 0.1132
vn -0.8274 -0.0881 0.5547
vn 0.0002 -0.0126 -0.9999
vn -0.5681 -0.5411 0.6200
vn 0.5645 -0.6800 0.4679
vn 0.0009 -0.0389 -0.9992
vn -0.3390 -0.8724 0.3521
vn 0.5043 -0.7436 -0.4390
vn 0.0004 0.0124 -0.9999
vn 0.3261 -0.5839 -0.7435
vn -0.4117 -0.7121 -0.5687
vn 0.0009 0.0389 -0.9992
vn -0.8187 -0.3481 0.4567
vn -0.6245 -0.7329 0.2698
vn 0.0083 0.1504 -0.9886
vn 0.1293 0.9072 -0.4003
vn 0.3959 0.0009 0.9183
vn 0.3457 -0.9356 0.0713
vn 0.9994 0.0042 0.0336
vn -0.7988 0.0242 0.6012
vn 0.0689 0.0102 -0.9976
vn -0.3950 0.0092 0.9186
vn 0.3553 -0.9234 -0.1453
vn -0.2995 0.0118 0.9540
vn 0.4643 -0.8851 0.0331
vn -0.0162 0.0109 0.9998
vn 0.0504 0.0067 0.9987
vn 0.5239 0.7561 -0.3922
vn 0.6295 0.0062 0.7770
vn -0.6447 -0.0089 0.7644
vn 0.7497 0.6563 -0.0848
vn -0.3499 0.8458 0.4028
vn 0.6382 0.6204 -0.4558
vn -0.8493 0.0091 0.5279
vn -0.0028 0.9921 0.1257
vn -0.4617 0.8336 0.3033
vn -0.3920 0.8324 -0.3916
vn -0.6258 0.5448 -0.5581
vn -0.0217 -0.9475 0.3190
vn -0.2824 0.9520 0.1184
vn -0.4109 0.8251 -0.3878
vn -0.4389 0.0632 -0.8963
vn 0.4130 0.4425 0.7960
vn 0.3885 0.4444 -0.8072
vn -0.7546 0.3187 0.5736
vn -0.7210 0.6916 -0.0437
vn -0.9997 0.0200 -0.0154
vn -0.9546 -0.2353 0.1828
vn -0.9681 -0.2506 -0.0065
vn -0.2829 0.9200 -0.2712
vn -0.6211 0.2383 0.7466
vn -0.4499 -0.7112 0.5402
vn -0.9218 0.1969 0.3340
vn -0.5452 0.6991 0.4627
vn 0.3687 -0.4866 0.7920
vn 0.7366 -0.4003 0.5451
vn 0.8048 -0.1307 0.5789
vn 0.9355 -0.1107 0.3356
vn 0.8681 0.3136 -0.3848
vn 0.0761 0.3802 -0.9218
vn 0.2133 0.9621 0.1701
vn 0.2779 0.9247 0.2600
vn 0.2286 0.6413 -0.7324
vn -0.0616 0.9512 0.3024
vn -0.9777 0.0285 -0.2080
vn -0.4159 0.8480 0.3285
vn 0.2069 -0.4070 -0.8897
vn -0.8384 0.4686 0.2783
vn -0.4903 -0.0997 -0.8658
vn -0.7534 0.5274 0.3928
vn -0.8771 0.3774 0.2971
vn 0.4188 -0.5975 -0.6838
vn -0.7840 -0.4351 0.4427
vn 0.1492 -0.8585 -0.4907
vn -0.9940 0.0855 0.0675
vn -0.4911 -0.5854 0.6451
vn -0.9265 -0.3549 0.1248
vn 0.4625 -0.5714 -0.6779
vn -0.6004 -0.5927 -0.5369
vn -0.6323 -0.6420 -0.4336
vn -0.9967 0.0803 -0.0108
vn 0.4226 -0.6850 0.5934
vn -0.2271 -0.4754 -0.8499
vn 0.1178 -0.5834 -0.8036
vn -0.1798 0.4983 -0.8482
vn -0.3521 0.5400 -0.7645
vn -0.7912 -0.4545 0.4093
vn -0.9894 -0.1017 -0.1037
vn -0.1788 -0.6496 0.7389
vn -0.4772 -0.8197 -0.3168
vn -0.2042 -0.8684 0.4518
vn 0.4378 -0.8985 -0.0320
vn 0.9358 -0.0744 0.3447
vn -0.9831 -0.1666 -0.0765
vn -0.6433 -0.3951 -0.6558
vn 0.1499 -0.8129 0.5628
vn -0.0257 -0.9183 0.3950
vn 0.3911 -0.8355 -0.3859
vn 0.7298 -0.2155 -0.6488
vn -0.9106 -0.1790 0.3726
vn -0.3336 -0.9396 -0.0763
vn 0.7453 -0.1826 -0.6412
vn 0.4826 -0.2394 0.8425
vn -0.1160 -0.4490 0.8860
vn -0.9516 0.2490 -0.1799
vn 0.1297 -0.7107 0.6914
vn 0.0816 0.0229 -0.9964
vn 0.3317 -0.7492 -0.5733
vn -0.8227 0.5159 0.2389
vn -0.6905 -0.4614 -0.5571
vn -0.1470 0.8721 0.4667
vn -0.8912 0.4388 -0.1155
vn -0.3447 -0.3950 -0.8516
vn 0.1662 0.7165 -0.6775
vn -0.5785 -0.7015 0.4163
vn -0.5669 -0.5394 0.6226
vn 0.2827 0.9569 0.0672
vn -0.2042 0.7138 0.6699
vn -0.5187 -0.0851 -0.8507
vn -0.1833 0.1419 -0.9728
vn 0.2858 -0.4017 -0.8700
vn 0.4133 0.9106 -0.0028
vn -0.5799 0.6469 0.4952
vn 0.4671 -0.8758 0.1216
vn 0.3042 -0.6102 -0.7315
vn -0.0854 0.9963 -0.0108
vn -0.4460 0.1962 0.8732
vn 0.1916 0.7790 0.5970
vn 0.1449 0.1809 0.9728
vn 0.7341 -0.1145 -0.6693
vn 0.0507 0.2956 -0.9540
vn -0.2123 0.8165 -0.5368
vn -0.5253 0.4712 0.7086
vn -0.8346 0.0132 0.5507
vn -0.9821 -0.1325 -0.1336
vn -0.8284 -0.3954 0.3967
vn -0.8938 -0.4427 0.0713
vn -0.6933 -0.5233 0.4954
vn -0.8871 -0.3981 0.2337
vn -0.1908 -0.6548 0.7313
vn -0.1157 -0.5215 0.8454
vn 0.2962 -0.5388 0.7887
vn 0.2489 -0.1058 0.9627
vn 0.7745 0.0041 0.6326
vn 0.5706 0.1941 0.7979
vn 0.3543 0.6269 0.6939
vn 0.3054 0.9363 0.1732
vn -0.1161 0.7998 0.5889
vn -0.6400 0.7684 -0.0021
vn -0.3074 0.7524 0.5825
vn -0.7183 0.4317 0.5456
vn -0.8946 0.2865 0.3429
vn -0.8671 0.0299 0.4972
vn -0.5452 0.6368 -0.5452
vn -0.8252 0.1433 0.5464
vn -0.9207 0.2977 -0.2526
vn -0.9644 0.2115 -0.1589
vn -0.8202 0.5716 -0.0229
vn 0.2849 0.0653 0.9563
vn 0.0253 -0.8074 0.5894
vn 0.4206 -0.1878 0.8876
vn 0.9498 0.1190 -0.2893
vn 0.8168 0.5443 0.1913
vn 0.5285 0.8414 -0.1128
vn -0.5311 0.6546 -0.5380
vn -0.8108 -0.5325 -0.2430
vn -0.3947 0.3749 -0.8389
vn -0.9060 0.3555 0.2299
vn -0.9435 -0.3314 0.0045
vn -0.9868 0.1298 0.0967
vn -0.9621 0.2617 -0.0767
vn -0.9051 -0.2980 -0.3033
vn -0.6675 -0.6928 -0.2731
vn -0.2603 -0.3439 0.9022
vn -0.1595 -0.9585 -0.2361
vn -0.1601 -0.7344 0.6596
vn 0.6201 -0.7455 -0.2445
vn 0.1382 0.0373 0.9897
vn 0.9848 0.1697 -0.0357
vn 0.7769 -0.2401 -0.5820
vn 0.7972 0.1495 -0.5849
vn 0.6980 0.4185 -0.5810
vn 0.5156 0.6817 -0.5191
vn 0.2615 -0.3470 -0.9007
vn -0.2953 0.8479 -0.4403
vn -0.7558 -0.2651 -0.5987
vn -0.6297 0.6602 -0.4094
vn -0.9133 0.3781 -0.1515
vn -0.9451 0.2490 -0.2115
vn -0.8936 0.0208 -0.4484
vn -0.8317 -0.1794 -0.5254
vn -0.7065 -0.4519 -0.5447
vn -0.4614 -0.7034 -0.5408
vn -0.5455 -0.8344 -0.0792
vn 0.1057 -0.9328 -0.3446
vn 0.2615 0.3648 -0.8936
vn -0.0400 0.5775 -0.8154
vn -0.3423 0.6670 -0.6618
vn -0.9564 0.0874 0.2786
vn -0.9237 0.1267 0.3616
vn -0.8687 -0.0306 -0.4944
vn -0.9737 0.2015 -0.1060
vn -0.8280 -0.1658 -0.5356
vn -0.8290 -0.1721 -0.5321
vn -0.4309 -0.6854 0.5869
vn 0.5995 0.7903 -0.1267
vn 0.1948 -0.7801 0.5946
vn -0.0235 -0.9566 -0.2904
vn 0.3796 0.5211 0.7644
vn 0.7246 -0.4219 -0.5449
vn 0.4332 0.0008 -0.9013
vn 0.3536 0.5970 -0.7201
vn -0.0313 0.4599 -0.8874
vn -0.0876 0.1254 -0.9882
vn -0.0610 -0.4211 -0.9049
vn -0.3365 -0.3254 -0.8837
vn -0.7983 0.5973 0.0770
vn -0.9092 0.4052 0.0957
vn -0.6695 -0.7209 -0.1793
vn -0.9707 0.1611 -0.1784
vn 0.1285 -0.9559 0.2640
vn 0.8448 0.2063 0.4937
vn 0.6827 0.0112 -0.7306
vn 0.2379 0.9014 -0.3619
vn -0.8492 -0.0393 -0.5267
vn -0.9366 -0.2816 0.2086
vn 0.6118 0.4887 0.6220
vn 0.6870 0.5100 0.5176
vn -0.4953 -0.5761 0.6502
vn -0.2453 -0.4528 0.8572
vn -0.7874 0.3518 0.5062
vn -0.5263 0.0688 -0.8475
vn 0.5941 0.7251 0.3482
vn 0.2684 0.3013 0.9150
vn 0.6907 -0.6661 -0.2817
vn -0.7684 0.6383 -0.0463
vn 0.4955 -0.8637 -0.0923
vn -0.2716 0.8324 0.4830
vn -0.3511 0.4088 -0.8424
vn 0.5140 -0.6426 0.5683
vn 0.4017 -0.8882 -0.2232
vn 0.1791 0.6049 -0.7759
vn 0.8379 0.0444 0.5439
vn 0.2846 -0.7475 0.6003
vn -0.6077 -0.7304 0.3117
vn 0.0113 -0.7764 0.6301
vn 0.0493 -0.8207 0.5692
vn 0.2437 -0.8994 0.3630
vn 0.9269 -0.3086 0.2138
vn 0.9450 0.3208 -0.0636
vn -0.5192 -0.4579 -0.7216
vn -0.7679 0.1296 -0.6274
vn -0.9573 0.1035 0.2699
vn -0.7814 -0.0003 0.6240
vn -0.7848 0.0992 0.6118
vn -0.7295 0.0997 0.6767
vn 0.2220 -0.0777 0.9719
vn -0.9490 -0.0072 -0.3153
vn -0.9332 -0.1249 -0.3369
vn -0.9328 0.3460 -0.1009
vn -0.7128 -0.5827 -0.3904
vn 0.0850 0.6147 -0.7842
vn -0.0877 -0.9711 -0.2218
vn 0.9180 -0.2007 -0.3421
vn 0.7562 -0.6193 -0.2112
vn 0.9578 -0.0307 -0.2859
vn 0.8257 0.2167 -0.5208
vn -0.0671 0.1680 -0.9835
vn -0.1448 0.8453 -0.5143
vn -0.0961 0.0376 0.9947
vn -0.5761 0.7957 -0.1870
vn -0.9607 0.1088 0.2553
vn -0.8919 0.3344 -0.3044
vn -0.8846 -0.3558 -0.3016
vn -0.9644 -0.2554 -0.0688
vn -0.4839 -0.8678 -0.1127
vn 0.2650 -0.1314 0.9553
vn 0.8709 -0.4845 -0.0822
vn 0.9087 0.3087 -0.2811
vn 0.3336 0.9035 -0.2691
vn -0.2757 -0.1187 -0.9539
vn -0.8827 0.4595 -0.0987
vn -0.8737 -0.4543 -0.1740
vn -0.9683 0.1658 0.1871
vn -0.5246 0.0144 0.8512
vn 0.4521 0.0959 0.8868
vn 0.8090 0.3804 0.4481
vn -0.6769 -0.7359 -0.0174
vn 0.7535 0.6490 -0.1051
vn 0.2797 0.6793 0.6785
vn 0.9963 -0.0797 0.0327
vn 0.8032 -0.5518 -0.2244
vn 0.7228 -0.6885 0.0587
vn 0.3207 -0.6853 0.6539
vn 0.0701 -0.9728 -0.2209
vn -0.0420 -0.4794 -0.8766
vn -0.7685 -0.4342 -0.4699
vn -0.9985 0.0162 0.0526
vn 0.8548 0.3713 0.3626
vn 0.8953 -0.4431 0.0467
vn -0.8864 0.4007 0.2319
vn -0.4609 -0.6539 0.6001
vn -0.0680 0.8668 0.4940
vn -0.0368 0.5652 0.8241
vn 0.9523 0.2396 0.1889
vn -0.5877 -0.2014 0.7836
vn -0.2088 -0.2436 0.9471
vn 0.6201 0.1391 0.7721
vn 0.9887 0.1266 0.0802
vn 0.0750 0.2834 -0.9561
vn 0.7593 0.6386 0.1251
vn 0.4584 0.8825 0.1057
vn -0.4911 -0.8637 -0.1129
vn -0.9287 -0.3308 0.1678
vn -0.9653 0.2276 0.1284
vn -0.9799 0.1787 0.0883
vn -0.7666 0.6276 -0.1358
vn -0.3473 0.4342 -0.8312
vn -0.8013 -0.5520 0.2307
vn -0.3750 -0.9167 0.1381
vn 0.5578 -0.8209 0.1227
vn 0.7115 -0.6971 0.0879
vn 0.8304 -0.5510 0.0831
vn 0.9235 -0.3832 -0.0150
vn 0.9794 -0.1867 0.0762
vn 0.9997 0.0039 0.0233
vn 0.9799 0.1957 -0.0374
vn 0.9185 0.3863 0.0842
vn 0.5471 0.8323 0.0890
vn 0.3795 0.9244 0.0383
vn 0.1918 0.9765 0.0987
vn -0.3760 0.9198 0.1119
vn -0.5464 0.8154 0.1912
vn -0.9009 0.3750 0.2186
vn -0.9500 0.1835 0.2527
vn -0.1177 0.9528 0.2798
vn 0.3388 0.7649 -0.5478
vn -0.4526 0.3074 0.8370
vn 0.2766 -0.9273 0.2522
vn -0.4860 0.8451 0.2229
vn -0.5705 0.7599 -0.3114
vn -0.9371 -0.3476 0.0316
vn -0.1996 0.8838 0.4232
vn -0.8152 -0.5777 -0.0397
vn -0.0521 0.9545 -0.2935
vn -0.6658 -0.0254 0.7457
vn 0.7999 0.4640 0.3807
vn -0.7010 0.0129 0.7131
vn 0.4954 -0.4014 -0.7704
vn -0.7487 -0.6626 -0.0184
vn -0.0213 0.7856 0.6183
vn 0.3848 0.7689 0.5106
vn 0.1704 0.8286 0.5333
vn 0.5791 0.8114 -0.0797
vn 0.5156 0.7797 0.3553
vn 0.4654 0.7732 0.4307
vn 0.3609 0.2878 -0.8871
vn 0.2598 0.9656 -0.0079
vn 0.1476 0.9460 -0.2887
vn -0.2605 0.9560 0.1348
vn 0.6658 -0.1252 0.7355
vn -0.3700 0.1234 0.9208
vn -0.4766 0.7657 -0.4319
vn -0.8725 0.4032 0.2760
vn 0.6253 0.7533 -0.2036
vn 0.1538 0.4855 -0.8606
vn 0.1196 0.0602 -0.9910
vn 0.5111 0.8558 0.0796
vn 0.7905 0.5505 -0.2686
vn -0.5172 0.2779 0.8095
vn -0.2875 0.9578 -0.0064
vn -0.4731 0.7709 -0.4265
vn 0.0811 0.9714 -0.2231
vn 0.1870 0.5769 -0.7951
vn -0.8158 0.3774 0.4382
vn -0.9788 -0.1337 -0.1551
vn -0.9740 -0.1553 -0.1652
vn -0.2710 0.0870 0.9586
vn -0.6153 0.4723 0.6311
vn 0.7301 0.5117 -0.4529
vn -0.3535 -0.0765 -0.9323
vn -0.3800 -0.8993 -0.2167
vn -0.9069 0.4212 -0.0123
vn -0.9525 -0.1843 0.2426
vn 0.3089 -0.8952 0.3214
vn 0.4091 -0.1718 0.8962
vn 0.9295 0.1370 0.3425
vn 0.0276 0.0144 -0.9995
vn 0.3706 0.8592 -0.3528
vn -0.0569 0.9506 -0.3050
vn -0.9292 0.3655 0.0548
vn -0.9382 -0.2917 0.1865
vn -0.3247 -0.8455 -0.4238
vn -0.5163 -0.5811 -0.6291
vn -0.6109 -0.7906 0.0412
vn 0.9259 0.2867 -0.2458
vn 0.8702 0.4086 -0.2753
vn 0.8977 -0.3550 0.2608
vn 0.6761 -0.3943 -0.6225
vn -0.9005 -0.2221 0.3738
vn 0.4466 -0.8283 0.3383
vn 0.5981 -0.7840 0.1660
vn 0.9395 0.1502 0.3078
vn 0.2745 -0.7438 -0.6095
vn -0.1425 0.3109 0.9397
vn 0.5173 -0.6437 -0.5640
vn -0.6579 -0.7531 0.0045
vn -0.1503 -0.7973 0.5846
vn -0.0517 -0.7525 0.6566
vn 0.0952 -0.7459 0.6592
vn 0.8156 -0.5669 0.1156
vn 0.3422 0.4797 -0.8079
vn -0.7920 -0.5605 0.2420
vn -0.0983 -0.9482 0.3020
vn -0.6980 -0.7160 -0.0117
vn 0.4309 0.1893 -0.8823
vn 0.0396 -0.7620 -0.6464
vn -0.6306 -0.2966 0.7172
vn 0.7106 -0.7028 -0.0346
vn -0.3522 -0.8795 0.3200
vn 0.6093 -0.5975 -0.5214
vn -0.2994 -0.9395 -0.1666
vn 0.1228 -0.3258 0.9374
vn 0.3529 0.1762 -0.9189
vn 0.1989 -0.9172 0.3454
vn -0.0740 0.6749 0.7342
vn -0.1391 -0.7560 -0.6396
vn -0.8342 -0.3438 0.4313
vn -0.8916 -0.4403 0.1058
vn -0.9202 -0.2180 0.3250
vn 0.8459 -0.3009 0.4404
vn -0.9847 -0.1734 -0.0148
vn 0.5305 0.0388 0.8468
vn 0.0651 -0.6810 -0.7294
vn -0.6016 -0.6113 -0.5142
vn -0.2515 -0.9624 0.1023
vn -0.8489 -0.5264 0.0474
vn -0.5093 -0.7625 0.3990
vn 0.3082 -0.8199 0.4826
vn 0.1812 -0.9678 -0.1745
vn 0.3173 -0.4365 -0.8419
vn 0.4008 -0.7987 -0.4488
vn -0.9780 -0.0362 -0.2053
vn 0.6765 -0.7339 -0.0618
vn -0.6896 -0.5579 -0.4617
vn -0.0651 -0.5417 -0.8381
vn 0.7571 -0.5729 -0.3140
vn 0.7325 -0.6805 0.0206
vn 0.2076 -0.7354 -0.6451
vn 0.3983 -0.9069 -0.1373
vn 0.5314 -0.7529 0.3882
vn -0.1713 -0.8670 -0.4680
vn -0.4570 -0.8295 0.3211
vn -0.8061 0.0867 0.5854
vn -0.4834 -0.2576 -0.8366
vn 0.4292 -0.7582 0.4908
vn -0.6189 -0.6888 0.3774
vn 0.9467 0.2801 -0.1592
vn 0.4800 0.8101 0.3366
vn -0.6177 -0.6238 0.4789
vn 0.7635 0.2508 -0.5952
vn 0.3667 -0.9222 -0.1232
vn 0.6260 -0.7116 0.3191
vn 0.0529 0.7288 0.6827
vn -0.0454 0.7526 -0.6569
vn -0.2387 0.7771 0.5823
vn 0.7768 0.0649 -0.6264
vn 0.0820 0.8925 0.4435
vn -0.6519 0.2101 0.7286
vn -0.7841 0.3235 0.5297
vn -0.1534 0.9830 0.1012
vn 0.2619 0.9629 0.0643
vn 0.4643 0.7545 0.4638
vn 0.3760 0.5739 0.7275
vn -0.3552 0.4525 0.8179
vn 0.2013 -0.9736 0.1078
vn -0.3595 0.9090 -0.2108
vn -0.6234 -0.1177 0.7730
vn 0.0564 0.9914 0.1182
vn 0.5534 0.1076 0.8259
vn 0.7432 0.6504 0.1568
vn 0.5615 0.6723 -0.4824
vn -0.0926 0.8880 0.4504
vn 0.4938 -0.7912 -0.3607
vn -0.8271 0.5309 0.1847
vn 0.1910 -0.8801 -0.4346
vn 0.0610 -0.8511 -0.5215
vn 0.9735 -0.1959 0.1180
vn 0.9010 0.3515 -0.2541
vn 0.3859 0.6169 0.6859
vn 0.2187 0.2719 0.9372
vn -0.8862 0.3801 -0.2649
vn -0.7165 -0.3356 -0.6115
vn -0.1716 -0.2966 0.9394
vn 0.0996 0.5058 0.8569
vn 0.2807 0.8225 0.4946
vn -0.8861 -0.4633 0.0122
vn 0.2508 -0.3308 -0.9098
vn 0.2746 0.8991 0.3409
vn 0.5375 -0.3727 0.7564
vn 0.0433 -0.9889 0.1418
vn -0.1969 0.1489 -0.9690
vn 0.1939 -0.2637 -0.9449
vn -0.3196 -0.9442 -0.0793
vn -0.6411 0.3686 -0.6731
vn -0.9771 -0.2128 0.0016
vn -0.0897 -0.0837 -0.9924
vn -0.1425 -0.0165 -0.9897
vn -0.5602 0.7315 0.3887
vn -0.7345 -0.2700 -0.6225
vn -0.6185 -0.4813 -0.6212
vn -0.4832 -0.6852 -0.5451
vn -0.2930 -0.8324 -0.4704
vn -0.0929 -0.9116 -0.4005
vn 0.9086 0.3991 0.1229
vn -0.3107 -0.0474 -0.9493
vn -0.4332 -0.3442 -0.8330
vn 0.3859 -0.5607 -0.7326
vn -0.4233 -0.5313 -0.7339
vn -0.0139 -0.5497 -0.8352
vn -0.6586 -0.1246 0.7421
vn -0.5491 -0.3913 0.7385
vn 0.3966 0.8430 0.3634
vn -0.8719 0.4110 0.2663
vn -0.8783 0.3126 -0.3617
vn -0.5962 0.2351 0.7676
vn -0.5968 0.6917 -0.4065
vn -0.9043 0.2659 0.3341
vn -0.9306 -0.3649 0.0293
vn -0.2338 0.4841 0.8432
vn -0.0875 -0.9070 0.4119
vn 0.2770 -0.8301 0.4839
vn 0.6045 -0.6044 0.5189
vn 0.8228 -0.2585 0.5061
vn 0.8845 0.1419 0.4445
vn 0.7615 0.5303 0.3727
vn 0.4801 0.8134 0.3286
vn 0.2571 0.2622 -0.9301
vn -0.2655 0.8953 0.3577
vn -0.5814 0.7146 0.3890
vn -0.8034 0.4460 0.3944
vn -0.9334 0.1815 0.3096
vn -0.9646 -0.0954 0.2459
vn -0.9408 0.1772 -0.2890
vn -0.9734 -0.1815 -0.1397
vn -0.9457 -0.3215 -0.0481
vn -0.2560 0.1216 0.9590
vn -0.5718 -0.7363 0.3619
vn -0.1552 -0.8159 0.5569
vn 0.4003 -0.6576 0.6382
vn 0.8175 -0.3293 0.4724
vn 0.9246 0.3275 0.1945
vn 0.7602 0.6256 -0.1754
vn 0.2469 0.9034 -0.3506
vn 0.3102 0.0528 -0.9492
vn -0.7453 0.6667 -0.0031
vn -0.9275 0.3503 0.1305
vn -0.9769 0.0406 0.2098
vn -0.9857 -0.0408 0.1637
vn -0.7883 -0.2122 -0.5775
vn -0.7179 -0.5629 -0.4097
vn 0.6806 0.3977 0.6153
vn 0.0282 -0.8973 -0.4406
vn 0.3504 -0.1622 0.9224
vn 0.0584 -0.7242 0.6871
vn 0.5454 -0.5923 -0.5930
vn 0.8770 -0.0655 -0.4760
vn 0.4823 -0.7539 -0.4461
vn 0.5551 0.1535 -0.8175
vn 0.1011 -0.8319 0.5456
vn -0.0777 0.7734 -0.6292
vn 0.0690 0.7336 0.6761
vn -0.7762 0.5310 -0.3400
vn -0.8576 -0.5033 -0.1061
vn -0.8699 0.1880 -0.4561
vn -0.6552 -0.3252 -0.6818
vn -0.5912 -0.8056 0.0396
vn 0.3902 -0.0032 -0.9207
vn -0.0125 -0.9999 -0.0001
vn -0.0028 -0.9998 0.0210
vn 0.2293 -0.6940 0.6825
vn -0.0416 -0.8427 -0.5368
vn -0.4891 0.8543 -0.1759
vn 0.0071 -0.9995 0.0312
vn 0.0147 -0.9999 0.0033
vn 0.0033 -0.9999 -0.0147
vn -0.8211 -0.2141 0.5291
vn 0.8595 -0.4807 -0.1735
vn 0.3022 0.7354 -0.6065
vn -0.4062 -0.6105 0.6799
vn -0.0624 0.9977 -0.0263
vn -0.4507 -0.6844 -0.5731
vn -0.3975 0.7112 -0.5798
vn 0.5477 0.8360 -0.0322
vn 0.9497 0.0327 -0.3114
vn -0.9614 0.0204 -0.2744
vn -0.1924 -0.4475 -0.8733
vn -0.9210 -0.3548 -0.1606
vn 0.1124 -0.9102 0.3985
vn 0.7003 -0.5293 0.4789
vn -0.6771 0.6852 -0.2684
vn -0.6387 0.6263 0.4470
vn -0.2302 -0.3677 0.9010
vn 0.2495 0.6116 0.7508
vn 0.4149 0.8190 -0.3964
vn 0.5965 0.4880 -0.6372
vn -0.0324 0.7273 0.6855
vn 0.8911 -0.4026 0.2095
vn -0.6870 0.3915 -0.6123
vn -0.0216 0.5663 0.8239
vn -0.9867 -0.0081 -0.1624
vn -0.5054 0.3131 0.8041
vn -0.5209 -0.7255 0.4497
vn 0.6475 0.7124 0.2706
vn 0.7705 0.6318 -0.0847
vn -0.4198 -0.1902 -0.8875
vn -0.8938 0.3599 -0.2677
vn -0.6347 -0.5721 -0.5195
vn -0.9534 0.1526 0.2603
vn -0.9581 0.2836 -0.0398
vn -0.5509 -0.4815 0.6817
vn 0.4521 0.0590 -0.8900
vn -0.5346 -0.0972 -0.8395
vn -0.9304 0.3631 -0.0505
vn -0.7973 -0.4627 0.3875
vn 0.8636 -0.4633 0.1987
vn 0.5729 -0.8066 0.1455
vn -0.1604 0.7561 0.6345
vn 0.0510 0.7228 0.6891
vn 0.9063 -0.0881 -0.4134
vn -0.2617 -0.0802 -0.9618
vn -0.7597 -0.0860 0.6446
vn 0.5401 -0.0831 0.8375
vn 0.3584 -0.0428 -0.9326
vn -0.0001 -0.0451 -0.9990
vn -0.8914 -0.0418 -0.4513
vn -0.9939 -0.0456 -0.1006
vn -0.5353 -0.0366 0.8439
vn 0.1951 -0.0414 0.9799
vn 0.9621 -0.0742 0.2622
vn 0.0075 0.9997 0.0234
vn 0.4572 -0.0229 -0.8891
vn -0.9405 -0.3378 -0.0357
vn -0.0620 -0.9172 -0.3936
vn -0.4113 0.5273 0.7435
vn -0.1491 0.7549 0.6387
vn 0.8031 -0.5881 -0.0958
vn -0.5812 0.4878 0.6514
vn -0.2485 0.8034 0.5412
vn -0.8194 0.1981 0.5378
vn -0.1784 0.1331 -0.9749
vn 0.0340 0.5040 -0.8630
vn 0.0067 -1.0000 -0.0065
vn 0.0070 -1.0000 0.0063
vn 0.0001 -1.0000 -0.0000
vn 0.5551 0.8317 -0.0127
vn 0.0064 -0.9999 0.0138
vn -0.9428 -0.3206 0.0911
vn 0.1980 -0.9794 0.0397
vn -0.0000 1.0000 -0.0013
vn 0.0215 0.9998 0.0040
vn -0.1819 0.8958 -0.4056
vn -0.0709 0.9975 0.0048
vn 0.5652 -0.8041 -0.1844
vn -0.7496 -0.4767 0.4591
vn -0.0828 0.3611 -0.9288
vn 0.8200 -0.5719 0.0229
vn 0.0317 0.1155 0.9928
vn 0.9979 0.0589 -0.0270
vn 0.9907 -0.1360 -0.0000
vn 0.9722 0.2338 0.0092
vn 0.9537 -0.1031 -0.2825
vn 0.9839 -0.1787 -0.0096
vn 0.9717 0.1048 0.2117
vn 0.0013 -0.9980 0.0628
vn -0.6815 -0.3901 -0.6192
vn -0.8628 0.2127 0.4587
vn -0.0042 -1.0000 0.0011
vn 0.0057 -0.9996 -0.0271
vn 0.0070 -0.9998 -0.0168
vn 0.0091 -1.0000 0.0007
vn 0.6293 -0.7753 0.0542
vn 0.4153 -0.2983 -0.8594
vn 0.9732 -0.0067 0.2298
vn 0.1162 -0.2321 -0.9657
vn -0.0006 -1.0000 -0.0080
vn 0.0349 -0.9984 -0.0437
vn -0.4060 -0.8123 -0.4187
vn 0.1212 -0.9390 0.3220
vn 0.6475 0.7621 -0.0000
vn 0.0235 0.9995 -0.0210
vn -0.4592 -0.8830 0.0969
vn -0.0000 -1.0000 -0.0089
vn 0.9991 -0.0122 0.0409
vn -0.7406 0.6718 -0.0089
vn 0.5245 0.0809 -0.8476
vn -0.9273 -0.3677 0.0697
vn -0.9237 0.0828 0.3741
vn -0.4184 -0.1259 -0.8995
vn 0.1591 0.9620 0.2218
vn 0.0204 0.9981 0.0579
vn 0.3542 0.9341 0.0444
vn -0.9030 0.4029 -0.1494
vn -0.0004 0.9983 -0.0584
vn 0.0236 -0.9995 -0.0210
vn -0.0068 0.9997 0.0214
vn 0.4455 -0.8567 -0.2601
vn -0.1732 -0.6304 -0.7567
vn -0.0000 1.0000 0.0046
vn -0.0068 -1.0000 -0.0059
vn 0.0042 -1.0000 0.0060
vn -0.5552 0.8316 -0.0134
vn -0.2231 -0.9748 0.0053
vn 0.7872 -0.5874 0.1879
vn -0.0064 -0.9999 0.0083
vn -0.2045 0.2513 0.9461
vn -0.7254 0.1570 -0.6702
vn -0.0761 0.0831 -0.9936
vn 0.6564 0.1631 0.7366
vn -0.0066 -0.9997 -0.0219
vn -0.6119 -0.7883 0.0646
vn -0.0111 -0.9997 -0.0222
vn 0.3385 0.4170 0.8435
vn -0.0975 0.9201 0.3793
vn -0.2998 0.9073 -0.2947
vn -0.6833 -0.1125 -0.7214
vn 0.0128 0.9998 0.0177
vn 0.0707 0.9961 -0.0522
vn 0.6122 -0.7315 -0.3001
vn -0.9990 0.0354 -0.0266
vn -0.0335 0.1435 0.9891
vn -0.0077 -1.0000 0.0058
vn 0.1132 0.6560 -0.7463
vn -0.5231 0.0349 -0.8516
vn -0.0057 -0.9994 -0.0339
vn -0.7995 0.5986 -0.0491
vn -0.7598 0.3961 0.5156
vn -0.5072 0.8484 0.1515
vn -0.5215 -0.7963 0.3065
vn -0.0197 -0.9737 0.2270
vn 0.8393 -0.3288 -0.4329
vn -0.5815 -0.2795 0.7640
vn 0.4165 0.5432 0.7290
vn 0.1534 0.7328 0.6629
vn -0.5444 0.3249 -0.7734
vn -0.1296 -0.2508 -0.9593
vn 0.4288 -0.8954 0.1202
vn 0.2447 -0.1942 -0.9499
vn 0.6608 -0.0581 -0.7483
vn -0.0235 0.9995 -0.0210
vn 0.1261 -0.4268 0.8955
vn -0.0618 -0.9975 -0.0329
vn -0.0009 -0.9997 -0.0253
vn -0.0000 -1.0000 -0.0000
vn -0.0144 0.9989 0.0438
vn 0.0007 0.9916 -0.1295
vn -0.0523 0.9986 0.0011
vn -0.3678 0.9287 0.0465
vn -0.0236 -0.9995 -0.0210
vn -0.1514 -0.5309 0.8338
vn 0.0065 0.9995 0.0294
vn 0.8812 0.4703 -0.0490
vn 0.0337 -0.8670 0.4971
vn 0.0217 -0.9587 0.2835
vn 0.5137 0.8388 0.1803
vn -0.8607 0.0782 -0.5030
vn -0.0018 0.9515 -0.3076
vn 0.3622 -0.5189 -0.7743
vn -0.0068 0.9997 0.0247
vn -0.1547 -0.9812 -0.1151
vn -0.9999 0.0061 -0.0084
vn -0.0949 -0.8676 -0.4881
vn -0.1200 -0.5034 -0.8557
vn -0.4356 0.2147 0.8741
vn -0.0336 -0.8673 0.4966
vn 0.4525 0.7058 0.5451
vn -0.1205 0.9524 -0.2801
vn -0.1470 0.9831 -0.1089
vn -0.0670 0.8721 -0.4846
vn -0.0699 0.5042 -0.8608
vn -0.2212 0.9502 -0.2193
vn -0.2211 -0.9509 -0.2167
vn 0.0003 -0.9577 -0.2878
vn -0.2006 0.9693 -0.1419
vn -0.1527 0.9849 -0.0816
vn -0.1596 -0.9803 -0.1161
vn -0.2297 -0.9567 -0.1786
vn -0.9728 0.1962 0.1232
vn -0.9790 0.2030 0.0165
vn 0.0347 0.9121 -0.4086
vn 0.0371 0.9868 -0.1573
vn -0.0124 0.9960 -0.0885
vn 0.0076 1.0000 0.0060
vn 0.3746 0.8246 -0.4239
vn 0.0067 0.9876 -0.1567
vn -0.0071 0.9999 -0.0143
vn 0.2953 -0.0266 -0.9550
vn 0.2822 -0.0253 -0.9590
vn 0.0428 0.9856 -0.1638
vt 0.000000 0.999950
vt 0.000000 0.999820
vt 0.031250 0.999820
vt 0.031250 0.999950
vt 0.062500 0.999820
vt 0.062500 0.999950
vt 0.093750 0.999820
vt 0.093750 0.999950
vt 0.125000 0.999820
vt 0.125000 0.999950
vt 0.156250 0.999820
vt 0.156250 0.999950
vt 0.187500 0.999820
vt 0.187500 0.999950
vt 0.218750 0.999820
vt 0.218750 0.999950
vt 0.250000 0.999820
vt 0.250000 0.999950
vt 0.281250 0.999820
vt 0.281250 0.999950
vt 0.312500 0.999820
vt 0.312500 0.999950
vt 0.343750 0.999820
vt 0.343750 0.999950
vt 0.375000 0.999820
vt 0.375000 0.999950
vt 0.406250 0.999820
vt 0.406250 0.999950
vt 0.437500 0.999820
vt 0.437500 0.999950
vt 0.468750 0.999820
vt 0.468750 0.999950
vt 0.500000 0.999820
vt 0.500000 0.999950
vt 0.531250 0.999820
vt 0.531250 0.999950
vt 0.562500 0.999820
vt 0.562500 0.999950
vt 0.593750 0.999820
vt 0.593750 0.999950
vt 0.625000 0.999820
vt 0.625000 0.999950
vt 0.656250 0.999820
vt 0.656250 0.999950
vt 0.687500 0.999820
vt 0.687500 0.999950
vt 0.718750 0.999820
vt 0.718750 0.999950
vt 0.750000 0.999820
vt 0.750000 0.999950
vt 0.781250 0.999820
vt 0.781250 0.999950
vt 0.812500 0.999820
vt 0.812500 0.999950
vt 0.843750 0.999820
vt 0.843750 0.999950
vt 0.875000 0.999820
vt 0.875000 0.999950
vt 0.906250 0.999820
vt 0.906250 0.999950
vt 0.937500 0.999820
vt 0.937500 0.999950
vt 0.968750 0.999820
vt 0.968750 0.999950
vt 1.000000 0.999820
vt 0.999985 0.500000
vt 1.000000 0.000000
vt 0.926441 0.000000
vt 0.919031 0.500000
vt 0.823559 0.500000
vt 0.801426 0.000000
vt 0.698574 0.500000
vt 0.676441 0.000000
vt 0.573559 0.500000
vt 0.551426 0.000000
vt 0.448574 0.500000
vt 0.426441 0.000000
vt 0.323559 0.500000
vt 0.301426 0.000000
vt 0.198574 0.500000
vt 0.176441 0.000000
vt 0.073559 0.500000
vt 0.080969 0.000000
vt 0.000015 0.000000
vt 0.000000 0.500000
vt 0.014610 0.796820
vt 0.014610 0.703180
vt 0.010000 0.750000
vt 0.028270 0.841840
vt 0.028270 0.658160
vt 0.050450 0.883340
vt 0.050450 0.616660
vt 0.080290 0.919710
vt 0.080290 0.580290
vt 0.116660 0.949550
vt 0.116660 0.550450
vt 0.158160 0.971730
vt 0.158160 0.528270
vt 0.203180 0.985390
vt 0.203180 0.514610
vt 0.250000 0.990000
vt 0.250000 0.510000
vt 0.296820 0.985390
vt 0.296820 0.514610
vt 0.341840 0.971730
vt 0.341840 0.528270
vt 0.383340 0.949550
vt 0.383340 0.550450
vt 0.419710 0.919710
vt 0.419710 0.580290
vt 0.449550 0.883340
vt 0.449550 0.616660
vt 0.471730 0.841840
vt 0.471730 0.658160
vt 0.485390 0.796820
vt 0.485390 0.703180
vt 0.490000 0.750000
vt 0.514610 0.703180
vt 0.514610 0.796820
vt 0.510000 0.750000
vt 0.528270 0.658160
vt 0.528270 0.841840
vt 0.550450 0.616660
vt 0.550450 0.883340
vt 0.580290 0.580290
vt 0.580290 0.919710
vt 0.616660 0.550450
vt 0.616660 0.949550
vt 0.658160 0.528270
vt 0.658160 0.971730
vt 0.703180 0.514610
vt 0.703180 0.985390
vt 0.750000 0.510000
vt 0.750000 0.990000
vt 0.796820 0.514610
vt 0.796820 0.985390
vt 0.841840 0.528270
vt 0.841840 0.971730
vt 0.883340 0.550450
vt 0.883340 0.949550
vt 0.919710 0.580290
vt 0.919710 0.919710
vt 0.949550 0.616660
vt 0.949550 0.883340
vt 0.971730 0.658160
vt 0.971730 0.841840
vt 0.985390 0.703180
vt 0.985390 0.796820
vt 0.990000 0.750000
vt 0.630333 0.911741
vt 0.727801 0.808333
vt 0.573151 0.798974
vt 0.343495 0.610490
vt 0.543209 0.615848
vt 0.454550 0.527620
vt 0.455002 0.719284
vt 0.640594 0.691638
vt 0.636014 0.527020
vt 0.729731 0.688864
vt 0.812358 0.672164
vt 0.818629 0.526702
vt 0.908814 0.685271
vt 0.000437 0.684964
vt 0.086678 0.691638
vt 0.091256 0.527020
vt 0.184063 0.615848
vt 0.272730 0.527620
vt 0.255666 0.709182
vt 0.827717 0.826056
vt 0.089202 0.840424
vt 0.168670 0.772557
vt 0.244065 0.879860
vt 0.331186 0.755691
vt 0.469251 0.852304
vt 0.918069 0.811054
vt 0.999577 0.842427
vt 0.545709 1.000545
vt 0.726922 1.000603
vt 0.908633 1.002328
vt 0.394316 0.935414
vt 0.363984 1.000595
vt 0.181862 1.000074
vt 0.000000 -0.502473
vt 0.031250 -0.507940
vt 0.042512 -0.504561
vt 0.113059 -0.505423
vt 0.156250 -0.507940
vt 0.161082 -0.505506
vt 0.363059 -0.505423
vt 0.406250 -0.507940
vt 0.411082 -0.505506
vt 0.613065 -0.505423
vt 0.656250 -0.507940
vt 0.661114 -0.505519
vt 0.863082 -0.505419
vt 0.906250 -0.507940
vt 0.911114 -0.505519
vt 0.961629 -0.500791
vt 1.000000 -0.507940
vt 1.000000 -0.502347
vt 0.077748 0.999820
vt 0.175941 0.993950
vt 0.203182 0.999820
vt 0.285988 0.993972
vt 0.312204 0.999820
vt 0.577748 0.999820
vt 0.675941 0.993950
vt 0.703182 0.999820
vt 0.830428 0.994658
vt 0.812204 0.999820
vt 0.922252 0.999820
vt 0.937985 0.996214
vt -0.000013 0.994921
vt 0.079291 0.994913
vt 0.426111 0.993953
vt 0.438062 0.999820
vt 0.605887 0.993686
vt 1.000001 0.995151
vt 0.360551 0.994063
vt 0.500427 0.993537
vt 0.750427 0.993537
vt 0.125000 0.985411
vt 0.246282 0.986084
vt 0.879012 0.986119
vt 0.312500 0.984825
vt 0.545743 0.984960
vt 0.968750 0.986258
vt 0.000000 0.983473
vt 0.031250 0.983655
vt 0.062500 0.983681
vt 0.093750 0.983753
vt 0.156250 0.983753
vt 0.187500 0.983657
vt 0.218750 0.983655
vt 0.281250 0.983602
vt 0.343750 0.983614
vt 0.375000 0.983666
vt 0.406250 0.983647
vt 0.437500 0.983639
vt 0.468750 0.983638
vt 0.500000 0.983642
vt 0.593750 0.983671
vt 0.625000 0.983699
vt 0.656250 0.983647
vt 0.687500 0.983682
vt 0.718750 0.983680
vt 0.750000 0.983667
vt 0.781250 0.983655
vt 0.812500 0.983714
vt 0.843750 0.983628
vt 0.906250 0.983629
vt 0.937500 0.983682
vt 1.000000 0.983587
vt 0.562500 0.951398
vt 0.968750 0.949401
vt 0.534232 0.950258
vt 0.093750 0.949337
vt 0.156250 0.949340
vt 0.250000 0.949469
vt 0.625000 0.949460
vt 0.812500 0.949310
vt 0.875000 0.949460
vt 0.062500 0.949274
vt 0.375000 0.949427
vt 0.593750 0.949273
vt 0.687500 0.949274
vt 0.718750 0.949278
vt 0.750000 0.949437
vt 0.937500 0.949274
vt 0.031250 0.949235
vt 0.187500 0.949227
vt 0.218750 0.949230
vt 0.406250 0.949228
vt 0.500000 0.949394
vt 0.656250 0.949228
vt 0.781250 0.949235
vt 0.000000 0.949242
vt 0.125000 0.949326
vt 0.437500 0.949163
vt 0.468750 0.949165
vt 0.843750 0.949161
vt 0.906250 0.949164
vt 1.000000 0.949274
vt 0.299076 0.948898
vt 0.343750 0.949068
vt 0.144657 0.938031
vt 0.263172 0.936293
vt 0.394657 0.938031
vt 0.513172 0.936293
vt 0.644655 0.938031
vt 0.763172 0.936293
vt 0.894657 0.938031
vt 0.000000 0.934022
vt 0.048386 0.937532
vt 0.093750 0.934126
vt 0.204638 0.937533
vt 0.333710 0.935770
vt 0.454638 0.937533
vt 0.583710 0.935770
vt 0.704638 0.937533
vt 0.833710 0.935770
vt 0.954638 0.937533
vt 1.000000 0.934116
vt 0.139953 0.932106
vt 0.389953 0.932106
vt 0.639953 0.932106
vt 0.889953 0.932106
vt 0.046466 0.931426
vt 0.202730 0.931427
vt 0.296466 0.931426
vt 0.452730 0.931427
vt 0.546466 0.931426
vt 0.702730 0.931427
vt 0.796466 0.931426
vt 0.952730 0.931427
vt 0.000000 0.896225
vt 0.031250 0.887487
vt 0.078338 0.905448
vt 0.125000 0.887504
vt 0.172138 0.905458
vt 0.218750 0.887483
vt 0.265845 0.905488
vt 0.328338 0.905448
vt 0.375000 0.887504
vt 0.422137 0.905458
vt 0.468750 0.887483
vt 0.515845 0.905488
vt 0.578338 0.905448
vt 0.625000 0.887504
vt 0.672137 0.905458
vt 0.718750 0.887483
vt 0.765845 0.905488
vt 0.828338 0.905448
vt 0.875000 0.887504
vt 0.922137 0.905458
vt 0.968750 0.887483
vt 1.000000 0.887640
vt 0.078215 0.878920
vt 0.171951 0.878916
vt 0.250000 0.878904
vt 0.296947 0.878909
vt 0.343750 0.878923
vt 0.421951 0.878916
vt 0.500000 0.878904
vt 0.546947 0.878909
vt 0.593750 0.878923
vt 0.671951 0.878916
vt 0.750000 0.878904
vt 0.796947 0.878909
vt 0.843750 0.878923
vt 0.921951 0.878916
vt 0.000000 0.849297
vt 0.037001 0.827078
vt 0.077898 0.841711
vt 0.140380 0.841719
vt 0.202884 0.841673
vt 0.265378 0.841688
vt 0.306256 0.826272
vt 0.359159 0.841720
vt 0.406250 0.832518
vt 0.452899 0.841690
vt 0.500000 0.832518
vt 0.537001 0.827078
vt 0.577898 0.841711
vt 0.640380 0.841719
vt 0.702884 0.841673
vt 0.765378 0.841688
vt 0.806256 0.826272
vt 0.859159 0.841720
vt 0.906250 0.832518
vt 0.952899 0.841690
vt 1.000000 0.833993
vt 0.109144 0.802569
vt 0.171633 0.802602
vt 0.234150 0.802589
vt 0.359146 0.802560
vt 0.453378 0.737160
vt 0.609144 0.802569
vt 0.671633 0.802602
vt 0.734150 0.802589
vt 0.859146 0.802560
vt 0.953378 0.737160
vt 0.000000 0.719661
vt 0.047153 0.719455
vt 0.103086 0.717211
vt 0.146412 0.724076
vt 0.203395 0.734971
vt 0.259302 0.717210
vt 0.297188 0.734979
vt 0.353087 0.717212
vt 0.396413 0.724074
vt 0.509302 0.717210
vt 0.547188 0.734979
vt 0.603086 0.717211
vt 0.640901 0.735054
vt 0.708876 0.724101
vt 0.759302 0.717210
vt 0.797188 0.734979
vt 0.853076 0.717225
vt 0.896431 0.724068
vt 1.000000 0.715849
vt 0.200575 0.703730
vt 0.342229 0.669868
vt 0.450575 0.703730
vt 0.592229 0.669868
vt 0.672164 0.704479
vt 0.842231 0.669869
vt 0.950575 0.703730
vt 0.000000 0.667574
vt 0.047179 0.667462
vt 0.109799 0.667678
vt 0.168919 0.667479
vt 0.233659 0.669176
vt 0.293891 0.668176
vt 0.375639 0.667262
vt 0.418919 0.667479
vt 0.483659 0.669176
vt 0.543891 0.668176
vt 0.640645 0.667671
vt 0.703167 0.667671
vt 0.765672 0.667670
vt 0.813148 0.667267
vt 0.890654 0.667672
vt 0.956417 0.667469
vt 1.000000 0.666844
vt -0.000068 0.661273
vt 0.080082 0.658910
vt 0.175405 0.661947
vt 0.267727 0.661948
vt 0.330081 0.658907
vt 0.425405 0.661947
vt 0.517727 0.661948
vt 0.580082 0.658910
vt 0.675405 0.661947
vt 0.767727 0.661948
vt 0.830082 0.658910
vt 0.892756 0.661947
vt 0.955819 0.660491
vt 1.000000 0.652314
vt 0.000000 0.591475
vt 0.038082 0.591539
vt 0.131884 0.591467
vt 0.184271 0.595196
vt 0.239448 0.601727
vt 0.288104 0.591539
vt 0.383109 0.589634
vt 0.434360 0.595146
vt 0.489448 0.601727
vt 0.538082 0.591539
vt 0.633099 0.589622
vt 0.684360 0.595146
vt 0.739448 0.601727
vt 0.788082 0.591539
vt 0.883099 0.589622
vt 0.934360 0.595146
vt 0.105390 0.476479
vt 0.000788 0.421349
vt 0.187436 0.424878
vt 0.297074 0.424880
vt 0.405315 0.383349
vt 0.547074 0.424880
vt 0.655315 0.383349
vt 0.797074 0.424880
vt 0.906650 0.424887
vt 0.997706 0.428042
vt 0.000000 0.196638
vt 0.062351 0.221432
vt 0.146919 0.201140
vt 0.188086 0.217526
vt 0.245628 0.216324
vt 0.312238 0.277498
vt 0.396919 0.201140
vt 0.495628 0.216324
vt 0.562351 0.221432
vt 0.646919 0.201140
vt 0.756076 0.193591
vt 0.812351 0.221432
vt 0.896919 0.201140
vt 0.946863 0.222393
vt 1.000000 0.200902
vt 0.463828 0.177263
vt 0.713828 0.177263
vt 0.049584 0.129001
vt 0.093750 0.147390
vt 0.143581 0.128668
vt 0.237113 0.128992
vt 0.295670 0.141584
vt 0.343750 0.147390
vt 0.375000 0.147472
vt 0.437500 0.147798
vt 0.531250 0.147325
vt 0.612234 0.128852
vt 0.625000 0.147472
vt 0.687500 0.147798
vt 0.843750 0.147390
vt 0.893581 0.128668
vt 0.968750 0.155460
vt 0.968750 0.012970
vt 0.968750 -0.025779
vt 1.000000 -0.025759
vt 0.093750 0.120110
vt 0.187500 0.120110
vt 0.343750 0.120110
vt 0.375000 0.120110
vt 0.406250 0.120110
vt 0.437500 0.120110
vt 0.468750 0.120110
vt 0.500000 0.120110
vt 0.531250 0.120110
vt 0.562500 0.120110
vt 0.656250 0.120110
vt 0.687500 0.120110
vt 0.718750 0.120110
vt 0.812500 0.120110
vt 0.843750 0.120110
vt 0.937500 0.120110
vt 0.968750 0.120110
vt 0.656250 -0.025685
vt 0.676361 -0.032808
vt 0.687500 -0.025665
vt 0.718750 -0.025675
vt -0.000150 -0.025740
vt 0.063931 -0.029995
vt 0.062500 -0.025678
vt 0.093750 -0.025676
vt 0.156309 -0.025685
vt 0.767221 -0.025751
vt 0.906309 -0.025676
vt 0.885571 -0.029733
vt 0.937500 -0.025678
vt 0.208410 -0.028737
vt 0.187500 -0.025678
vt 0.250059 -0.025684
vt 0.355685 -0.029873
vt 0.298447 -0.025749
vt 0.343750 -0.025682
vt 0.426354 -0.032810
vt 0.375000 -0.025680
vt 0.406250 -0.025682
vt 0.562500 -0.025682
vt 0.549556 -0.027243
vt 0.625059 -0.025682
vt 0.745684 -0.031581
vt 0.812500 -0.025678
vt 0.843750 -0.025685
vt 1.000079 -0.028957
vt 0.437500 -0.025682
vt 0.468750 -0.025680
vt 0.500000 -0.025682
vt 0.531250 -0.025684
vt 0.834816 -0.031863
vt 0.000000 -0.028679
vt 0.141270 -0.031345
vt 0.266452 -0.032107
vt 0.484160 -0.032142
vt 0.618347 -0.032108
vt 0.953792 -0.031360
vt -0.000007 -0.047440
vt 0.078215 -0.046749
vt 0.203185 -0.046762
vt 0.328176 -0.046757
vt 0.546852 -0.046745
vt 0.796852 -0.046745
vt 0.906250 -0.056908
vt 0.140630 -0.053365
vt 0.265400 -0.059717
vt 0.375000 -0.053393
vt 0.421785 -0.053367
vt 0.484312 -0.053351
vt 0.609316 -0.053379
vt 0.671785 -0.053367
vt 0.734312 -0.053351
vt 0.859323 -0.053381
vt 0.953148 -0.053371
vt 1.000000 -0.066598
vt 0.000009 -0.070258
vt 0.076629 -0.069790
vt 0.205738 -0.068647
vt 0.325718 -0.070805
vt 0.544256 -0.067823
vt 0.797313 -0.066802
vt 0.137421 -0.071508
vt 0.405180 -0.069627
vt 0.481177 -0.071445
vt 0.607280 -0.071557
vt 0.674537 -0.070149
vt 0.742274 -0.069835
vt 0.857354 -0.071475
vt 0.946713 -0.070449
vt 0.187500 -0.074397
vt 0.235403 -0.074387
vt 0.390673 -0.074421
vt 0.546966 -0.074367
vt 0.593750 -0.074409
vt 0.640673 -0.074421
vt 0.890673 -0.074417
vt 0.000000 -0.074452
vt 0.046966 -0.074385
vt 0.735403 -0.074383
vt 0.093750 -0.074417
vt 0.485403 -0.074386
vt 0.951431 -0.074407
vt 0.437500 -0.074410
vt 0.843750 -0.074422
vt 0.140686 -0.074774
vt 0.296966 -0.074392
vt 1.000000 -0.074444
vt 0.343750 -0.074448
vt 0.796969 -0.074614
vt 0.687500 -0.075125
vt 0.046661 -0.107642
vt 0.233370 -0.107641
vt 0.296661 -0.107642
vt 0.483370 -0.107641
vt 0.546661 -0.107642
vt 0.733370 -0.107641
vt 0.796661 -0.107642
vt 1.000124 -0.107642
vt 0.108979 -0.107641
vt 0.171486 -0.107641
vt 0.358979 -0.107642
vt 0.421486 -0.107641
vt 0.608979 -0.107641
vt 0.671486 -0.107642
vt 0.858979 -0.107641
vt 0.921486 -0.107641
vt 0.000000 -0.107640
vt -0.000092 -0.107643
vt 0.203245 -0.107643
vt 0.453245 -0.107642
vt 0.703250 -0.107643
vt 0.078244 -0.107643
vt 0.328244 -0.107643
vt 0.578244 -0.107643
vt 0.953245 -0.107643
vt 0.141184 -0.107643
vt 0.269678 -0.107643
vt 0.391184 -0.107644
vt 0.891184 -0.107643
vt 0.641184 -0.107644
vt 0.519678 -0.107643
vt 0.828244 -0.107643
vt 0.768597 -0.107643
vt 1.000000 -0.107646
vt 0.260189 -0.181578
vt 0.510189 -0.181578
vt 0.760668 -0.181579
vt 0.169096 -0.181580
vt 0.419096 -0.181580
vt 0.669096 -0.181580
vt 0.919096 -0.181580
vt 1.000000 -0.181579
vt -0.000012 -0.181579
vt 0.077578 -0.181580
vt 0.327578 -0.181580
vt 0.577578 -0.181580
vt 0.827578 -0.181580
vt 0.000000 -0.183756
vt 0.042532 -0.186819
vt 0.125573 -0.184268
vt 0.250007 -0.182601
vt 0.375573 -0.184268
vt 0.500007 -0.182601
vt 0.625573 -0.184268
vt 0.750008 -0.182601
vt 0.875573 -0.184268
vt 0.999921 -0.183694
vt 0.207013 -0.187181
vt 0.293815 -0.187049
vt 0.457013 -0.187181
vt 0.543815 -0.187049
vt 0.707013 -0.187181
vt 0.793815 -0.187049
vt 0.957013 -0.187181
vt 0.000000 -0.194612
vt 0.055109 -0.194396
vt 0.108696 -0.194109
vt 0.177891 -0.194382
vt 0.255595 -0.194335
vt 0.327028 -0.194120
vt 0.389536 -0.194103
vt 0.474464 -0.194331
vt 0.577028 -0.194120
vt 0.639536 -0.194103
vt 0.724464 -0.194331
vt 0.827028 -0.194120
vt 0.911349 -0.194194
vt 1.000000 -0.194544
vt 0.000000 -0.199533
vt 0.066067 -0.197575
vt 0.147818 -0.200439
vt 0.201845 -0.203289
vt 0.264391 -0.203265
vt 0.326866 -0.203278
vt 0.389438 -0.203242
vt 0.451845 -0.203289
vt 0.514391 -0.203265
vt 0.576866 -0.203278
vt 0.639438 -0.203242
vt 0.701845 -0.203289
vt 0.764391 -0.203265
vt 0.826866 -0.203278
vt 0.889438 -0.203242
vt 0.951845 -0.203289
vt 1.000000 -0.197723
vt 0.031250 -0.214916
vt 0.111386 -0.213936
vt 0.000000 -0.434842
vt 0.077938 -0.295187
vt 0.202902 -0.295356
vt 0.265439 -0.295499
vt 0.327938 -0.295187
vt 0.390402 -0.295214
vt 0.452902 -0.295356
vt 0.515439 -0.295499
vt 0.577938 -0.295187
vt 0.640402 -0.295214
vt 0.702902 -0.295356
vt 0.765439 -0.295499
vt 0.827938 -0.295187
vt 0.890402 -0.295214
vt 0.952902 -0.295356
vt 1.000000 -0.433769
vt 0.039720 -0.445172
vt 0.078116 -0.433210
vt 0.140622 -0.433202
vt 0.203109 -0.433226
vt 0.265604 -0.433198
vt 0.328116 -0.433210
vt 0.390622 -0.433202
vt 0.453109 -0.433226
vt 0.515604 -0.433198
vt 0.578116 -0.433210
vt 0.640622 -0.433202
vt 0.703109 -0.433226
vt 0.765604 -0.433198
vt 0.828116 -0.433210
vt 0.890622 -0.433202
vt 0.953109 -0.433226
vt -0.000097 -0.460466
vt 0.124059 -0.454448
vt 0.205181 -0.456220
vt 0.265038 -0.454423
vt 0.309308 -0.461155
vt 0.372432 -0.455325
vt 0.455198 -0.456231
vt 0.515038 -0.454423
vt 0.559308 -0.461155
vt 0.622432 -0.455325
vt 0.705210 -0.456239
vt 0.765038 -0.454423
vt 0.809384 -0.460994
vt 0.858768 -0.454451
vt 0.912745 -0.459317
vt 0.952548 -0.454426
vt 1.000000 -0.458474
vt 0.104804 -0.462790
vt 1.000087 -0.464594
vt -0.000585 -0.465140
vt 0.270176 -0.462790
vt 0.520176 -0.462790
vt 0.770176 -0.462790
vt 0.894434 -0.464004
vt 0.144023 -0.464702
vt 0.394023 -0.464702
vt 0.644023 -0.464702
vt 0.062265 -0.471100
vt 0.218544 -0.471100
vt 0.312265 -0.471100
vt 0.468544 -0.471100
vt 0.562265 -0.471100
vt 0.718544 -0.471100
vt 0.812265 -0.471100
vt 0.952811 -0.471100
vt 0.099034 -0.477206
vt 0.229380 -0.473249
vt 0.333451 -0.475760
vt 0.479380 -0.473249
vt 0.610271 -0.476647
vt 0.729343 -0.473248
vt 0.821603 -0.477462
vt 0.947428 -0.476894
vt 0.390796 -0.483249
vt 0.000724 -0.484396
vt 0.203210 -0.486558
vt 0.265751 -0.486567
vt 0.453210 -0.486558
vt 0.515751 -0.486567
vt 0.660853 -0.489660
vt 0.734471 -0.486567
vt 0.890663 -0.486580
vt 1.000000 -0.483808
vt 0.109341 -0.492053
vt 0.328109 -0.492068
vt 0.578109 -0.492068
vt 0.812612 -0.492074
vt 0.221510 -0.503258
vt 0.292512 -0.504561
vt 0.471510 -0.503258
vt 0.542512 -0.504561
vt 0.721488 -0.503257
vt 0.792518 -0.504561
vt 0.073945 -0.507938
vt 0.323945 -0.507938
vt 0.573945 -0.507938
vt 0.823945 -0.507938
vt 0.192016 -0.507940
vt 0.254516 -0.507940
vt 0.442016 -0.507940
vt 0.504516 -0.507940
vt 0.692016 -0.507940
vt 0.754516 -0.507940
vt 0.942016 -0.507940
vt 0.625000 0.515080
vt 0.625000 0.637128
vt 0.625000 0.539566
vt 0.625000 0.503935
vt 0.623933 0.495402
vt 0.623941 0.254633
vt 0.621265 0.255457
vt 0.621299 0.494615
vt 0.629718 0.495994
vt 0.669612 0.495554
vt 0.669647 0.249979
vt 0.629462 0.254188
vt 0.400330 0.227290
vt 0.600200 0.228040
vt 0.625000 0.132304
vt 0.375000 0.205560
vt 0.625000 0.234920
vt 0.625000 0.246145
vt 0.625000 0.200066
vt 0.375000 0.544440
vt 0.375000 0.512890
vt 0.374725 0.494882
vt 0.375000 0.546539
vt 0.625000 0.495164
vt 0.625000 0.254760
vt 0.749940 0.499981
vt 0.749940 0.249953
vt 0.375000 0.205560
vt 0.330538 0.499832
vt 0.330536 0.250153
vt 0.329171 0.250180
vt 0.329159 0.499797
vt 0.625000 0.125000
vt 0.378104 0.497018
vt 0.378916 0.255489
vt 0.603600 0.250000
vt 0.396660 0.250000
vt 0.375000 0.234880
vt 0.375000 0.203462
vt 0.374673 0.255107
vt 0.250000 0.490870
vt 0.250000 0.259130
vt 0.375000 0.625000
vt 0.375000 0.550080
vt 0.375000 0.202015
vt 0.375000 0.125000
vt 0.375000 0.204048
vt 0.375000 0.490946
vt 0.374699 0.494863
vt 0.374700 0.255098
vt 0.375950 0.255004
vt 0.375000 0.548047
vt 0.375000 0.545970
vt 0.375000 0.199920
vt 0.625000 0.503859
vt 0.625000 0.549949
vt 0.625000 0.544440
vt 0.625000 0.132313
vt 0.625000 0.211256
vt 0.625000 0.246065
vt 0.629471 0.495808
vt 0.629710 0.254028
vt 0.669695 0.254621
vt 0.669594 0.500017
vt 0.375000 0.204324
vt 0.623952 0.254619
vt 0.625000 0.254831
vt 0.625000 0.495238
vt 0.623954 0.495382
vt 0.375000 0.545711
vt 0.375953 0.503132
vt 0.749940 0.250027
vt 0.749940 0.500026
vt 0.621523 0.255469
vt 0.378534 0.255383
vt 0.330560 0.494526
vt 0.330095 0.498862
vt 0.330088 0.251177
vt 0.330560 0.255028
vt 0.377883 0.497229
vt 0.621479 0.494598
vt 0.250000 0.255631
vt 0.375000 0.204717
vt 0.375000 0.198360
vt 0.375000 0.551640
vt 0.375000 0.544922
vt 0.376076 0.254622
vt 0.603600 0.500000
vt 0.375000 0.495149
vt 0.625000 0.125060
vt 0.625000 0.624940
vt 0.625000 0.544754
vt 0.330560 0.250000
vt 0.329700 0.254570
vt 0.625000 0.205274
vt 0.330560 0.500000
vt 0.329700 0.495430
vt 0.375000 0.548040
vt 0.375000 0.201960
vt 0.968750 0.066540
vt 0.968750 0.118723
vt 0.389230 0.500000
vt 0.600200 0.521960
vt 0.375000 0.500000
s 1
f 1/1/1 2/2/2 3/3/3
f 4/4/4 3/3/5 5/5/6
f 6/6/7 5/5/8 7/7/9
f 8/8/4 7/7/10 9/9/11
f 10/10/7 9/9/12 11/11/13
f 12/12/7 11/11/14 13/13/15
f 14/14/4 13/13/15 15/15/16
f 16/16/7 15/15/17 17/17/18
f 18/18/7 17/17/18 19/19/19
f 20/20/7 19/19/20 21/21/21
f 22/22/7 21/21/22 23/23/23
f 24/24/7 23/23/24 25/25/25
f 26/26/7 25/25/26 27/27/27
f 28/28/7 27/27/27 29/29/28
f 30/30/7 29/29/29 31/31/30
f 32/32/1 31/31/31 33/33/32
f 34/34/1 33/33/33 35/35/34
f 36/36/1 35/35/35 37/37/36
f 38/38/4 37/37/37 39/39/38
f 40/40/4 39/39/39 41/41/40
f 42/42/7 41/41/41 43/43/42
f 44/44/4 43/43/42 45/45/43
f 46/46/4 45/45/44 47/47/45
f 48/48/4 47/47/46 49/49/47
f 50/50/7 49/49/48 51/51/49
f 52/52/1 51/51/50 53/53/51
f 54/54/7 53/53/52 55/55/53
f 56/56/7 55/55/54 57/57/55
f 58/58/7 57/57/56 59/59/57
f 60/60/1 59/59/58 61/61/59
f 62/62/1 61/61/60 63/63/61
f 64/64/1 63/63/62 65/65/2
f 66/66/63 67/67/64 68/68/65
f 66/66/63 68/68/65 69/69/66
f 69/69/66 68/68/65 70/70/67
f 70/70/67 68/68/65 71/71/68
f 70/70/67 71/71/68 72/72/69
f 72/72/69 71/71/68 73/73/70
f 72/72/69 73/73/70 74/74/71
f 74/74/71 73/73/70 75/75/72
f 74/74/71 75/75/72 76/76/73
f 76/76/73 75/75/72 77/77/74
f 76/76/73 77/77/74 78/78/75
f 78/78/75 77/77/74 79/79/76
f 78/78/75 79/79/76 80/80/77
f 80/80/77 79/79/76 81/81/78
f 80/80/77 81/81/78 82/82/79
f 82/82/79 81/81/78 83/83/80
f 82/82/79 83/83/80 84/84/81
f 82/82/79 84/84/81 85/85/82
f 86/86/7 87/87/7 88/88/1
f 87/87/7 86/86/7 89/89/7
f 87/87/7 89/89/7 90/90/7
f 90/90/7 89/89/7 91/91/4
f 90/90/7 91/91/4 92/92/7
f 92/92/7 91/91/4 93/93/4
f 92/92/7 93/93/4 94/94/1
f 94/94/1 93/93/4 95/95/1
f 94/94/1 95/95/1 96/96/7
f 96/96/7 95/95/1 97/97/7
f 96/96/7 97/97/7 98/98/4
f 98/98/4 97/97/7 99/99/7
f 98/98/4 99/99/7 100/100/7
f 100/100/7 99/99/7 101/101/1
f 100/100/7 101/101/1 102/102/1
f 102/102/1 101/101/1 103/103/7
f 102/102/1 103/103/7 104/104/4
f 104/104/4 103/103/7 105/105/7
f 104/104/4 105/105/7 106/106/7
f 106/106/7 105/105/7 107/107/1
f 106/106/7 107/107/1 108/108/7
f 108/108/7 107/107/1 109/109/7
f 108/108/7 109/109/7 110/110/7
f 110/110/7 109/109/7 111/111/7
f 110/110/7 111/111/7 112/112/7
f 112/112/7 111/111/7 113/113/7
f 112/112/7 113/113/7 114/114/7
f 114/114/7 113/113/7 115/115/7
f 114/114/7 115/115/7 116/116/7
f 116/116/7 115/115/7 117/117/7
f 118/118/83 119/119/83 120/120/84
f 119/119/83 118/118/83 121/121/83
f 119/119/83 121/121/83 122/122/83
f 122/122/83 121/121/83 123/123/85
f 122/122/83 123/123/85 124/124/83
f 124/124/83 123/123/85 125/125/85
f 124/124/83 125/125/85 126/126/84
f 126/126/84 125/125/85 127/127/84
f 126/126/84 127/127/84 128/128/83
f 128/128/83 127/127/84 129/129/83
f 128/128/83 129/129/83 130/130/85
f 130/130/85 129/129/83 131/131/83
f 130/130/85 131/131/83 132/132/83
f 132/132/83 131/131/83 133/133/84
f 132/132/83 133/133/84 134/134/84
f 134/134/84 133/133/84 135/135/83
f 134/134/84 135/135/83 136/136/85
f 136/136/85 135/135/83 137/137/83
f 136/136/85 137/137/83 138/138/83
f 138/138/83 137/137/83 139/139/84
f 138/138/83 139/139/84 140/140/83
f 140/140/83 139/139/84 141/141/83
f 140/140/83 141/141/83 142/142/83
f 142/142/83 141/141/83 143/143/83
f 142/142/83 143/143/83 144/144/83
f 144/144/83 143/143/83 145/145/83
f 144/144/83 145/145/83 146/146/83
f 146/146/83 145/145/83 147/147/83
f 146/146/83 147/147/83 148/148/83
f 148/148/83 147/147/83 149/149/83
f 155/150/86 158/151/87 160/152/88
f 175/153/89 166/154/90 167/155/91
f 175/153/89 168/156/92 166/154/90
f 166/154/90 170/157/93 169/158/94
f 170/157/93 164/159/95 169/158/94
f 164/159/95 165/160/96 171/161/97
f 165/160/96 172/162/98 171/161/97
f 162/163/99 163/164/100 173/165/101
f 173/165/101 163/164/100 174/166/102
f 174/166/102 175/153/89 176/167/103
f 174/166/102 161/168/104 175/153/89
f 160/152/88 170/157/93 166/154/90
f 160/152/88 158/151/87 170/157/93
f 158/151/87 164/159/95 170/157/93
f 158/151/87 165/160/96 164/159/95
f 158/151/87 157/169/105 165/160/96
f 157/169/105 172/162/98 165/160/96
f 156/170/106 163/164/100 162/163/99
f 156/170/106 177/171/107 163/164/100
f 177/171/107 174/166/102 163/164/100
f 151/172/108 178/173/109 161/168/104
f 178/173/109 175/153/89 161/168/104
f 168/156/92 160/152/88 166/154/90
f 159/174/110 160/152/88 168/156/92
f 157/169/105 179/175/111 172/162/98
f 179/175/111 180/176/112 172/162/98
f 177/171/107 161/168/104 174/166/102
f 177/171/107 151/172/108 161/168/104
f 156/170/106 151/172/108 177/171/107
f 178/173/109 168/156/92 175/153/89
f 178/173/109 159/174/110 168/156/92
f 151/172/108 159/174/110 178/173/109
f 154/177/113 160/152/88 159/174/110
f 154/177/113 155/150/86 160/152/88
f 155/150/86 153/178/114 158/151/87
f 153/178/114 157/169/105 158/151/87
f 157/169/105 152/179/115 179/175/111
f 152/179/115 180/176/112 179/175/111
f 151/172/108 181/180/116 159/174/110
f 151/172/108 182/181/117 181/180/116
f 150/182/118 151/172/108 156/170/106
f 822/183/119 183/184/120 824/185/121
f 825/186/122 185/187/123 826/188/124
f 829/189/125 189/190/126 830/191/127
f 833/192/128 193/193/129 834/194/130
f 837/195/131 197/196/132 838/197/133
f 821/198/134 199/199/135 823/200/136
f 224/201/137 225/202/138 226/203/139
f 226/203/139 242/204/140 227/205/141
f 230/206/142 231/207/143 232/208/144
f 232/208/144 233/209/145 234/210/146
f 235/211/147 236/212/148 237/65/149
f 223/2/150 238/213/151 224/201/137
f 238/213/151 239/214/152 224/201/137
f 224/201/137 239/214/152 225/202/138
f 226/203/139 225/202/138 242/204/140
f 242/204/140 229/215/153 227/205/141
f 227/205/141 229/215/153 228/216/154
f 228/216/154 229/215/153 240/217/155
f 228/216/154 240/217/155 230/206/142
f 230/206/142 240/217/155 231/207/143
f 232/208/144 231/207/143 233/209/145
f 234/210/146 233/209/145 235/211/147
f 235/211/147 233/209/145 236/212/148
f 236/212/148 241/218/156 237/65/149
f 242/204/140 243/219/157 229/215/153
f 229/215/153 244/220/158 240/217/155
f 231/207/143 245/221/159 233/209/145
f 239/214/152 246/222/160 225/202/138
f 225/202/138 248/223/161 242/204/140
f 233/209/145 247/224/162 236/212/148
f 242/204/140 249/225/163 243/219/157
f 244/220/158 265/226/164 240/217/155
f 236/212/148 250/227/165 241/218/156
f 238/213/151 251/228/166 252/229/167
f 238/213/151 252/229/167 253/230/168
f 238/213/151 253/230/168 239/214/152
f 239/214/152 253/230/168 254/231/169
f 239/214/152 254/231/169 246/222/160
f 246/222/160 255/232/170 225/202/138
f 225/202/138 255/232/170 256/233/171
f 225/202/138 256/233/171 257/234/172
f 225/202/138 257/234/172 248/223/161
f 248/223/161 258/235/173 242/204/140
f 242/204/140 258/235/173 249/225/163
f 249/225/163 259/236/174 243/219/157
f 243/219/157 259/236/174 260/237/175
f 243/219/157 260/237/175 261/238/176
f 243/219/157 261/238/176 229/215/153
f 229/215/153 261/238/176 262/239/177
f 229/215/153 262/239/177 263/240/178
f 229/215/153 263/240/178 244/220/158
f 244/220/158 263/240/178 264/241/179
f 244/220/158 264/241/179 265/226/164
f 265/226/164 266/242/180 240/217/155
f 240/217/155 266/242/180 267/243/181
f 240/217/155 267/243/181 268/244/182
f 240/217/155 268/244/182 231/207/143
f 231/207/143 268/244/182 269/245/183
f 231/207/143 269/245/183 270/246/184
f 231/207/143 270/246/184 245/221/159
f 245/221/159 270/246/184 271/247/185
f 245/221/159 271/247/185 272/248/186
f 245/221/159 272/248/186 273/249/187
f 245/221/159 273/249/187 233/209/145
f 233/209/145 273/249/187 274/250/188
f 233/209/145 274/250/188 247/224/162
f 247/224/162 275/251/189 276/252/190
f 247/224/162 276/252/190 236/212/148
f 236/212/148 276/252/190 250/227/165
f 250/227/165 277/253/191 241/218/156
f 265/226/164 278/254/192 266/242/180
f 276/252/190 279/255/193 250/227/165
f 250/227/165 279/255/193 277/253/191
f 264/241/179 280/256/194 265/226/164
f 265/226/164 280/256/194 278/254/192
f 253/230/168 281/257/195 254/231/169
f 254/231/169 281/257/195 246/222/160
f 246/222/160 282/258/196 255/232/170
f 255/232/170 282/258/196 256/233/171
f 257/234/172 283/259/197 248/223/161
f 248/223/161 283/259/197 258/235/173
f 266/242/180 284/260/198 267/243/181
f 267/243/181 284/260/198 268/244/182
f 272/248/186 285/261/199 273/249/187
f 273/249/187 285/261/199 274/250/188
f 274/250/188 286/262/200 247/224/162
f 247/224/162 286/262/200 275/251/189
f 252/229/167 287/263/201 253/230/168
f 253/230/168 287/263/201 281/257/195
f 259/236/174 288/264/202 260/237/175
f 260/237/175 288/264/202 261/238/176
f 278/254/192 289/265/203 266/242/180
f 266/242/180 289/265/203 284/260/198
f 268/244/182 290/266/204 269/245/183
f 269/245/183 290/266/204 291/267/205
f 269/245/183 291/267/205 270/246/184
f 270/246/184 291/267/205 292/268/206
f 270/246/184 292/268/206 271/247/185
f 271/247/185 292/268/206 272/248/186
f 275/251/189 293/269/207 276/252/190
f 276/252/190 293/269/207 279/255/193
f 251/228/166 294/270/208 252/229/167
f 252/229/167 294/270/208 287/263/201
f 282/258/196 295/271/209 256/233/171
f 256/233/171 295/271/209 296/272/210
f 256/233/171 296/272/210 257/234/172
f 257/234/172 296/272/210 283/259/197
f 288/264/202 297/273/211 261/238/176
f 261/238/176 297/273/211 262/239/177
f 263/240/178 298/274/212 264/241/179
f 264/241/179 298/274/212 280/256/194
f 284/260/198 299/275/213 268/244/182
f 268/244/182 299/275/213 290/266/204
f 292/268/206 300/276/214 272/248/186
f 272/248/186 300/276/214 285/261/199
f 251/228/166 301/277/215 294/270/208
f 281/257/195 302/278/216 246/222/160
f 246/222/160 302/278/216 282/258/196
f 297/273/211 303/279/217 262/239/177
f 262/239/177 303/279/217 304/280/218
f 262/239/177 304/280/218 263/240/178
f 263/240/178 304/280/218 298/274/212
f 285/261/199 305/281/219 274/250/188
f 274/250/188 305/281/219 286/262/200
f 286/262/200 306/282/220 275/251/189
f 275/251/189 306/282/220 293/269/207
f 279/255/193 307/283/221 277/253/191
f 258/235/173 309/284/222 249/225/163
f 249/225/163 309/284/222 308/285/223
f 249/225/163 308/285/223 259/236/174
f 259/236/174 308/285/223 288/264/202
f 283/259/197 309/284/222 258/235/173
f 278/254/192 280/256/194 289/265/203
f 281/257/195 310/286/224 302/278/216
f 302/278/216 310/286/224 282/258/196
f 296/272/210 311/287/225 283/259/197
f 283/259/197 311/287/225 309/284/222
f 308/285/223 312/288/226 288/264/202
f 288/264/202 312/288/226 297/273/211
f 304/280/218 313/289/227 298/274/212
f 298/274/212 313/289/227 280/256/194
f 289/265/203 314/290/228 284/260/198
f 284/260/198 314/290/228 299/275/213
f 291/267/205 315/291/229 292/268/206
f 292/268/206 315/291/229 300/276/214
f 305/281/219 316/292/230 286/262/200
f 286/262/200 316/292/230 306/282/220
f 301/277/215 317/293/231 318/294/232
f 301/277/215 318/294/232 294/270/208
f 294/270/208 318/294/232 287/263/201
f 287/263/201 318/294/232 319/295/233
f 287/263/201 319/295/233 281/257/195
f 281/257/195 319/295/233 310/286/224
f 282/258/196 310/286/224 320/296/234
f 282/258/196 320/296/234 295/271/209
f 295/271/209 320/296/234 296/272/210
f 296/272/210 320/296/234 311/287/225
f 309/284/222 311/287/225 321/297/235
f 309/284/222 321/297/235 308/285/223
f 308/285/223 321/297/235 312/288/226
f 297/273/211 312/288/226 322/298/236
f 297/273/211 322/298/236 303/279/217
f 303/279/217 322/298/236 304/280/218
f 304/280/218 322/298/236 313/289/227
f 280/256/194 313/289/227 323/299/237
f 280/256/194 323/299/237 289/265/203
f 289/265/203 323/299/237 314/290/228
f 299/275/213 314/290/228 324/300/238
f 299/275/213 324/300/238 290/266/204
f 290/266/204 324/300/238 291/267/205
f 291/267/205 324/300/238 315/291/229
f 300/276/214 315/291/229 325/301/239
f 300/276/214 325/301/239 285/261/199
f 285/261/199 325/301/239 305/281/219
f 305/281/219 325/301/239 316/292/230
f 306/282/220 316/292/230 326/302/240
f 306/282/220 326/302/240 293/269/207
f 293/269/207 326/302/240 279/255/193
f 279/255/193 326/302/240 327/303/241
f 279/255/193 327/303/241 307/283/221
f 319/295/233 328/304/242 310/286/224
f 321/297/235 329/305/243 312/288/226
f 323/299/237 330/306/244 314/290/228
f 325/301/239 331/307/245 316/292/230
f 317/293/231 332/308/246 318/294/232
f 318/294/232 332/308/246 319/295/233
f 310/286/224 328/304/242 333/309/247
f 310/286/224 333/309/247 320/296/234
f 320/296/234 333/309/247 311/287/225
f 311/287/225 334/310/248 321/297/235
f 312/288/226 329/305/243 335/311/249
f 312/288/226 335/311/249 322/298/236
f 322/298/236 335/311/249 313/289/227
f 313/289/227 336/312/250 323/299/237
f 314/290/228 330/306/244 337/313/251
f 314/290/228 337/313/251 324/300/238
f 324/300/238 337/313/251 315/291/229
f 315/291/229 338/314/252 325/301/239
f 316/292/230 331/307/245 339/315/253
f 316/292/230 339/315/253 326/302/240
f 326/302/240 339/315/253 327/303/241
f 317/293/231 340/316/254 341/317/255
f 317/293/231 341/317/255 332/308/246
f 332/308/246 341/317/255 342/318/256
f 332/308/246 342/318/256 319/295/233
f 319/295/233 342/318/256 343/319/257
f 319/295/233 343/319/257 328/304/242
f 328/304/242 343/319/257 344/320/258
f 328/304/242 344/320/258 333/309/247
f 333/309/247 344/320/258 345/321/259
f 333/309/247 345/321/259 346/322/260
f 333/309/247 346/322/260 311/287/225
f 311/287/225 346/322/260 334/310/248
f 334/310/248 346/322/260 347/323/261
f 334/310/248 347/323/261 321/297/235
f 321/297/235 347/323/261 348/324/262
f 321/297/235 348/324/262 329/305/243
f 329/305/243 348/324/262 349/325/263
f 329/305/243 349/325/263 335/311/249
f 335/311/249 349/325/263 350/326/264
f 335/311/249 350/326/264 351/327/265
f 335/311/249 351/327/265 313/289/227
f 313/289/227 351/327/265 336/312/250
f 336/312/250 351/327/265 352/328/266
f 336/312/250 352/328/266 323/299/237
f 323/299/237 352/328/266 353/329/267
f 323/299/237 353/329/267 330/306/244
f 330/306/244 353/329/267 354/330/268
f 330/306/244 354/330/268 337/313/251
f 337/313/251 354/330/268 355/331/269
f 337/313/251 355/331/269 356/332/270
f 337/313/251 356/332/270 315/291/229
f 315/291/229 356/332/270 338/314/252
f 338/314/252 356/332/270 357/333/271
f 338/314/252 357/333/271 325/301/239
f 325/301/239 357/333/271 358/334/272
f 325/301/239 358/334/272 331/307/245
f 331/307/245 358/334/272 359/335/273
f 331/307/245 359/335/273 339/315/253
f 339/315/253 359/335/273 360/336/274
f 339/315/253 360/336/274 361/337/275
f 339/315/253 361/337/275 327/303/241
f 341/317/255 362/338/276 342/318/256
f 342/318/256 362/338/276 343/319/257
f 343/319/257 363/339/277 344/320/258
f 344/320/258 363/339/277 345/321/259
f 345/321/259 364/340/278 346/322/260
f 346/322/260 364/340/278 365/341/279
f 346/322/260 365/341/279 347/323/261
f 347/323/261 365/341/279 366/342/280
f 347/323/261 366/342/280 348/324/262
f 348/324/262 367/343/281 349/325/263
f 349/325/263 367/343/281 350/326/264
f 350/326/264 368/344/282 351/327/265
f 351/327/265 368/344/282 369/345/283
f 351/327/265 369/345/283 352/328/266
f 352/328/266 369/345/283 370/346/284
f 352/328/266 370/346/284 353/329/267
f 353/329/267 371/347/285 354/330/268
f 354/330/268 371/347/285 355/331/269
f 355/331/269 372/348/286 356/332/270
f 356/332/270 372/348/286 373/349/287
f 356/332/270 373/349/287 357/333/271
f 357/333/271 373/349/287 374/350/288
f 357/333/271 374/350/288 358/334/272
f 358/334/272 375/351/289 359/335/273
f 359/335/273 375/351/289 360/336/274
f 340/316/254 376/352/290 341/317/255
f 376/352/290 377/353/291 341/317/255
f 341/317/255 377/353/291 378/354/292
f 341/317/255 378/354/292 362/338/276
f 362/338/276 378/354/292 379/355/293
f 362/338/276 379/355/293 343/319/257
f 343/319/257 379/355/293 363/339/277
f 363/339/277 379/355/293 380/356/294
f 363/339/277 380/356/294 345/321/259
f 345/321/259 380/356/294 381/357/295
f 345/321/259 381/357/295 364/340/278
f 364/340/278 381/357/295 365/341/279
f 365/341/279 381/357/295 382/358/296
f 365/341/279 382/358/296 383/359/297
f 365/341/279 383/359/297 366/342/280
f 366/342/280 383/359/297 348/324/262
f 348/324/262 383/359/297 384/360/298
f 348/324/262 384/360/298 367/343/281
f 367/343/281 384/360/298 385/361/299
f 367/343/281 385/361/299 350/326/264
f 350/326/264 385/361/299 386/362/300
f 350/326/264 386/362/300 368/344/282
f 368/344/282 386/362/300 387/363/301
f 368/344/282 387/363/301 369/345/283
f 369/345/283 387/363/301 388/364/302
f 369/345/283 388/364/302 370/346/284
f 370/346/284 388/364/302 389/365/303
f 370/346/284 389/365/303 353/329/267
f 353/329/267 389/365/303 371/347/285
f 371/347/285 389/365/303 390/366/304
f 371/347/285 390/366/304 355/331/269
f 355/331/269 390/366/304 391/367/305
f 355/331/269 391/367/305 372/348/286
f 372/348/286 391/367/305 373/349/287
f 373/349/287 391/367/305 392/368/306
f 373/349/287 392/368/306 393/369/307
f 373/349/287 393/369/307 374/350/288
f 374/350/288 393/369/307 358/334/272
f 358/334/272 393/369/307 394/370/308
f 358/334/272 394/370/308 375/351/289
f 375/351/289 394/370/308 395/371/309
f 375/351/289 395/371/309 360/336/274
f 360/336/274 395/371/309 396/372/310
f 360/336/274 396/372/310 361/337/275
f 378/354/292 377/353/291 397/373/311
f 378/354/292 397/373/311 379/355/293
f 379/355/293 397/373/311 398/374/312
f 379/355/293 398/374/312 380/356/294
f 380/356/294 398/374/312 399/375/313
f 380/356/294 399/375/313 381/357/295
f 381/357/295 399/375/313 382/358/296
f 382/358/296 400/376/314 383/359/297
f 383/359/297 400/376/314 384/360/298
f 384/360/298 401/377/315 385/361/299
f 385/361/299 401/377/315 386/362/300
f 388/364/302 387/363/301 402/378/316
f 388/364/302 402/378/316 389/365/303
f 389/365/303 402/378/316 403/379/317
f 389/365/303 403/379/317 390/366/304
f 390/366/304 403/379/317 404/380/318
f 390/366/304 404/380/318 391/367/305
f 391/367/305 404/380/318 392/368/306
f 392/368/306 405/381/319 393/369/307
f 393/369/307 405/381/319 394/370/308
f 394/370/308 406/382/320 395/371/309
f 395/371/309 406/382/320 396/372/310
f 376/352/290 407/383/321 377/353/291
f 407/383/321 408/384/322 377/353/291
f 377/353/291 408/384/322 409/385/323
f 377/353/291 409/385/323 397/373/311
f 397/373/311 409/385/323 410/386/324
f 397/373/311 410/386/324 398/374/312
f 398/374/312 410/386/324 411/387/325
f 398/374/312 411/387/325 399/375/313
f 399/375/313 411/387/325 412/388/326
f 399/375/313 412/388/326 413/389/327
f 399/375/313 413/389/327 382/358/296
f 382/358/296 413/389/327 414/390/328
f 382/358/296 414/390/328 400/376/314
f 400/376/314 414/390/328 415/391/329
f 400/376/314 415/391/329 384/360/298
f 384/360/298 415/391/329 401/377/315
f 401/377/315 416/392/330 386/362/300
f 386/362/300 416/392/330 417/393/331
f 386/362/300 417/393/331 387/363/301
f 387/363/301 417/393/331 418/394/332
f 387/363/301 418/394/332 402/378/316
f 402/378/316 418/394/332 419/395/333
f 402/378/316 419/395/333 403/379/317
f 403/379/317 419/395/333 420/396/334
f 403/379/317 420/396/334 404/380/318
f 404/380/318 420/396/334 421/397/335
f 404/380/318 421/397/335 422/398/336
f 404/380/318 422/398/336 392/368/306
f 392/368/306 422/398/336 423/399/337
f 392/368/306 423/399/337 405/381/319
f 405/381/319 423/399/337 424/400/338
f 405/381/319 424/400/338 394/370/308
f 394/370/308 424/400/338 406/382/320
f 406/382/320 425/401/339 396/372/310
f 410/386/324 426/402/340 411/387/325
f 411/387/325 426/402/340 412/388/326
f 413/389/327 412/388/326 427/403/341
f 413/389/327 427/403/341 414/390/328
f 415/391/329 428/404/342 401/377/315
f 401/377/315 428/404/342 416/392/330
f 417/393/331 416/392/330 429/405/343
f 417/393/331 429/405/343 418/394/332
f 419/395/333 418/394/332 430/406/344
f 419/395/333 430/406/344 420/396/334
f 422/398/336 421/397/335 431/407/345
f 422/398/336 431/407/345 423/399/337
f 424/400/338 432/408/346 406/382/320
f 406/382/320 432/408/346 425/401/339
f 407/383/321 433/409/347 434/410/348
f 407/383/321 434/410/348 408/384/322
f 408/384/322 434/410/348 435/411/349
f 408/384/322 435/411/349 409/385/323
f 409/385/323 435/411/349 436/412/350
f 409/385/323 436/412/350 410/386/324
f 410/386/324 436/412/350 426/402/340
f 426/402/340 437/413/351 412/388/326
f 412/388/326 437/413/351 438/414/352
f 412/388/326 438/414/352 427/403/341
f 414/390/328 427/403/341 439/415/353
f 414/390/328 439/415/353 440/416/354
f 414/390/328 440/416/354 415/391/329
f 415/391/329 440/416/354 428/404/342
f 428/404/342 441/417/355 416/392/330
f 416/392/330 441/417/355 442/418/356
f 416/392/330 442/418/356 429/405/343
f 418/394/332 429/405/343 443/419/357
f 418/394/332 443/419/357 430/406/344
f 430/406/344 443/419/357 444/420/358
f 430/406/344 444/420/358 420/396/334
f 420/396/334 444/420/358 445/421/359
f 420/396/334 445/421/359 421/397/335
f 421/397/335 445/421/359 446/422/360
f 421/397/335 446/422/360 431/407/345
f 423/399/337 431/407/345 447/423/361
f 423/399/337 447/423/361 424/400/338
f 424/400/338 447/423/361 432/408/346
f 432/408/346 448/424/362 425/401/339
f 426/402/340 436/412/350 437/413/351
f 428/404/342 440/416/354 441/417/355
f 447/423/361 448/424/362 432/408/346
f 448/424/362 449/425/363 425/401/339
f 437/413/351 436/412/350 438/414/352
f 427/403/341 438/414/352 439/415/353
f 441/417/355 440/416/354 442/418/356
f 429/405/343 442/418/356 443/419/357
f 431/407/345 446/422/360 447/423/361
f 433/409/347 450/426/364 434/410/348
f 434/410/348 450/426/364 451/427/365
f 434/410/348 451/427/365 452/428/366
f 434/410/348 452/428/366 435/411/349
f 435/411/349 452/428/366 436/412/350
f 436/412/350 452/428/366 453/429/367
f 436/412/350 453/429/367 438/414/352
f 438/414/352 453/429/367 454/430/368
f 438/414/352 454/430/368 455/431/369
f 438/414/352 455/431/369 439/415/353
f 439/415/353 455/431/369 440/416/354
f 440/416/354 455/431/369 456/432/370
f 440/416/354 456/432/370 442/418/356
f 442/418/356 456/432/370 457/433/371
f 442/418/356 457/433/371 458/434/372
f 442/418/356 458/434/372 443/419/357
f 443/419/357 458/434/372 444/420/358
f 444/420/358 458/434/372 459/435/373
f 444/420/358 459/435/373 445/421/359
f 445/421/359 459/435/373 460/436/374
f 445/421/359 460/436/374 446/422/360
f 446/422/360 460/436/374 461/437/375
f 446/422/360 461/437/375 447/423/361
f 447/423/361 461/437/375 462/438/376
f 447/423/361 462/438/376 448/424/362
f 448/424/362 462/438/376 463/439/377
f 448/424/362 463/439/377 449/425/363
f 450/426/364 464/440/378 465/441/379
f 450/426/364 465/441/379 451/427/365
f 451/427/365 466/442/380 452/428/366
f 452/428/366 466/442/380 467/443/381
f 452/428/366 467/443/381 468/444/382
f 452/428/366 468/444/382 453/429/367
f 453/429/367 468/444/382 469/445/383
f 453/429/367 469/445/383 454/430/368
f 454/430/368 470/446/384 455/431/369
f 455/431/369 470/446/384 471/447/385
f 455/431/369 471/447/385 472/448/386
f 455/431/369 472/448/386 456/432/370
f 456/432/370 472/448/386 473/449/387
f 456/432/370 473/449/387 457/433/371
f 457/433/371 474/450/388 458/434/372
f 458/434/372 474/450/388 475/451/389
f 458/434/372 475/451/389 476/452/390
f 458/434/372 476/452/390 459/435/373
f 459/435/373 476/452/390 477/453/391
f 459/435/373 477/453/391 460/436/374
f 460/436/374 478/454/392 461/437/375
f 461/437/375 478/454/392 479/455/393
f 461/437/375 479/455/393 462/438/376
f 451/427/365 465/441/379 480/456/394
f 451/427/365 480/456/394 466/442/380
f 454/430/368 469/445/383 470/446/384
f 457/433/371 473/449/387 474/450/388
f 460/436/374 477/453/391 478/454/392
f 462/438/376 479/455/393 463/439/377
f 464/440/378 481/457/395 465/441/379
f 465/441/379 481/457/395 480/456/394
f 466/442/380 480/456/394 482/458/396
f 466/442/380 482/458/396 467/443/381
f 467/443/381 482/458/396 483/459/397
f 467/443/381 483/459/397 468/444/382
f 468/444/382 483/459/397 469/445/383
f 469/445/383 483/459/397 470/446/384
f 470/446/384 483/459/397 484/460/398
f 470/446/384 484/460/398 471/447/385
f 471/447/385 484/460/398 485/461/399
f 471/447/385 485/461/399 472/448/386
f 472/448/386 485/461/399 473/449/387
f 473/449/387 485/461/399 474/450/388
f 474/450/388 485/461/399 486/462/400
f 474/450/388 486/462/400 475/451/389
f 475/451/389 486/462/400 487/463/401
f 475/451/389 487/463/401 476/452/390
f 476/452/390 487/463/401 477/453/391
f 477/453/391 487/463/401 478/454/392
f 478/454/392 487/463/401 488/464/402
f 478/454/392 488/464/402 479/455/393
f 479/455/393 488/464/402 489/465/403
f 479/455/393 489/465/403 463/439/377
f 481/457/395 490/466/404 491/467/405
f 481/457/395 491/467/405 480/456/394
f 480/456/394 491/467/405 492/468/406
f 480/456/394 492/468/406 493/469/407
f 480/456/394 493/469/407 482/458/396
f 482/458/396 493/469/407 494/470/408
f 482/458/396 494/470/408 483/459/397
f 483/459/397 494/470/408 495/471/409
f 483/459/397 495/471/409 496/472/410
f 483/459/397 496/472/410 484/460/398
f 484/460/398 497/473/411 485/461/399
f 485/461/399 497/473/411 498/474/412
f 485/461/399 498/474/412 499/475/413
f 485/461/399 499/475/413 486/462/400
f 486/462/400 500/476/414 487/463/401
f 487/463/401 500/476/414 501/477/415
f 487/463/401 501/477/415 502/478/416
f 487/463/401 502/478/416 488/464/402
f 488/464/402 502/478/416 503/479/417
f 488/464/402 503/479/417 489/465/403
f 489/465/403 503/479/417 504/480/418
f 484/460/398 496/472/410 505/481/419
f 484/460/398 505/481/419 497/473/411
f 486/462/400 499/475/413 506/482/420
f 486/462/400 506/482/420 500/476/414
f 490/466/404 507/483/421 491/467/405
f 491/467/405 508/484/422 509/485/423
f 491/467/405 509/485/423 492/468/406
f 493/469/407 510/486/424 494/470/408
f 494/470/408 511/487/425 495/471/409
f 495/471/409 511/487/425 512/488/426
f 495/471/409 512/488/426 513/489/427
f 495/471/409 513/489/427 496/472/410
f 496/472/410 514/490/428 505/481/419
f 497/473/411 515/491/429 498/474/412
f 498/474/412 516/492/430 517/493/431
f 498/474/412 517/493/431 499/475/413
f 499/475/413 518/494/432 506/482/420
f 501/477/415 519/495/433 520/496/434
f 501/477/415 520/496/434 502/478/416
f 503/479/417 521/497/435 504/480/418
f 522/498/436 523/499/437 524/500/438
f 491/467/405 549/501/439 508/484/422
f 492/468/406 550/502/440 493/469/407
f 511/487/425 551/503/441 512/488/426
f 512/488/426 552/504/442 513/489/427
f 513/489/427 553/505/443 496/472/410
f 496/472/410 554/506/444 514/490/428
f 514/490/428 555/507/445 505/481/419
f 505/481/419 556/508/446 497/473/411
f 497/473/411 557/509/447 515/491/429
f 515/491/429 558/510/448 498/474/412
f 517/493/431 559/511/449 499/475/413
f 499/475/413 560/512/450 518/494/432
f 518/494/432 561/513/451 506/482/420
f 500/476/414 562/514/452 501/477/415
f 501/477/415 563/515/453 519/495/433
f 502/478/416 564/516/454 503/479/417
f 503/479/417 565/517/455 521/497/435
f 540/518/456 573/519/457 541/520/458
f 541/520/458 573/519/457 542/521/459
f 548/522/460 566/523/461 525/524/462
f 525/524/462 566/523/461 526/525/463
f 526/525/463 566/523/461 527/526/464
f 542/521/459 573/519/457 543/527/465
f 546/528/466 570/529/467 547/530/468
f 566/523/461 567/531/469 527/526/464
f 527/526/464 567/531/469 528/532/470
f 528/532/470 567/531/469 529/533/471
f 529/533/471 568/534/472 530/535/473
f 531/536/474 569/537/475 532/538/476
f 532/538/476 569/537/475 533/539/477
f 538/540/478 572/541/479 539/542/480
f 543/527/465 577/543/481 544/544/482
f 544/544/482 577/543/481 545/545/483
f 545/545/483 570/529/467 546/528/466
f 570/529/467 571/546/484 547/530/468
f 547/530/468 571/546/484 523/499/437
f 530/535/473 568/534/472 531/536/474
f 531/536/474 568/534/472 569/537/475
f 533/539/477 569/537/475 534/547/485
f 534/547/485 569/537/475 535/548/486
f 535/548/486 569/537/475 572/541/479
f 535/548/486 572/541/479 536/549/487
f 536/549/487 572/541/479 537/550/488
f 572/541/479 573/519/457 539/542/480
f 539/542/480 573/519/457 540/518/456
f 573/519/457 577/543/481 543/527/465
f 537/550/488 572/541/479 538/540/478
f 529/533/471 567/531/469 568/534/472
f 577/543/481 578/551/489 545/545/483
f 545/545/483 578/551/489 570/529/467
f 523/499/437 571/546/484 524/500/438
f 548/522/460 574/552/490 566/523/461
f 566/523/461 575/553/491 567/531/469
f 567/531/469 580/554/492 568/534/472
f 569/537/475 576/555/493 572/541/479
f 572/541/479 581/556/494 573/519/457
f 570/529/467 579/557/495 571/546/484
f 574/552/490 582/558/496 566/523/461
f 566/523/461 582/558/496 583/559/497
f 566/523/461 583/559/497 575/553/491
f 575/553/491 584/560/498 567/531/469
f 567/531/469 584/560/498 580/554/492
f 580/554/492 585/561/499 568/534/472
f 576/555/493 586/562/500 572/541/479
f 572/541/479 586/562/500 581/556/494
f 577/543/481 587/563/501 578/551/489
f 570/529/467 588/564/502 579/557/495
f 583/559/497 589/565/503 575/553/491
f 575/553/491 589/565/503 584/560/498
f 584/560/498 590/566/504 580/554/492
f 580/554/492 590/566/504 585/561/499
f 585/561/499 591/567/505 568/534/472
f 568/534/472 591/567/505 592/568/506
f 568/534/472 592/568/506 569/537/475
f 569/537/475 592/568/506 593/569/507
f 569/537/475 593/569/507 576/555/493
f 576/555/493 593/569/507 586/562/500
f 586/562/500 594/570/508 581/556/494
f 581/556/494 594/570/508 595/571/509
f 581/556/494 595/571/509 573/519/457
f 573/519/457 595/571/509 596/572/510
f 573/519/457 596/572/510 577/543/481
f 577/543/481 596/572/510 587/563/501
f 587/563/501 597/573/511 578/551/489
f 578/551/489 597/573/511 570/529/467
f 570/529/467 597/573/511 588/564/502
f 588/564/502 598/574/512 579/557/495
f 579/557/495 598/574/512 599/575/513
f 579/557/495 599/575/513 571/546/484
f 582/558/496 600/576/514 601/577/515
f 582/558/496 601/577/515 583/559/497
f 583/559/497 601/577/515 589/565/503
f 589/565/503 602/578/516 584/560/498
f 584/560/498 602/578/516 590/566/504
f 590/566/504 603/579/517 585/561/499
f 585/561/499 603/579/517 591/567/505
f 593/569/507 604/580/518 586/562/500
f 586/562/500 604/580/518 594/570/508
f 596/572/510 605/581/519 587/563/501
f 587/563/501 605/581/519 597/573/511
f 601/577/515 606/582/520 589/565/503
f 589/565/503 606/582/520 602/578/516
f 603/579/517 607/583/521 591/567/505
f 591/567/505 607/583/521 592/568/506
f 592/568/506 607/583/521 608/584/522
f 592/568/506 608/584/522 593/569/507
f 593/569/507 608/584/522 604/580/518
f 604/580/518 609/585/523 594/570/508
f 594/570/508 609/585/523 610/586/524
f 594/570/508 610/586/524 595/571/509
f 595/571/509 610/586/524 611/587/525
f 595/571/509 611/587/525 596/572/510
f 596/572/510 611/587/525 605/581/519
f 605/581/519 612/588/526 597/573/511
f 597/573/511 612/588/526 588/564/502
f 588/564/502 613/589/527 598/574/512
f 598/574/512 613/589/527 599/575/513
f 590/566/504 602/578/516 603/579/517
f 612/588/526 613/589/527 588/564/502
f 605/581/519 611/587/525 612/588/526
f 606/582/520 614/590/528 602/578/516
f 602/578/516 614/590/528 615/591/529
f 603/579/517 626/592/530 607/583/521
f 607/583/521 626/592/530 608/584/522
f 608/584/522 616/593/531 604/580/518
f 604/580/518 616/593/531 617/594/532
f 604/580/518 617/594/532 609/585/523
f 609/585/523 627/595/533 610/586/524
f 612/588/526 618/596/534 613/589/527
f 600/576/514 619/597/535 601/577/515
f 601/577/515 631/598/536 606/582/520
f 610/586/524 621/599/537 611/587/525
f 631/598/536 620/600/538 606/582/520
f 608/584/522 623/601/539 616/593/531
f 613/589/527 630/602/540 599/575/513
f 626/592/530 622/603/541 608/584/522
f 608/584/522 622/603/541 623/601/539
f 611/587/525 624/604/542 612/588/526
f 612/588/526 624/604/542 618/596/534
f 606/582/520 633/605/543 614/590/528
f 602/578/516 615/591/529 603/579/517
f 615/591/529 625/606/544 603/579/517
f 617/594/532 627/595/533 609/585/523
f 630/602/540 628/607/545 599/575/513
f 603/579/517 629/608/546 626/592/530
f 618/596/534 630/602/540 613/589/527
f 619/597/535 631/598/536 601/577/515
f 603/579/517 625/606/544 629/608/546
f 621/599/537 632/609/547 611/587/525
f 620/600/538 633/605/543 606/582/520
f 627/595/533 634/610/548 610/586/524
f 610/586/524 634/610/548 621/599/537
f 611/587/525 632/609/547 624/604/542
f 619/597/535 635/611/549 631/598/536
f 631/598/536 635/611/549 620/600/538
f 614/590/528 636/612/550 615/591/529
f 615/591/529 637/613/551 625/606/544
f 625/606/544 637/613/551 629/608/546
f 622/603/541 638/614/552 623/601/539
f 623/601/539 639/615/553 616/593/531
f 616/593/531 639/615/553 617/594/532
f 634/610/548 640/616/554 621/599/537
f 621/599/537 641/617/555 632/609/547
f 632/609/547 641/617/555 624/604/542
f 630/602/540 642/618/556 628/607/545
f 615/591/529 636/612/550 637/613/551
f 623/601/539 638/614/552 639/615/553
f 621/599/537 640/616/554 641/617/555
f 635/611/549 643/619/557 620/600/538
f 620/600/538 643/619/557 633/605/543
f 633/605/543 643/619/557 644/620/558
f 633/605/543 644/620/558 614/590/528
f 614/590/528 644/620/558 636/612/550
f 637/613/551 645/621/559 629/608/546
f 629/608/546 645/621/559 626/592/530
f 626/592/530 645/621/559 646/622/560
f 626/592/530 646/622/560 622/603/541
f 622/603/541 646/622/560 638/614/552
f 639/615/553 647/623/561 617/594/532
f 617/594/532 647/623/561 627/595/533
f 627/595/533 647/623/561 648/624/562
f 627/595/533 648/624/562 634/610/548
f 634/610/548 648/624/562 640/616/554
f 641/617/555 649/625/563 624/604/542
f 624/604/542 649/625/563 618/596/534
f 618/596/534 649/625/563 650/626/564
f 618/596/534 650/626/564 630/602/540
f 630/602/540 650/626/564 642/618/556
f 619/597/535 651/627/565 635/611/549
f 651/627/565 652/628/566 635/611/549
f 644/620/558 661/629/567 636/612/550
f 646/622/560 654/630/568 638/614/552
f 648/624/562 663/631/569 640/616/554
f 635/611/549 665/632/570 643/619/557
f 637/613/551 653/633/571 645/621/559
f 639/615/553 655/634/572 647/623/561
f 650/626/564 656/635/573 642/618/556
f 643/619/557 660/636/574 644/620/558
f 661/629/567 657/637/575 636/612/550
f 636/612/550 657/637/575 637/613/551
f 645/621/559 662/638/576 646/622/560
f 646/622/560 662/638/576 654/630/568
f 649/625/563 659/639/577 650/626/564
f 650/626/564 659/639/577 656/635/573
f 647/623/561 658/640/578 648/624/562
f 665/632/570 660/636/574 643/619/557
f 647/623/561 655/634/572 658/640/578
f 660/636/574 661/629/567 644/620/558
f 637/613/551 657/637/575 653/633/571
f 653/633/571 662/638/576 645/621/559
f 638/614/552 666/641/579 639/615/553
f 639/615/553 666/641/579 655/634/572
f 641/617/555 664/642/580 649/625/563
f 649/625/563 664/642/580 659/639/577
f 652/628/566 665/632/570 635/611/549
f 654/630/568 666/641/579 638/614/552
f 648/624/562 658/640/578 663/631/569
f 640/616/554 667/643/581 641/617/555
f 641/617/555 667/643/581 664/642/580
f 663/631/569 667/643/581 640/616/554
f 656/635/573 668/644/582 642/618/556
f 661/629/567 669/645/583 657/637/575
f 654/630/568 670/646/584 666/641/579
f 663/631/569 671/647/585 667/643/581
f 665/632/570 673/648/586 660/636/574
f 653/633/571 674/649/587 662/638/576
f 655/634/572 675/650/588 658/640/578
f 664/642/580 676/651/589 659/639/577
f 656/635/573 677/652/590 668/644/582
f 652/628/566 672/653/591 678/654/592
f 652/628/566 678/654/592 665/632/570
f 665/632/570 678/654/592 673/648/586
f 660/636/574 673/648/586 661/629/567
f 661/629/567 673/648/586 669/645/583
f 657/637/575 669/645/583 679/655/593
f 657/637/575 679/655/593 653/633/571
f 653/633/571 679/655/593 674/649/587
f 662/638/576 674/649/587 654/630/568
f 654/630/568 674/649/587 670/646/584
f 666/641/579 670/646/584 680/656/594
f 666/641/579 680/656/594 655/634/572
f 655/634/572 680/656/594 675/650/588
f 658/640/578 675/650/588 663/631/569
f 663/631/569 675/650/588 671/647/585
f 667/643/581 671/647/585 681/657/595
f 667/643/581 681/657/595 664/642/580
f 664/642/580 681/657/595 676/651/589
f 659/639/577 676/651/589 656/635/573
f 656/635/573 676/651/589 677/652/590
f 672/653/591 682/658/596 683/659/597
f 672/653/591 683/659/597 684/660/598
f 672/653/591 684/660/598 678/654/592
f 678/654/592 684/660/598 673/648/586
f 673/648/586 684/660/598 685/661/599
f 673/648/586 685/661/599 669/645/583
f 669/645/583 685/661/599 686/662/600
f 669/645/583 686/662/600 679/655/593
f 679/655/593 686/662/600 674/649/587
f 674/649/587 686/662/600 687/663/601
f 674/649/587 687/663/601 670/646/584
f 670/646/584 687/663/601 688/664/602
f 670/646/584 688/664/602 680/656/594
f 680/656/594 688/664/602 675/650/588
f 675/650/588 688/664/602 689/665/603
f 675/650/588 689/665/603 671/647/585
f 671/647/585 689/665/603 690/666/604
f 671/647/585 690/666/604 681/657/595
f 681/657/595 690/666/604 676/651/589
f 676/651/589 690/666/604 691/667/605
f 676/651/589 691/667/605 677/652/590
f 684/660/598 692/668/606 685/661/599
f 685/661/599 696/669/607 686/662/600
f 686/662/600 693/670/608 687/663/601
f 687/663/601 697/671/609 688/664/602
f 688/664/602 694/672/610 689/665/603
f 689/665/603 698/673/611 690/666/604
f 690/666/604 695/674/612 691/667/605
f 682/658/596 699/675/613 683/659/597
f 683/659/597 712/676/614 700/677/615
f 683/659/597 700/677/615 684/660/598
f 684/660/598 700/677/615 701/678/616
f 684/660/598 701/678/616 692/668/606
f 692/668/606 702/679/617 685/661/599
f 685/661/599 702/679/617 696/669/607
f 696/669/607 703/680/618 686/662/600
f 686/662/600 703/680/618 704/681/619
f 686/662/600 704/681/619 705/682/620
f 686/662/600 705/682/620 693/670/608
f 693/670/608 705/682/620 687/663/601
f 687/663/601 705/682/620 697/671/609
f 697/671/609 706/683/621 688/664/602
f 688/664/602 706/683/621 707/684/622
f 688/664/602 707/684/622 708/685/623
f 688/664/602 708/685/623 694/672/610
f 694/672/610 708/685/623 689/665/603
f 689/665/603 708/685/623 698/673/611
f 698/673/611 709/686/624 690/666/604
f 690/666/604 709/686/624 710/687/625
f 690/666/604 710/687/625 695/674/612
f 695/674/612 711/688/626 691/667/605
f 699/675/613 712/676/614 683/659/597
f 692/668/606 701/678/616 702/679/617
f 696/669/607 702/679/617 703/680/618
f 697/671/609 705/682/620 706/683/621
f 698/673/611 708/685/623 709/686/624
f 695/674/612 710/687/625 711/688/626
f 699/675/613 713/689/627 714/690/628
f 699/675/613 714/690/628 712/676/614
f 712/676/614 714/690/628 700/677/615
f 700/677/615 714/690/628 715/691/629
f 700/677/615 715/691/629 716/692/630
f 700/677/615 716/692/630 701/678/616
f 701/678/616 716/692/630 717/693/631
f 701/678/616 717/693/631 702/679/617
f 702/679/617 717/693/631 718/694/632
f 702/679/617 718/694/632 703/680/618
f 703/680/618 718/694/632 719/695/633
f 703/680/618 719/695/633 704/681/619
f 704/681/619 719/695/633 720/696/634
f 704/681/619 720/696/634 705/682/620
f 705/682/620 720/696/634 721/697/635
f 705/682/620 721/697/635 722/698/636
f 705/682/620 722/698/636 706/683/621
f 706/683/621 722/698/636 723/699/637
f 706/683/621 723/699/637 707/684/622
f 707/684/622 723/699/637 724/700/638
f 707/684/622 724/700/638 708/685/623
f 708/685/623 724/700/638 725/701/639
f 708/685/623 725/701/639 726/702/640
f 708/685/623 726/702/640 709/686/624
f 709/686/624 726/702/640 727/703/641
f 709/686/624 727/703/641 710/687/625
f 710/687/625 727/703/641 728/704/642
f 710/687/625 728/704/642 729/705/643
f 710/687/625 729/705/643 711/688/626
f 713/689/644 730/706/645 714/690/646
f 714/690/646 731/707/647 715/691/629
f 713/689/644 732/708/648 730/706/645
f 730/706/645 733/709/649 714/690/646
f 714/690/646 733/709/649 731/707/647
f 715/691/629 731/707/647 734/710/650
f 715/691/629 734/710/650 716/692/630
f 716/692/630 734/710/650 735/711/651
f 716/692/630 735/711/651 717/693/631
f 717/693/631 735/711/651 736/712/652
f 717/693/631 736/712/652 718/694/632
f 718/694/632 736/712/652 737/713/653
f 718/694/632 737/713/653 719/695/633
f 719/695/633 737/713/653 738/714/654
f 719/695/633 738/714/654 720/696/634
f 720/696/634 738/714/654 739/715/655
f 720/696/634 739/715/655 721/697/635
f 721/697/635 739/715/655 740/716/656
f 721/697/635 740/716/656 722/698/636
f 722/698/636 740/716/656 741/717/657
f 722/698/636 741/717/657 723/699/637
f 723/699/637 741/717/657 742/718/658
f 723/699/637 742/718/658 724/700/638
f 724/700/638 742/718/658 743/719/659
f 724/700/638 743/719/659 725/701/639
f 725/701/639 743/719/659 744/720/660
f 725/701/639 744/720/660 726/702/640
f 726/702/640 744/720/660 745/721/661
f 726/702/640 745/721/661 727/703/641
f 727/703/641 745/721/661 746/722/662
f 727/703/641 746/722/662 728/704/642
f 728/704/642 746/722/662 747/723/663
f 728/704/642 747/723/663 729/705/643
f 732/708/648 748/724/664 730/706/645
f 730/706/645 748/724/664 749/725/665
f 730/706/645 749/725/665 733/709/649
f 733/709/649 749/725/665 750/726/666
f 733/709/649 750/726/666 731/707/647
f 731/707/647 750/726/666 751/727/667
f 731/707/647 751/727/667 734/710/650
f 734/710/650 751/727/667 752/728/668
f 734/710/650 752/728/668 735/711/651
f 735/711/651 752/728/668 753/729/669
f 735/711/651 753/729/669 736/712/652
f 736/712/652 753/729/669 754/730/670
f 736/712/652 754/730/670 737/713/653
f 737/713/653 754/730/670 755/731/671
f 737/713/653 755/731/671 738/714/654
f 738/714/654 755/731/671 756/732/672
f 738/714/654 756/732/672 739/715/655
f 739/715/655 756/732/672 757/733/673
f 739/715/655 757/733/673 740/716/656
f 740/716/656 757/733/673 758/734/674
f 740/716/656 758/734/674 741/717/657
f 741/717/657 758/734/674 759/735/675
f 741/717/657 759/735/675 742/718/658
f 742/718/658 759/735/675 760/736/676
f 742/718/658 760/736/676 743/719/659
f 743/719/659 760/736/676 761/737/677
f 743/719/659 761/737/677 744/720/660
f 744/720/660 761/737/677 762/738/678
f 744/720/660 762/738/678 745/721/661
f 745/721/661 762/738/678 763/739/679
f 745/721/661 763/739/679 746/722/662
f 746/722/662 763/739/679 747/723/663
f 732/708/648 764/740/680 748/724/664
f 749/725/665 748/724/664 765/741/681
f 749/725/665 765/741/681 750/726/666
f 750/726/666 765/741/681 766/742/682
f 750/726/666 766/742/682 751/727/667
f 751/727/667 766/742/682 767/743/683
f 751/727/667 767/743/683 752/728/668
f 752/728/668 767/743/683 768/744/684
f 752/728/668 768/744/684 753/729/669
f 753/729/669 768/744/684 769/745/685
f 753/729/669 769/745/685 754/730/670
f 754/730/670 769/745/685 770/746/686
f 754/730/670 770/746/686 755/731/671
f 755/731/671 770/746/686 771/747/687
f 755/731/671 771/747/687 756/732/672
f 756/732/672 771/747/687 772/748/688
f 756/732/672 772/748/688 757/733/673
f 757/733/673 772/748/688 773/749/689
f 757/733/673 773/749/689 758/734/674
f 758/734/674 773/749/689 774/750/690
f 758/734/674 774/750/690 759/735/675
f 759/735/675 774/750/690 775/751/691
f 759/735/675 775/751/691 760/736/676
f 760/736/676 775/751/691 776/752/692
f 760/736/676 776/752/692 761/737/677
f 761/737/677 776/752/692 777/753/693
f 761/737/677 777/753/693 762/738/678
f 762/738/678 777/753/693 778/754/694
f 762/738/678 778/754/694 779/755/695
f 762/738/678 779/755/695 763/739/679
f 763/739/679 779/755/695 780/756/696
f 763/739/679 780/756/696 747/723/663
f 748/724/664 764/740/680 781/757/697
f 748/724/664 781/757/697 765/741/681
f 765/741/681 781/757/697 766/742/682
f 767/743/683 766/742/682 768/744/684
f 771/747/687 770/746/686 772/748/688
f 775/751/691 774/750/690 776/752/692
f 777/753/693 776/752/692 778/754/694
f 779/755/695 778/754/694 780/756/696
f 766/742/682 781/757/697 768/744/684
f 776/752/692 774/750/690 778/754/694
f 778/754/694 787/758/698 780/756/696
f 782/759/699 781/757/697 764/740/680
f 770/746/686 769/745/685 772/748/688
f 781/757/697 783/760/700 768/744/684
f 768/744/684 783/760/700 769/745/685
f 769/745/685 784/761/701 772/748/688
f 772/748/688 784/761/701 773/749/689
f 773/749/689 785/762/702 774/750/690
f 774/750/690 786/763/703 778/754/694
f 781/757/697 782/759/699 788/764/704
f 781/757/697 788/764/704 783/760/700
f 769/745/685 783/760/700 789/765/705
f 769/745/685 789/765/705 784/761/701
f 773/749/689 784/761/701 790/766/706
f 773/749/689 790/766/706 785/762/702
f 774/750/690 785/762/702 786/763/703
f 778/754/694 786/763/703 787/758/698
f 782/759/707 791/767/708 788/764/709
f 788/764/709 792/768/710 783/760/711
f 783/760/711 792/768/710 793/769/712
f 783/760/711 793/769/712 789/765/713
f 789/765/713 794/770/714 784/761/715
f 784/761/715 794/770/714 795/771/716
f 784/761/715 795/771/716 790/766/717
f 790/766/717 796/772/718 785/762/702
f 785/762/702 796/772/718 797/773/719
f 785/762/702 797/773/719 786/763/703
f 786/763/703 798/774/720 787/758/721
f 782/759/707 799/775/722 791/767/708
f 791/767/708 799/775/722 788/764/709
f 788/764/709 799/775/722 800/776/723
f 788/764/709 800/776/723 792/768/710
f 792/768/710 800/776/723 793/769/712
f 793/769/712 800/776/723 801/777/724
f 793/769/712 801/777/724 789/765/713
f 789/765/713 801/777/724 802/778/725
f 789/765/713 802/778/725 794/770/714
f 794/770/714 802/778/725 795/771/716
f 795/771/716 802/778/725 803/779/726
f 795/771/716 803/779/726 790/766/717
f 790/766/717 803/779/726 804/780/727
f 790/766/717 804/780/727 796/772/718
f 796/772/718 804/780/727 797/773/719
f 797/773/719 804/780/727 805/781/728
f 797/773/719 805/781/728 786/763/703
f 786/763/703 805/781/728 806/782/729
f 786/763/703 806/782/729 798/774/720
f 798/774/720 806/782/729 787/758/721
f 801/777/724 807/783/730 802/778/725
f 782/759/707 808/784/731 799/775/722
f 799/775/722 809/785/732 800/776/723
f 800/776/723 809/785/732 810/786/733
f 800/776/723 810/786/733 801/777/724
f 807/783/730 811/787/734 802/778/725
f 802/778/725 811/787/734 812/788/735
f 802/778/725 812/788/735 803/779/726
f 803/779/726 819/789/736 804/780/727
f 804/780/727 819/789/736 813/790/737
f 804/780/727 813/790/737 805/781/728
f 805/781/728 814/791/738 806/782/729
f 806/782/729 815/792/739 787/758/721
f 808/784/731 816/793/740 799/775/722
f 799/775/722 816/793/740 809/785/732
f 810/786/733 817/794/741 801/777/724
f 801/777/724 817/794/741 807/783/730
f 812/788/735 818/795/742 803/779/726
f 803/779/726 818/795/742 819/789/736
f 813/790/737 820/796/743 805/781/728
f 805/781/728 820/796/743 814/791/738
f 814/791/738 821/198/134 806/782/729
f 806/782/729 821/198/134 815/792/739
f 821/198/134 823/200/136 815/792/739
f 822/183/119 824/185/121 808/784/731
f 808/784/731 824/185/121 816/793/740
f 816/793/740 824/185/121 825/186/122
f 816/793/740 825/186/122 826/188/124
f 816/793/740 826/188/124 827/797/744
f 816/793/740 827/797/744 809/785/732
f 809/785/732 827/797/744 810/786/733
f 810/786/733 827/797/744 828/798/745
f 810/786/733 828/798/745 817/794/741
f 817/794/741 828/798/745 829/189/125
f 817/794/741 829/189/125 807/783/730
f 807/783/730 829/189/125 830/191/127
f 807/783/730 830/191/127 831/799/746
f 807/783/730 831/799/746 811/787/734
f 811/787/734 831/799/746 812/788/735
f 812/788/735 831/799/746 832/800/747
f 812/788/735 832/800/747 818/795/742
f 818/795/742 832/800/747 833/192/128
f 818/795/742 833/192/128 819/789/736
f 819/789/736 833/192/128 834/194/130
f 819/789/736 834/194/130 835/801/748
f 819/789/736 835/801/748 813/790/737
f 813/790/737 835/801/748 836/802/749
f 813/790/737 836/802/749 820/796/743
f 820/796/743 836/802/749 837/195/131
f 820/796/743 837/195/131 814/791/738
f 814/791/738 837/195/131 838/197/133
f 814/791/738 838/197/133 821/198/134
f 824/185/121 184/803/750 825/186/122
f 828/798/745 188/804/751 829/189/125
f 832/800/747 192/805/752 833/192/128
f 836/802/749 196/806/753 837/195/131
f 826/188/124 186/807/754 827/797/744
f 827/797/744 187/808/755 828/798/745
f 830/191/127 190/809/756 831/799/746
f 831/799/746 191/810/757 832/800/747
f 834/194/130 194/811/758 835/801/748
f 835/801/748 195/812/759 836/802/749
f 838/197/133 198/813/760 821/198/134
f 839/814/761 840/815/762 913/816/763
f 839/814/761 913/816/763 841/817/764
f 919/818/765 842/819/766 202/820/767
f 919/818/765 202/820/767 200/821/768
f 843/822/769 844/823/770 845/824/771
f 843/822/769 845/824/771 846/825/772
f 847/826/773 848/827/774 849/828/775
f 847/826/773 849/828/775 850/829/775
f 849/828/776 851/830/777 912/831/778
f 849/828/776 912/831/778 921/832/779
f 852/833/780 853/834/781 207/835/782
f 852/833/780 207/835/782 854/836/783
f 842/819/784 919/818/785 204/837/786
f 842/819/784 204/837/786 206/838/787
f 844/823/770 855/839/788 856/840/789
f 844/823/770 856/840/789 845/824/771
f 850/829/775 849/828/775 857/841/790
f 858/842/791 859/843/792 860/844/793
f 858/842/791 860/844/793 861/845/794
f 849/828/776 921/832/779 862/846/795
f 863/847/796 200/821/768 202/820/767
f 863/847/796 202/820/767 201/848/797
f 864/849/798 865/850/799 201/848/797
f 864/849/798 201/848/797 202/820/767
f 866/851/800 850/829/801 867/852/802
f 866/851/800 867/852/802 208/853/803
f 858/842/804 207/835/782 208/853/803
f 858/842/804 208/853/803 859/843/805
f 868/854/806 861/845/807 860/844/808
f 868/854/806 860/844/808 869/855/809
f 870/856/810 852/833/780 871/857/811
f 872/858/812 873/859/813 874/859/814
f 872/858/812 874/859/814 875/860/815
f 870/856/810 840/815/816 852/833/780
f 876/861/817 218/862/818 219/863/819
f 876/861/817 219/863/819 927/864/820
f 870/856/821 877/865/822 878/866/823
f 870/856/821 878/866/823 879/856/824
f 850/829/775 857/841/790 873/859/775
f 850/829/775 873/859/775 880/867/825
f 881/814/826 882/868/827 220/869/828
f 881/814/826 220/869/828 883/870/829
f 884/826/830 857/841/790 849/828/775
f 884/826/830 849/828/775 885/827/831
f 849/871/832 915/872/833 886/873/834
f 849/871/832 886/873/834 887/830/835
f 888/874/836 889/875/837 895/876/838
f 888/874/836 895/876/838 890/877/839
f 891/851/840 219/863/819 905/878/841
f 891/851/840 905/878/841 857/829/842
f 928/879/843 217/880/844 215/881/845
f 928/879/843 215/881/845 892/882/846
f 893/833/847 910/883/848 218/862/818
f 893/833/847 218/862/818 894/884/849
f 890/877/839 895/876/838 896/885/850
f 890/877/839 896/885/850 897/886/851
f 898/849/852 213/887/853 212/888/854
f 898/849/852 212/888/854 899/850/855
f 883/870/829 220/869/828 840/815/816
f 900/889/856 924/890/857 925/891/858
f 900/889/856 925/891/858 901/892/859
f 849/871/832 902/846/860 915/872/833
f 926/893/861 212/888/854 213/887/853
f 926/893/861 213/887/853 211/894/862
f 892/882/863 211/894/862 213/887/853
f 892/882/863 213/887/853 928/879/864
f 900/889/865 901/892/866 219/863/819
f 900/889/865 219/863/819 218/862/818
f 868/854/806 903/895/867 925/891/868
f 868/854/806 925/891/868 924/890/869
f 870/856/810 904/857/870 893/833/847
f 905/896/871 906/897/872 907/859/873
f 905/896/871 907/859/873 873/859/874
f 870/856/810 893/833/847 883/870/829
f 870/856/810 883/870/829 840/815/816
f 870/856/875 908/856/876 909/898/877
f 870/856/875 909/898/877 910/899/878
f 857/841/790 911/867/879 873/859/775
f 917/900/880 201/848/797 865/850/799
f 202/820/767 842/819/766 864/849/798
f 200/821/768 918/901/881 919/818/765
f 843/822/769 846/825/772 206/838/787
f 843/822/769 206/838/787 204/837/786
f 839/814/761 841/817/764 919/818/785
f 919/818/785 841/817/764 204/837/786
f 912/831/778 851/830/777 842/819/784
f 912/831/778 842/819/784 206/838/787
f 208/853/803 917/900/880 866/851/800
f 920/902/882 207/835/782 853/834/781
f 921/832/779 922/903/883 902/846/884
f 921/832/779 902/846/884 862/846/795
f 923/904/885 914/905/886 840/815/762
f 840/815/762 914/905/886 913/816/763
f 878/866/823 908/856/887 879/856/824
f 869/855/809 860/844/808 903/895/867
f 903/895/867 860/844/808 925/891/868
f 899/850/855 212/888/854 927/864/888
f 213/887/853 898/849/852 928/879/864
f 211/894/862 892/882/863 929/901/889
f 215/881/845 217/880/844 889/875/837
f 215/881/845 889/875/837 888/874/836
f 892/882/846 215/881/845 882/868/827
f 892/882/846 882/868/827 881/814/826
f 217/880/844 928/879/843 886/873/834
f 886/873/834 928/879/843 887/830/835
f 930/906/890 219/863/891 931/907/892
f 931/907/893 219/863/819 901/892/866
f 219/863/819 891/851/840 927/864/820
f 894/884/849 218/862/818 876/861/817
f 915/872/833 902/846/860 916/908/894
f 916/908/894 902/846/860 932/903/895
f 840/815/816 220/869/828 923/904/896
f 218/862/897 933/909/898 934/910/899
f 218/862/818 934/910/900 900/889/865
f 909/898/877 908/856/876 935/911/901
f 924/890/869 861/845/807 868/854/806
f 907/859/873 906/897/872 936/912/902
f 907/859/873 936/912/902 874/859/903
f 910/899/878 909/898/877 937/833/904
f 933/909/905 924/890/857 900/889/856
f 901/892/859 925/891/858 930/906/906
f 905/896/871 938/829/907 906/897/872
f 920/902/882 917/900/880 208/853/803
f 920/902/882 208/853/803 207/835/782
f 507/483/421 490/466/404 548/522/460
f 525/524/462 507/483/421 548/522/460
f 549/501/439 491/467/405 525/524/462
f 549/501/439 525/524/462 526/525/463
f 509/485/423 508/484/422 526/525/463
f 509/485/423 526/525/463 527/526/464
f 550/502/440 492/468/406 527/526/464
f 550/502/440 527/526/464 528/532/470
f 510/486/424 493/469/407 528/532/470
f 510/486/424 528/532/470 529/533/471
f 511/487/425 494/470/408 529/533/471
f 511/487/425 529/533/471 530/535/473
f 551/503/441 511/487/425 531/536/474
f 531/536/474 511/487/425 530/535/473
f 552/504/442 512/488/426 531/536/474
f 552/504/442 531/536/474 532/538/476
f 553/505/443 513/489/427 532/538/476
f 553/505/443 532/538/476 533/539/477
f 554/506/444 496/472/410 533/539/477
f 554/506/444 533/539/477 534/547/485
f 555/507/445 514/490/428 534/547/485
f 555/507/445 534/547/485 535/548/486
f 556/508/446 505/481/419 535/548/486
f 556/508/446 535/548/486 536/549/487
f 557/509/447 497/473/411 536/549/487
f 557/509/447 536/549/487 537/550/488
f 558/510/448 515/491/429 537/550/488
f 558/510/448 537/550/488 538/540/478
f 516/492/430 498/474/412 538/540/478
f 516/492/430 538/540/478 539/542/480
f 559/511/449 517/493/431 539/542/480
f 559/511/449 539/542/480 540/518/456
f 560/512/450 499/475/413 540/518/456
f 560/512/450 540/518/456 541/520/458
f 561/513/451 518/494/432 541/520/458
f 561/513/451 541/520/458 542/521/459
f 500/476/414 506/482/420 542/521/459
f 500/476/414 542/521/459 543/527/465
f 562/514/452 500/476/414 544/544/482
f 544/544/482 500/476/414 543/527/465
f 563/515/453 501/477/415 544/544/482
f 563/515/453 544/544/482 545/545/483
f 520/496/434 519/495/433 545/545/483
f 520/496/434 545/545/483 546/528/466
f 564/516/454 502/478/416 546/528/466
f 564/516/454 546/528/466 547/530/468
f 565/517/455 503/479/417 547/530/468
f 565/517/455 547/530/468 939/913/908
f 939/913/908 547/530/468 523/499/437
f 504/480/418 939/914/909 522/498/436
f 504/480/418 522/498/436 524/500/438
f 521/497/435 939/914/909 504/480/418
f 920/902/910 200/821/768 863/847/796
f 200/821/768 920/902/910 940/915/911
f 200/821/768 940/915/911 918/901/881
f 840/815/816 853/834/781 852/833/780
f 853/834/781 840/815/816 940/915/912
f 940/915/912 840/815/816 941/916/913
f 917/900/880 920/902/882 201/848/797
f 201/848/797 920/902/882 863/847/796
f 211/894/862 942/917/914 926/893/861
f 942/917/914 211/894/862 894/884/915
f 894/884/915 211/894/862 929/901/889
f 894/884/849 883/870/829 893/833/847
f 883/870/829 894/884/849 943/916/916
f 926/893/861 927/864/888 212/888/854
f 927/864/888 926/893/861 942/917/917
f 927/864/888 942/917/917 876/861/918
f 940/915/911 920/902/910 944/917/919
l 216 217
l 203 204
l 221 222
l 205 206
l 214 215
l 209 210
