# Blender 5.1.2
# www.blender.org
mtllib knight.mtl
o knight
v 0.003929 -0.000000 -0.009454
v 0.004313 0.000184 -0.009202
v 0.007656 0.000092 -0.006889
v 0.007656 0.000092 -0.006889
v 0.010221 0.000184 -0.003162
v 0.009969 -0.000000 -0.003546
v 0.010221 0.000000 0.003162
v 0.009969 0.000184 0.003546
v 0.007656 0.000092 0.006889
v 0.007656 0.000092 0.006889
v 0.003929 0.000184 0.009454
v 0.004313 0.000000 0.009202
v -0.002395 0.000000 0.009454
v -0.002779 0.000184 0.009202
v -0.006122 0.000092 0.006889
v -0.006122 0.000092 0.006889
v -0.008687 0.000184 0.003162
v -0.008435 0.000000 0.003546
v -0.008687 -0.000000 -0.003162
v -0.008435 0.000184 -0.003546
v -0.006122 0.000092 -0.006889
v -0.006122 0.000092 -0.006889
v -0.002395 0.000184 -0.009454
v -0.002779 -0.000000 -0.009202
v -0.008789 0.000184 0.001901
v -0.008789 0.000184 -0.001901
v -0.008976 0.000184 -0.000000
v -0.008234 0.000184 0.003729
v -0.008234 0.000184 -0.003729
v -0.007334 0.000184 0.005413
v -0.007334 0.000184 -0.005413
v -0.006122 0.000184 0.006889
v -0.006122 0.000184 -0.006889
v -0.004646 0.000184 0.008101
v -0.004646 0.000184 -0.008101
v -0.002962 0.000184 0.009001
v -0.002962 0.000184 -0.009001
v -0.001134 0.000184 0.009556
v -0.001134 0.000184 -0.009556
v 0.000767 0.000184 0.009743
v 0.000767 0.000184 -0.009743
v 0.002668 0.000184 0.009556
v 0.002668 0.000184 -0.009556
v 0.004496 0.000184 0.009001
v 0.004496 0.000184 -0.009001
v 0.006180 0.000184 0.008101
v 0.006180 0.000184 -0.008101
v 0.007656 0.000184 0.006889
v 0.007656 0.000184 -0.006889
v 0.008868 0.000184 0.005413
v 0.008868 0.000184 -0.005413
v 0.009768 0.000184 0.003729
v 0.009768 0.000184 -0.003729
v 0.010323 0.000184 0.001901
v 0.010323 0.000184 -0.001901
v 0.010510 0.000184 -0.000000
v -0.008789 -0.000000 -0.001901
v -0.008789 0.000000 0.001901
v -0.008976 0.000000 0.000000
v -0.008234 -0.000000 -0.003729
v -0.008234 0.000000 0.003729
v -0.007334 -0.000000 -0.005413
v -0.007334 0.000000 0.005413
v -0.006122 -0.000000 -0.006889
v -0.006122 0.000000 0.006889
v -0.004646 -0.000000 -0.008101
v -0.004646 0.000000 0.008101
v -0.002962 -0.000000 -0.009001
v -0.002962 0.000000 0.009001
v -0.001134 -0.000000 -0.009556
v -0.001134 0.000000 0.009556
v 0.000767 -0.000000 -0.009743
v 0.000767 0.000000 0.009743
v 0.002668 -0.000000 -0.009556
v 0.002668 0.000000 0.009556
v 0.004496 -0.000000 -0.009001
v 0.004496 0.000000 0.009001
v 0.006180 -0.000000 -0.008101
v 0.006180 0.000000 0.008101
v 0.007656 -0.000000 -0.006889
v 0.007656 0.000000 0.006889
v 0.008868 -0.000000 -0.005413
v 0.008868 0.000000 0.005413
v 0.009768 -0.000000 -0.003729
v 0.009768 0.000000 0.003729
v 0.010323 -0.000000 -0.001901
v 0.010323 0.000000 0.001901
v 0.010510 0.000000 0.000000
v 0.011833 0.021338 0.005499
v 0.006281 0.023880 -0.005647
v 0.006312 0.023906 0.005643
v 0.003838 0.050875 -0.001993
v -0.008648 0.054055 -0.003667
v -0.008677 0.054193 -0.003624
v -0.007660 0.054834 -0.002763
v 0.013275 0.026099 -0.005430
v 0.011772 0.021305 -0.005664
v -0.008372 0.047368 -0.004830
v -0.005329 0.049840 -0.004708
v -0.008355 0.047303 -0.004819
v -0.005546 0.049805 -0.004822
v -0.011172 0.043116 -0.004750
v -0.014390 0.039617 -0.004768
v -0.009860 0.019536 -0.005996
v -0.009872 0.020943 -0.005792
v -0.008708 0.017408 -0.005917
v -0.009589 0.019128 -0.005884
v -0.008678 0.054084 0.003553
v -0.008699 0.054027 0.003688
v -0.007682 0.054887 0.003717
v -0.007681 0.054901 0.003713
v -0.008727 0.054172 0.002759
v -0.008253 0.047234 0.004688
v -0.005544 0.049805 0.004825
v -0.014395 0.039613 0.004775
v -0.009801 0.019416 0.005982
v -0.009768 0.020846 0.005816
v -0.008708 0.017408 0.005917
v -0.009589 0.019128 0.005884
v 0.010461 0.044786 -0.004819
v 0.005893 0.049419 0.004804
v 0.007667 0.048429 0.004796
v 0.005901 0.049332 0.004840
v 0.005892 0.049608 0.004601
v 0.013427 0.036735 -0.004721
v 0.005406 0.044761 -0.004844
v 0.013409 0.036838 0.004698
v 0.013404 0.030495 0.005023
v 0.000765 0.000189 0.000006
v 0.003020 0.017333 -0.005586
v 0.005548 0.017337 -0.004754
v -0.003842 0.017301 -0.004782
v -0.004057 0.017353 -0.004742
v -0.001688 0.017304 0.005601
v 0.003277 0.017305 0.005546
v 0.005411 0.017400 0.004695
v 0.005958 0.049568 -0.004620
v 0.005712 0.044521 0.004845
v 0.006042 0.049346 -0.004842
v 0.007369 0.031374 -0.005075
v 0.007402 0.031523 0.005069
v 0.007416 0.031351 0.005081
v 0.011531 0.021194 -0.005768
v 0.008575 0.047242 -0.004823
v 0.008628 0.047155 0.004817
v 0.011509 0.021082 0.005779
v 0.007728 0.019215 -0.005903
v 0.008503 0.043068 -0.004845
v 0.008536 0.042935 0.004845
v 0.007775 0.019198 0.005897
v 0.007970 0.019011 0.005902
v 0.007971 0.018997 -0.005904
v 0.007976 0.039592 -0.004846
v 0.006072 0.023838 -0.005655
v 0.007644 0.018771 -0.005920
v 0.007707 0.018797 0.005918
v 0.008215 0.040069 -0.004843
v 0.008223 0.040116 0.004838
v 0.008101 0.039722 0.004845
v 0.006814 0.023665 -0.005662
v 0.006118 0.023568 0.005670
v 0.010986 0.019227 -0.005887
v 0.010970 0.019298 0.005885
v 0.008467 0.039804 -0.004845
v 0.008475 0.039857 0.004845
v 0.006137 0.024026 -0.005645
v 0.006275 0.023918 0.005664
v 0.008147 0.025370 -0.005565
v 0.009718 0.042354 0.004845
v 0.009746 0.042351 -0.004845
v 0.012159 0.040813 -0.004820
v 0.012216 0.040812 0.004795
v 0.012223 0.040863 0.004339
v 0.012238 0.040888 0.004302
v 0.012247 0.040865 0.004595
v 0.010422 0.044836 0.004814
v 0.010227 0.035196 -0.004854
v 0.010357 0.035260 0.004851
v 0.007561 0.031309 -0.005066
v 0.012175 0.035134 -0.002001
v 0.011871 0.034934 0.004881
v 0.011898 0.034883 -0.002001
v 0.011901 0.034880 -0.002001
v 0.011878 0.034925 0.004863
v 0.013396 0.030349 0.005094
v 0.013421 0.030494 -0.005092
v 0.013271 0.036641 0.004839
v 0.011558 0.028278 -0.005307
v 0.011559 0.028201 0.005315
v 0.011536 0.028298 -0.005308
v 0.011564 0.028194 0.005315
v 0.004015 0.050460 -0.004840
v 0.004020 0.050563 0.004815
v 0.004863 0.047692 -0.004845
v 0.004861 0.047985 0.004845
v 0.005242 0.044577 -0.004845
v 0.005265 0.044650 0.004845
v 0.005443 0.044820 0.004840
v 0.013123 0.026341 -0.005468
v 0.013130 0.026422 0.005464
v 0.005569 0.044493 -0.004845
v 0.013322 0.026598 -0.005259
v 0.013332 0.026753 0.005211
v -0.005144 0.029110 -0.005235
v 0.007605 0.031426 -0.005058
v -0.008732 0.017374 -0.005889
v 0.010609 0.017366 -0.005882
v -0.009720 0.022117 -0.005656
v 0.010578 0.017369 -0.005830
v -0.008611 0.017456 -0.005791
v -0.000458 0.034534 -0.004801
v -0.000901 0.036836 -0.004811
v -0.000433 0.036369 -0.004704
v -0.000956 0.036729 -0.004642
v -0.001365 0.036994 -0.004783
v 0.005137 0.045200 -0.004845
v 0.011347 0.043702 0.004777
v -0.001664 0.052135 -0.004785
v -0.008864 0.054200 -0.003723
v -0.007686 0.054889 -0.003706
v -0.006549 0.035845 -0.004796
v -0.008375 0.047372 -0.004814
v -0.011230 0.043089 -0.004754
v -0.005422 0.049880 -0.004639
v -0.008870 0.054252 -0.002792
v -0.010798 0.035802 -0.004696
v -0.014005 0.034891 -0.004741
v -0.013970 0.034921 -0.004789
v -0.014404 0.039627 0.004763
v -0.014422 0.039614 -0.004766
v -0.007559 0.035018 -0.004809
v -0.005376 0.049907 -0.001669
v -0.001645 0.052108 -0.001730
v -0.007657 0.054825 -0.002787
v -0.008854 0.054173 -0.002754
v -0.011783 0.033339 -0.004774
v -0.008638 0.033038 -0.004876
v -0.008625 0.033009 0.004882
v -0.007684 0.054895 -0.003700
v -0.008786 0.054279 -0.003728
v -0.004205 0.036871 -0.004780
v 0.013369 0.026739 0.005346
v 0.013263 0.026605 -0.005352
v 0.005651 0.017693 -0.005976
v 0.013465 0.036647 -0.004737
v -0.008660 0.054039 -0.003572
v -0.008602 0.054108 -0.002898
v -0.008882 0.054468 -0.002633
v 0.010584 0.017414 -0.005883
v -0.005090 0.029172 -0.005170
v -0.009840 0.021990 -0.005669
v 0.013316 0.026600 -0.005345
v 0.011805 0.021328 -0.005634
v 0.013406 0.030627 -0.005011
v -0.000795 0.033889 -0.004813
v -0.000263 0.035512 -0.004818
v -0.000435 0.036428 -0.004553
v -0.000858 0.036837 -0.004601
v 0.011346 0.043654 -0.004789
v 0.012136 0.040863 -0.004723
v 0.011385 0.043637 -0.004780
v 0.002939 0.051353 -0.004806
v 0.003926 0.050703 -0.004748
v 0.002953 0.051381 -0.004789
v 0.003892 0.050777 -0.004728
v -0.001670 0.052148 -0.004768
v 0.007876 0.048217 -0.004765
v 0.007677 0.048410 -0.004791
v 0.008513 0.047355 -0.004734
v -0.004195 0.036830 -0.004785
v -0.006568 0.035884 -0.004791
v -0.007541 0.034976 -0.004816
v -0.008581 0.033075 -0.004876
v -0.008623 0.032991 -0.004864
v -0.007560 0.034997 -0.004787
v -0.013986 0.034842 -0.004707
v -0.010755 0.035799 -0.004826
v -0.011690 0.033357 -0.004860
v -0.010758 0.035704 -0.004649
v -0.011739 0.033278 -0.004771
v -0.005387 0.049903 -0.001692
v -0.001689 0.052165 -0.001672
v 0.007914 0.048262 -0.004789
v -0.009803 0.021016 -0.005582
v 0.006128 0.023968 0.005657
v 0.011605 0.028212 0.005313
v -0.008732 0.017381 0.005885
v 0.010589 0.017399 0.005870
v -0.009720 0.022117 0.005656
v -0.008606 0.017447 0.005780
v -0.000264 0.035512 0.004819
v -0.000799 0.033902 0.004799
v -0.000299 0.035518 0.004802
v -0.000882 0.036872 0.004787
v -0.000410 0.036393 0.004634
v -0.000944 0.036742 0.004638
v -0.001365 0.036994 0.004783
v -0.001664 0.052135 0.004785
v -0.004204 0.036866 0.004789
v -0.006564 0.035871 0.004777
v -0.011167 0.043144 0.004753
v -0.008368 0.047363 0.004744
v -0.011172 0.043191 0.004794
v -0.005422 0.049880 0.004639
v -0.011730 0.033316 0.004811
v -0.010848 0.035804 0.004645
v -0.014038 0.034876 0.004708
v -0.007550 0.035013 0.004824
v -0.013970 0.034922 0.004789
v -0.007550 0.034977 0.004787
v -0.013994 0.034878 0.004745
v -0.005376 0.049907 0.001669
v -0.008730 0.054139 0.002844
v -0.007538 0.054723 0.002782
v -0.001645 0.052108 0.001728
v -0.011745 0.033327 0.004817
v -0.011690 0.033357 0.004860
v -0.007856 0.054829 0.002727
v -0.008802 0.054246 0.002738
v -0.008761 0.054265 0.003717
v 0.005894 0.049524 0.004843
v 0.007907 0.048261 0.004780
v -0.009968 0.021791 0.005435
v 0.005651 0.017693 0.005976
v -0.001715 0.052181 0.001669
v -0.007480 0.054860 0.002696
v -0.001668 0.052144 0.004766
v -0.008736 0.054252 0.003704
v -0.007713 0.054696 0.002852
v -0.007630 0.054507 0.002825
v 0.010583 0.017416 0.005881
v 0.013477 0.036725 0.004743
v -0.005103 0.029100 0.005183
v -0.004989 0.029255 0.005146
v -0.009711 0.022100 0.005632
v -0.009926 0.021015 0.005675
v 0.011807 0.021271 0.005630
v 0.013276 0.026087 0.005433
v 0.011746 0.021240 0.005670
v 0.013264 0.026714 0.005340
v -0.000795 0.033889 0.004813
v -0.000435 0.036428 0.004553
v -0.000858 0.036837 0.004601
v 0.011345 0.043654 0.004788
v 0.012197 0.040752 0.004749
v 0.002938 0.051353 0.004806
v 0.003979 0.050675 0.004755
v 0.002929 0.051355 0.004769
v 0.003943 0.050751 0.004730
v 0.007889 0.048242 0.004773
v 0.008565 0.047263 0.004753
v -0.004198 0.036862 0.004766
v -0.006563 0.035876 0.004806
v -0.008354 0.047316 0.004874
v -0.005288 0.049751 0.004639
v -0.007563 0.035003 0.004795
v -0.008581 0.033075 0.004876
v -0.008576 0.032986 0.004894
v -0.010725 0.035826 0.004798
v -0.010746 0.035752 0.004693
v -0.005387 0.049903 0.001692
v -0.009803 0.021016 0.005582
v 0.011273 0.019451 0.005856
v 0.010406 0.044863 -0.004749
v 0.012155 0.035165 -0.004876
v 0.005951 0.049540 -0.004780
v 0.012158 0.035161 -0.004875
v 0.011259 0.019464 0.005747
v 0.010583 0.017375 0.005838
v 0.010366 0.044912 0.004748
v 0.011881 0.021391 -0.001236
v 0.012163 0.035144 -0.002001
v 0.005932 0.049482 -0.004765
v 0.011223 0.019389 -0.005754
v 0.011839 0.021306 -0.005561
v 0.011182 0.019377 -0.005772
v 0.010572 0.000320 -0.008201
v 0.003143 0.000336 -0.012459
v -0.007434 0.000320 -0.009805
v -0.011692 0.000336 -0.002376
v -0.009038 0.000320 0.008201
v -0.001609 0.000336 0.012459
v 0.008968 0.000320 0.009805
v 0.013226 0.000336 0.002376
v 0.014062 0.000779 -0.002645
v -0.001878 0.000779 -0.013295
v -0.012528 0.000779 0.002645
v 0.003412 0.000779 0.013295
v 0.014269 0.000842 0.000002
v 0.013242 0.000841 -0.005165
v 0.012000 0.000914 -0.007508
v 0.010380 0.000924 -0.009605
v 0.008276 0.000912 -0.011234
v 0.005935 0.000841 -0.012474
v 0.000769 0.000842 -0.013502
v -0.004398 0.000841 -0.012475
v -0.006741 0.000914 -0.011233
v -0.008838 0.000924 -0.009613
v -0.010467 0.000912 -0.007509
v -0.011707 0.000841 -0.005168
v -0.012735 0.000842 -0.000002
v -0.011708 0.000841 0.005165
v -0.010466 0.000914 0.007508
v -0.008846 0.000924 0.009605
v -0.006742 0.000912 0.011234
v -0.004401 0.000841 0.012474
v 0.000765 0.000842 0.013502
v 0.005932 0.000841 0.012475
v 0.008275 0.000914 0.011233
v 0.010372 0.000924 0.009613
v 0.012001 0.000912 0.007509
v 0.013241 0.000841 0.005168
v 0.003400 0.000849 -0.013236
v -0.012469 0.000849 -0.002633
v -0.001866 0.000849 0.013236
v 0.014003 0.000849 0.002633
v 0.014343 0.000791 0.000001
v 0.014086 0.000787 -0.002656
v 0.013302 0.000796 -0.005199
v 0.012057 0.000873 -0.007543
v 0.008314 0.000868 -0.011297
v 0.005940 0.000821 -0.012508
v 0.003405 0.000795 -0.013311
v 0.000768 0.000784 -0.013586
v -0.001889 0.000805 -0.013294
v -0.004432 0.000789 -0.012544
v -0.006772 0.000878 -0.011283
v -0.010524 0.000872 -0.007544
v -0.011794 0.000776 -0.005204
v -0.012569 0.000776 -0.002646
v -0.012815 0.000787 -0.000001
v -0.012545 0.000790 0.002661
v -0.011723 0.000829 0.005187
v -0.010498 0.000892 0.007529
v -0.006761 0.000893 0.011264
v -0.004436 0.000782 0.012552
v -0.001869 0.000786 0.013323
v 0.000762 0.000786 0.013582
v 0.003419 0.000786 0.013321
v 0.005970 0.000790 0.012541
v 0.008299 0.000887 0.011270
v 0.012044 0.000882 0.007536
v 0.013298 0.000801 0.005187
v 0.014084 0.000791 0.002639
v 0.010392 0.000923 -0.009625
v 0.010392 0.000922 -0.009625
v -0.008860 0.000921 -0.009627
v -0.008861 0.000920 -0.009628
v -0.008861 0.000928 0.009629
v -0.008862 0.000928 0.009629
v 0.010392 0.000923 0.009625
v 0.010391 0.000923 0.009624
v -0.011798 0.002924 0.005203
v 0.005971 0.002923 -0.012563
v -0.001885 0.002921 -0.013334
v 0.013325 0.002919 0.005203
v 0.013323 0.002917 -0.005199
v 0.003420 0.002917 -0.013328
v -0.012562 0.002917 0.002651
v 0.008288 0.002755 0.011250
v 0.014353 0.002915 0.000006
v -0.004430 0.002914 -0.012553
v -0.010475 0.002751 0.007517
v -0.006750 0.002751 0.011243
v -0.001886 0.002914 0.013325
v 0.000761 0.002915 0.013586
v 0.005964 0.002914 0.012553
v 0.010397 0.002700 0.009630
v 0.010397 0.002700 0.009630
v 0.012010 0.002751 0.007517
v 0.014092 0.002914 0.002653
v 0.014088 0.002910 -0.002648
v 0.010396 0.002699 -0.009629
v 0.010396 0.002700 -0.009629
v -0.006745 0.002746 -0.011233
v -0.012815 0.002911 -0.000006
v 0.003415 0.002910 0.013321
v 0.000774 0.002907 -0.013576
v -0.008862 0.002699 -0.009629
v -0.008862 0.002699 0.009629
v -0.008861 0.002699 0.009628
v -0.004431 0.002906 0.012542
v 0.011975 0.002734 -0.007497
v -0.010441 0.002733 -0.007497
v -0.008858 0.002698 -0.009625
v 0.008238 0.002711 -0.011163
v -0.011720 0.002863 -0.005184
v -0.012491 0.002862 -0.002648
v 0.011943 0.002650 -0.007461
v 0.010445 0.002786 -0.009681
v 0.008321 0.002832 -0.011282
v -0.006694 0.002650 -0.011176
v -0.008914 0.002786 -0.009678
v -0.010515 0.002832 -0.007554
v -0.010409 0.002650 0.007461
v -0.008911 0.002786 0.009681
v -0.006787 0.002832 0.011282
v 0.008228 0.002650 0.011176
v 0.010448 0.002786 0.009678
v 0.012049 0.002832 0.007554
v 0.014245 0.002836 -0.000001
v 0.014039 0.002917 -0.002602
v 0.013238 0.002899 -0.005201
v 0.005925 0.002836 -0.012453
v 0.003406 0.002873 -0.013238
v 0.000766 0.002836 -0.013478
v -0.001835 0.002917 -0.013272
v -0.004434 0.002899 -0.012471
v -0.011686 0.002836 -0.005158
v -0.012472 0.002873 -0.002639
v -0.012711 0.002836 0.000000
v -0.012505 0.002917 0.002602
v -0.011704 0.002899 0.005201
v -0.004391 0.002836 0.012453
v -0.001872 0.002873 0.013238
v 0.000768 0.002836 0.013478
v 0.003369 0.002917 0.013272
v 0.005968 0.002899 0.012471
v 0.013220 0.002836 0.005158
v 0.014005 0.002873 0.002639
v 0.012109 0.003321 -0.002232
v 0.008939 0.003318 -0.008172
v -0.001465 0.003321 -0.011342
v -0.007405 0.003318 -0.008172
v -0.010575 0.003321 0.002232
v -0.007405 0.003318 0.008172
v 0.002999 0.003321 0.011342
v 0.008939 0.003318 0.008172
v 0.012354 0.003358 0.001141
v 0.011037 0.003359 -0.005487
v 0.006254 0.003358 -0.010269
v 0.001908 0.003358 -0.011587
v -0.004720 0.003359 -0.010270
v -0.009502 0.003358 -0.005487
v -0.010820 0.003358 -0.001141
v -0.009503 0.003359 0.005487
v -0.004720 0.003358 0.010269
v -0.000374 0.003358 0.011587
v 0.006254 0.003359 0.010270
v 0.011036 0.003358 0.005487
v 0.012311 0.003360 0.001144
v 0.012099 0.003361 -0.002223
v 0.011012 0.003364 -0.005473
v 0.009211 0.003516 -0.008399
v 0.009167 0.003517 -0.008444
v 0.006238 0.003363 -0.010244
v 0.001911 0.003360 -0.011544
v -0.001456 0.003361 -0.011332
v -0.004706 0.003364 -0.010245
v -0.007632 0.003516 -0.008444
v -0.007677 0.003517 -0.008400
v -0.009477 0.003363 -0.005471
v -0.010777 0.003360 -0.001144
v -0.010565 0.003361 0.002223
v -0.009478 0.003364 0.005473
v -0.007677 0.003516 0.008399
v -0.007633 0.003517 0.008444
v -0.004704 0.003363 0.010244
v -0.000377 0.003360 0.011544
v 0.002990 0.003361 0.011332
v 0.006240 0.003364 0.010245
v 0.009166 0.003516 0.008444
v 0.009211 0.003517 0.008400
v 0.011011 0.003363 0.005471
v 0.010649 0.003599 -0.006580
v 0.007347 0.003600 -0.009883
v -0.005813 0.003599 -0.009882
v -0.009116 0.003600 -0.006580
v -0.009115 0.003599 0.006580
v -0.005813 0.003600 0.009883
v 0.007347 0.003599 0.009882
v 0.010650 0.003600 0.006580
v 0.012468 0.003790 -0.001149
v 0.011591 0.003777 -0.004484
v 0.010495 0.003668 -0.006498
v 0.008950 0.003664 -0.008180
v 0.007266 0.003667 -0.009728
v 0.004180 0.003791 -0.011249
v -0.000382 0.003790 -0.011701
v -0.003717 0.003777 -0.010824
v -0.005731 0.003668 -0.009728
v -0.007413 0.003664 -0.008183
v -0.008961 0.003667 -0.006499
v -0.010482 0.003791 -0.003413
v -0.010949 0.003777 -0.000000
v -0.010480 0.003795 0.003403
v -0.008961 0.003668 0.006498
v -0.007416 0.003664 0.008180
v -0.005731 0.003668 0.009728
v -0.002648 0.003793 0.011246
v 0.001916 0.003790 0.011701
v 0.005251 0.003777 0.010824
v 0.007265 0.003668 0.009728
v 0.008947 0.003664 0.008183
v 0.010495 0.003668 0.006498
v 0.012013 0.003793 0.003415
v 0.012472 0.003790 0.001153
v 0.012021 0.003790 -0.003416
v 0.004179 0.003790 -0.011256
v -0.000389 0.003790 -0.011704
v -0.003714 0.003786 -0.010818
v -0.010489 0.003790 -0.003412
v -0.010942 0.003786 -0.000000
v -0.010488 0.003790 0.003413
v -0.003715 0.003786 0.010817
v -0.000386 0.003790 0.011705
v 0.004183 0.003790 0.011254
v 0.011584 0.003786 0.004482
v 0.013673 0.004654 0.000001
v 0.013424 0.004656 -0.002519
v 0.012949 0.004894 -0.005041
v 0.011731 0.004894 -0.007321
v 0.010092 0.004894 -0.009320
v 0.008095 0.004894 -0.010960
v 0.005815 0.004894 -0.012179
v 0.003286 0.004655 -0.012658
v 0.000768 0.004654 -0.012906
v -0.001752 0.004656 -0.012657
v -0.004274 0.004894 -0.012182
v -0.006554 0.004894 -0.010964
v -0.008553 0.004894 -0.009325
v -0.010193 0.004894 -0.007328
v -0.011412 0.004894 -0.005048
v -0.011891 0.004655 -0.002519
v -0.012139 0.004654 -0.000001
v -0.011890 0.004656 0.002519
v -0.011415 0.004894 0.005041
v -0.010197 0.004894 0.007321
v -0.008558 0.004894 0.009320
v -0.006561 0.004894 0.010960
v -0.004281 0.004894 0.012179
v -0.001752 0.004655 0.012658
v 0.000766 0.004654 0.012906
v 0.003286 0.004656 0.012657
v 0.005808 0.004894 0.012182
v 0.008088 0.004894 0.010964
v 0.010087 0.004894 0.009325
v 0.011727 0.004894 0.007328
v 0.012946 0.004894 0.005048
v 0.013425 0.004655 0.002519
v 0.013807 0.004538 -0.000045
v 0.013707 0.004898 -0.002570
v 0.013414 0.004668 -0.002516
v 0.013660 0.004930 -0.002565
v 0.003332 0.004930 -0.012893
v 0.003283 0.004668 -0.012647
v 0.003337 0.004896 -0.012943
v 0.000722 0.004538 -0.013040
v -0.001803 0.004898 -0.012940
v -0.001749 0.004668 -0.012647
v -0.001798 0.004930 -0.012893
v -0.012126 0.004930 -0.002565
v -0.011880 0.004668 -0.002516
v -0.012176 0.004896 -0.002570
v -0.012273 0.004538 0.000045
v -0.012173 0.004898 0.002570
v -0.011880 0.004668 0.002516
v -0.012126 0.004930 0.002565
v -0.001798 0.004930 0.012893
v -0.001749 0.004668 0.012647
v -0.001803 0.004896 0.012943
v 0.000812 0.004538 0.013040
v 0.003337 0.004898 0.012940
v 0.003283 0.004668 0.012647
v 0.003332 0.004930 0.012893
v 0.013660 0.004930 0.002565
v 0.013414 0.004668 0.002516
v 0.013710 0.004896 0.002570
v 0.012452 0.004895 -0.006266
v 0.010095 0.004898 -0.009329
v 0.010106 0.004888 -0.009339
v 0.007004 0.004896 -0.011698
v -0.005499 0.004895 -0.011685
v -0.008562 0.004898 -0.009328
v -0.008572 0.004888 -0.009339
v -0.010931 0.004896 -0.006237
v -0.010918 0.004895 0.006266
v -0.008561 0.004898 0.009329
v -0.008572 0.004888 0.009339
v -0.005470 0.004896 0.011698
v 0.007033 0.004895 0.011685
v 0.010096 0.004898 0.009328
v 0.010106 0.004888 0.009339
v 0.012465 0.004896 0.006237
v 0.013980 0.007185 -0.003982
v 0.010628 0.006647 -0.009838
v 0.010593 0.006772 -0.009849
v 0.004799 0.007185 -0.013198
v -0.003215 0.007185 -0.013213
v -0.009071 0.006647 -0.009861
v -0.009082 0.006772 -0.009826
v -0.012431 0.007185 -0.004032
v -0.012446 0.007185 0.003982
v -0.009094 0.006647 0.009838
v -0.009059 0.006772 0.009849
v -0.003265 0.007185 0.013198
v 0.004749 0.007185 0.013213
v 0.010605 0.006647 0.009861
v 0.010616 0.006772 0.009826
v 0.013965 0.007185 0.004032
v 0.014365 0.007416 0.000038
v 0.000805 0.007416 -0.013598
v -0.012831 0.007416 -0.000038
v 0.000729 0.007416 0.013598
v 0.011006 0.009247 -0.006838
v 0.009484 0.009258 -0.008716
v 0.009476 0.009249 -0.008707
v 0.007605 0.009246 -0.010238
v -0.006071 0.009247 -0.010239
v -0.007949 0.009258 -0.008717
v -0.007940 0.009249 -0.008709
v -0.009471 0.009246 -0.006838
v -0.009472 0.009247 0.006838
v -0.007950 0.009258 0.008716
v -0.007942 0.009249 0.008707
v -0.006071 0.009246 0.010238
v 0.007605 0.009247 0.010239
v 0.009483 0.009258 0.008717
v 0.009474 0.009249 0.008709
v 0.011005 0.009246 0.006838
v 0.010979 0.009225 -0.006823
v 0.008784 0.010411 -0.008017
v 0.009452 0.009225 -0.008685
v 0.007591 0.009225 -0.010212
v -0.006057 0.009225 -0.010212
v -0.005532 0.010411 -0.009427
v -0.007250 0.010411 -0.008017
v -0.007918 0.009225 -0.008685
v -0.009445 0.009225 -0.006824
v -0.009445 0.009225 0.006823
v -0.007250 0.010411 0.008017
v -0.007918 0.009225 0.008685
v -0.006057 0.009225 0.010212
v 0.007590 0.009225 0.010212
v 0.008784 0.010411 0.008017
v 0.009452 0.009225 0.008685
v 0.010979 0.009225 0.006824
v 0.010808 0.012236 0.000013
v 0.010420 0.012241 -0.002926
v 0.010194 0.010411 -0.006299
v 0.010194 0.010411 -0.006299
v 0.007066 0.010411 -0.009427
v 0.007066 0.010411 -0.009427
v 0.003692 0.012241 -0.009653
v 0.000780 0.012236 -0.010041
v -0.002159 0.012241 -0.009653
v -0.005532 0.010411 -0.009427
v -0.008660 0.010411 -0.006299
v -0.008660 0.010411 -0.006299
v -0.008886 0.012241 -0.002925
v -0.009274 0.012236 -0.000013
v -0.008886 0.012241 0.002926
v -0.008660 0.010411 0.006299
v -0.008660 0.010411 0.006299
v -0.005532 0.010411 0.009427
v -0.005532 0.010411 0.009427
v -0.002158 0.012241 0.009653
v 0.000754 0.012236 0.010041
v 0.003693 0.012241 0.009653
v 0.007066 0.010411 0.009427
v 0.007066 0.010411 0.009427
v 0.010194 0.010411 0.006299
v 0.010194 0.010411 0.006299
v 0.010420 0.012241 0.002925
v 0.007927 0.012410 -0.007144
v 0.008784 0.010411 -0.008017
v 0.008784 0.010411 -0.008017
v 0.007922 0.012377 -0.007171
v -0.006377 0.012410 -0.007160
v -0.007250 0.010411 -0.008017
v -0.007250 0.010411 -0.008017
v -0.006404 0.012377 -0.007155
v -0.006393 0.012410 0.007144
v -0.007250 0.010411 0.008017
v -0.007250 0.010411 0.008017
v -0.006388 0.012377 0.007171
v 0.007911 0.012410 0.007160
v 0.008784 0.010411 0.008017
v 0.008784 0.010411 0.008017
v 0.007938 0.012377 0.007155
v 0.010449 0.015097 -0.000937
v 0.009352 0.015097 -0.004573
v 0.007616 0.015098 -0.006849
v 0.007612 0.015094 -0.006844
v 0.006161 0.015097 -0.008040
v 0.003605 0.015097 -0.009304
v -0.000170 0.015097 -0.009682
v -0.003806 0.015097 -0.008585
v -0.006082 0.015098 -0.006849
v -0.006077 0.015094 -0.006845
v -0.007273 0.015097 -0.005394
v -0.008537 0.015097 -0.002838
v -0.008915 0.015097 0.000937
v -0.007818 0.015097 0.004573
v -0.006082 0.015098 0.006849
v -0.006078 0.015094 0.006844
v -0.004627 0.015097 0.008040
v -0.002071 0.015097 0.009304
v 0.001704 0.015097 0.009682
v 0.005340 0.015097 0.008585
v 0.007616 0.015098 0.006849
v 0.007611 0.015094 0.006845
v 0.008807 0.015097 0.005394
v 0.010071 0.015097 0.002838
v 0.010467 0.015167 -0.000968
v 0.009645 0.015063 -0.003678
v 0.008249 0.015085 -0.006136
v -0.000201 0.015167 -0.009700
v -0.002911 0.015063 -0.008878
v -0.005369 0.015085 -0.007482
v -0.008933 0.015167 0.000968
v -0.008111 0.015063 0.003678
v -0.006715 0.015085 0.006136
v 0.001735 0.015167 0.009700
v 0.004445 0.015063 0.008878
v 0.006903 0.015085 0.007482
v 0.005377 0.015148 -0.008572
v -0.007805 0.015148 -0.004610
v -0.003843 0.015148 0.008572
v 0.009339 0.015148 0.004610
v 0.002735 0.015165 -0.009495
v -0.008728 0.015165 -0.001968
v -0.001201 0.015165 0.009495
v 0.010262 0.015165 0.001968
v 0.008574 0.015500 0.000040
v 0.007284 0.015534 -0.004357
v 0.000807 0.015500 -0.007807
v -0.003589 0.015534 -0.006518
v -0.007040 0.015500 -0.000040
v -0.005750 0.015534 0.004357
v 0.000727 0.015500 0.007807
v 0.005123 0.015534 0.006518
v 0.008293 0.015533 -0.002285
v 0.005118 0.015540 -0.006515
v 0.003054 0.015534 -0.007527
v -0.001518 0.015533 -0.007526
v -0.005748 0.015540 -0.004351
v -0.006760 0.015534 -0.002287
v -0.006759 0.015533 0.002285
v -0.003584 0.015540 0.006515
v -0.001520 0.015534 0.007527
v 0.003052 0.015533 0.007526
v 0.007282 0.015540 0.004351
v 0.008294 0.015534 0.002287
v 0.008591 0.015541 0.000768
v 0.008162 0.015451 -0.002273
v 0.007139 0.015772 -0.004252
v 0.007292 0.015559 -0.004360
v 0.007194 0.015757 -0.004312
v 0.005030 0.015777 -0.006369
v 0.005127 0.015559 -0.006525
v 0.005030 0.015777 -0.006369
v 0.003049 0.015550 -0.007536
v 0.000769 0.015554 -0.007841
v -0.001511 0.015548 -0.007535
v -0.003493 0.015773 -0.006363
v -0.003593 0.015559 -0.006525
v -0.003529 0.015729 -0.006392
v -0.005613 0.015777 -0.004256
v -0.005846 0.015556 -0.004394
v -0.005583 0.015760 -0.004239
v -0.007057 0.015541 -0.000768
v -0.006628 0.015451 0.002273
v -0.005605 0.015772 0.004252
v -0.005758 0.015559 0.004360
v -0.005660 0.015757 0.004312
v -0.003496 0.015777 0.006369
v -0.003593 0.015559 0.006525
v -0.003496 0.015777 0.006369
v -0.001515 0.015550 0.007536
v 0.000765 0.015554 0.007841
v 0.003045 0.015548 0.007535
v 0.005027 0.015773 0.006363
v 0.005127 0.015559 0.006525
v 0.005063 0.015729 0.006392
v 0.007147 0.015777 0.004256
v 0.007380 0.015556 0.004394
v 0.007117 0.015760 0.004239
v 0.008365 0.017045 -0.001238
v 0.006198 0.015826 -0.005464
v 0.006193 0.015777 -0.005417
v 0.006042 0.016432 -0.005037
v 0.005018 0.016803 -0.005622
v 0.003652 0.016544 -0.006599
v 0.000049 0.016555 -0.007050
v -0.002125 0.016556 -0.006514
v -0.004506 0.016435 -0.005035
v -0.004659 0.015777 -0.005417
v -0.004636 0.015807 -0.005443
v -0.006430 0.016445 -0.002108
v -0.006831 0.017045 0.001238
v -0.004664 0.015826 0.005464
v -0.004659 0.015777 0.005417
v -0.004508 0.016432 0.005037
v -0.003484 0.016803 0.005622
v -0.002118 0.016544 0.006599
v 0.001485 0.016555 0.007050
v 0.003659 0.016556 0.006514
v 0.006040 0.016435 0.005035
v 0.006193 0.015777 0.005417
v 0.006170 0.015807 0.005443
v 0.007964 0.016445 0.002108
v 0.007429 0.017080 -0.003511
v -0.005895 0.017080 0.003511
v 0.006295 0.016999 -0.004730
v -0.003483 0.016802 -0.005620
v -0.004737 0.017007 -0.004689
v -0.005954 0.017112 -0.003494
v -0.004761 0.016999 0.004730
v 0.005017 0.016802 0.005620
v 0.006271 0.017007 0.004689
v 0.007488 0.017112 0.003494
v 0.008019 0.017121 -0.002376
v 0.003692 0.016797 -0.006241
v 0.003656 0.016549 -0.006506
v 0.003698 0.016821 -0.006260
v 0.001505 0.016564 -0.007054
v -0.002158 0.016797 -0.006241
v -0.002158 0.016797 -0.006241
v -0.006485 0.017121 0.002376
v -0.002158 0.016797 0.006241
v -0.002120 0.016596 0.006646
v -0.002171 0.016853 0.006284
v 0.001481 0.016546 0.007041
v 0.003692 0.016797 0.006241
v 0.003656 0.016549 0.006506
v 0.003692 0.016797 0.006241
v 0.008502 0.017069 0.000423
v 0.006473 0.017155 -0.004701
v 0.005104 0.017016 -0.005336
v 0.005014 0.016797 -0.005616
v 0.005104 0.017016 -0.005336
v -0.002150 0.016702 -0.006748
v -0.003570 0.017016 -0.005336
v -0.003480 0.016797 -0.005616
v -0.003570 0.017016 -0.005336
v -0.004753 0.017016 -0.004538
v -0.006287 0.017179 -0.002314
v -0.006968 0.017069 -0.000423
v -0.004939 0.017155 0.004701
v -0.003570 0.017016 0.005336
v -0.003480 0.016797 0.005616
v -0.003570 0.017016 0.005336
v 0.001596 0.017337 0.005748
v 0.003986 0.017335 0.005306
v 0.005104 0.017016 0.005336
v 0.005014 0.016797 0.005616
v 0.005104 0.017016 0.005336
v 0.006287 0.017016 0.004538
v 0.007821 0.017179 0.002314
v 0.008516 0.017092 -0.000496
v 0.008519 0.017356 -0.002650
v 0.008001 0.017140 -0.002394
v 0.007611 0.017173 -0.003571
v 0.006305 0.017081 -0.004514
v 0.005586 0.017358 -0.004741
v -0.004049 0.017363 -0.004738
v -0.004727 0.017029 -0.004483
v -0.005016 0.017271 -0.004074
v -0.005988 0.017276 -0.003220
v -0.005723 0.017016 -0.003565
v -0.006609 0.016950 -0.002488
v -0.006877 0.017034 -0.001240
v -0.006982 0.017092 0.000496
v -0.006985 0.017356 0.002650
v -0.006467 0.017140 0.002394
v -0.006077 0.017173 0.003571
v -0.004771 0.017081 0.004514
v -0.004052 0.017358 0.004741
v 0.005583 0.017363 0.004738
v 0.006261 0.017029 0.004483
v 0.006550 0.017271 0.004074
v 0.007522 0.017276 0.003220
v 0.007257 0.017016 0.003565
v 0.008143 0.016950 0.002488
v 0.008411 0.017034 0.001240
v 0.009468 0.017361 -0.000546
v 0.007503 0.017147 -0.003390
v 0.003510 0.017299 -0.005424
v 0.000767 0.017305 -0.005736
v -0.001993 0.017379 -0.005463
v -0.005934 0.017143 -0.003411
v -0.007612 0.017403 -0.001616
v -0.007934 0.017361 0.000546
v -0.005969 0.017147 0.003390
v -0.001600 0.017241 0.005498
v 0.007468 0.017143 0.003411
v 0.009146 0.017403 0.001616
v -0.006144 0.017504 -0.003446
v -0.004052 0.017250 0.004829
v 0.007678 0.017504 0.003446
v 0.012260 0.040908 0.004259
v 0.003922 0.050818 0.004583
v 0.003844 0.050868 -0.004599
v 0.010229 0.019092 -0.005912
v 0.008158 0.018766 -0.005922
v 0.007649 0.018889 -0.005912
v 0.006028 0.023719 -0.005715
v 0.007883 0.019289 -0.005892
v 0.010337 0.020520 -0.005816
v 0.006208 0.024065 -0.005642
v 0.007696 0.025007 -0.005598
v 0.007695 0.023983 -0.005639
v 0.011748 0.025665 -0.005525
v -0.005348 0.049863 -0.001685
v -0.005365 0.049889 0.001686
v 0.009769 0.042416 -0.004845
v 0.005974 0.047271 -0.004845
v 0.012166 0.035173 -0.004876
v 0.007438 0.031682 -0.005053
v 0.009551 0.034249 -0.004894
v 0.009530 0.032829 -0.004966
v -0.009791 0.019923 -0.005940
v 0.010908 0.036833 -0.004863
v 0.008515 0.042947 -0.004845
v 0.005674 0.044824 -0.004845
v 0.008457 0.018808 0.005853
v 0.006763 0.023761 0.005656
v 0.006171 0.023730 0.005659
v 0.008597 0.024383 0.005612
v 0.011707 0.025729 0.005520
v 0.007698 0.018910 0.005912
v 0.007893 0.019258 0.005894
v 0.010218 0.020406 0.005827
v 0.007758 0.025013 0.005597
v 0.005948 0.047281 0.004845
v 0.012130 0.035191 0.004872
v 0.007566 0.031477 0.005102
v 0.008720 0.032188 0.005013
v 0.007513 0.031757 0.005057
v 0.009574 0.034235 0.004897
v -0.009791 0.019923 0.005940
v 0.010959 0.036845 0.004859
v 0.008551 0.043034 0.004845
v 0.005630 0.044750 0.004845
v 0.005360 0.044572 -0.004845
v 0.011280 0.019446 0.005635
v 0.008227 0.039724 -0.004845
v 0.008057 0.039992 -0.004845
v 0.008611 0.040029 -0.004845
v 0.013274 0.036543 -0.004840
v 0.011247 0.019392 -0.005638
v 0.009689 0.042269 0.004845
v 0.011713 0.028402 -0.005297
v 0.005388 0.044615 0.004845
v 0.005187 0.044998 0.004845
v 0.004853 0.048049 0.004845
v 0.008449 0.039854 0.004845
v 0.008179 0.039806 0.004845
v 0.008097 0.040242 0.004845
v 0.004824 0.048059 -0.004837
vn -0.0654 0.7386 0.6709
vn -0.4011 0.6277 -0.6672
vn 0.3057 0.9274 0.2155
vn 0.9845 0.1233 0.1246
vn 0.9245 0.0351 0.3796
vn 0.7453 -0.6460 0.1650
vn 0.9510 0.2878 -0.1125
vn 0.7453 0.6460 -0.1650
vn 0.9510 -0.2878 0.1125
vn 0.9245 -0.0351 -0.3796
vn 0.9845 -0.1233 -0.1246
vn -0.0654 -0.7386 -0.6709
vn 0.3057 -0.9274 -0.2155
vn -0.4011 -0.6277 0.6672
vn -0.3628 -0.9319 0.0038
vn 0.2300 -0.7197 0.6551
vn -0.5897 -0.7855 0.1878
vn -0.6320 -0.7566 -0.1679
vn -0.8490 -0.5190 0.0995
vn -0.6320 0.7566 0.1679
vn -0.8490 0.5190 -0.0994
vn -0.5897 0.7855 -0.1878
vn 0.2300 0.7197 -0.6551
vn -0.3628 0.9319 -0.0038
vn -0.0000 -0.0000 1.0000
vn 0.0001 -0.0000 1.0000
vn -0.0001 -0.0000 1.0000
vn -0.0000 -0.0000 -1.0000
vn 0.0001 -0.0000 -1.0000
vn -0.0001 -0.0000 -1.0000
vn -0.4668 -0.8733 0.1395
vn 0.0499 0.0443 0.9978
vn -0.6010 0.7971 0.0585
vn 0.9754 0.1601 0.1518
vn 0.9984 -0.0224 -0.0522
vn 0.9985 0.0176 -0.0515
vn 0.9896 0.0183 0.1426
vn 0.9994 -0.0319 -0.0131
vn -0.3363 0.4972 0.7998
vn -0.0328 0.8674 -0.4965
vn -0.8257 0.1631 -0.5400
vn -0.9679 -0.0989 0.2311
vn -0.3027 0.0812 0.9496
vn -0.4104 0.0595 -0.9099
vn -0.4321 -0.0639 -0.8996
vn 0.7678 0.6271 0.1316
vn -0.9921 0.0969 0.0793
vn -0.9997 0.0036 -0.0235
vn -0.9998 0.0056 0.0215
vn -0.3628 0.0261 0.9315
vn -0.6995 -0.6598 -0.2745
vn -0.0128 -0.1084 -0.9940
vn -0.5434 -0.4847 0.6854
vn -0.0032 0.2211 -0.9752
vn -0.9866 0.0551 -0.1534
vn -0.9352 0.3097 0.1716
vn -0.9350 0.3338 -0.1194
vn 0.8602 -0.2714 -0.4317
vn -0.5835 -0.1239 0.8026
vn 0.4956 0.0453 -0.8674
vn 0.6806 0.0706 0.7292
vn 0.6316 -0.6993 0.3349
vn 0.8860 -0.0093 -0.4636
vn 0.8588 -0.0352 0.5111
vn 0.0645 0.3641 0.9291
vn 0.1416 0.5615 -0.8152
vn 0.0886 0.5628 0.8218
vn 0.8094 -0.5717 0.1343
vn 0.7351 -0.5948 -0.3254
vn -0.8838 0.1940 0.4258
vn -0.9503 -0.0397 -0.3088
vn -0.8265 -0.2197 0.5183
vn 0.8098 -0.5850 -0.0443
vn -0.8373 -0.2523 -0.4850
vn 0.8446 0.1425 0.5161
vn -0.3989 -0.8786 -0.2625
vn 0.3548 -0.2586 -0.8985
vn 0.3056 -0.5070 0.8059
vn 0.7316 0.0158 -0.6815
vn 0.6935 -0.0277 -0.7199
vn -0.1248 0.8186 0.5606
vn -0.7685 0.0674 -0.6364
vn -0.9765 -0.1731 0.1284
vn -0.2742 -0.9584 -0.0790
vn -0.4485 -0.8682 -0.2121
vn -0.1285 -0.9793 -0.1566
vn -0.0263 0.8756 -0.4823
vn -0.8801 -0.1740 -0.4418
vn -0.3779 0.2282 0.8973
vn -0.8297 -0.3286 0.4513
vn -0.9492 -0.1695 -0.2652
vn -0.7861 -0.4508 -0.4228
vn -0.9451 -0.1987 0.2593
vn -0.9948 -0.0240 0.0991
vn -0.9866 -0.0950 -0.1326
vn 0.2700 -0.3427 -0.8998
vn 0.9896 0.0096 0.1437
vn -0.3160 -0.8957 0.3129
vn -0.2206 -0.9691 -0.1103
vn -0.9477 0.2446 0.2050
vn -0.6234 -0.4440 -0.6436
vn -0.8593 -0.3913 0.3295
vn -0.7071 -0.0365 0.7062
vn 0.0526 -0.9983 0.0245
vn 0.5864 0.1632 -0.7934
vn -0.1164 -0.0579 -0.9915
vn 0.9783 0.2015 -0.0479
vn -0.0603 0.6215 -0.7811
vn -0.2179 -0.9730 -0.0760
vn 0.6476 0.0910 0.7565
vn 0.9240 0.3746 -0.0764
vn -0.2163 -0.9740 -0.0677
vn 0.9390 -0.1913 -0.2857
vn -0.3112 -0.9216 -0.2321
vn -0.0158 0.9998 0.0095
vn -0.0290 0.0034 -0.9996
vn -0.8967 0.1254 0.4245
vn -0.6143 -0.2650 -0.7432
vn -0.3418 -0.9328 -0.1141
vn -0.8873 -0.2018 0.4147
vn -0.9213 -0.3881 0.0230
vn 0.3936 0.0364 -0.9186
vn 0.1486 -0.0336 -0.9883
vn 0.9893 0.1398 0.0418
vn 0.4534 -0.8626 -0.2245
vn 0.9544 0.2887 -0.0755
vn 0.4831 -0.6970 -0.5300
vn 0.8674 0.0906 -0.4894
vn 0.7053 -0.3106 -0.6373
vn 0.7451 -0.2680 0.6107
vn -0.8941 0.4456 -0.0453
vn -0.9670 0.2464 -0.0647
vn -0.9203 -0.3868 0.0582
vn 0.5978 -0.7616 0.2501
vn 0.7826 -0.5585 0.2750
vn 0.9331 0.3241 0.1557
vn -0.0677 0.8970 0.4367
vn -0.9787 -0.1322 -0.1569
vn -0.4643 0.6872 -0.5588
vn 0.9295 -0.1272 -0.3461
vn -0.9985 0.0381 0.0388
vn -0.0502 -0.0024 -0.9987
vn -0.8728 0.4850 -0.0552
vn 0.9978 0.0053 -0.0667
vn -0.0593 0.0388 -0.9975
vn 0.4527 -0.1040 0.8856
vn 0.4950 0.7158 0.4925
vn 0.5749 0.8164 -0.0547
vn -0.5865 0.8097 -0.0176
vn 0.1214 -0.2327 -0.9650
vn 0.9940 0.1041 0.0349
vn -0.7293 -0.1408 -0.6696
vn -0.5291 0.5779 0.6214
vn -0.9727 -0.1753 0.1519
vn 0.8502 0.5216 -0.0717
vn 0.9534 -0.2986 -0.0426
vn -0.0198 0.9947 -0.1010
vn -0.8614 0.0566 0.5048
vn -0.9599 -0.0741 -0.2703
vn -0.7043 -0.5018 0.5022
vn 0.9839 0.0779 0.1611
vn 0.8203 -0.4320 -0.3748
vn 0.9830 0.0723 -0.1690
vn 0.4093 0.7979 0.4425
vn -0.5141 0.3152 0.7977
vn -0.4819 0.8707 -0.0978
vn 0.4440 -0.8942 -0.0567
vn -0.9701 -0.1071 -0.2179
vn -0.9340 -0.3563 -0.0273
vn -0.7269 -0.3656 0.5813
vn -0.8819 0.1908 -0.4310
vn 0.9926 -0.0932 -0.0784
vn -0.8413 0.2855 0.4591
vn 0.9959 -0.0551 -0.0717
vn -0.7223 0.2322 0.6514
vn -0.9278 0.3720 -0.0297
vn -0.0688 0.9928 -0.0979
vn 0.9785 0.2033 0.0357
vn -0.0000 -0.0392 -0.9992
vn 0.3826 0.0004 0.9239
vn -0.4479 0.0021 0.8941
vn -0.9234 -0.0348 -0.3822
vn -0.9334 -0.3476 -0.0895
vn -0.9403 0.0741 -0.3323
vn -0.6035 -0.1503 -0.7831
vn 0.2993 -0.7302 -0.6142
vn -0.3123 0.2309 -0.9215
vn -0.4872 -0.1359 0.8626
vn -0.3647 0.9308 -0.0251
vn -0.9929 -0.1192 -0.0047
vn -0.2483 -0.9674 0.0492
vn 0.2600 -0.6273 -0.7341
vn -0.8203 -0.5679 0.0675
vn -0.5615 -0.8275 -0.0000
vn 0.9064 0.3174 0.2786
vn -0.6380 0.1704 0.7510
vn -0.5379 0.3556 -0.7643
vn -0.9404 -0.2680 -0.2093
vn -0.0361 -0.9991 0.0214
vn 0.0091 0.0104 0.9999
vn -0.4727 0.8812 -0.0008
vn -0.5840 -0.2564 -0.7702
vn -0.7496 -0.3283 -0.5747
vn -0.4223 -0.7144 0.5580
vn -0.9079 0.1312 0.3982
vn -0.5323 -0.7368 -0.4169
vn 0.5925 -0.2623 -0.7617
vn 0.9374 0.1014 0.3331
vn -0.0922 -0.3803 0.9202
vn -0.8719 0.1505 0.4660
vn -0.9721 -0.0978 0.2130
vn -0.8198 0.2807 0.4992
vn -0.9577 -0.0662 -0.2799
vn 0.9739 -0.1346 0.1826
vn 0.8871 0.4615 0.0061
vn -0.5909 0.8067 -0.0095
vn 0.5629 0.8243 0.0610
vn -0.9809 -0.0877 -0.1736
vn -0.9985 0.0277 0.0471
vn -0.3774 0.9253 0.0371
vn 0.3710 0.9260 0.0697
vn 0.7742 -0.5311 -0.3443
vn -0.3514 -0.9172 -0.1876
vn -0.9930 0.1017 0.0606
vn -0.1332 -0.0557 -0.9895
vn 0.6365 0.7693 0.0549
vn -0.4752 -0.0235 0.8795
vn 0.5425 0.8346 0.0954
vn 0.2261 0.6586 -0.7177
vn -0.0666 -0.0294 -0.9973
vn 0.8461 0.0670 -0.5287
vn 0.6477 0.1934 0.7369
vn 0.9544 -0.1331 -0.2672
vn -0.2571 0.6273 0.7351
vn 0.3416 0.0988 0.9346
vn 0.9486 -0.2232 -0.2245
vn -0.4036 0.7494 -0.5249
vn -0.7909 -0.0031 0.6119
vn -0.2181 0.7135 -0.6659
vn 0.3286 0.9434 0.0451
vn -0.0769 -0.9866 -0.1439
vn -0.7702 0.1763 -0.6129
vn 0.9142 -0.1408 -0.3799
vn -0.1151 -0.9783 -0.1722
vn 0.1894 -0.0296 0.9815
vn -0.0205 0.1542 -0.9878
vn -0.2574 0.8006 -0.5411
vn -0.5965 0.7972 0.0932
vn -0.8996 -0.2837 -0.3320
vn -0.4797 -0.8283 -0.2895
vn -0.9083 -0.1036 0.4054
vn 0.1700 0.7475 -0.6422
vn -0.6620 -0.6981 -0.2728
vn -0.5821 0.4591 0.6712
vn 0.9857 -0.1402 0.0933
vn 0.1518 -0.9827 0.1059
vn -0.8435 -0.5341 0.0570
vn 0.9165 0.1673 -0.3634
vn -0.5464 0.7055 0.4514
vn 0.5275 0.0066 0.8495
vn 0.9290 -0.2086 0.3058
vn 0.9596 -0.1797 -0.2167
vn 0.9999 -0.0126 0.0023
vn 1.0000 -0.0092 0.0001
vn 0.9999 -0.0114 -0.0027
vn 0.9526 0.0221 -0.3034
vn 0.9730 0.0575 0.2234
vn 0.8912 -0.4156 0.1816
vn 0.8911 -0.4267 -0.1544
vn 0.7240 0.0060 -0.6897
vn 0.2600 0.7761 0.5746
vn 0.8929 -0.1684 0.4175
vn 0.9234 -0.3199 -0.2121
vn 0.8731 -0.0545 -0.4845
vn 0.5665 -0.2450 -0.7868
vn -0.7124 0.0105 0.7017
vn -0.0292 0.9929 -0.1150
vn -0.8609 0.2264 -0.4557
vn 0.6618 0.5593 0.4992
vn 0.2188 0.9677 0.1252
vn -0.0457 0.9979 0.0455
vn -0.8568 0.3112 0.4111
vn 0.3690 0.8244 -0.4291
vn -0.1984 0.9799 -0.0229
vn -0.1390 0.0828 0.9868
vn 0.8136 -0.1860 0.5509
vn 0.9379 -0.0789 -0.3379
vn 0.5501 -0.1766 -0.8162
vn -0.9565 -0.1050 -0.2722
vn -0.1014 0.0463 0.9938
vn 0.0237 -0.1361 0.9904
vn 0.1933 -0.2205 0.9560
vn 0.3609 -0.1960 0.9118
vn 0.4802 -0.1920 0.8559
vn 0.7200 -0.3340 0.6083
vn 0.8913 -0.2641 0.3685
vn 0.9013 -0.3798 0.2082
vn 0.9373 -0.3361 0.0919
vn 0.9837 -0.1787 -0.0217
vn 0.9916 -0.0849 -0.0972
vn 0.9507 -0.1041 -0.2920
vn 0.8833 -0.1596 -0.4407
vn 0.7920 -0.4216 -0.4415
vn 0.7461 -0.4180 -0.5183
vn 0.7235 -0.3419 -0.5998
vn 0.6960 -0.3317 -0.6368
vn 0.6289 -0.3681 -0.6848
vn 0.5294 -0.2121 -0.8215
vn 0.5059 -0.2331 -0.8305
vn 0.3399 -0.0809 -0.9370
vn 0.2486 0.0454 -0.9675
vn 0.1701 0.1256 -0.9774
vn 0.6076 -0.3726 0.7014
vn 0.9662 -0.1413 -0.2156
vn 0.6512 -0.4712 -0.5949
vn -0.4946 0.2279 0.8387
vn 0.9121 0.3107 -0.2675
vn 0.8664 -0.4685 -0.1729
vn 0.6869 0.5952 -0.4171
vn 0.4097 0.6542 -0.6357
vn -0.6224 0.7827 0.0015
vn 0.4215 -0.8298 0.3656
vn -0.6029 0.7852 -0.1412
vn -0.6507 0.7529 -0.0988
vn -0.7197 0.6942 0.0075
vn 0.7776 -0.6204 -0.1019
vn -0.7684 0.6156 0.1751
vn -0.6939 0.5635 0.4483
vn -0.9335 0.3253 0.1507
vn -0.6088 -0.2099 -0.7651
vn -0.9639 0.2445 0.1052
vn -0.9914 0.1184 0.0558
vn -0.9646 0.2516 0.0793
vn -0.6994 -0.4658 0.5422
vn -0.8645 0.4854 0.1304
vn -0.7606 0.6354 0.1334
vn 0.6332 -0.7544 0.1729
vn 1.0000 0.0015 -0.0024
vn 0.9646 -0.2486 -0.0875
vn -0.8014 0.5720 0.1748
vn 0.5037 -0.5264 -0.6850
vn -0.8589 0.4727 0.1971
vn -0.5045 0.8454 -0.1754
vn -1.0000 0.0047 -0.0005
vn -1.0000 0.0037 -0.0003
vn 0.8287 -0.5297 -0.1807
vn -0.5084 0.4737 0.7191
vn 0.7132 -0.6847 -0.1502
vn 0.8166 0.5536 0.1632
vn 0.5059 0.8437 -0.1792
vn 0.5799 -0.8140 0.0327
vn -0.2023 0.8402 -0.5031
vn -0.4138 0.8404 -0.3500
vn 0.6147 -0.7848 0.0794
vn -0.5991 0.7851 -0.1570
vn 0.6899 -0.7239 -0.0059
vn -0.6905 0.7233 0.0014
vn -0.7503 0.6525 0.1062
vn 0.6496 -0.6157 -0.4461
vn -0.9484 -0.2731 0.1614
vn -0.8163 0.5543 0.1628
vn -0.1022 0.6391 -0.7623
vn -0.1935 -0.2972 -0.9350
vn -0.8956 -0.1071 -0.4319
vn -0.9220 -0.2494 0.2961
vn -0.8121 -0.5618 -0.1575
vn -0.0886 -0.6342 0.7681
vn -0.9431 0.2768 -0.1842
vn -0.4947 -0.8518 0.1721
vn 0.8723 -0.4248 -0.2423
vn 0.9472 0.2738 -0.1671
vn 0.8945 0.0744 0.4409
vn 0.9981 -0.0153 0.0594
vn 0.7355 -0.6522 -0.1835
vn 0.7239 -0.6899 -0.0065
vn 0.5044 -0.8441 0.1819
vn 0.1041 0.6367 -0.7641
vn 0.9477 -0.2760 0.1601
vn 0.5718 -0.8161 0.0838
vn -0.3407 -0.6741 0.6554
vn 0.0859 -0.6508 0.7544
vn 0.9249 -0.3323 -0.1849
vn 0.2168 0.2372 0.9470
vn 0.6093 0.1639 0.7758
vn 0.8118 -0.5564 -0.1772
vn 0.2883 -0.8528 0.4355
vn 0.9674 -0.1966 -0.1597
vn 0.9903 -0.0740 -0.1177
vn -0.5030 0.8538 0.1339
vn -0.9576 0.1619 0.2382
vn -0.5930 -0.7185 0.3635
vn -0.7618 0.1101 0.6383
vn -0.7448 -0.4162 0.5215
vn 0.5522 -0.7281 -0.4062
vn -0.5485 0.1438 0.8237
vn -0.6709 0.2547 0.6964
vn -0.6626 0.3849 0.6425
vn 0.5518 -0.6386 -0.5364
vn -0.0194 -0.7824 0.6225
vn -0.2569 -0.0767 0.9634
vn -0.3195 -0.0166 0.9474
vn 0.7952 0.0436 -0.6047
vn 0.0397 -0.0133 -0.9991
vn 0.2914 -0.0571 -0.9549
vn -0.2090 0.4475 -0.8695
vn 0.0433 0.0339 -0.9985
vn 0.2012 -0.1230 0.9718
vn -0.4558 0.0851 -0.8860
vn -0.1983 -0.4781 -0.8556
vn 0.4933 -0.6954 0.5226
vn -0.7802 0.1391 -0.6099
vn -0.6773 0.2422 -0.6947
vn -0.6566 0.7541 -0.0138
vn 0.6084 -0.7199 0.3340
vn 0.9082 -0.2235 0.3538
vn -0.9998 -0.0200 0.0076
vn -0.9673 0.1502 -0.2044
vn -0.9922 0.1214 0.0291
vn -0.7207 0.0779 -0.6889
vn -0.2481 -0.0494 -0.9675
vn 0.7826 -0.2233 0.5811
vn 0.8658 -0.2983 -0.4017
vn 0.0240 -0.9751 0.2206
vn 0.5573 -0.1229 -0.8211
vn 0.1575 -0.0673 0.9852
vn 0.3774 -0.1567 0.9127
vn -0.0389 -0.9751 -0.2183
vn 0.9386 -0.2708 0.2138
vn 0.8046 -0.4854 -0.3420
vn 0.7949 -0.3505 -0.4952
vn 0.7664 -0.2576 -0.5884
vn 0.6880 -0.1723 -0.7049
vn 0.5794 -0.1855 -0.7937
vn -0.0089 -0.3034 0.9528
vn 0.1929 -0.3460 0.9182
vn 0.5151 -0.2829 0.8091
vn 0.7133 -0.2636 0.6494
vn 0.9109 -0.3167 0.2644
vn 0.8699 -0.4822 -0.1040
vn 0.7710 -0.5383 0.3402
vn -0.1752 0.8575 0.4838
vn -0.9987 0.0324 0.0402
vn 0.1104 0.4092 0.9058
vn -0.5386 -0.1472 0.8296
vn -0.1761 -0.2348 0.9560
vn 0.5819 0.8052 0.1145
vn 0.2369 0.9246 -0.2983
vn -0.2962 -0.0577 0.9534
vn 0.8804 0.4366 -0.1849
vn 0.9859 0.0971 -0.1365
vn 0.9786 0.0879 0.1858
vn 0.4407 0.8828 -0.1627
vn 0.4287 0.8960 0.1155
vn 0.0469 0.8375 0.5444
vn 0.8070 0.1881 0.5597
vn 0.8855 0.3168 0.3400
vn 0.9895 -0.1415 -0.0306
vn -0.1511 0.9778 0.1451
vn -0.6845 0.6427 0.3441
vn 0.7166 0.0737 -0.6936
vn -0.1926 0.5960 0.7795
vn 0.4865 0.8700 -0.0806
vn -0.2417 0.8003 0.5487
vn -0.7913 0.4123 0.4515
vn -0.7586 0.3652 -0.5396
vn -0.7164 -0.2206 0.6619
vn -0.7779 0.4941 -0.3883
vn -0.5938 -0.4438 0.6711
vn -0.1896 -0.7068 0.6815
vn -0.7313 0.6756 0.0940
vn 0.0469 -0.7880 0.6139
vn -0.7598 0.6377 0.1268
vn 0.2045 -0.8068 0.5543
vn 0.6492 -0.2219 0.7275
vn 0.6759 0.6309 0.3809
vn 0.7544 -0.0240 0.6560
vn 0.7183 0.1037 0.6879
vn 0.7518 0.6560 0.0672
vn 0.1854 0.7149 0.6742
vn -0.5698 0.7882 -0.2325
vn -0.1427 0.8290 0.5407
vn -0.7403 0.6299 0.2349
vn -0.3210 0.7569 0.5693
vn -0.6395 -0.2945 -0.7102
vn 0.4404 0.7078 -0.5523
vn -0.9359 -0.2380 -0.2596
vn -0.4705 -0.0277 0.8819
vn -0.3033 0.3733 -0.8767
vn -0.3525 -0.0911 0.9314
vn 0.0257 -0.1100 0.9936
vn -0.3994 0.4082 -0.8209
vn 0.2080 -0.2094 0.9555
vn -0.4041 0.4218 -0.8117
vn 0.3705 -0.2873 0.8833
vn -0.5238 0.4215 -0.7403
vn 0.5135 -0.3469 0.7848
vn -0.1609 0.8037 0.5729
vn 0.9484 -0.0352 0.3151
vn 0.7464 -0.3695 0.5535
vn -0.8456 0.3829 -0.3719
vn 0.4385 -0.5701 0.6948
vn 0.6957 0.2395 0.6773
vn -0.8992 0.4125 -0.1457
vn 0.9175 -0.3697 0.1469
vn -0.8636 0.4995 0.0684
vn 0.9417 -0.3344 0.0369
vn -0.8121 0.5679 0.1342
vn 0.9494 -0.3083 -0.0603
vn -0.6972 0.6644 0.2691
vn 0.9564 -0.2453 -0.1586
vn -0.5821 0.7354 0.3469
vn 0.8645 -0.1024 -0.4921
vn 0.9170 -0.2407 -0.3180
vn -0.5141 0.7823 0.3518
vn 0.9012 -0.1768 0.3956
vn -0.4789 0.8109 0.3363
vn 0.9785 -0.2064 0.0003
vn 0.7621 -0.4268 -0.4869
vn -0.4907 0.8066 0.3295
vn 0.7132 -0.4684 -0.5215
vn -0.5914 0.7153 0.3722
vn 0.6659 -0.5270 -0.5280
vn -0.6286 0.6938 0.3514
vn 0.6400 -0.5264 -0.5598
vn -0.6701 0.5649 0.4815
vn 0.9908 -0.1351 -0.0117
vn -0.6735 0.4921 0.5516
vn 0.6033 -0.4494 -0.6589
vn 0.6935 0.5591 0.4544
vn -0.1695 0.8010 -0.5741
vn 0.9403 0.2154 -0.2635
vn 0.4600 -0.2463 -0.8531
vn -0.6207 0.3763 0.6879
vn 0.3432 -0.1067 -0.9332
vn -0.5501 0.3016 0.7787
vn 0.2244 -0.0004 -0.9745
vn -0.6037 0.2707 0.7499
vn 0.0602 0.1576 -0.9857
vn -0.5242 0.1968 0.8286
vn 0.2698 0.8183 0.5075
vn -0.7341 0.5982 0.3214
vn -0.4701 0.8496 0.2391
vn -0.6415 -0.0550 0.7652
vn -0.7545 -0.1836 0.6301
vn -0.1402 -0.7828 0.6063
vn -0.1564 -0.5481 0.8217
vn -0.7545 -0.5737 0.3188
vn -0.2038 0.9555 -0.2132
vn 0.5122 0.8186 -0.2597
vn 0.1584 -0.5557 0.8162
vn 0.1410 -0.7810 0.6084
vn 0.7540 -0.1863 0.6299
vn 0.6457 -0.0468 0.7622
vn 0.7475 0.0667 0.6609
vn 0.7132 0.6832 -0.1567
vn 0.8812 -0.1578 -0.4457
vn 0.6809 0.2687 0.6813
vn 0.7493 0.1148 0.6522
vn 0.1586 0.7828 0.6017
vn 0.1177 0.5368 0.8355
vn -0.0298 0.9692 0.2445
vn -0.5428 0.8166 0.1963
vn -0.9755 0.2031 0.0850
vn -0.1167 0.5435 0.8313
vn -0.1581 0.7812 0.6040
vn -0.7499 0.1132 0.6518
vn -0.6756 0.2716 0.6854
vn -0.5629 0.5055 -0.6539
vn -0.9681 -0.0082 -0.2503
vn -0.7904 0.5799 -0.1974
vn -0.1452 -0.1884 0.9713
vn 0.1433 -0.0793 0.9865
vn -0.9179 0.2529 -0.3058
vn -0.8337 -0.5460 -0.0821
vn -0.6513 0.7215 -0.2350
vn 0.5259 0.6170 0.5855
vn 0.1350 -0.4274 0.8939
vn -0.6907 0.5553 0.4633
vn 0.9017 0.4324 -0.0067
vn 0.9101 0.2630 -0.3201
vn -0.1405 -0.0968 0.9853
vn 0.1597 -0.0616 0.9853
vn 0.2052 0.5521 0.8081
vn 0.8132 0.3203 0.4859
vn 0.8069 0.3266 -0.4922
vn 0.4844 0.8298 -0.2772
vn 0.4211 -0.7465 -0.5151
vn 0.8230 0.3301 0.4623
vn 0.3333 0.9127 0.2366
vn 0.8823 0.4704 -0.0199
vn -0.2883 0.9304 -0.2262
vn 0.3227 -0.9463 -0.0184
vn -0.5177 -0.0311 -0.8550
vn -0.7660 0.5601 0.3156
vn -0.9034 -0.4193 0.0893
vn -0.3091 0.9124 0.2685
vn -0.8303 0.3146 0.4601
vn -0.4335 0.5807 -0.6891
vn -0.8881 0.2849 0.3606
vn -0.9769 0.1396 0.1617
vn -0.9279 0.0636 -0.3673
vn -0.9609 -0.2255 0.1607
vn 0.8037 -0.4778 -0.3548
vn -0.9594 0.1290 -0.2507
vn -0.2335 -0.9108 -0.3403
vn -0.8364 -0.2324 -0.4963
vn -0.2037 -0.8635 -0.4614
vn 0.3398 -0.9261 -0.1640
vn 0.9553 -0.0965 -0.2794
vn 0.2170 -0.8696 -0.4435
vn 0.8343 -0.2419 -0.4955
vn 0.2315 0.1093 0.9667
vn -0.2158 -0.8392 -0.4992
vn -0.3429 -0.1503 -0.9273
vn 0.8931 -0.2189 0.3930
vn 0.8753 0.4547 -0.1650
vn -0.4837 -0.7383 0.4700
vn -0.8974 -0.2162 0.3846
vn 0.3501 -0.1540 -0.9240
vn -0.2698 0.2064 -0.9405
vn -0.1012 0.2839 0.9535
vn 0.2649 -0.9376 -0.2253
vn -0.5564 -0.5560 -0.6175
vn 0.5045 -0.8607 -0.0685
vn 0.4388 -0.6559 -0.6142
vn 0.7026 -0.4010 -0.5878
vn 0.8117 -0.2486 -0.5285
vn 0.5564 -0.5559 -0.6175
vn 0.9585 0.2185 -0.1830
vn 0.6312 0.4344 -0.6425
vn 0.7424 -0.3467 0.5733
vn 0.5560 0.5618 -0.6126
vn 0.4355 0.6500 -0.6228
vn -0.4325 0.6531 -0.6216
vn 0.5889 -0.3922 -0.7067
vn -0.5560 0.5618 -0.6127
vn -0.6055 0.4284 -0.6707
vn -0.8865 0.0624 -0.4586
vn -0.9523 0.0878 -0.2923
vn -0.6443 -0.4111 -0.6449
vn -0.6566 -0.4388 -0.6134
vn -0.4382 -0.6566 -0.6139
vn -0.4327 -0.6481 -0.6267
vn -0.4038 -0.4974 0.7678
vn -0.6439 -0.6474 -0.4078
vn 0.4916 0.3158 0.8116
vn 0.4451 -0.6716 -0.5924
vn 0.6566 -0.4388 -0.6135
vn 0.6511 -0.4355 -0.6216
vn 0.7586 0.2759 0.5902
vn 0.7500 -0.3066 -0.5861
vn 0.6620 0.1812 -0.7273
vn 0.6584 0.4592 -0.5964
vn 0.6567 0.4383 -0.6137
vn 0.4391 0.6562 -0.6137
vn 0.4366 0.6622 -0.6090
vn 0.2299 -0.2246 -0.9469
vn -0.6472 0.7393 -0.1857
vn 0.3073 -0.7196 -0.6226
vn -0.4227 0.6777 -0.6017
vn -0.4391 0.6563 -0.6136
vn -0.6566 0.4382 -0.6138
vn -0.6537 0.4433 -0.6133
vn -0.9567 0.2909 0.0045
vn 0.1853 -0.4952 0.8488
vn -0.5998 -0.5529 -0.5784
vn -0.5936 -0.5671 -0.5710
vn -0.5773 -0.6613 -0.4791
vn 0.8024 0.5889 -0.0970
vn 0.5941 -0.5673 -0.5703
vn 0.5993 -0.5529 -0.5789
vn 0.2633 0.4413 0.8579
vn -0.1535 -0.2029 -0.9671
vn 0.5147 0.6372 -0.5736
vn 0.5192 0.6365 -0.5703
vn 0.8840 0.4358 0.1692
vn -0.8091 -0.3191 0.4935
vn -0.5183 0.6377 -0.5698
vn -0.5153 0.6360 -0.5745
vn -0.3204 0.4990 -0.8052
vn -0.9454 -0.2565 0.2010
vn -0.4694 -0.6415 0.6068
vn -0.7762 -0.5742 -0.2603
vn -0.4210 -0.9064 0.0339
vn 0.3522 -0.7765 0.5225
vn 0.0140 -0.4010 0.9160
vn 0.8209 -0.5670 -0.0682
vn 0.8951 -0.4051 -0.1860
vn 0.4195 -0.9059 0.0572
vn 0.7807 -0.5806 -0.2309
vn 0.9387 -0.2301 -0.2568
vn 0.9749 -0.1755 -0.1370
vn 0.9641 -0.2633 0.0355
vn 0.7186 -0.6840 -0.1256
vn 0.1282 0.4944 -0.8597
vn 0.9107 -0.3380 0.2373
vn 0.4752 -0.8793 -0.0333
vn 0.4606 -0.4569 -0.7610
vn 0.6603 -0.7505 -0.0283
vn 0.5479 -0.6310 -0.5492
vn -0.9198 -0.3377 0.1999
vn -0.0988 0.4916 -0.8652
vn -0.2776 -0.4400 -0.8540
vn -0.7260 -0.3351 -0.6005
vn -0.9122 -0.0155 0.4095
vn -0.6062 -0.7856 0.1236
vn -0.0557 -0.9977 0.0391
vn -0.5487 0.1378 0.8246
vn 0.0545 -0.9867 0.1530
vn -0.3030 0.0717 0.9503
vn 0.1742 -0.0918 -0.9804
vn 0.2732 -0.8287 -0.4885
vn 0.0621 -0.9975 -0.0323
vn -0.8741 0.2060 -0.4399
vn -0.0253 -0.9880 -0.1525
vn -0.9314 0.0847 -0.3539
vn -0.7574 0.0194 0.6526
vn 0.0126 0.0152 0.9998
vn -0.4993 0.0046 -0.8664
vn -0.9862 0.0154 -0.1649
vn -0.6048 0.0983 0.7903
vn 0.1107 -0.0120 0.9938
vn -0.6428 0.0304 -0.7654
vn -0.9918 0.0892 0.0912
vn 0.8886 -0.2917 0.3541
vn -0.1345 -0.9551 -0.2641
vn 0.8071 -0.1438 -0.5726
vn 0.7324 -0.4164 -0.5387
vn -0.0851 -0.1560 0.9841
vn 0.8488 0.4478 0.2810
vn 0.6825 -0.1826 0.7077
vn 0.5733 -0.1671 -0.8021
vn -0.9265 0.1636 0.3389
vn 0.7359 -0.6763 -0.0326
vn 0.7878 -0.2426 -0.5661
vn 0.9556 0.0245 0.2936
vn 0.9502 0.3097 -0.0343
vn -0.1281 -0.1952 0.9724
vn 0.7618 0.1877 0.6201
vn -0.7349 -0.6724 0.0879
vn 0.5791 -0.1995 0.7904
vn 0.2831 0.0227 -0.9588
vn 0.4094 0.0285 -0.9119
vn 0.9063 -0.4024 -0.1292
vn -0.6635 0.4579 0.5917
vn 0.0399 -0.8636 0.5026
vn -0.5020 -0.3272 -0.8006
vn -0.7903 -0.3774 -0.4827
vn -0.4633 -0.6521 -0.6001
vn -0.3986 -0.5686 -0.7196
vn -0.4521 -0.6792 -0.5782
vn -0.1242 -0.6715 0.7305
vn -0.2108 -0.0812 -0.9741
vn 0.6357 0.6573 0.4048
vn 0.3926 -0.5571 -0.7318
vn -0.2564 -0.9612 -0.1021
vn 0.7531 -0.4666 -0.4638
vn 0.7107 0.4830 -0.5114
vn 0.0462 0.0980 -0.9941
vn 0.6243 0.3340 -0.7062
vn -0.1335 0.5956 -0.7921
vn 0.4261 0.7419 -0.5178
vn 0.3675 0.5647 -0.7389
vn 0.4308 0.6923 -0.5789
vn 0.2246 -0.6703 -0.7073
vn -0.1375 -0.6921 -0.7086
vn -0.9739 0.1656 0.1555
vn -0.3741 0.5435 -0.7514
vn -0.8640 0.5028 0.0265
vn -0.6223 0.5369 -0.5697
vn -0.8802 0.4334 -0.1934
vn -0.8182 -0.3525 0.4543
vn -0.5875 -0.5717 -0.5727
vn -0.4938 -0.7818 -0.3808
vn 0.6047 -0.7804 0.1593
vn 0.3155 -0.7838 0.5349
vn 0.7960 -0.4804 -0.3683
vn -0.7198 0.5290 0.4494
vn 0.6163 -0.5483 -0.5652
vn 0.5220 -0.7336 -0.4352
vn 0.5837 -0.5750 -0.5733
vn 0.0525 0.2425 0.9687
vn 0.5687 -0.3378 0.7500
vn 0.8271 0.0512 0.5597
vn 0.8653 0.0125 -0.5010
vn 0.8915 -0.4470 0.0742
vn 0.5221 0.5905 -0.6154
vn 0.4833 0.8097 -0.3329
vn 0.7817 -0.3501 0.5161
vn 0.8348 -0.4138 -0.3632
vn 0.7151 -0.6003 0.3582
vn -0.6305 0.5642 -0.5330
vn 0.6221 0.3292 -0.7104
vn -0.5395 0.7162 -0.4428
vn -0.5208 0.5824 -0.6242
vn -0.7864 0.5594 -0.2620
vn -0.8340 0.4633 -0.2995
vn -0.6187 0.0194 -0.7854
vn -0.3042 -0.7806 0.5460
vn 0.0994 -0.8394 0.5344
vn 0.6648 -0.7466 0.0251
vn 0.7514 0.6393 -0.1634
vn -0.6899 -0.6132 -0.3848
vn 0.5703 -0.5859 -0.5758
vn -0.1080 -0.8353 0.5391
vn 0.6926 -0.6220 -0.3653
vn 0.9075 -0.2636 -0.3271
vn 0.1942 0.5391 -0.8196
vn 0.0302 0.5946 -0.8034
vn -0.7526 0.6346 -0.1759
vn -0.1705 0.5404 -0.8240
vn -0.3337 -0.4340 -0.8369
vn -0.5308 -0.5240 0.6661
vn -0.2311 -0.5440 -0.8067
vn -0.3100 -0.7584 -0.5734
vn -0.3890 -0.8174 0.4248
vn -0.6814 0.3414 0.6473
vn 0.2297 -0.6230 -0.7477
vn 0.7199 -0.6566 -0.2252
vn 0.2658 0.5030 -0.8224
vn -0.4958 0.4751 -0.7270
vn -0.2567 0.5607 -0.7872
vn -0.2741 0.7064 -0.6525
vn -0.2469 0.6145 -0.7493
vn -0.6722 -0.7285 -0.1322
vn -0.3516 -0.5985 -0.7199
vn -0.4145 -0.6715 -0.6142
vn -0.3706 -0.6400 -0.6731
vn 0.3095 0.3552 0.8821
vn 0.6612 -0.3043 -0.6857
vn -0.0274 0.0152 -0.9995
vn 0.3563 -0.6396 -0.6811
vn 0.4015 -0.6714 -0.6229
vn 0.3359 -0.5993 -0.7266
vn 0.5527 -0.7197 -0.4201
vn 0.4005 -0.6629 0.6326
vn 0.8011 0.0126 0.5983
vn 0.4350 0.8601 -0.2667
vn 0.2448 0.7820 -0.5732
vn 0.3863 0.7081 -0.5911
vn 0.2803 0.7834 -0.5547
vn -0.0674 0.4331 -0.8988
vn 0.3631 0.5931 -0.7186
vn 0.9898 -0.1092 0.0919
vn 0.7794 -0.4566 0.4290
vn -0.3525 0.6415 -0.6813
vn -0.4015 0.6714 -0.6229
vn -0.3536 0.5893 -0.7264
vn -0.5469 0.7307 -0.4085
vn -0.6013 -0.7969 0.0589
vn -0.7042 0.1216 0.6995
vn 0.3581 0.3900 0.8483
vn -0.0249 -0.0432 0.9988
vn 0.7936 0.4572 0.4015
vn -0.2823 -0.8680 -0.4084
vn 0.4433 -0.8192 -0.3639
vn -0.3867 0.9173 0.0952
vn 0.0794 -0.8247 0.5600
vn 0.0557 0.9970 0.0531
vn 0.5182 -0.6675 -0.5346
vn 0.4965 -0.6581 -0.5660
vn 0.0452 -0.9977 -0.0513
vn 0.6909 -0.7131 -0.1189
vn -0.2081 0.3508 -0.9130
vn 0.9578 -0.1665 0.2341
vn 0.3765 0.2868 0.8809
vn 0.9429 0.0903 0.3206
vn 0.5581 -0.4905 0.6693
vn 0.7859 -0.3088 -0.5358
vn -0.8993 0.3857 0.2062
vn -0.5975 0.5704 -0.5637
vn -0.4525 0.5020 -0.7371
vn -0.9008 -0.4280 0.0732
vn -0.8409 0.5302 -0.1084
vn -0.8704 -0.0902 -0.4840
vn -0.0084 -0.6966 -0.7174
vn -0.0935 0.6016 -0.7933
vn 0.8562 -0.3793 0.3507
vn -0.3361 0.5992 0.7267
vn 0.8962 -0.1484 -0.4182
vn -0.7697 0.5187 0.3722
vn 0.0911 0.4183 -0.9037
vn -0.8509 0.0325 0.5243
vn 0.6346 0.4996 -0.5896
vn -0.7674 0.4592 0.4474
vn -0.2462 0.2206 0.9438
vn -0.1066 -0.5094 0.8539
vn 0.0769 -0.5556 0.8279
vn -0.0664 -0.7223 0.6883
vn 0.3217 0.4160 0.8506
vn 0.3362 0.4375 0.8340
vn -0.7426 0.6327 -0.2199
vn -0.7587 -0.0419 0.6501
vn -0.9539 0.0292 -0.2987
vn -0.7926 -0.3865 -0.4717
vn 0.9599 0.2428 0.1400
vn 0.0743 0.5157 -0.8535
vn -0.0075 0.0358 -0.9993
vn -0.5533 -0.8316 -0.0472
vn -0.8487 -0.5289 -0.0033
vn -0.0339 0.9984 0.0456
vn 0.0360 -0.0182 -0.9992
vn -0.3866 0.9138 -0.1249
vn -0.0893 0.9938 0.0666
vn -0.0063 0.5657 -0.8246
vn 0.0288 0.9982 0.0527
vn -0.8989 -0.1140 0.4230
vn -0.9516 -0.2838 -0.1183
vn -0.4562 0.1983 0.8675
vn 0.8720 0.0715 0.4843
vn 0.5374 0.8432 0.0144
vn -0.8445 0.5293 -0.0812
vn 0.0468 -0.0146 -0.9988
vn 0.8852 -0.4650 -0.0125
vn -0.9458 0.3178 -0.0667
vn -0.0516 0.9985 0.0202
vn 0.8458 -0.5333 -0.0135
vn -0.9895 0.0758 -0.1234
vn -0.0061 0.9996 0.0263
vn 0.0452 0.0379 -0.9983
vn 0.9250 -0.3775 0.0431
vn -0.0067 0.9991 0.0423
vn -0.0038 0.0316 -0.9995
vn 0.2037 -0.2284 -0.9520
vn 0.0769 0.9737 0.2144
vn -0.0172 0.9395 0.3420
vn 0.5260 -0.8505 0.0004
vn 0.5224 -0.8526 0.0081
vn -0.0272 0.5030 -0.8639
vn -0.7324 -0.3110 0.6057
vn -0.0480 -0.9570 0.2860
vn 0.2330 -0.5857 0.7763
vn 0.0069 0.0373 0.9993
vn 0.1183 -0.8207 0.5589
vn -0.0044 -0.9996 0.0292
vn -0.2098 0.9777 -0.0012
vn 0.0780 -0.0687 0.9946
vn -0.1876 0.4558 0.8701
vn 0.2097 -0.9764 0.0512
vn 0.0290 0.0882 0.9957
vn -0.9295 -0.2047 -0.3067
vn 0.0481 0.6600 0.7498
vn -0.0982 -0.9948 -0.0286
vn 0.1726 -0.9816 0.0818
vn -0.1803 -0.9830 0.0359
vn 0.0265 0.0032 0.9996
vn 0.3810 -0.9228 0.0579
vn -0.0416 -0.9989 0.0201
vn -0.6271 -0.7680 0.1297
vn -0.2262 -0.9728 0.0493
vn -0.0488 -0.9964 0.0697
vn 0.2707 0.9581 -0.0941
vn -0.0294 -0.9983 0.0502
vn 0.1551 0.0580 0.9862
vn 0.5143 0.0933 0.8525
vn 0.0053 -0.9420 0.3354
vn 0.1516 0.9884 0.0008
vn 0.7130 -0.0059 0.7011
vn -0.1721 -0.9851 0.0003
vn 0.9233 -0.1049 -0.3696
vn -0.0048 -0.9997 0.0219
vn 0.1975 0.9803 -0.0005
vn 0.9404 -0.0175 0.3396
vn 0.8189 0.2508 0.5162
vn 0.9811 -0.1004 0.1655
vn 0.6004 0.1925 0.7762
vn -0.7473 -0.0534 0.6623
vn -0.0785 -0.9787 0.1895
vn -0.0111 0.9996 0.0272
vn 0.1013 0.9948 0.0081
vn 0.4979 -0.8655 0.0538
vn -0.0134 0.9992 -0.0363
vn -0.1448 -0.9894 0.0139
vn 0.6686 -0.0351 0.7428
vn -0.0442 0.9929 0.1103
vn 0.0003 -0.0031 1.0000
vn -0.0868 -0.9962 -0.0092
vn 0.0725 -0.9931 0.0917
vn 0.9922 -0.0386 0.1183
vn -0.2474 -0.9689 0.0090
vn 0.2663 -0.9639 0.0032
vn 0.1537 -0.9876 0.0316
vn -0.3352 -0.3499 -0.8748
vn 0.4044 0.0724 -0.9117
vn -0.0048 -0.0105 -0.9999
vn -0.5087 0.8597 -0.0464
vn -0.6104 0.7910 -0.0414
vt 1.035230 3.839560
vt -0.212256 3.801590
vt 1.126272 3.801590
vt 1.833430 3.820575
vt 1.944590 3.820575
vt 1.146387 3.801590
vt 1.237432 3.839560
vt -0.101099 3.839560
vt -0.192142 3.801590
vt -0.899300 3.820575
vt 1.035230 3.801590
vt 1.126272 3.839560
vt -0.212256 3.839560
vt -0.303299 3.801590
vt -1.010460 3.820575
vt -0.101100 3.801590
vt -0.192142 3.839560
vt 1.146388 3.839560
vt 1.237432 3.801590
vt -0.303298 3.839560
vt -1.560810 0.869670
vt -1.560810 0.085040
vt -1.599450 0.477360
vt -1.446370 1.246910
vt -1.446370 -0.292200
vt -1.260540 1.594570
vt -1.260540 -0.639860
vt -1.010460 1.899300
vt -1.010460 -0.944590
vt -0.705730 2.149390
vt -0.705730 -1.194670
vt -0.358060 2.335220
vt -0.358060 -1.380510
vt 0.019170 2.449650
vt 0.019170 -1.494940
vt 0.411490 2.488290
vt 0.411490 -1.533580
vt 0.803800 2.449650
vt 0.803800 -1.494940
vt 1.181040 2.335220
vt 1.181040 -1.380510
vt 1.528700 2.149390
vt 1.528700 -1.194670
vt 1.833430 1.899300
vt 1.833430 -0.944590
vt 2.083520 1.594570
vt 2.083520 -0.639860
vt 2.269350 1.246910
vt 2.269350 -0.292200
vt 2.383780 0.869670
vt 2.383780 0.085040
vt 2.422420 0.477360
vt 3.014797 -3.761504
vt 2.748015 -3.431941
vt 3.020881 -2.453594
vt 1.475779 -6.391209
vt -0.470990 -6.341081
vt -0.477637 -5.362586
vt 1.513087 -6.342341
vt -0.426259 -6.396311
vt 1.570066 -2.650105
vt -0.523618 -2.667409
vt -0.484317 -3.463863
vt 1.525232 -3.431386
vt 2.633676 -0.710509
vt 2.624887 1.666946
vt 2.688105 1.608457
vt 1.855248 -0.740237
vt 1.520167 -5.021854
vt -0.464443 -5.891490
vt 1.507940 -5.903090
vt 1.640659 -0.684505
vt 2.942509 1.597813
vt 1.516179 1.645871
vt 2.943355 -0.644479
vt 1.863546 1.694833
vt -0.477269 -5.021102
vt 1.522614 -4.347107
vt -0.477324 -4.371842
vt 1.499550 -0.690042
vt 2.511781 -0.732176
vt 1.852812 1.697850
vt 1.839099 -0.743386
vt 1.522512 -4.905941
vt -0.477328 -4.393324
vt 1.522688 -4.383481
vt 1.524432 -0.687729
vt 1.535547 1.642291
vt 1.916789 -0.668428
vt 1.508556 -5.405797
vt -0.472743 -4.906879
vt 1.508860 -4.576032
vt -0.452401 -4.572911
vt -0.372900 -4.594280
vt -0.463206 -5.415690
vt 2.509783 1.687743
vt 1.801529 -0.570280
vt 2.699844 1.484759
vt 1.788760 1.523974
vt 0.935660 -3.414004
vt -0.484762 -3.374224
vt 0.935660 -3.360070
vt 1.617787 -1.997995
vt -0.522852 -2.433294
vt 1.565411 -2.458899
vt 1.486053 -3.708042
vt -0.453802 -3.738324
vt -0.473888 -3.723820
vt -0.574017 -1.982332
vt 2.635975 1.574035
vt 2.632599 -0.617918
vt 1.517993 -6.577184
vt -0.477294 -6.058973
vt -0.465578 -6.594502
vt 1.522592 -6.012139
vt 1.522669 -5.369742
vt -0.477263 -5.383044
vt 2.708866 0.064340
vt 1.522631 -5.359735
vt 2.997628 -0.605206
vt 2.999603 1.549711
vt 1.717092 0.240152
vt -0.685719 -0.201971
vt 1.739581 -0.210286
vt 0.070678 -0.500148
vt 0.070271 1.455285
vt -0.613094 -0.502346
vt 0.190575 -3.487056
vt -0.028795 -3.799025
vt 1.315407 -5.489854
vt -0.091225 -6.916048
vt -1.962434 -3.551558
vt -0.863956 -6.456727
vt 0.857500 -6.752273
vt -1.561586 -7.351126
vt -1.332191 -7.484841
vt -1.471310 -5.923610
vt -2.055276 -5.058159
vt 1.479172 -6.457371
vt 0.876542 -6.464223
vt 1.104777 -7.349725
vt 1.296216 -7.310850
vt -1.966349 -0.484487
vt -1.972994 1.429786
vt -2.634178 1.442176
vt -2.631097 -0.495137
vt -2.714875 -4.334945
vt -2.628537 -3.370503
vt 1.506885 -3.388879
vt -0.459732 -3.388227
vt -0.477269 -2.985111
vt 1.520707 -2.983673
vt -1.311392 -3.389417
vt -1.526712 -2.995622
vt -0.851422 -6.464172
vt -0.086602 -6.918799
vt -1.325336 -7.480701
vt -1.567419 -7.340004
vt 1.502459 -5.055265
vt 1.501300 -4.334840
vt -0.457059 -4.334889
vt -2.167706 -0.500745
vt -1.532770 -0.524522
vt -1.532390 1.477103
vt -1.101163 -3.562958
vt -2.157396 -3.046235
vt -1.326689 -0.086012
vt -1.332796 -0.281367
vt -1.550108 -0.285553
vt -0.614571 -3.767240
vt 2.982781 -1.539419
vt 2.675128 -1.462615
vt 2.986808 -1.650109
vt -0.669429 0.241540
vt -0.593410 -0.649397
vt 1.707675 -0.479073
vt -1.549040 0.237419
vt -0.782988 -2.157658
vt 1.419480 0.187710
vt 1.506326 -3.294733
vt -0.458344 -3.490974
vt 1.497726 -3.663296
vt 1.721166 0.244866
vt 1.705370 -0.160314
vt -0.655926 -0.174490
vt -0.095151 0.128453
vt -0.091795 -0.502602
vt 2.434195 0.242167
vt 0.062860 -3.749030
vt 0.141835 -3.661094
vt 1.283285 -7.354963
vt -1.536937 -0.092936
vt -1.550309 -7.306511
vt -1.743068 -0.720586
vt 1.820456 -2.656017
vt 0.089214 -3.153028
vt 1.671016 -0.688753
vt 1.522613 -1.102929
vt 2.637132 -1.994515
vt -0.780229 -2.150537
vt -1.549040 1.685706
vt -1.549040 -0.731030
vt 2.434153 -0.727482
vt 2.433792 1.683731
vt -0.615446 1.456841
vt -0.451906 -3.665582
vt -0.434142 -3.744955
vt 1.479373 -3.744946
vt 0.190587 -3.486916
vt 1.329041 -5.448766
vt -0.028795 -3.799025
vt -0.091225 -6.916048
vt -0.863668 -6.456898
vt -0.614604 -3.767105
vt 0.857494 -6.752258
vt -1.332204 -7.480319
vt -1.556653 -7.310093
vt 1.511097 -5.925881
vt -0.457106 -5.074766
vt -0.455696 -5.933204
vt -1.471500 -5.924306
vt -2.047763 -5.072249
vt -1.101262 -3.562345
vt -0.433882 -6.457371
vt -0.246548 -7.309424
vt -0.036044 -7.335894
vt 0.168749 -6.464223
vt -1.103411 1.459153
vt -1.311559 1.463418
vt -1.311691 -0.509172
vt -1.100759 -0.504461
vt 1.475486 -3.543379
vt 1.500984 -3.039905
vt -0.463697 -3.042928
vt -0.439099 -3.549214
vt -2.715555 -4.334427
vt -1.957999 -3.556646
vt -1.311167 -3.389140
vt -2.628498 -3.370559
vt -0.450009 -3.366822
vt 1.487408 -3.362300
vt -1.526712 -2.995621
vt -1.560447 -7.328353
vt -1.297486 -7.469779
vt -0.086610 -6.918794
vt -2.162302 1.464088
vt -2.157396 -3.046235
vt -1.365256 1.043699
vt -1.557998 1.046951
vt -1.549733 1.241167
vt -1.332498 1.243547
vt -0.454338 -5.169304
vt 1.873091 -0.501990
vt 1.477255 -0.504408
vt 1.469295 1.460477
vt 1.874288 1.456756
vt 1.582012 -2.164865
vt -0.538052 -2.179893
vt -1.549040 0.237419
vt -0.464038 -3.156866
vt -0.677362 0.244251
vt -0.092337 0.827885
vt -1.292378 1.038609
vt -0.091710 1.457185
vt -1.353208 1.026853
vt 2.434110 0.242021
vt -0.634802 -0.717748
vt -0.649478 -0.497434
vt 0.062860 -3.749030
vt 0.141835 -3.661094
vt -0.241789 -7.357532
vt -1.354653 -7.466896
vt 0.089214 -3.153029
vt -0.677294 -0.461492
vt 2.759978 -0.528940
vt 1.071152 1.446005
vt 1.045363 0.065962
vt 0.857296 -0.502181
vt 0.857328 1.456745
vt 0.777718 -0.574375
vt 1.680853 -0.559190
vt 1.618738 -1.651421
vt -0.569404 -1.673889
vt 2.763650 0.064340
vt -0.454861 -6.106071
vt 1.519319 -3.702614
vt 1.528940 -3.420048
vt 0.489498 0.520783
vt 2.374644 -1.154355
vt 0.913452 -2.100937
vt -1.220225 -1.485798
vt -2.166934 -0.023909
vt -1.551667 2.109067
vt -0.089755 3.055789
vt 2.043201 2.440510
vt 2.989872 0.978699
vt 3.144591 -0.066290
vt -0.132160 -2.255751
vt -2.321621 1.021000
vt 0.955140 3.210463
vt 3.196143 0.477360
vt 2.984169 -0.588280
vt 2.733666 -1.074276
vt 2.391453 -1.502613
vt 1.963125 -1.844834
vt 1.477126 -2.095319
vt 0.411490 -2.307293
vt -0.654150 -2.095329
vt -1.140142 -1.844821
vt -1.568483 -1.502613
vt -1.910704 -1.074280
vt -2.161189 -0.588276
vt -2.373163 0.477360
vt -2.161199 1.543000
vt -1.910691 2.028986
vt -1.568483 2.457323
vt -1.140150 2.799548
vt -0.654146 3.050029
vt 0.411490 3.262013
vt 1.477130 3.050039
vt 1.963116 2.799536
vt 2.391453 2.457323
vt 2.733678 2.028995
vt 2.984159 1.542996
vt 0.954740 -2.253739
vt -2.319610 -0.065890
vt -0.131760 3.208449
vt 3.142579 1.020600
vt -0.020254 3.667191
vt -0.541279 3.255814
vt -0.542918 3.663873
vt -1.028484 3.654227
vt 1.963870 3.651429
vt 1.475398 3.255772
vt 1.476908 3.664482
vt 0.954697 3.663975
vt 0.411490 3.664245
vt -0.130894 3.255785
vt -0.131506 3.666228
vt -0.654011 3.664142
vt -1.029026 3.653060
vt -0.541276 3.255806
vt -0.542882 3.664037
vt -0.020554 3.664005
vt 1.065835 3.664080
vt 1.586583 3.255879
vt 1.588168 3.664011
vt 2.074800 3.651891
vt 0.953874 3.255875
vt 0.522640 3.664218
vt -0.019738 3.255826
vt 1.476988 3.664155
vt 1.962403 3.269583
vt 1.962833 3.654066
vt 2.391116 3.644725
vt 0.522640 3.664105
vt 0.522640 3.255922
vt -0.652459 3.255904
vt -1.140281 3.653158
vt -1.028016 3.269032
vt -1.457048 3.644470
vt -1.568202 3.644495
vt -1.139209 3.269108
vt -1.139601 3.654332
vt -0.653986 3.664260
vt -0.130907 3.255900
vt -0.131392 3.667433
vt 0.411490 3.255922
vt 0.411490 3.667440
vt 0.954686 3.664078
vt 1.475429 3.255904
vt 2.394045 3.284062
vt -1.456943 3.644889
vt -1.459896 3.284007
vt -1.028054 3.269108
vt -0.019747 3.255900
vt 1.065035 3.255886
vt 2.505195 3.284059
vt 2.502304 3.644618
vt 2.391070 3.644902
vt 2.394036 3.284005
vt -1.138869 3.268373
vt -1.568143 3.644737
vt 1.065834 3.664094
vt 0.522640 3.255952
vt 0.953875 3.255886
vt 0.411490 3.255990
vt -1.571064 3.284054
vt -1.459904 3.284054
vt -1.571055 3.284001
vt -0.652464 3.255929
vt 2.072173 3.266601
vt 2.502224 3.644928
vt 2.072235 3.266730
vt 2.074810 3.651922
vt 1.588118 3.664252
vt 2.505183 3.283989
vt 1.959872 3.264149
vt 1.586730 3.256504
vt 1.065115 3.256541
vt 2.736897 -1.076438
vt 2.978531 -0.587571
vt 2.395556 -1.506706
vt 1.475588 -2.091626
vt 1.963007 -1.842515
vt 0.954211 -2.251125
vt -0.125153 -2.248420
vt 0.411490 -2.303285
vt -1.142308 -1.848057
vt -0.653441 -2.089691
vt -1.572576 -1.506706
vt -2.157485 -0.586748
vt -1.908386 -1.074167
vt -2.317042 -0.065381
vt -2.314285 1.013985
vt -2.369152 0.477360
vt -1.913924 2.031148
vt -2.155551 1.542281
vt -1.572576 2.461416
vt -0.652618 3.046336
vt -1.140033 2.797226
vt -0.131242 3.205835
vt 0.948123 3.203130
vt 0.411490 3.257995
vt 1.965278 2.802767
vt 1.476411 3.044401
vt 2.395556 2.461416
vt 2.980466 1.541458
vt 2.731356 2.028877
vt 3.139965 1.020082
vt 3.137260 -0.059283
vt 3.192126 0.477360
vt 2.761938 0.013511
vt 2.103122 -1.214272
vt -0.052359 -1.873098
vt -1.280142 -1.214272
vt -1.938968 0.941199
vt -1.280142 2.168982
vt 0.875339 2.827808
vt 2.103122 2.168983
vt 2.513625 -0.645784
vt 1.534926 -1.624618
vt 0.645225 -1.894518
vt -0.711654 -1.624785
vt -1.690488 -0.646087
vt -1.960388 0.243625
vt -1.690655 1.600494
vt -0.711952 2.579328
vt 0.177755 2.849228
vt 1.534624 2.579495
vt 2.513458 1.600796
vt 2.783359 0.711090
vt 1.650201 3.142730
vt 1.863354 3.065792
vt 2.215849 3.110689
vt 2.104746 3.118359
vt 1.752277 3.065612
vt 1.529511 3.142694
vt -0.716070 3.142730
vt -0.929224 3.065792
vt -1.281719 3.110689
vt 2.215901 3.118359
vt 1.863438 3.065612
vt 1.640671 3.142694
vt -0.604900 3.142729
vt -0.818084 3.065747
vt -1.170559 3.110690
vt -1.281771 3.118359
vt -0.929308 3.065610
vt -0.706540 3.142697
vt 1.539041 3.142730
vt 1.752194 3.065792
vt 2.104693 3.110689
vt -1.170611 3.118359
vt -0.818148 3.065610
vt -0.595386 3.142697
vt 0.294279 3.142985
vt 0.757814 3.059910
vt 0.989873 3.142961
vt 1.448020 3.059910
vt 1.110155 3.059910
vt 0.639856 3.142985
vt 0.176322 3.059910
vt -0.055743 3.142961
vt -0.513890 3.059910
vt 1.221315 3.059910
vt 0.751006 3.142985
vt 0.522640 3.059910
vt -0.174268 3.059910
vt 0.055417 3.142961
vt -0.287594 3.059910
vt 0.183124 3.142985
vt 0.646658 3.059910
vt 0.878723 3.142961
vt 1.336860 3.059910
vt -0.176438 3.059910
vt 2.806388 0.713109
vt 3.072849 0.477360
vt 3.021716 -0.041853
vt 2.714238 -0.221549
vt 2.918363 -0.561025
vt 2.667621 -1.030141
vt 2.411134 -0.858768
vt 2.330165 -1.441315
vt 2.104483 -1.215643
vt 1.918991 -1.778781
vt 1.747620 -1.522312
vt 1.449871 -2.029512
vt 1.109467 -1.825671
vt 0.930694 -2.132870
vt 0.411490 -2.184009
vt 0.174872 -1.917458
vt -0.107723 -2.132866
vt -0.626895 -2.029523
vt -0.513889 -1.756697
vt -1.096011 -1.778781
vt -0.924638 -1.522294
vt -1.507185 -1.441315
vt -1.281513 -1.215643
vt -1.844641 -1.030141
vt -1.588182 -0.858780
vt -2.095382 -0.561021
vt -1.891541 -0.220627
vt -2.198740 -0.041854
vt -2.249879 0.477360
vt -2.006627 0.477360
vt -2.198736 0.996563
vt -1.891380 1.175873
vt -2.095393 1.515735
vt -1.844641 1.984851
vt -1.588163 1.813478
vt -1.507185 2.396035
vt -1.281513 2.170353
vt -1.096011 2.733491
vt -0.924658 2.477035
vt -0.626891 2.984222
vt -0.513888 2.711406
vt -0.107724 3.087580
vt 0.175741 2.872253
vt 0.411490 3.138719
vt 0.930693 3.087576
vt 1.110390 2.780102
vt 1.449875 2.984233
vt 1.918991 2.733491
vt 1.747608 2.477004
vt 2.330165 2.396035
vt 2.104483 2.170353
vt 2.667621 1.984851
vt 2.411165 1.813499
vt 2.918352 1.515731
vt 2.645536 1.402728
vt 3.021720 0.996564
vt 0.522640 2.877347
vt 1.051988 2.822069
vt 1.041850 2.876110
vt 3.072630 -0.051980
vt 0.940820 -2.183790
vt 0.930690 2.876110
vt 0.940826 2.822084
vt 0.411490 2.877347
vt -0.117858 2.822069
vt -0.107720 2.876110
vt -0.117850 -2.183790
vt -2.249660 -0.051980
vt 1.051986 2.822083
vt 0.522640 2.877347
vt -0.006698 2.822069
vt 0.003440 2.876110
vt -2.249660 1.006690
vt -0.117850 3.138500
vt -0.117856 2.822084
vt 0.940828 2.822069
vt 0.940820 3.138500
vt 3.072630 1.006690
vt -0.006696 2.822083
vt 1.325779 2.375351
vt 1.795546 2.822290
vt 2.513008 2.469117
vt 2.441195 2.822184
vt 2.329972 2.822347
vt 2.400242 2.454184
vt 1.684660 2.822301
vt 1.212860 2.375309
vt -0.391648 2.375351
vt -0.861416 2.822290
vt -1.578878 2.469116
vt -1.507065 2.822184
vt 2.441122 2.822346
vt 2.511399 2.454187
vt 1.795810 2.822301
vt 1.324017 2.375309
vt -0.280490 2.375351
vt -0.750256 2.822290
vt -1.467721 2.469116
vt -1.395915 2.822184
vt -1.506992 2.822347
vt -1.577269 2.454187
vt -0.861680 2.822301
vt -0.389886 2.375309
vt 1.214622 2.375351
vt 1.684396 2.822290
vt 2.401851 2.469114
vt 2.330045 2.822184
vt -1.395842 2.822347
vt -1.466112 2.454188
vt -0.750520 2.822301
vt -0.278728 2.375309
vt 0.522640 2.325627
vt 0.411490 2.325627
vt 0.411490 2.325627
vt 1.931053 1.935571
vt 2.315144 1.935458
vt 2.204010 1.935510
vt 1.819898 1.935585
vt -0.996913 1.935572
vt -1.381014 1.935458
vt 2.315171 1.935510
vt 1.931059 1.935585
vt -0.885763 1.935572
vt -1.269854 1.935458
vt -1.381040 1.935510
vt -0.996919 1.935585
vt 1.819893 1.935571
vt 2.203984 1.935458
vt -1.269880 1.935510
vt -0.885768 1.935585
vt 2.519263 -0.931022
vt 2.066090 -1.177240
vt 2.204000 -1.315160
vt 1.819862 -1.630423
vt -0.996880 -1.630420
vt -0.888522 -1.468253
vt -1.243110 -1.177240
vt -1.381030 -1.315160
vt -1.696293 -0.931022
vt -1.696293 1.885732
vt -1.243110 2.131960
vt -1.381030 2.269870
vt -0.996882 2.585133
vt 1.819862 2.585133
vt 2.066090 2.131950
vt 2.204000 2.269870
vt 2.519263 1.885732
vt 0.522640 1.300458
vt 1.133294 1.304502
vt 1.822650 1.690880
vt 2.357090 -0.822650
vt 1.711500 -1.468250
vt 1.711500 1.690880
vt 1.016905 1.304383
vt 0.411490 1.300458
vt -0.199163 1.304502
vt -0.888520 1.690880
vt -1.534120 -0.822650
vt 1.128059 1.304383
vt -0.088004 1.304502
vt -0.777370 1.690880
vt -1.534120 1.777370
vt -0.888520 2.422960
vt -0.193928 1.304383
vt 1.022140 1.304502
vt 1.711500 2.422960
vt 2.357090 1.777370
vt -0.082769 1.304384
vt 2.002900 1.283616
vt 2.177240 1.690880
vt 2.066090 1.690880
vt 1.888325 1.270243
vt -1.068769 1.283615
vt -1.243110 1.690880
vt 1.999482 1.270244
vt -0.957614 1.283615
vt -1.131960 1.690880
vt -1.065352 1.270244
vt 1.891743 1.283614
vt -1.131950 1.690880
vt -0.954197 1.270245
vt 0.715734 0.729874
vt 1.452091 0.729869
vt 1.923220 0.729883
vt 1.812147 0.730330
vt 1.511906 0.729896
vt 0.983293 0.729898
vt 0.218396 0.729874
vt -0.517961 0.729869
vt -0.989090 0.729883
vt 1.923297 0.730329
vt 1.623066 0.729896
vt 1.094453 0.729898
vt 0.329551 0.729874
vt -0.406801 0.729869
vt -0.877940 0.729883
vt -0.989167 0.730329
vt -0.688936 0.729896
vt -0.160323 0.729898
vt 0.604579 0.729874
vt 1.340931 0.729869
vt 1.812070 0.729883
vt -0.878017 0.730330
vt -0.577776 0.729896
vt -0.049163 0.729898
vt 2.242169 -0.280936
vt 2.373372 0.280118
vt 1.936775 -0.773022
vt -0.346806 -1.353319
vt 0.214248 -1.484526
vt -0.838893 -1.047925
vt -1.419189 1.235646
vt -1.550396 0.674597
vt -1.113795 1.727738
vt 1.169776 2.308039
vt 0.608727 2.439241
vt 1.661867 2.002640
vt 1.345070 -1.258936
vt -1.324806 -0.456230
vt -0.522099 2.213651
vt 2.147787 1.410940
vt 0.807914 -1.457872
vt -1.523742 0.080926
vt 0.015056 2.412591
vt 2.346721 0.873784
vt 2.031489 0.477463
vt 1.757871 -0.423593
vt 0.411593 -1.142649
vt -0.489393 -0.869040
vt -1.208519 0.477257
vt -0.934891 1.378302
vt 0.411387 2.097359
vt 1.312373 1.823750
vt 1.953887 0.009304
vt 1.311333 -0.869354
vt 0.880338 -1.064790
vt -0.056566 -1.065042
vt -0.935227 -0.422495
vt -1.130660 0.008507
vt -1.130911 0.945406
vt -0.488353 1.824064
vt -0.057363 2.019500
vt 0.879541 2.019752
vt 1.758207 1.377205
vt 1.953635 0.946203
vt 0.993376 0.630890
vt 1.401045 0.583268
vt 1.422470 0.628220
vt 1.726528 -0.403150
vt 1.291330 -0.837250
vt 1.311310 0.628220
vt 1.291330 0.583230
vt 0.878488 0.628209
vt -0.055538 0.628206
vt -0.468348 0.583167
vt -0.488330 0.628220
vt -0.470085 -0.835836
vt -0.905300 -0.401030
vt 0.051914 0.630890
vt -0.355755 0.583268
vt -0.377180 0.628220
vt -0.903558 1.357859
vt -0.468360 1.791960
vt -0.468360 0.583230
vt -0.055513 0.628209
vt 0.878513 0.628206
vt 1.291318 0.583167
vt 1.293056 1.790546
vt 1.728270 1.355740
vt 0.366340 0.628178
vt 0.782140 0.326108
vt 1.531320 0.583230
vt 1.516456 0.448846
vt 1.288021 0.372627
vt 1.001783 0.423801
vt 0.264574 0.423829
vt 0.411490 0.628210
vt -0.184872 0.423729
vt -0.693537 0.448318
vt -0.708340 0.583230
vt 1.401069 0.583325
vt 0.948096 0.449558
vt 1.420577 0.628220
vt 0.678945 0.628178
vt 0.263150 0.326109
vt -0.693481 0.448846
vt -0.465042 0.372627
vt -0.178813 0.423801
vt 0.558406 0.423829
vt 1.007842 0.423729
vt 1.516513 0.448318
vt -0.355779 0.583325
vt 0.097192 0.449558
vt -0.375287 0.628220
vt 1.234095 0.307477
vt 1.638765 0.579695
vt -0.188812 0.307477
vt -0.593475 0.579695
vt 1.478422 0.346868
vt -0.465057 0.372572
vt 1.638796 0.579754
vt 1.474985 0.343422
vt 1.228119 0.301854
vt -0.433132 0.346868
vt 1.288037 0.372572
vt -0.593506 0.579754
vt -0.429695 0.343422
vt -0.182837 0.301854
vt 1.017979 0.313198
vt 1.015250 0.372700
vt 1.007840 -0.865370
vt 1.015207 -0.810902
vt 0.562364 -0.962148
vt -0.192270 0.372700
vt 0.027311 0.313198
vt 0.556630 1.917312
vt 1.015250 1.765410
vt 1.007840 1.820080
vt 1.550700 0.327630
vt 1.306560 0.327630
vt 1.288010 -0.681860
vt 1.306560 -0.623990
vt -0.173296 -0.868505
vt -0.155101 -0.635003
vt -0.192270 -0.810700
vt -0.483580 -0.623990
vt -0.465030 -0.681860
vt -0.483580 0.327630
vt -0.727720 0.327630
vt 1.025023 0.322026
vt 0.610380 0.327630
vt -0.465030 1.636580
vt -0.483580 1.578700
vt -0.192291 1.765422
vt -0.176724 1.822383
vt 0.584103 1.652253
vt 1.070737 1.568412
vt 1.306560 1.578700
vt 1.288010 1.636580
vt 0.020266 0.322026
vt 0.434905 0.327630
vt 2.010260 0.374811
vt 2.000329 -0.060415
vt 1.916508 -0.018529
vt 1.556996 -0.449292
vt 1.406883 -0.502456
vt 0.976056 -0.635170
vt -0.583354 -0.502435
vt -0.731202 -0.453981
vt -0.792299 0.274768
vt -0.993270 0.279751
vt -0.928080 0.327630
vt -1.187286 0.579906
vt -1.177349 1.015125
vt -1.093532 0.973239
vt -0.734018 1.404002
vt -0.583913 1.457167
vt 1.406324 1.457145
vt 1.554181 1.408691
vt 1.615269 0.274768
vt 1.816250 0.279751
vt 1.751060 0.327630
vt 2.191129 0.367133
vt 0.411490 -0.706580
vt -0.963120 -0.219593
vt -1.305094 0.149804
vt -1.085697 -0.023773
vt -1.368154 0.587582
vt -1.169280 0.219143
vt -0.075944 1.606853
vt 1.786100 1.174314
vt 2.128074 0.804906
vt 1.908675 0.978483
vt 1.992260 0.735567
vt 1.792323 -0.215221
vt 1.587616 -0.400813
vt -1.013351 -0.232123
vt -0.969343 1.169941
vt -0.764646 1.355524
vt 1.836328 1.186833
vt -0.356450 -4.603670
vt -0.422249 -6.645772
vt 1.467355 -6.644613
vt 2.556353 -0.159633
vt 2.363790 -0.103295
vt 1.936655 -0.038230
vt 1.842956 -0.063934
vt 1.508384 -1.070652
vt 1.883655 -0.136498
vt 2.385494 -0.397888
vt 2.679320 -0.557857
vt 1.535938 -1.125365
vt 1.837237 -1.327641
vt 1.836798 -1.123361
vt -1.471611 -0.514296
vt -0.847886 0.117376
vt -0.851887 -0.485004
vt 1.498950 -5.167212
vt -0.847686 0.837151
vt 2.585278 -5.166180
vt 2.263384 -4.916914
vt 2.402090 -5.419283
vt 1.830864 -6.144865
vt 1.478799 -5.917194
vt 1.477348 -6.371091
vt 3.021745 -2.480581
vt 2.216073 -2.941342
vt 2.759860 -3.424123
vt 3.017823 -3.739916
vt 1.797557 -2.694515
vt 2.213940 -3.236835
vt -1.724760 -0.109039
vt -1.763309 -0.271979
vt -1.782363 -0.486995
vt 1.926672 -4.414817
vt 1.997398 -5.025440
vt 1.417348 -5.413681
vt 2.564109 -0.174565
vt 1.997110 -0.053694
vt 2.674478 -0.542467
vt 1.647783 -1.070463
vt 1.527406 -1.060463
vt 2.026380 -1.196019
vt 2.982965 -1.539431
vt 2.666481 -1.476268
vt 1.852218 -0.068171
vt 1.885009 -0.131092
vt 2.361015 -0.374096
vt -0.852538 1.440954
vt -1.468913 1.474322
vt 2.243876 -4.887906
vt 2.585279 -5.166150
vt 2.394078 -5.429596
vt 1.473166 -5.919260
vt 1.827930 -6.147668
vt 1.469363 -6.359653
vt 2.987974 -1.672518
vt 1.815245 -2.667370
vt 2.047982 -2.810072
vt 1.811003 -2.710706
vt 2.218957 -3.233913
vt -1.782363 -0.486994
vt 1.929637 -4.465677
vt 2.005196 -5.043427
vt 1.403467 -5.401244
vt -0.632482 -0.545109
vt 2.020949 -5.914753
vt 1.364164 -5.369020
vt -0.449754 -4.578214
vt 1.501209 -6.105655
vt 2.687722 -0.668060
vt 1.849911 -1.328888
vt 2.492263 -3.767020
vt 1.951357 -4.362986
vt 2.762087 -4.593007
vt 2.021503 -4.427788
vt 2.502185 -3.769742
vt 1.060898 -0.491561
vt 2.656663 -2.035736
vt 1.367319 -5.371429
vt 1.237382 -6.073758
vt 1.074480 -6.618628
vt 1.987523 -4.394179
vt 1.944035 -4.378033
vt 2.771699 -4.571408
vt 2.569130 -0.683674
vt 2.572450 1.636759
vt 1.231100 -6.075627
vt 1.063977 -6.625113
vt 2.010390 -5.933283
s 1
f 1/1/1 23/2/2 2/3/3
f 1/1/1 2/3/3 3/4/4
f 4/5/5 5/6/6 6/7/7
f 6/7/7 5/6/6 7/8/8
f 7/8/8 5/6/6 8/9/9
f 7/8/8 8/9/9 9/10/10
f 10/4/11 11/11/12 12/12/13
f 12/12/13 11/11/12 13/13/14
f 13/13/14 11/11/12 14/14/15
f 13/13/14 14/14/15 15/15/16
f 16/10/17 17/16/18 18/17/19
f 18/17/19 17/16/18 19/18/20
f 19/18/20 17/16/18 20/19/21
f 19/18/20 20/19/21 21/5/22
f 22/15/23 23/2/2 24/20/24
f 24/20/24 23/2/2 1/1/1
f 25/21/25 26/22/25 27/23/26
f 26/22/25 25/21/25 28/24/25
f 26/22/25 28/24/25 29/25/25
f 29/25/25 28/24/25 30/26/27
f 29/25/25 30/26/27 31/27/25
f 31/27/25 30/26/27 32/28/27
f 31/27/25 32/28/27 33/29/26
f 33/29/26 32/28/27 34/30/26
f 33/29/26 34/30/26 35/31/25
f 35/31/25 34/30/26 36/32/25
f 35/31/25 36/32/25 37/33/27
f 37/33/27 36/32/25 38/34/25
f 37/33/27 38/34/25 39/35/25
f 39/35/25 38/34/25 40/36/26
f 39/35/25 40/36/26 41/37/26
f 41/37/26 40/36/26 42/38/25
f 41/37/26 42/38/25 43/39/27
f 43/39/27 42/38/25 44/40/25
f 43/39/27 44/40/25 45/41/25
f 45/41/25 44/40/25 46/42/26
f 45/41/25 46/42/26 47/43/25
f 47/43/25 46/42/26 48/44/25
f 47/43/25 48/44/25 49/45/25
f 49/45/25 48/44/25 50/46/25
f 49/45/25 50/46/25 51/47/25
f 51/47/25 50/46/25 52/48/25
f 51/47/25 52/48/25 53/49/25
f 53/49/25 52/48/25 54/50/25
f 53/49/25 54/50/25 55/51/25
f 55/51/25 54/50/25 56/52/25
f 57/22/28 58/21/28 59/23/29
f 58/21/28 57/22/28 60/25/28
f 58/21/28 60/25/28 61/24/28
f 61/24/28 60/25/28 62/27/30
f 61/24/28 62/27/30 63/26/28
f 63/26/28 62/27/30 64/29/30
f 63/26/28 64/29/30 65/28/29
f 65/28/29 64/29/30 66/31/29
f 65/28/29 66/31/29 67/30/28
f 67/30/28 66/31/29 68/33/28
f 67/30/28 68/33/28 69/32/30
f 69/32/30 68/33/28 70/35/28
f 69/32/30 70/35/28 71/34/28
f 71/34/28 70/35/28 72/37/29
f 71/34/28 72/37/29 73/36/29
f 73/36/29 72/37/29 74/39/28
f 73/36/29 74/39/28 75/38/30
f 75/38/30 74/39/28 76/41/28
f 75/38/30 76/41/28 77/40/28
f 77/40/28 76/41/28 78/43/29
f 77/40/28 78/43/29 79/42/28
f 79/42/28 78/43/29 80/45/28
f 79/42/28 80/45/28 81/44/28
f 81/44/28 80/45/28 82/47/28
f 81/44/28 82/47/28 83/46/28
f 83/46/28 82/47/28 84/49/28
f 83/46/28 84/49/28 85/48/28
f 85/48/28 84/49/28 86/51/28
f 85/48/28 86/51/28 87/50/28
f 87/50/28 86/51/28 88/52/28
f 127/53/31 1027/54/32 128/55/33
f 137/56/34 123/57/35 138/58/36
f 137/56/34 138/58/36 139/59/37
f 137/56/34 124/60/38 123/57/35
f 140/61/39 141/62/40 178/63/41
f 140/61/39 178/63/41 177/64/42
f 143/65/43 146/66/44 89/67/45
f 147/68/46 146/66/44 143/65/43
f 148/69/47 145/70/48 144/71/49
f 160/72/50 200/73/51 161/74/52
f 199/75/53 200/73/51 160/72/50
f 147/68/46 150/76/54 146/66/44
f 148/69/47 149/77/55 145/70/48
f 153/78/56 149/77/55 148/69/47
f 153/78/56 159/79/57 149/77/55
f 160/72/50 161/74/52 154/80/58
f 162/81/59 156/82/60 155/83/61
f 170/84/62 165/85/63 164/86/64
f 166/87/65 167/88/66 168/89/67
f 120/90/68 169/91/69 170/84/62
f 171/92/70 172/93/71 173/94/72
f 171/92/70 178/63/41 172/93/71
f 120/90/68 176/95/73 169/91/69
f 177/64/42 178/63/41 171/92/70
f 162/81/59 163/96/74 156/82/60
f 170/84/62 169/91/69 165/85/63
f 179/97/75 184/98/76 142/99/77
f 180/100/78 181/101/79 182/102/80
f 188/103/81 185/104/82 186/105/83
f 245/106/84 332/107/85 187/108/86
f 245/106/84 187/108/86 180/100/78
f 180/100/78 187/108/86 181/101/79
f 188/103/81 189/109/87 185/104/82
f 168/89/67 167/88/66 191/110/88
f 168/89/67 191/110/88 190/111/89
f 192/112/90 195/113/91 193/114/92
f 194/115/93 195/113/91 192/112/90
f 196/116/94 195/113/91 194/115/93
f 196/116/94 197/117/95 195/113/91
f 183/118/96 184/98/76 179/97/75
f 139/59/37 138/58/36 201/119/97
f 202/120/98 203/121/99 200/73/51
f 202/120/98 200/73/51 199/75/53
f 210/122/100 116/123/101 104/124/102
f 212/125/103 294/126/104 270/127/105
f 256/128/106 215/129/107 216/130/108
f 218/131/109 216/130/108 277/132/110
f 218/131/109 277/132/110 101/133/111
f 262/134/112 216/130/108 218/131/109
f 218/131/109 101/133/111 219/135/113
f 218/131/109 219/135/113 220/136/114
f 100/137/115 277/132/110 102/138/116
f 101/133/111 277/132/110 100/137/115
f 224/139/117 281/140/118 225/141/119
f 224/139/117 225/141/119 93/142/120
f 226/143/121 306/144/122 307/145/123
f 226/143/121 307/145/123 227/146/124
f 102/138/116 277/132/110 103/147/125
f 103/147/125 277/132/110 228/148/126
f 275/149/127 310/150/128 358/151/129
f 275/149/127 358/151/129 274/152/130
f 277/132/110 231/153/131 273/154/132
f 232/155/133 233/156/134 234/157/135
f 232/155/133 234/157/135 235/158/136
f 223/159/137 230/160/138 229/161/139
f 236/162/140 237/163/141 238/164/142
f 277/132/110 271/165/143 231/153/131
f 277/132/110 273/154/132 278/166/144
f 95/167/145 239/168/146 240/169/147
f 216/130/108 241/170/148 277/132/110
f 277/132/110 241/170/148 271/165/143
f 216/130/108 215/129/107 241/170/148
f 96/171/149 1004/172/150 243/173/151
f 210/122/100 290/174/152 116/123/101
f 104/124/102 323/175/153 105/176/154
f 106/177/155 204/178/156 244/179/157
f 211/180/158 293/181/159 213/182/160
f 209/183/161 374/184/162 368/185/163
f 282/186/164 266/187/165 239/168/146
f 282/186/164 239/168/146 95/167/145
f 249/188/166 106/177/155 244/179/157
f 256/128/106 258/189/167 215/129/107
f 257/190/168 258/189/167 256/128/106
f 93/142/120 225/141/119 94/191/169
f 95/167/145 240/169/147 247/192/170
f 219/135/113 101/133/111 246/193/171
f 204/178/156 106/177/155 208/194/172
f 205/195/173 204/178/156 255/196/174
f 205/195/173 255/196/174 256/128/106
f 105/176/154 323/175/153 251/197/175
f 285/198/176 286/199/177 333/200/178
f 287/201/179 206/202/180 207/203/181
f 287/201/179 207/203/181 288/204/182
f 294/126/104 352/205/183 270/127/105
f 295/206/184 296/207/185 214/208/186
f 295/206/184 214/208/186 213/182/160
f 291/209/187 1046/210/188 297/211/189
f 298/212/190 114/213/191 299/214/192
f 298/212/190 299/214/192 1046/210/188
f 346/215/193 298/212/190 1046/210/188
f 298/212/190 110/216/194 108/217/195
f 298/212/190 108/217/195 114/213/191
f 222/218/196 223/159/137 301/219/197
f 222/218/196 301/219/197 302/220/198
f 113/221/199 303/222/200 353/223/201
f 114/213/191 113/221/199 353/223/201
f 114/213/191 353/223/201 299/214/192
f 304/224/202 109/225/203 112/226/204
f 304/224/202 112/226/204 361/227/205
f 300/228/206 356/229/207 272/230/208
f 300/228/206 272/230/208 221/231/209
f 279/232/210 280/233/211 305/234/212
f 279/232/210 305/234/212 360/235/213
f 303/222/200 115/236/214 359/237/215
f 303/222/200 359/237/215 308/238/216
f 115/236/214 309/239/217 359/237/215
f 303/222/200 308/238/216 353/223/201
f 311/240/218 229/161/139 230/160/138
f 311/240/218 230/160/138 276/241/219
f 308/238/216 359/237/215 357/242/220
f 312/155/221 313/243/222 314/244/223
f 312/155/221 314/244/223 315/245/224
f 223/159/137 229/161/139 301/219/197
f 316/246/225 236/162/140 238/164/142
f 359/237/215 317/247/226 357/242/220
f 318/248/227 319/249/228 320/250/229
f 318/248/227 320/250/229 111/251/230
f 217/252/231 120/90/232 176/95/233
f 1046/210/188 299/214/192 297/211/189
f 283/253/234 366/254/235 321/255/236
f 283/253/234 321/255/236 322/256/237
f 250/257/238 251/197/175 323/175/153
f 250/257/238 323/175/153 334/258/239
f 116/123/101 323/175/153 104/124/102
f 118/259/240 324/179/241 285/198/176
f 118/259/240 285/198/176 333/200/178
f 292/260/242 293/181/159 211/180/158
f 334/258/239 292/260/242 211/180/158
f 334/258/239 211/180/158 250/257/238
f 369/261/243 209/183/161 368/185/163
f 352/205/183 300/228/206 221/231/209
f 352/205/183 221/231/209 270/127/105
f 325/262/244 326/263/245 111/251/230
f 325/262/244 111/251/230 327/264/246
f 330/265/247 318/248/227 326/263/245
f 331/266/248 324/179/241 118/259/240
f 334/258/239 323/175/153 335/267/249
f 116/123/101 336/268/250 323/175/153
f 291/209/187 297/211/189 343/269/251
f 342/270/252 291/209/187 343/269/251
f 111/251/230 326/263/245 318/248/227
f 109/225/203 328/271/253 112/226/204
f 329/272/254 314/244/223 313/243/222
f 333/200/178 289/194/255 118/259/240
f 213/182/160 293/181/159 295/206/184
f 286/199/177 291/209/187 341/273/256
f 286/199/177 341/273/256 333/200/178
f 336/268/250 335/267/249 323/175/153
f 116/123/101 117/274/257 336/268/250
f 367/275/258 183/118/96 179/97/75
f 349/276/259 92/277/260 264/278/261
f 349/276/259 264/278/261 348/279/262
f 185/104/263 186/105/264 332/107/265
f 371/280/266 253/281/267 252/282/268
f 371/280/266 252/282/268 242/283/269
f 367/275/258 372/284/270 183/118/96
f 145/70/271 144/71/272 350/285/273
f 1041/286/274 245/106/84 180/100/78
f 1041/286/274 180/100/78 365/287/275
f 129/288/276 377/289/277 378/290/278
f 129/288/276 379/291/279 380/292/280
f 129/288/276 380/292/280 381/293/281
f 129/288/276 381/293/281 382/294/282
f 129/288/276 382/294/282 383/295/283
f 129/288/276 383/295/283 384/296/284
f 129/288/276 384/296/284 377/289/277
f 129/288/276 378/290/278 379/291/279
f 384/296/284 385/297/285 377/289/277
f 378/290/278 386/298/286 379/291/279
f 380/292/280 387/299/287 381/293/281
f 382/294/282 388/300/288 383/295/283
f 384/296/284 389/301/289 385/297/285
f 385/297/285 390/302/290 377/289/277
f 377/289/277 390/302/290 391/303/291
f 377/289/277 391/303/291 392/304/292
f 377/289/277 392/304/292 393/305/293
f 377/289/277 393/305/293 394/306/294
f 377/289/277 394/306/294 378/290/278
f 378/290/278 395/307/295 386/298/286
f 386/298/286 396/308/296 379/291/279
f 379/291/279 396/308/296 397/309/297
f 379/291/279 397/309/297 398/310/298
f 379/291/279 398/310/298 399/311/299
f 379/291/279 399/311/299 400/312/300
f 379/291/279 400/312/300 380/292/280
f 380/292/280 401/313/301 387/299/287
f 387/299/287 402/314/302 381/293/281
f 381/293/281 402/314/302 403/315/303
f 381/293/281 403/315/303 404/316/304
f 381/293/281 404/316/304 405/317/305
f 381/293/281 405/317/305 406/318/306
f 381/293/281 406/318/306 382/294/282
f 382/294/282 407/319/307 388/300/288
f 388/300/288 408/320/308 383/295/283
f 383/295/283 408/320/308 409/321/309
f 383/295/283 409/321/309 410/322/310
f 383/295/283 410/322/310 411/323/311
f 383/295/283 411/323/311 412/324/312
f 383/295/283 412/324/312 384/296/284
f 394/306/294 413/325/313 378/290/278
f 378/290/278 413/325/313 395/307/295
f 400/312/300 414/326/314 380/292/280
f 380/292/280 414/326/314 401/313/301
f 406/318/306 415/327/315 382/294/282
f 382/294/282 415/327/315 407/319/307
f 412/324/312 416/328/316 384/296/284
f 384/296/284 416/328/316 389/301/289
f 432/329/317 453/330/318 433/331/319
f 433/331/319 453/330/318 434/332/320
f 421/333/321 454/334/322 422/335/323
f 422/335/323 454/334/322 423/336/324
f 424/337/325 455/338/326 425/339/327
f 425/339/327 455/338/326 426/340/328
f 442/341/329 456/342/330 443/343/331
f 443/343/331 456/342/330 444/344/332
f 418/345/333 457/346/334 419/347/335
f 419/347/335 457/346/334 420/348/336
f 454/334/322 458/349/337 423/336/324
f 423/336/324 458/349/337 424/337/325
f 431/350/338 459/351/339 432/329/317
f 432/329/317 459/351/339 453/330/318
f 440/352/340 460/353/341 441/354/342
f 441/354/342 460/353/341 451/355/343
f 417/356/344 461/357/345 418/345/333
f 455/338/326 462/358/346 426/340/328
f 426/340/328 462/358/346 427/359/347
f 453/330/318 463/360/348 434/332/320
f 434/332/320 463/360/348 449/361/349
f 450/362/350 464/363/351 435/364/352
f 435/364/352 464/363/351 436/365/353
f 436/365/353 465/366/354 437/367/355
f 437/367/355 465/366/354 466/368/356
f 437/367/355 466/368/356 438/369/357
f 438/369/357 466/368/356 439/370/358
f 439/370/358 467/371/359 440/352/340
f 440/352/340 467/371/359 460/353/341
f 460/353/341 468/372/360 451/355/343
f 452/373/361 469/374/362 470/375/363
f 452/373/361 470/375/363 442/341/329
f 442/341/329 470/375/363 456/342/330
f 456/342/330 471/376/364 444/344/332
f 444/344/332 471/376/364 461/357/345
f 444/344/332 461/357/345 417/356/344
f 461/357/345 472/377/365 418/345/333
f 418/345/333 472/377/365 457/346/334
f 420/348/336 473/378/366 445/379/367
f 446/380/368 474/381/369 421/333/321
f 462/358/346 475/382/370 427/359/347
f 427/359/347 475/382/370 447/383/371
f 430/384/372 476/385/373 431/350/338
f 431/350/338 476/385/373 459/351/339
f 466/368/356 477/386/374 439/370/358
f 439/370/358 477/386/374 467/371/359
f 458/349/337 478/387/375 424/337/325
f 424/337/325 478/387/375 455/338/326
f 475/382/370 479/388/376 447/383/371
f 463/360/348 480/389/377 449/361/349
f 450/362/350 481/390/378 464/363/351
f 464/363/351 482/391/379 436/365/353
f 436/365/353 482/391/379 465/366/354
f 457/346/334 483/392/380 420/348/336
f 420/348/336 483/392/380 473/378/366
f 448/393/381 484/394/382 428/395/383
f 428/395/383 484/394/382 429/396/384
f 448/393/381 485/397/385 484/394/382
f 474/381/369 486/398/386 421/333/321
f 421/333/321 486/398/386 454/334/322
f 484/394/382 487/399/387 429/396/384
f 429/396/384 487/399/387 488/400/388
f 429/396/384 488/400/388 430/384/372
f 430/384/372 488/400/388 476/385/373
f 489/401/389 503/402/390 490/403/391
f 504/404/392 491/405/393 505/406/394
f 505/406/394 507/407/395 506/408/396
f 492/409/397 508/410/398 493/411/399
f 509/412/400 494/413/401 510/414/402
f 510/414/402 512/415/403 511/416/404
f 495/417/405 513/418/406 496/419/407
f 514/420/408 497/421/409 515/422/410
f 515/422/410 517/423/411 516/424/412
f 498/425/413 518/426/414 499/427/415
f 519/428/416 500/429/417 520/430/418
f 520/430/418 502/431/419 501/432/420
f 502/431/419 521/433/421 503/402/390
f 503/402/390 522/434/422 490/403/391
f 490/403/391 522/434/422 491/405/393
f 505/406/394 523/435/423 507/407/395
f 507/407/395 523/435/423 508/410/398
f 508/410/398 524/436/424 493/411/399
f 493/411/399 524/436/424 494/413/401
f 510/414/402 525/437/425 512/415/403
f 512/415/403 525/437/425 513/418/406
f 513/418/406 526/438/426 496/419/407
f 496/419/407 526/438/426 497/421/409
f 515/422/410 527/439/427 517/423/411
f 517/423/411 527/439/427 518/426/414
f 518/426/414 528/440/428 499/427/415
f 499/427/415 528/440/428 500/429/417
f 520/430/418 521/433/421 502/431/419
f 521/433/421 530/441/429 503/402/390
f 503/402/390 530/441/429 522/434/422
f 522/434/422 531/442/430 491/405/393
f 491/405/393 531/442/430 532/443/431
f 491/405/393 532/443/431 505/406/394
f 505/406/394 532/443/431 523/435/423
f 523/435/423 533/444/432 508/410/398
f 508/410/398 533/444/432 524/436/424
f 524/436/424 534/445/433 494/413/401
f 494/413/401 534/445/433 535/446/434
f 494/413/401 535/446/434 510/414/402
f 510/414/402 535/446/434 525/437/425
f 525/437/425 536/447/435 513/418/406
f 513/418/406 536/447/435 526/438/426
f 526/438/426 537/448/436 497/421/409
f 497/421/409 537/448/436 538/449/437
f 497/421/409 538/449/437 515/422/410
f 515/422/410 538/449/437 527/439/427
f 527/439/427 539/450/438 518/426/414
f 518/426/414 539/450/438 528/440/428
f 528/440/428 540/451/439 500/429/417
f 500/429/417 540/451/439 529/452/440
f 500/429/417 529/452/440 520/430/418
f 520/430/418 529/452/440 521/433/421
f 543/453/441 565/454/442 544/455/443
f 545/456/444 566/457/445 546/458/446
f 549/459/447 567/460/448 550/461/449
f 551/462/450 568/463/451 552/464/452
f 555/465/453 569/466/454 556/467/455
f 557/468/456 570/469/457 558/470/458
f 561/471/459 571/472/460 562/473/461
f 563/474/462 572/475/463 564/476/464
f 541/477/465 573/478/466 542/479/467
f 542/479/467 573/478/466 574/480/468
f 542/479/467 574/480/468 543/453/441
f 543/453/441 574/480/468 565/454/442
f 566/457/445 578/481/469 546/458/446
f 546/458/446 578/481/469 547/482/470
f 547/482/470 578/481/469 579/483/471
f 547/482/470 579/483/471 548/484/472
f 548/484/472 579/483/471 580/485/473
f 548/484/472 580/485/473 549/459/447
f 549/459/447 580/485/473 567/460/448
f 568/463/451 584/486/474 552/464/452
f 552/464/452 584/486/474 553/487/475
f 553/487/475 584/486/474 585/488/476
f 553/487/475 585/488/476 586/489/477
f 553/487/475 586/489/477 554/490/478
f 554/490/478 586/489/477 555/465/453
f 555/465/453 586/489/477 569/466/454
f 570/469/457 590/491/479 558/470/458
f 558/470/458 590/491/479 559/492/480
f 559/492/480 590/491/479 591/493/481
f 559/492/480 591/493/481 560/494/482
f 560/494/482 591/493/481 592/495/483
f 560/494/482 592/495/483 561/471/459
f 561/471/459 592/495/483 571/472/460
f 572/475/463 596/496/484 564/476/464
f 564/476/464 596/496/484 541/477/465
f 541/477/465 596/496/484 573/478/466
f 597/497/485 609/498/486 610/499/487
f 597/497/485 610/499/487 598/500/488
f 598/500/488 610/499/487 611/501/489
f 598/500/488 611/501/489 612/502/490
f 598/500/488 612/502/490 575/503/491
f 575/503/491 612/502/490 613/504/492
f 575/503/491 613/504/492 576/505/493
f 576/505/493 613/504/492 614/506/494
f 576/505/493 614/506/494 577/507/495
f 577/507/495 614/506/494 615/508/496
f 577/507/495 615/508/496 599/509/497
f 599/509/497 615/508/496 616/510/498
f 599/509/497 616/510/498 617/511/499
f 599/509/497 617/511/499 600/512/500
f 600/512/500 617/511/499 618/513/501
f 600/512/500 618/513/501 619/514/502
f 600/512/500 619/514/502 601/515/503
f 601/515/503 619/514/502 620/516/504
f 601/515/503 620/516/504 581/517/505
f 581/517/505 620/516/504 621/518/506
f 581/517/505 621/518/506 582/519/507
f 582/519/507 621/518/506 622/520/508
f 582/519/507 622/520/508 583/521/509
f 583/521/509 622/520/508 623/522/510
f 583/521/509 623/522/510 602/523/511
f 602/523/511 623/522/510 624/524/512
f 602/523/511 624/524/512 625/525/513
f 602/523/511 625/525/513 603/526/514
f 603/526/514 625/525/513 626/527/515
f 603/526/514 626/527/515 604/528/516
f 604/528/516 626/527/515 627/529/517
f 604/528/516 627/529/517 628/530/518
f 604/528/516 628/530/518 587/531/519
f 587/531/519 628/530/518 629/532/520
f 587/531/519 629/532/520 588/533/521
f 588/533/521 629/532/520 630/534/522
f 588/533/521 630/534/522 589/535/523
f 589/535/523 630/534/522 631/536/524
f 589/535/523 631/536/524 605/537/525
f 605/537/525 631/536/524 632/538/526
f 605/537/525 632/538/526 606/539/527
f 606/539/527 632/538/526 633/540/528
f 606/539/527 633/540/528 634/541/529
f 606/539/527 634/541/529 607/542/530
f 607/542/530 634/541/529 635/543/531
f 607/542/530 635/543/531 636/544/532
f 607/542/530 636/544/532 593/545/533
f 593/545/533 636/544/532 637/546/534
f 593/545/533 637/546/534 594/547/535
f 594/547/535 637/546/534 638/548/536
f 594/547/535 638/548/536 595/549/537
f 595/549/537 638/548/536 639/550/538
f 595/549/537 639/550/538 608/551/539
f 608/551/539 639/550/538 640/552/540
f 608/551/539 640/552/540 597/497/485
f 597/497/485 640/552/540 609/498/486
f 641/553/541 642/554/542 643/555/543
f 610/499/487 644/556/544 611/501/489
f 615/508/496 645/557/545 616/510/498
f 646/558/546 647/559/547 648/560/548
f 648/560/548 649/561/549 650/562/550
f 618/513/501 651/563/551 619/514/502
f 623/522/510 652/564/552 624/524/512
f 653/555/553 654/565/554 655/566/555
f 655/566/555 656/567/556 657/568/557
f 626/527/515 658/569/558 627/529/517
f 631/536/524 659/570/559 632/538/526
f 660/562/560 661/571/561 662/560/562
f 662/560/562 663/572/563 664/558/564
f 634/541/529 665/573/565 635/543/531
f 639/550/538 666/574/566 640/552/540
f 667/568/567 668/575/568 641/553/541
f 641/553/541 685/576/569 642/554/542
f 642/554/542 685/576/569 669/577/570
f 669/577/570 685/576/569 686/578/571
f 669/577/570 686/578/571 670/579/572
f 671/580/573 687/581/574 672/582/575
f 672/582/575 687/581/574 688/583/576
f 672/582/575 688/583/576 647/559/547
f 647/559/547 688/583/576 648/560/548
f 648/560/548 689/584/577 649/561/549
f 649/561/549 689/584/577 673/585/578
f 673/585/578 689/584/577 690/586/579
f 673/585/578 690/586/579 674/587/580
f 675/588/581 691/589/582 676/590/583
f 676/590/583 691/589/582 692/591/584
f 676/590/583 692/591/584 654/565/554
f 654/565/554 692/591/584 655/566/555
f 655/566/555 693/592/585 656/567/556
f 656/567/556 693/592/585 677/593/586
f 677/593/586 693/592/585 694/594/587
f 677/593/586 694/594/587 678/595/588
f 679/596/589 695/597/590 680/598/591
f 680/598/591 695/597/590 696/599/592
f 680/598/591 696/599/592 661/571/561
f 661/571/561 696/599/592 662/560/562
f 662/560/562 697/600/593 663/572/563
f 663/572/563 697/600/593 681/601/594
f 681/601/594 697/600/593 698/602/595
f 681/601/594 698/602/595 682/603/596
f 683/604/597 699/605/598 684/606/599
f 684/606/599 699/605/598 700/607/600
f 684/606/599 700/607/600 668/575/568
f 668/575/568 700/607/600 641/553/541
f 641/553/541 701/608/601 685/576/569
f 688/583/576 702/609/602 648/560/548
f 648/560/548 702/609/602 689/584/577
f 692/591/584 703/608/603 655/566/555
f 655/566/555 703/608/603 693/592/585
f 696/599/592 704/610/604 662/560/562
f 662/560/562 704/610/604 697/600/593
f 700/607/600 701/608/601 641/553/541
f 685/576/569 705/611/605 686/578/571
f 686/578/571 705/611/605 706/612/606
f 687/581/574 707/613/607 708/614/608
f 687/581/574 708/614/608 688/583/576
f 689/584/577 709/615/609 690/586/579
f 690/586/579 709/615/609 710/616/610
f 691/589/582 711/617/611 712/618/612
f 691/589/582 712/618/612 692/591/584
f 693/592/585 713/619/613 694/594/587
f 694/594/587 713/619/613 714/620/614
f 695/597/590 715/621/615 716/622/616
f 695/597/590 716/622/616 696/599/592
f 697/600/593 717/623/617 698/602/595
f 698/602/595 717/623/617 718/624/618
f 699/605/598 719/625/619 720/626/620
f 699/605/598 720/626/620 700/607/600
f 721/627/621 722/628/622 723/629/623
f 723/629/623 722/628/622 724/630/624
f 725/631/625 726/632/626 727/633/627
f 725/631/625 727/633/627 728/634/628
f 728/634/628 727/633/627 729/635/629
f 730/636/630 731/637/631 732/638/632
f 732/638/632 731/637/631 733/639/633
f 734/640/634 735/641/635 736/642/636
f 736/642/636 735/641/635 737/643/637
f 701/608/601 738/644/638 739/645/639
f 701/608/601 739/645/639 685/576/569
f 685/576/569 739/645/639 740/646/640
f 685/576/569 740/646/640 705/611/605
f 721/627/621 741/647/641 722/628/622
f 722/628/622 742/648/642 724/630/624
f 708/614/608 743/649/643 744/650/644
f 708/614/608 744/650/644 688/583/576
f 688/583/576 744/650/644 745/651/645
f 688/583/576 745/651/645 702/609/602
f 702/609/602 745/651/645 746/652/646
f 702/609/602 746/652/646 689/584/577
f 689/584/577 746/652/646 747/653/647
f 689/584/577 747/653/647 709/615/609
f 727/633/627 748/654/648 729/635/629
f 712/618/612 749/646/649 750/655/650
f 712/618/612 750/655/650 692/591/584
f 692/591/584 750/655/650 751/644/651
f 692/591/584 751/644/651 703/608/603
f 703/608/603 751/644/651 752/656/652
f 703/608/603 752/656/652 693/592/585
f 693/592/585 752/656/652 753/657/653
f 693/592/585 753/657/653 713/619/613
f 730/636/630 754/658/654 731/637/631
f 731/637/631 755/659/655 733/639/633
f 716/622/616 756/653/656 757/660/657
f 716/622/616 757/660/657 696/599/592
f 696/599/592 757/660/657 758/651/658
f 696/599/592 758/651/658 704/610/604
f 704/610/604 758/651/658 759/661/659
f 704/610/604 759/661/659 697/600/593
f 697/600/593 759/661/659 760/649/660
f 697/600/593 760/649/660 717/623/617
f 734/640/634 761/662/661 735/641/635
f 735/641/635 762/663/662 737/643/637
f 720/626/620 763/657/663 764/664/664
f 720/626/620 764/664/664 700/607/600
f 700/607/600 764/664/664 738/644/638
f 700/607/600 738/644/638 701/608/601
f 739/645/639 765/665/665 740/646/640
f 740/646/640 765/665/665 766/666/666
f 767/667/667 768/668/668 743/649/643
f 743/649/643 768/668/668 744/650/644
f 746/652/646 769/669/669 747/653/647
f 747/653/647 769/669/669 770/670/670
f 771/666/671 772/671/672 749/646/649
f 749/646/649 772/671/672 750/655/650
f 752/656/652 773/672/673 753/657/653
f 753/657/653 773/672/673 774/673/674
f 775/670/675 776/674/676 756/653/656
f 756/653/656 776/674/676 757/660/657
f 759/661/659 777/675/677 760/649/660
f 760/649/660 777/675/677 778/667/678
f 779/676/679 780/677/680 763/657/663
f 763/657/663 780/677/680 764/664/664
f 738/644/638 781/678/681 739/645/639
f 739/645/639 781/678/681 782/679/682
f 739/645/639 782/679/682 765/665/665
f 765/665/665 782/679/682 783/680/683
f 768/668/668 784/681/684 785/682/685
f 768/668/668 785/682/685 786/683/686
f 768/668/668 786/683/686 744/650/644
f 744/650/644 786/683/686 787/684/687
f 744/650/644 787/684/687 745/651/645
f 745/651/645 787/684/687 746/652/646
f 746/652/646 787/684/687 788/685/688
f 746/652/646 788/685/688 769/669/669
f 769/669/669 788/685/688 789/686/689
f 772/671/672 790/687/690 791/688/691
f 772/671/672 791/688/691 792/689/692
f 772/671/672 792/689/692 750/655/650
f 750/655/650 792/689/692 793/690/693
f 750/655/650 793/690/693 751/644/651
f 751/644/651 793/690/693 752/656/652
f 752/656/652 793/690/693 794/691/694
f 752/656/652 794/691/694 773/672/673
f 773/672/673 794/691/694 795/692/695
f 776/674/676 796/693/696 797/694/697
f 776/674/676 797/694/697 798/695/698
f 776/674/676 798/695/698 757/660/657
f 757/660/657 798/695/698 799/696/699
f 757/660/657 799/696/699 758/651/658
f 758/651/658 799/696/699 759/661/659
f 759/661/659 799/696/699 800/697/700
f 759/661/659 800/697/700 777/675/677
f 777/675/677 800/697/700 801/698/701
f 780/677/680 802/699/702 803/700/703
f 780/677/680 803/700/703 804/701/704
f 780/677/680 804/701/704 764/664/664
f 764/664/664 804/701/704 781/678/681
f 764/664/664 781/678/681 738/644/638
f 806/702/705 805/703/706 807/704/707
f 809/705/708 808/706/709 810/707/710
f 812/708/711 811/709/712 813/710/713
f 815/711/714 814/712/715 816/713/716
f 807/704/707 805/703/706 817/714/717
f 810/707/710 808/706/709 818/715/718
f 813/710/713 811/709/712 819/716/719
f 816/713/716 814/712/715 820/717/720
f 805/703/706 821/718/721 817/714/717
f 808/706/709 822/719/722 818/715/718
f 811/709/712 823/720/723 819/716/719
f 814/712/715 824/721/724 820/717/720
f 805/703/706 825/722/725 826/723/726
f 805/703/706 826/723/726 821/718/721
f 821/718/721 827/724/727 808/706/709
f 808/706/709 827/724/727 828/725/728
f 808/706/709 828/725/728 822/719/722
f 822/719/722 829/726/729 811/709/712
f 811/709/712 829/726/729 830/727/730
f 811/709/712 830/727/730 823/720/723
f 823/720/723 831/728/731 814/712/715
f 814/712/715 831/728/731 832/729/732
f 814/712/715 832/729/732 824/721/724
f 824/721/724 825/722/725 805/703/706
f 825/722/725 833/730/733 826/723/726
f 821/718/721 826/723/726 834/731/734
f 821/718/721 834/731/734 835/732/735
f 821/718/721 835/732/735 827/724/727
f 827/724/727 836/733/736 828/725/728
f 822/719/722 828/725/728 837/734/737
f 822/719/722 837/734/737 838/735/738
f 822/719/722 838/735/738 829/726/729
f 829/726/729 839/736/739 830/727/730
f 823/720/723 830/727/730 840/737/740
f 823/720/723 840/737/740 841/738/741
f 823/720/723 841/738/741 831/728/731
f 831/728/731 842/739/742 832/729/732
f 824/721/724 832/729/732 843/740/743
f 824/721/724 843/740/743 844/741/744
f 824/721/724 844/741/744 825/722/725
f 846/742/745 847/743/746 848/744/747
f 826/723/726 849/745/748 850/746/749
f 826/723/726 850/746/749 834/731/734
f 851/747/750 852/748/751 853/749/752
f 855/750/753 856/751/754 857/752/755
f 828/725/728 858/753/756 859/754/757
f 828/725/728 859/754/757 837/734/737
f 863/755/758 864/756/759 865/757/760
f 830/727/730 866/758/761 867/759/762
f 830/727/730 867/759/762 840/737/740
f 868/752/763 869/760/764 870/761/765
f 872/762/766 873/763/767 874/747/768
f 832/729/732 875/764/769 876/765/770
f 832/729/732 876/765/770 843/740/743
f 845/766/771 879/767/772 846/742/745
f 881/768/773 882/769/774 883/770/775
f 881/768/773 883/770/775 852/748/751
f 852/748/751 883/770/775 884/771/776
f 852/748/751 884/771/776 853/749/752
f 853/749/752 884/771/776 885/772/777
f 853/749/752 885/772/777 854/773/778
f 854/773/778 885/772/777 855/750/753
f 855/750/753 886/774/779 856/751/754
f 856/751/754 887/775/780 888/776/781
f 861/777/782 890/778/783 860/779/784
f 860/779/784 890/778/783 862/780/785
f 862/780/785 890/778/783 891/781/786
f 862/780/785 891/781/786 863/755/758
f 893/776/787 894/782/788 895/783/789
f 893/776/787 895/783/789 869/760/764
f 869/760/764 895/783/789 896/784/790
f 869/760/764 896/784/790 870/761/765
f 870/761/765 896/784/790 897/785/791
f 870/761/765 897/785/791 871/773/792
f 871/773/792 897/785/791 872/762/766
f 872/762/766 898/786/793 873/763/767
f 873/763/767 899/787/794 900/768/795
f 878/788/796 902/789/797 877/790/798
f 877/790/798 902/789/797 845/766/771
f 845/766/771 902/789/797 879/767/772
f 846/742/745 903/791/799 847/743/746
f 847/743/746 903/791/799 880/792/800
f 855/750/753 885/772/777 886/774/779
f 863/755/758 904/793/801 864/756/759
f 864/756/759 904/793/801 892/794/802
f 872/762/766 897/785/791 898/786/793
f 903/791/799 905/795/803 880/792/800
f 886/774/779 906/796/804 856/751/754
f 856/751/754 906/796/804 887/775/780
f 889/797/805 907/798/806 908/799/807
f 889/797/805 908/799/807 861/777/782
f 861/777/782 908/799/807 890/778/783
f 904/793/801 909/800/808 892/794/802
f 898/786/793 910/801/809 873/763/767
f 873/763/767 910/801/809 899/787/794
f 901/802/810 911/803/811 912/804/812
f 901/802/810 912/804/812 878/788/796
f 878/788/796 912/804/812 902/789/797
f 846/742/745 879/767/772 913/805/813
f 846/742/745 913/805/813 903/791/799
f 883/770/775 914/806/814 884/771/776
f 915/807/815 916/808/816 917/809/817
f 886/774/779 919/810/818 906/796/804
f 863/755/758 891/781/786 920/811/819
f 863/755/758 920/811/819 904/793/801
f 895/783/789 921/810/820 896/784/790
f 924/812/821 925/813/822 926/814/823
f 898/786/793 927/806/824 910/801/809
f 882/769/774 929/815/825 930/816/826
f 882/769/774 930/816/826 883/770/775
f 931/817/827 932/818/828 916/808/816
f 933/819/829 981/820/830 918/821/831
f 918/821/831 981/820/830 934/822/832
f 918/821/831 934/822/832 935/823/833
f 906/796/804 936/824/834 937/825/835
f 906/796/804 937/825/835 887/775/780
f 908/799/807 938/826/836 890/778/783
f 890/778/783 938/826/836 939/827/837
f 890/778/783 939/827/837 891/781/786
f 894/782/788 940/825/838 941/824/839
f 894/782/788 941/824/839 895/783/789
f 942/828/840 943/829/841 923/830/842
f 922/831/843 923/830/842 944/832/844
f 922/831/843 944/832/844 924/812/821
f 924/812/821 944/832/844 945/833/845
f 924/812/821 945/833/845 925/813/822
f 925/813/822 945/833/845 946/834/846
f 925/813/822 946/834/846 947/835/847
f 910/801/809 948/816/848 949/815/849
f 910/801/809 949/815/849 899/787/794
f 912/804/812 950/836/850 902/789/797
f 902/789/797 950/836/850 928/837/851
f 902/789/797 928/837/851 879/767/772
f 951/838/852 952/839/853 953/840/854
f 955/841/855 956/842/856 932/818/828
f 932/818/828 956/842/856 916/808/816
f 916/808/816 979/843/857 917/809/817
f 917/809/817 979/843/857 933/819/829
f 981/820/830 957/844/858 934/822/832
f 934/822/832 957/844/858 958/845/859
f 937/825/860 959/846/861 960/847/862
f 937/825/860 960/847/862 961/848/863
f 964/849/864 965/850/865 966/851/866
f 968/852/867 969/853/868 943/829/841
f 943/829/841 969/853/868 923/830/842
f 945/833/845 970/854/869 946/834/846
f 946/834/846 970/854/869 971/855/870
f 949/815/871 972/856/872 973/857/873
f 949/815/871 973/857/873 974/858/874
f 951/838/852 977/859/875 952/839/853
f 956/842/856 979/843/857 916/808/816
f 979/843/857 980/860/876 933/819/829
f 933/819/829 980/860/876 981/820/830
f 982/861/877 983/862/878 962/863/879
f 962/863/879 983/862/878 984/864/880
f 962/863/879 984/864/880 963/865/881
f 963/865/881 984/864/880 964/849/864
f 964/849/864 984/864/880 965/850/865
f 969/853/868 986/866/882 923/830/842
f 923/830/842 986/866/882 944/832/844
f 987/867/883 988/868/884 975/869/885
f 975/869/885 988/868/884 977/859/875
f 975/869/885 977/859/875 976/870/886
f 976/870/886 977/859/875 951/838/852
f 953/840/854 952/839/853 978/871/887
f 978/871/887 952/839/853 955/872/888
f 957/844/858 989/873/889 958/845/859
f 958/845/859 989/873/889 982/861/877
f 982/861/877 989/873/889 983/862/878
f 966/851/866 965/850/865 985/874/890
f 985/874/890 965/850/865 968/875/891
f 970/854/869 991/876/892 971/855/870
f 971/855/870 991/876/892 987/867/883
f 987/867/883 991/876/892 988/868/884
f 992/877/893 171/92/70 173/94/72
f 193/114/92 993/878/894 192/112/90
f 192/112/90 993/878/894 994/879/895
f 376/880/896 249/188/166 995/881/897
f 995/881/897 249/188/166 244/179/157
f 995/881/897 244/179/157 996/882/898
f 244/179/157 997/883/899 996/882/898
f 997/883/899 244/179/157 998/884/900
f 998/884/900 244/179/157 204/178/156
f 997/883/899 998/884/900 999/885/901
f 999/885/901 998/884/900 1000/886/902
f 1000/886/902 998/884/900 97/887/903
f 998/884/900 204/178/156 1001/888/904
f 1001/888/904 204/178/156 1002/889/905
f 97/887/903 1003/890/906 96/171/149
f 1003/890/906 97/887/903 998/884/900
f 96/171/149 1003/890/906 1004/172/150
f 266/187/165 282/186/164 264/278/261
f 98/891/907 1005/892/908 99/893/909
f 261/894/910 120/90/232 217/252/231
f 98/891/907 1006/895/911 1005/892/908
f 259/896/912 1007/897/913 364/898/914
f 268/899/915 1008/900/916 373/901/917
f 254/902/918 1012/903/919 1009/904/920
f 254/902/918 1009/904/920 125/905/921
f 205/195/173 256/128/106 1010/906/922
f 1010/906/922 256/128/106 1011/907/923
f 254/902/918 205/195/173 1012/903/919
f 1006/895/911 282/186/164 1005/892/908
f 107/908/924 208/194/172 106/177/155
f 208/194/172 107/908/924 1013/909/925
f 208/194/172 1013/909/925 284/910/926
f 1039/911/927 256/128/106 1015/912/928
f 268/899/915 1016/913/929 1008/900/916
f 331/266/248 363/914/930 324/179/241
f 324/179/241 363/914/930 1017/915/931
f 339/916/932 1018/917/933 1019/918/934
f 1018/917/933 339/916/932 1020/919/935
f 1020/919/935 339/916/932 338/920/936
f 1020/919/935 338/920/936 1021/921/937
f 324/179/241 1019/918/934 285/198/176
f 1019/918/934 324/179/241 1022/922/938
f 1022/922/938 324/179/241 1017/915/931
f 1019/918/934 1022/922/938 1023/923/939
f 1019/918/934 1023/923/939 1024/924/940
f 1019/918/934 1024/924/940 339/916/932
f 348/279/262 325/262/244 327/264/246
f 325/262/244 348/279/262 282/186/164
f 282/186/164 348/279/262 264/278/261
f 355/925/941 98/891/907 354/926/942
f 98/891/907 355/925/941 1006/895/911
f 1043/927/943 344/928/944 370/929/945
f 1026/930/946 122/931/947 121/932/948
f 1021/921/937 338/920/936 340/933/949
f 286/199/177 128/55/33 1028/934/950
f 1028/934/950 128/55/33 1029/935/951
f 286/199/177 1028/934/950 291/209/187
f 291/209/187 1028/934/950 1030/936/952
f 291/209/187 1030/936/952 1031/937/953
f 282/186/164 1006/895/911 325/262/244
f 289/194/255 119/908/954 118/259/240
f 119/908/954 289/194/255 1032/909/955
f 1032/909/955 289/194/255 362/938/956
f 291/209/187 1050/939/957 1034/940/958
f 1035/941/959 122/931/947 1026/930/946
f 1029/935/951 128/55/33 1027/54/32
f 242/283/269 337/942/960 371/280/266
f 291/209/187 1034/940/958 1035/941/959
f 1035/941/959 1034/940/958 122/931/947
f 122/931/947 1034/940/958 351/943/961
f 1036/944/962 256/128/106 216/130/108
f 992/877/963 217/252/231 172/945/964
f 217/252/231 992/877/963 261/894/910
f 261/894/910 992/877/963 171/92/965
f 350/285/273 144/71/272 267/946/966
f 143/65/43 89/67/45 375/947/967
f 1025/948/968 286/199/177 285/198/176
f 1014/949/969 256/128/106 1038/950/970
f 1038/950/970 256/128/106 1039/911/927
f 1038/950/970 260/951/971 1014/949/969
f 260/951/971 1038/950/970 1040/952/972
f 260/951/971 1040/952/972 259/896/912
f 259/896/912 1040/952/972 1007/897/913
f 291/209/187 1031/937/953 1033/953/973
f 1011/907/923 256/128/106 1014/949/969
f 264/278/261 92/277/260 265/954/974
f 205/195/173 1002/889/905 204/178/156
f 1002/889/905 205/195/173 1044/955/975
f 1044/955/975 205/195/173 254/902/918
f 291/209/187 1035/941/959 1045/956/976
f 1046/210/188 291/209/187 1045/956/976
f 346/215/193 1046/210/188 1047/957/977
f 346/215/193 1047/957/977 347/958/978
f 186/105/264 245/106/979 332/107/265
f 1033/953/973 1048/959/980 1049/960/981
f 1048/959/980 1033/953/973 345/961/982
f 1048/959/980 345/961/982 344/928/944
f 1048/959/980 344/928/944 1043/927/943
f 291/209/187 1033/953/973 1049/960/981
f 291/209/187 1049/960/981 1050/939/957
f 1042/962/983 163/96/74 162/81/59
f 163/96/74 1042/962/983 1037/963/984
f 216/130/108 262/134/112 1051/964/985
f 1051/964/985 262/134/112 263/965/986
f 1015/912/928 256/128/106 1036/944/962
f 1015/912/928 1036/944/962 1016/913/929
f 1015/912/928 1016/913/929 268/899/915
f 1015/912/928 268/899/915 269/966/987
l 225 248
l 130 131
l 126 198
l 135 136
l 132 133
l 151 152
l 940 967
l 157 158
l 174 175
l 90 91
l 929 954
l 134 990
