# Blender 5.1.2
# www.blender.org
mtllib queen.mtl
o queen
v 0.000015 -0.000000 -0.009891
v 0.000000 0.000184 -0.009743
v 0.004448 0.000184 -0.008921
v 0.004766 -0.000000 -0.008546
v 0.008921 -0.000000 -0.004448
v 0.009454 0.000184 -0.003162
v 0.009454 0.000000 0.003162
v 0.008921 0.000184 0.004448
v 0.004448 0.000000 0.008921
v 0.003162 0.000184 0.009454
v -0.003162 0.000000 0.009454
v -0.004448 0.000184 0.008921
v -0.008921 0.000000 0.004448
v -0.009454 0.000184 0.003162
v -0.009454 -0.000000 -0.003162
v -0.008921 0.000184 -0.004448
v -0.004448 -0.000000 -0.008921
v -0.004766 0.000184 -0.008546
v -0.000015 0.000184 -0.009891
v 0.000000 -0.000000 -0.009743
v -0.001901 0.000184 -0.009556
v 0.001901 0.000184 -0.009556
v 0.000000 0.000184 -0.009743
v -0.003729 0.000184 -0.009001
v 0.003729 0.000184 -0.009001
v -0.005413 0.000184 -0.008101
v 0.005413 0.000184 -0.008101
v -0.006889 0.000184 -0.006889
v 0.006889 0.000184 -0.006889
v -0.008101 0.000184 -0.005413
v 0.008101 0.000184 -0.005413
v -0.009001 0.000184 -0.003729
v 0.009001 0.000184 -0.003729
v -0.009556 0.000184 -0.001901
v 0.009556 0.000184 -0.001901
v -0.009743 0.000184 -0.000000
v 0.009743 0.000184 -0.000000
v -0.009556 0.000184 0.001901
v 0.009556 0.000184 0.001901
v -0.009001 0.000184 0.003729
v 0.009001 0.000184 0.003729
v -0.008101 0.000184 0.005413
v 0.008101 0.000184 0.005413
v -0.006889 0.000184 0.006889
v 0.006889 0.000184 0.006889
v -0.005413 0.000184 0.008101
v 0.005413 0.000184 0.008101
v -0.003729 0.000184 0.009001
v 0.003729 0.000184 0.009001
v -0.001901 0.000184 0.009556
v 0.001901 0.000184 0.009556
v 0.000000 0.000184 0.009743
v 0.001901 -0.000000 -0.009556
v -0.001901 -0.000000 -0.009556
v 0.000000 -0.000000 -0.009743
v 0.003729 -0.000000 -0.009001
v -0.003729 -0.000000 -0.009001
v 0.005413 -0.000000 -0.008101
v -0.005413 -0.000000 -0.008101
v 0.006889 -0.000000 -0.006889
v -0.006889 -0.000000 -0.006889
v 0.008101 -0.000000 -0.005413
v -0.008101 -0.000000 -0.005413
v 0.009001 -0.000000 -0.003729
v -0.009001 -0.000000 -0.003729
v 0.009556 -0.000000 -0.001901
v -0.009556 -0.000000 -0.001901
v 0.009743 0.000000 0.000000
v -0.009743 0.000000 0.000000
v 0.009556 0.000000 0.001901
v -0.009556 0.000000 0.001901
v 0.009001 0.000000 0.003729
v -0.009001 0.000000 0.003729
v 0.008101 0.000000 0.005413
v -0.008101 0.000000 0.005413
v 0.006889 0.000000 0.006889
v -0.006889 0.000000 0.006889
v 0.005413 0.000000 0.008101
v -0.005413 0.000000 0.008101
v 0.003729 0.000000 0.009001
v -0.003729 0.000000 0.009001
v 0.001901 0.000000 0.009556
v -0.001901 0.000000 0.009556
v 0.000000 0.000000 0.009743
v 0.000000 0.066809 -0.000000
v 0.000000 0.066809 -0.000000
v 0.000000 0.066809 -0.000000
v 0.000000 0.066809 -0.000000
v 0.000000 0.066809 -0.000000
v 0.000000 0.066809 -0.000000
v 0.000000 0.066809 -0.000000
v 0.000000 0.066809 -0.000000
v 0.000000 0.066809 -0.000000
v 0.000000 0.066809 -0.000000
v 0.000000 0.066809 -0.000000
v 0.000000 0.066809 -0.000000
v 0.000000 0.066809 -0.000000
v 0.000000 0.066809 -0.000000
v 0.000000 0.066809 -0.000000
v 0.000000 0.066809 -0.000000
v 0.000000 0.066809 -0.000000
v 0.000000 0.066809 -0.000000
v 0.000000 0.066809 -0.000000
v 0.000000 0.066809 -0.000000
v 0.000000 0.066809 -0.000000
v 0.000000 0.066809 -0.000000
v 0.000000 0.066809 -0.000000
v 0.000000 0.066809 -0.000000
v 0.000000 0.066809 -0.000000
v 0.000000 0.066809 -0.000000
v 0.000000 0.066809 -0.000000
v 0.000000 0.066809 -0.000000
v 0.000000 0.066809 -0.000000
v 0.000000 0.066809 -0.000000
v 0.000000 0.066809 -0.000000
v 0.000000 0.066809 -0.000000
v 0.001218 0.069003 0.004731
v -0.004352 0.068944 0.002930
v -0.002253 0.068696 0.004717
v -0.004356 0.068948 -0.002933
v -0.005229 0.068609 -0.001241
v 0.001218 0.069003 -0.004731
v 0.004670 0.068947 -0.000000
v 0.003690 0.069746 -0.001902
v 0.001875 0.071497 -0.000000
v 0.000552 0.071372 -0.002642
v -0.000320 0.071896 -0.000000
v 0.000358 0.071497 -0.002086
v -0.002101 0.071494 -0.001294
v -0.000320 0.071896 -0.000000
v -0.001358 0.070846 -0.003192
v -0.002253 0.068696 -0.004717
v -0.002091 0.071499 -0.001287
v -0.000331 0.072025 0.000008
v -0.003675 0.070847 -0.000000
v -0.003179 0.070668 0.002077
v -0.005264 0.068675 0.001268
v -0.004318 0.068934 0.002899
v -0.002101 0.071494 0.001294
v 0.000358 0.071497 0.002086
v -0.000320 0.071896 -0.000000
v -0.001358 0.070846 0.003192
v 0.000552 0.071372 0.002642
v 0.001875 0.071497 0.000000
v -0.000320 0.071896 -0.000000
v 0.003690 0.069746 0.001902
v 0.004408 0.066465 -0.003107
v 0.002212 0.066451 -0.004895
v -0.001213 0.066452 -0.005431
v -0.004195 0.066451 -0.003918
v -0.005761 0.066452 -0.000828
v -0.005244 0.066451 0.002475
v -0.003519 0.066452 0.004404
v -0.001213 0.066452 0.005431
v 0.003004 0.066451 0.004520
v 0.003960 0.067986 0.003108
v 0.005118 0.066451 0.000896
v -0.003519 0.066452 0.004404
v -0.000315 0.071103 0.000017
v 0.000653 0.071716 0.000708
v -0.000321 0.071280 0.000004
v -0.000320 0.071318 -0.000000
v -0.001290 0.071558 -0.000000
v -0.000320 0.071318 -0.000000
v -0.000623 0.071569 -0.000934
v -0.000766 0.072177 0.001374
v -0.001636 0.072221 0.000794
v -0.001107 0.072853 -0.001485
v 0.000599 0.071672 -0.000666
v 0.000185 0.072203 -0.001416
v 0.001255 0.072778 0.000685
v -0.001636 0.072221 -0.000794
v 0.000754 0.073933 0.000725
v -0.001527 0.073632 0.000884
v -0.000912 0.073415 0.001432
v -0.001873 0.073387 -0.000221
v 0.000129 0.073627 -0.001379
v -0.000730 0.073725 -0.001359
v 0.001110 0.073098 -0.000863
v -0.000316 0.074598 -0.000014
v 0.000633 0.073949 -0.000846
v -0.000315 0.074597 -0.000014
v -0.001102 0.074262 -0.000569
v -0.000323 0.074520 0.000003
v -0.001511 0.073632 0.000870
v -0.000343 0.074714 0.000031
v 0.000076 0.073994 0.001207
v -0.000316 0.074598 0.000014
v 0.000678 0.074215 -0.000000
v -0.000823 0.072106 0.001517
v -0.000095 0.072502 0.001577
v -0.000309 0.071202 -0.000009
v 0.000000 0.000188 -0.000000
v 0.014770 0.000497 -0.000001
v 0.000219 0.000190 -0.000043
v 0.000000 0.000188 -0.000000
v 0.000206 0.000190 -0.000085
v 0.000000 0.000188 -0.000000
v 0.011670 0.000348 -0.007822
v 0.000000 0.000188 -0.000000
v 0.000158 0.000190 -0.000158
v 0.000000 0.000188 -0.000000
v 0.000124 0.000190 -0.000185
v 0.000000 0.000188 -0.000000
v 0.005358 0.000348 -0.012986
v 0.000000 0.000188 -0.000000
v 0.000043 0.000190 -0.000219
v 0.000000 0.000188 -0.000000
v 0.000000 0.000190 -0.000223
v 0.000000 0.000188 -0.000000
v -0.002735 0.000339 -0.013923
v 0.000000 0.000188 -0.000000
v -0.000085 0.000190 -0.000206
v 0.000000 0.000188 -0.000000
v -0.000124 0.000190 -0.000185
v 0.000000 0.000188 -0.000000
v -0.000158 0.000190 -0.000158
v 0.000000 0.000188 -0.000000
v -0.011663 0.000345 -0.007817
v 0.000000 0.000188 -0.000000
v -0.012981 0.000344 -0.005356
v 0.000000 0.000188 -0.000000
v -0.000219 0.000190 -0.000043
v 0.000000 0.000188 -0.000000
v -0.000223 0.000190 -0.000000
v 0.000000 0.000188 -0.000000
v -0.000219 0.000190 0.000043
v 0.000000 0.000188 -0.000000
v -0.012973 0.000341 0.005353
v 0.000000 0.000188 -0.000000
v -0.000185 0.000190 0.000124
v 0.000000 0.000188 -0.000000
v -0.000158 0.000190 0.000158
v 0.000000 0.000188 -0.000000
v -0.000124 0.000190 0.000185
v 0.000000 0.000188 -0.000000
v -0.005353 0.000341 0.012973
v 0.000000 0.000188 -0.000000
v -0.000043 0.000190 0.000219
v 0.000000 0.000188 -0.000000
v 0.000000 0.000344 0.014045
v 0.000000 0.000188 -0.000000
v 0.000043 0.000190 0.000219
v 0.000000 0.000188 -0.000000
v 0.000085 0.000190 0.000206
v 0.000000 0.000188 -0.000000
v 0.000124 0.000190 0.000185
v 0.000000 0.000188 -0.000000
v 0.009924 0.000341 0.009924
v 0.000000 0.000188 -0.000000
v 0.000185 0.000190 0.000124
v 0.000000 0.000188 -0.000000
v 0.000206 0.000190 0.000085
v 0.000000 0.000188 -0.000000
v 0.000219 0.000190 0.000043
v 0.000000 0.000188 -0.000000
v 0.014740 0.000497 0.000000
v 0.013580 0.000385 -0.004218
v 0.008945 0.000385 -0.011053
v 0.001299 0.000385 -0.014162
v -0.014142 0.000385 0.001491
v -0.008945 0.000385 0.011053
v 0.006790 0.000385 0.012493
v 0.013637 0.000385 0.004030
v -0.008872 0.000650 -0.011976
v -0.014663 0.000709 -0.002839
v 0.014470 0.000893 -0.004432
v 0.012520 0.000897 -0.008381
v 0.009567 0.000892 -0.011726
v 0.004352 0.000892 -0.014494
v -0.001525 0.000892 -0.015056
v -0.005778 0.000897 -0.013914
v -0.011725 0.000892 -0.009567
v -0.013924 0.000897 -0.005753
v -0.015056 0.000892 0.001525
v -0.013175 0.000748 0.007248
v -0.009567 0.000892 0.011725
v -0.004191 0.000748 0.014440
v 0.001653 0.000748 0.014945
v 0.007172 0.000892 0.013326
v 0.011738 0.000748 0.009398
v 0.014494 0.000892 0.004352
v 0.014469 0.002878 -0.004303
v 0.011723 0.002879 -0.009508
v 0.008402 0.002878 -0.012455
v 0.004463 0.002878 -0.014420
v 0.000068 0.002878 -0.015024
v -0.004303 0.002878 -0.014469
v -0.009508 0.002879 -0.011723
v -0.012455 0.002878 -0.008402
v -0.014420 0.002878 -0.004463
v -0.015024 0.002878 -0.000068
v -0.014469 0.002878 0.004303
v -0.011723 0.002879 0.009508
v -0.008402 0.002878 0.012455
v -0.004463 0.002878 0.014420
v -0.000068 0.002878 0.015024
v 0.004303 0.002878 0.014469
v 0.009508 0.002879 0.011723
v 0.012455 0.002878 0.008402
v 0.014420 0.002878 0.004463
v 0.015046 0.002860 0.000000
v 0.015042 0.002848 -0.000000
v 0.012954 0.003420 -0.000001
v 0.012677 0.003262 -0.003904
v 0.010215 0.003263 -0.008460
v 0.006199 0.003262 -0.011726
v 0.001243 0.003263 -0.013204
v -0.003908 0.003262 -0.012675
v -0.008460 0.003263 -0.010215
v -0.011726 0.003262 -0.006199
v -0.013204 0.003263 -0.001243
v -0.012675 0.003263 0.003904
v -0.010215 0.003263 0.008460
v -0.006200 0.003262 0.011725
v -0.001243 0.003263 0.013204
v 0.003908 0.003262 0.012675
v 0.008460 0.003263 0.010215
v 0.011725 0.003262 0.006200
v 0.012687 0.003423 0.002552
v 0.012965 0.003429 0.000001
v 0.012577 0.003654 -0.003801
v 0.010165 0.003655 -0.008326
v 0.006206 0.003655 -0.011582
v 0.001300 0.003655 -0.013075
v -0.003801 0.003655 -0.012578
v -0.008327 0.003655 -0.010164
v -0.011582 0.003655 -0.006206
v -0.013075 0.003655 -0.001300
v -0.012578 0.003655 0.003801
v -0.010165 0.003655 0.008326
v -0.006204 0.003655 0.011582
v -0.001300 0.003655 0.013075
v 0.003801 0.003655 0.012578
v 0.008326 0.003655 0.010165
v 0.011582 0.003655 0.006206
v 0.015162 0.005299 -0.000000
v 0.014096 0.004857 -0.004307
v 0.011372 0.004854 -0.009371
v 0.006921 0.004856 -0.013012
v 0.001413 0.004857 -0.014671
v -0.004307 0.004857 -0.014096
v -0.009371 0.004854 -0.011372
v -0.013012 0.004856 -0.006921
v -0.014671 0.004857 -0.001415
v -0.014096 0.004857 0.004307
v -0.011372 0.004854 0.009371
v -0.006921 0.004856 0.013012
v -0.001413 0.004857 0.014671
v 0.004307 0.004857 0.014096
v 0.009370 0.004854 0.011373
v 0.013012 0.004856 0.006921
v 0.015229 0.005664 0.002958
v 0.015503 0.005662 -0.000001
v 0.015342 0.006214 -0.003064
v 0.014448 0.006214 -0.005999
v 0.013000 0.006213 -0.008703
v 0.011052 0.006212 -0.011072
v 0.008681 0.006212 -0.013015
v 0.005975 0.006214 -0.014458
v 0.003038 0.006214 -0.015347
v -0.000014 0.006214 -0.015645
v -0.003064 0.006214 -0.015342
v -0.005999 0.006214 -0.014448
v -0.008703 0.006213 -0.013000
v -0.011072 0.006212 -0.011053
v -0.013015 0.006213 -0.008681
v -0.014458 0.006214 -0.005975
v -0.015347 0.006214 -0.003038
v -0.015645 0.006214 0.000014
v -0.015342 0.006214 0.003064
v -0.014448 0.006214 0.005999
v -0.013000 0.006213 0.008703
v -0.011053 0.006212 0.011072
v -0.008681 0.006213 0.013015
v -0.005975 0.006214 0.014458
v -0.003038 0.006214 0.015347
v 0.000014 0.006214 0.015645
v 0.003064 0.006214 0.015342
v 0.005999 0.006213 0.014448
v 0.008704 0.006212 0.013000
v 0.011071 0.006212 0.011053
v 0.013015 0.006213 0.008681
v 0.014458 0.006214 0.005975
v 0.015715 0.006992 0.000000
v 0.014899 0.008619 -0.002895
v 0.014226 0.008109 -0.005885
v 0.011972 0.008123 -0.009784
v 0.009381 0.008754 -0.011893
v 0.004517 0.008122 -0.014787
v -0.001486 0.008122 -0.015390
v -0.005885 0.008109 -0.014226
v -0.009784 0.008123 -0.011972
v -0.011893 0.008754 -0.009381
v -0.014787 0.008122 -0.004517
v -0.015390 0.008122 0.001486
v -0.014226 0.008109 0.005885
v -0.011972 0.008123 0.009784
v -0.009381 0.008754 0.011893
v -0.004517 0.008122 0.014787
v 0.001486 0.008122 0.015390
v 0.005885 0.008109 0.014226
v 0.009784 0.008123 0.011972
v 0.011893 0.008754 0.009381
v 0.014787 0.008122 0.004517
v 0.015230 0.008550 0.000000
v 0.014851 0.008934 0.000000
v 0.012233 0.009968 -0.006512
v 0.004047 0.009969 -0.013253
v -0.001333 0.009966 -0.013795
v -0.006512 0.009968 -0.012233
v -0.013254 0.009968 -0.004046
v -0.013795 0.009966 0.001333
v -0.012233 0.009968 0.006512
v -0.004046 0.009968 0.013254
v 0.001333 0.009966 0.013795
v 0.006511 0.009969 0.012232
v 0.013254 0.009968 0.004046
v 0.010282 0.013197 0.000000
v 0.009973 0.013367 -0.002018
v 0.009594 0.012619 -0.005141
v 0.006898 0.012617 -0.008422
v 0.003148 0.012618 -0.010421
v -0.001080 0.012617 -0.010833
v -0.005141 0.012619 -0.009594
v -0.008422 0.012617 -0.006898
v -0.010420 0.012618 -0.003148
v -0.010833 0.012617 0.001080
v -0.009594 0.012619 0.005141
v -0.006898 0.012617 0.008422
v -0.003148 0.012618 0.010420
v 0.001080 0.012617 0.010833
v 0.005141 0.012618 0.009594
v 0.008422 0.012617 0.006898
v 0.010420 0.012618 0.003148
v 0.010170 0.013375 -0.000000
v 0.008947 0.014064 -0.004784
v 0.006540 0.014109 -0.007733
v 0.002945 0.014060 -0.009710
v 0.000020 0.014051 -0.010100
v -0.002943 0.014060 -0.009710
v -0.005595 0.014057 -0.008408
v -0.007733 0.014109 -0.006540
v -0.009710 0.014060 -0.002945
v -0.010100 0.014051 -0.000020
v -0.009710 0.014060 0.002943
v -0.008408 0.014057 0.005595
v -0.006540 0.014109 0.007733
v -0.002945 0.014060 0.009710
v -0.000020 0.014051 0.010100
v 0.002943 0.014060 0.009710
v 0.006570 0.014161 0.007696
v 0.008947 0.014063 0.004784
v 0.009891 0.014116 0.001944
v 0.009951 0.016114 -0.000000
v 0.008857 0.016043 -0.004679
v 0.004766 0.016042 -0.008810
v 0.002122 0.016217 -0.009687
v -0.000000 0.015905 -0.009995
v -0.002908 0.015909 -0.009611
v -0.006132 0.016209 -0.007830
v -0.008810 0.016042 -0.004766
v -0.009687 0.016217 -0.002122
v -0.009995 0.015905 0.000000
v -0.009611 0.015909 0.002908
v -0.007830 0.016209 0.006132
v -0.004766 0.016042 0.008810
v -0.002122 0.016217 0.009687
v 0.000000 0.015905 0.009995
v 0.002908 0.015909 0.009611
v 0.006132 0.016209 0.007830
v 0.008810 0.016043 0.004767
v 0.009666 0.016246 -0.001911
v 0.007156 0.016233 -0.006789
v 0.009614 0.016231 0.002209
v 0.009889 0.016194 0.000000
v -0.001864 0.016275 -0.009578
v -0.009578 0.016275 0.001864
v 0.001864 0.016275 0.009578
v 0.008658 0.016322 0.000000
v 0.008329 0.016350 -0.002507
v 0.006737 0.016350 -0.005501
v 0.004118 0.016350 -0.007662
v 0.000872 0.016350 -0.008654
v -0.002507 0.016350 -0.008329
v -0.005501 0.016350 -0.006737
v -0.007662 0.016350 -0.004118
v -0.008654 0.016350 -0.000872
v -0.008329 0.016350 0.002507
v -0.006737 0.016350 0.005501
v -0.004118 0.016350 0.007662
v -0.000872 0.016350 0.008654
v 0.002507 0.016350 0.008329
v 0.005501 0.016350 0.006737
v 0.007138 0.016348 0.004902
v 0.008317 0.016350 0.002546
v 0.008748 0.016312 0.000000
v 0.007235 0.019984 0.000000
v 0.006321 0.023461 -0.000000
v 0.006131 0.023223 -0.001858
v 0.004952 0.023228 -0.004062
v 0.003021 0.023224 -0.005649
v 0.000721 0.023537 -0.006293
v -0.000705 0.020660 -0.007101
v -0.001883 0.023511 -0.006056
v -0.004062 0.023228 -0.004952
v -0.005649 0.023224 -0.003021
v -0.006293 0.023537 -0.000721
v -0.007101 0.020660 0.000705
v -0.006056 0.023511 0.001883
v -0.004952 0.023228 0.004062
v -0.003021 0.023224 0.005649
v -0.000721 0.023537 0.006293
v 0.000705 0.020660 0.007101
v 0.001883 0.023511 0.006056
v 0.004062 0.023228 0.004952
v 0.006543 0.021065 0.002694
v 0.004535 0.029893 0.002424
v 0.005435 0.028594 0.000005
v 0.004927 0.032890 -0.000006
v 0.004083 0.033030 -0.002735
v 0.001995 0.035038 -0.004258
v -0.000005 0.033023 -0.004915
v -0.002735 0.033030 -0.004083
v -0.004258 0.035038 -0.001995
v -0.004915 0.033023 0.000005
v -0.004083 0.033030 0.002735
v -0.001995 0.035038 0.004258
v 0.000005 0.033023 0.004915
v 0.002735 0.033030 0.004083
v 0.004727 0.035264 0.000005
v 0.004849 0.042789 -0.000004
v 0.004406 0.040246 -0.001726
v 0.002772 0.042859 -0.004031
v -0.000469 0.040258 -0.004681
v -0.002223 0.040257 -0.004146
v -0.004021 0.043014 -0.002821
v -0.004681 0.040258 0.000469
v -0.004146 0.040257 0.002223
v -0.002821 0.043014 0.004021
v 0.000469 0.040258 0.004681
v 0.002223 0.040257 0.004146
v 0.004021 0.043014 0.002821
v 0.004373 0.040252 0.001793
v 0.004864 0.042841 -0.000000
v 0.004264 0.044084 -0.002803
v 0.000975 0.043889 -0.004974
v -0.004974 0.043889 -0.000975
v -0.000975 0.043889 0.004974
v -0.002045 0.045289 -0.004961
v -0.004961 0.045289 0.002045
v 0.002045 0.045289 0.004961
v 0.006371 0.048809 -0.000002
v 0.004157 0.048809 -0.004782
v -0.000442 0.048809 -0.006321
v -0.004782 0.048809 -0.004157
v -0.006321 0.048809 0.000442
v -0.004157 0.048809 0.004782
v 0.000442 0.048809 0.006321
v 0.004782 0.048809 0.004157
v 0.006273 0.048809 0.000000
v 0.008870 0.048815 -0.000000
v 0.009017 0.048833 -0.000000
v -0.001480 0.048820 -0.008840
v 0.006043 0.048824 0.006722
v -0.001767 0.048815 0.008848
v 0.002954 0.048823 -0.008556
v -0.006442 0.048820 -0.006243
v -0.008534 0.048833 -0.003045
v 0.007194 0.048818 -0.005472
v -0.008765 0.048821 0.002227
v 0.002222 0.048817 0.008604
v -0.006653 0.048981 0.006369
v 0.008605 0.049010 0.003430
v 0.009176 0.049360 -0.002340
v -0.004435 0.049012 -0.008059
v 0.004483 0.049678 -0.008407
v -0.000940 0.049680 -0.009481
v -0.008407 0.049678 -0.004483
v -0.009481 0.049680 0.000940
v -0.004483 0.049678 0.008407
v 0.002971 0.049667 0.009080
v 0.009478 0.049980 0.000000
v 0.007367 0.049963 -0.006041
v 0.001854 0.049961 -0.009300
v -0.006041 0.049963 -0.007367
v -0.009300 0.049961 -0.001854
v -0.008763 0.049961 0.003625
v -0.007367 0.049963 0.006041
v -0.000935 0.049821 0.009497
v 0.006041 0.049963 0.007367
v 0.008401 0.049962 0.004494
v 0.009617 0.049876 0.000011
v 0.008929 0.050283 -0.003153
v 0.004463 0.050522 -0.008130
v -0.000247 0.050822 -0.008985
v -0.003153 0.050283 -0.008929
v -0.008059 0.050630 -0.004435
v -0.008929 0.050764 0.001383
v 0.002036 0.050807 0.008784
v 0.008916 0.050831 -0.000001
v 0.006991 0.050811 -0.005567
v -0.005559 0.050821 -0.006981
v -0.007942 0.050818 0.004082
v -0.004829 0.050788 0.007709
v -0.000802 0.050562 0.009202
v 0.005762 0.050624 0.007117
v 0.007762 0.050813 0.004463
v 0.009074 0.050807 0.000003
v -0.008986 0.050807 -0.001119
v 0.002556 0.050827 -0.008529
v -0.004798 0.050833 0.005826
v 0.002218 0.050833 0.007215
v 0.005826 0.050833 0.004798
v 0.007205 0.050833 0.002246
v 0.007512 0.050833 -0.000000
v 0.000708 0.050833 -0.007515
v -0.007515 0.050833 -0.000708
v -0.000708 0.050833 0.007515
v 0.006246 0.050833 -0.004172
v -0.002218 0.050833 -0.007215
v -0.004793 0.050833 -0.005830
v -0.002874 0.050833 0.006940
v 0.004172 0.050833 0.006246
v 0.007515 0.050833 -0.000000
v -0.007208 0.050833 0.002237
v 0.007208 0.050833 -0.002237
v 0.004798 0.050833 -0.005826
v -0.006246 0.050833 0.004172
v -0.006659 0.050833 -0.003553
v 0.002874 0.050834 -0.006940
v 0.007577 0.052312 -0.000003
v 0.001465 0.052312 -0.007373
v -0.000790 0.052312 0.007511
v 0.007626 0.052312 0.000003
v -0.000726 0.052312 -0.007518
v -0.007518 0.052312 0.000726
v 0.002129 0.052312 0.007245
v 0.003637 0.052312 -0.006617
v -0.003485 0.052312 -0.006699
v -0.003637 0.052312 0.006617
v 0.006617 0.052312 0.003637
v 0.006349 0.052312 -0.004199
v -0.005822 0.052312 -0.004811
v -0.007262 0.052312 -0.002062
v -0.006349 0.052312 0.004199
v 0.004772 0.052312 0.005854
v -0.004317 0.052312 0.003448
v -0.005268 0.052312 0.001668
v -0.000531 0.052312 0.005502
v 0.002618 0.052312 -0.004866
v -0.001668 0.052312 -0.005268
v -0.003448 0.052312 -0.004317
v 0.001669 0.052312 0.005268
v 0.005092 0.052312 0.002236
v -0.005502 0.052312 -0.000531
v 0.003510 0.052312 0.004268
v 0.005268 0.052312 -0.001668
v 0.000531 0.052312 -0.005502
v -0.002618 0.052312 0.004866
v 0.005502 0.052312 0.000000
v 0.005501 0.052312 -0.000000
v 0.004268 0.052312 -0.003510
v -0.004866 0.052312 -0.002618
v 0.005571 0.056060 -0.000007
v -0.000537 0.056060 -0.005503
v -0.003892 0.056060 -0.003890
v -0.005503 0.056060 0.000537
v -0.003890 0.056060 0.003892
v 0.000537 0.056060 0.005503
v 0.005503 0.056060 -0.000000
v 0.004891 0.056060 -0.002580
v -0.002580 0.056060 -0.004891
v -0.004891 0.056060 0.002580
v 0.002580 0.056060 0.004891
v 0.003535 0.056060 -0.004252
v 0.001555 0.056060 -0.005305
v 0.004252 0.056060 0.003535
v 0.005305 0.056060 0.001555
v -0.005184 0.056060 -0.002047
v -0.002047 0.056060 0.005184
v 0.006332 0.056060 -0.000003
v 0.002396 0.056060 -0.005782
v 0.000455 0.056060 -0.006270
v 0.002945 0.056060 0.005561
v 0.004053 0.056060 -0.004811
v 0.005561 0.056060 -0.002945
v -0.002945 0.056060 -0.005561
v 0.005953 0.056060 0.002008
v -0.002821 0.056060 0.005616
v -0.005782 0.056060 -0.002396
v -0.006270 0.056060 -0.000455
v 0.000212 0.056060 0.006320
v 0.004836 0.056060 0.004025
v -0.001862 0.056481 -0.006008
v -0.004811 0.056061 -0.004053
v -0.006006 0.056062 0.001866
v -0.004796 0.056060 0.004069
v 0.006261 0.056497 -0.000000
v 0.001221 0.056565 -0.006144
v -0.006253 0.056565 -0.000707
v -0.001221 0.056565 0.006144
v 0.006144 0.056565 0.001221
v 0.004911 0.056565 -0.003937
v 0.003150 0.056565 -0.005440
v -0.003937 0.056565 -0.004911
v -0.005440 0.056565 -0.003150
v -0.004911 0.056565 0.003937
v -0.003150 0.056565 0.005440
v 0.003937 0.056565 0.004911
v 0.002397 0.056565 0.005789
v 0.005452 0.056565 0.003133
v 0.006266 0.056565 -0.000000
v 0.006013 0.056565 -0.001864
v -0.000609 0.056565 -0.006266
v -0.006047 0.056565 0.001746
v 0.000609 0.056565 0.006266
v -0.003328 0.056565 -0.004069
v -0.005032 0.056566 0.001520
v 0.003327 0.056565 0.004069
v 0.005229 0.056566 0.000000
v -0.001040 0.056566 -0.005194
v 0.005234 0.056566 0.000000
v 0.005032 0.056566 -0.001520
v -0.005230 0.056566 -0.000520
v -0.004069 0.056566 0.003328
v -0.000520 0.056566 0.005230
v 0.002022 0.056566 -0.004896
v -0.004632 0.056566 -0.002486
v -0.002486 0.056567 0.004632
v 0.004896 0.056566 0.002022
v 0.001520 0.056566 0.005032
v 0.004069 0.056566 -0.003327
v 0.005276 0.060460 -0.000000
v 0.004921 0.060363 -0.002036
v 0.003353 0.060378 -0.004087
v 0.001604 0.060484 -0.005061
v -0.000023 0.060379 -0.005311
v -0.002164 0.060393 -0.004858
v -0.004086 0.060377 -0.003353
v -0.005058 0.060375 -0.001534
v -0.005261 0.060380 0.000518
v -0.004662 0.060379 0.002492
v -0.003353 0.060379 0.004087
v -0.001535 0.060377 0.005059
v 0.000456 0.060490 0.005290
v 0.002165 0.060397 0.004858
v 0.004088 0.060380 0.003352
v 0.005059 0.060378 0.001535
v 0.005249 0.060286 0.000000
v 0.007128 0.064665 -0.000001
v 0.005907 0.063310 -0.002433
v 0.004039 0.063355 -0.004917
v 0.001854 0.063353 -0.006086
v -0.000615 0.063353 -0.006333
v -0.003641 0.064281 -0.005874
v -0.004917 0.063355 -0.004039
v -0.006086 0.063353 -0.001855
v -0.006333 0.063353 0.000615
v -0.005874 0.064281 0.003641
v -0.004039 0.063355 0.004917
v -0.001855 0.063353 0.006086
v 0.000615 0.063353 0.006333
v 0.002994 0.063354 0.005615
v 0.004917 0.063355 0.004039
v 0.006086 0.063353 0.001855
v 0.006902 0.064385 0.000000
v 0.007392 0.065279 -0.002903
v 0.005000 0.065281 -0.006291
v 0.000286 0.065302 -0.007969
v -0.002903 0.065279 -0.007392
v -0.007012 0.065325 -0.003762
v -0.007969 0.065302 -0.000286
v -0.007392 0.065279 0.002903
v -0.003762 0.065325 0.007012
v -0.000286 0.065302 0.007969
v 0.002903 0.065279 0.007392
v 0.005713 0.065286 0.005550
v 0.007612 0.065326 0.002322
v 0.009776 0.066791 0.000001
v 0.009429 0.066592 -0.002872
v 0.007612 0.066592 -0.006263
v 0.004636 0.066592 -0.008698
v 0.000954 0.066592 -0.009811
v -0.002871 0.066592 -0.009429
v -0.006263 0.066592 -0.007612
v -0.008698 0.066592 -0.004636
v -0.009811 0.066592 -0.000954
v -0.009429 0.066592 0.002872
v -0.007612 0.066592 0.006263
v -0.004636 0.066592 0.008698
v -0.000954 0.066592 0.009811
v 0.002872 0.066592 0.009429
v 0.006263 0.066592 0.007612
v 0.008698 0.066592 0.004637
v 0.009938 0.066584 0.000011
v 0.008762 0.067219 -0.002535
v 0.007126 0.067219 -0.005692
v 0.004402 0.067219 -0.007988
v 0.001062 0.067293 -0.008898
v -0.002535 0.067219 -0.008762
v -0.005692 0.067219 -0.007126
v -0.007988 0.067219 -0.004402
v -0.008898 0.067293 -0.001062
v -0.008762 0.067219 0.002535
v -0.007126 0.067219 0.005692
v -0.004402 0.067219 0.007988
v -0.001021 0.067125 0.009236
v 0.006299 0.067286 0.006509
v 0.008630 0.067226 0.002991
v 0.002094 0.067305 0.008687
v 0.009051 0.067292 0.000000
v 0.007895 0.067274 0.000000
v 0.007014 0.067153 -0.002913
v 0.004358 0.067188 -0.006402
v -0.002913 0.067153 -0.007014
v -0.006402 0.067188 -0.004358
v -0.007015 0.067153 0.002913
v -0.004358 0.067188 0.006402
v 0.000708 0.067102 -0.007486
v -0.007486 0.067102 -0.000708
v -0.000717 0.067016 0.007243
v 0.002873 0.067056 0.006873
v 0.006629 0.067014 0.003325
v 0.006008 0.066264 -0.000000
v 0.005983 0.066124 -0.000000
v 0.002314 0.066100 -0.005582
v 0.000000 0.066124 -0.005985
v -0.004976 0.066124 -0.003325
v -0.005927 0.066100 0.001176
v -0.003789 0.066127 0.004665
v 0.002711 0.066119 0.005373
v 0.005238 0.066119 0.002964
v 0.005870 0.066118 -0.001167
v 0.005529 0.066117 -0.002290
v 0.004644 0.066118 -0.003822
v 0.001167 0.066118 -0.005870
v -0.001167 0.066118 -0.005870
v -0.002290 0.066117 -0.005529
v -0.003822 0.066118 -0.004644
v -0.005917 0.066114 -0.001178
v -0.005300 0.066117 0.002843
v -0.002290 0.066117 0.005529
v -0.001167 0.066118 0.005870
v -0.000000 0.066117 0.005985
v 0.001167 0.066118 0.005870
v 0.004232 0.066117 0.004232
v 0.005870 0.066118 0.001167
v 0.006035 0.066723 0.000000
v 0.005928 0.066717 -0.001179
v 0.005918 0.066725 -0.001177
v 0.005584 0.066718 -0.002313
v 0.005575 0.066723 -0.002309
v 0.005015 0.066726 -0.003351
v 0.004265 0.066726 -0.004265
v 0.003351 0.066726 -0.005015
v 0.002313 0.066718 -0.005583
v 0.002310 0.066723 -0.005576
v 0.001179 0.066719 -0.005927
v 0.001178 0.066723 -0.005920
v 0.000000 0.066718 -0.006044
v 0.000000 0.066723 -0.006035
v -0.001179 0.066717 -0.005928
v -0.001177 0.066725 -0.005918
v -0.002313 0.066718 -0.005584
v -0.002309 0.066723 -0.005575
v -0.003351 0.066726 -0.005015
v -0.004265 0.066726 -0.004265
v -0.005026 0.066717 -0.003359
v -0.005017 0.066724 -0.003352
v -0.005572 0.066726 -0.002308
v -0.005927 0.066719 -0.001179
v -0.005920 0.066723 -0.001178
v -0.006031 0.066726 -0.000000
v -0.005928 0.066717 0.001179
v -0.005918 0.066725 0.001177
v -0.005572 0.066726 0.002308
v -0.005015 0.066726 0.003351
v -0.004265 0.066726 0.004265
v -0.003351 0.066726 0.005015
v -0.002313 0.066718 0.005583
v -0.002310 0.066723 0.005576
v -0.001179 0.066719 0.005927
v -0.001178 0.066723 0.005920
v -0.000000 0.066718 0.006044
v -0.000000 0.066723 0.006035
v 0.001179 0.066717 0.005928
v 0.001177 0.066725 0.005918
v 0.002308 0.066726 0.005572
v 0.003351 0.066726 0.005015
v 0.004274 0.066718 0.004274
v 0.004267 0.066723 0.004268
v 0.005015 0.066726 0.003351
v 0.005572 0.066726 0.002308
v 0.005927 0.066719 0.001179
v 0.006044 0.066718 0.000000
v 0.005920 0.066723 0.001178
vn 0.1415 0.6273 -0.7658
vn 0.1515 -0.8303 -0.5363
vn 0.6828 -0.2334 -0.6924
vn 0.2903 0.9231 -0.2523
vn 0.3835 -0.9231 -0.0269
vn 0.3835 0.9231 0.0269
vn 0.2903 -0.9231 0.2523
vn 0.2523 0.9231 0.2903
vn 0.0269 -0.9231 0.3835
vn -0.0269 0.9231 0.3835
vn -0.2523 -0.9231 0.2903
vn -0.2903 0.9231 0.2523
vn -0.3835 -0.9231 0.0269
vn -0.3835 0.9231 -0.0269
vn -0.2903 -0.9231 -0.2523
vn -0.6828 0.2334 -0.6924
vn -0.1515 0.8303 -0.5363
vn -0.1415 -0.6273 -0.7658
vn -0.0000 1.0000 -0.0000
vn -0.0000 -1.0000 -0.0000
vn -0.7502 -0.6512 -0.1151
vn -0.0151 -0.9999 0.0024
vn -0.7614 -0.6476 -0.0285
vn -0.6886 -0.6484 0.3247
vn -0.0135 -0.9999 0.0045
vn -0.6485 -0.6465 0.4019
vn -0.0107 -0.9999 0.0087
vn -0.5163 -0.6406 0.5683
vn -0.0087 -0.9999 0.0107
vn -0.4721 -0.5996 0.6462
vn -0.0007 -0.9999 0.0160
vn -0.3146 -0.6766 0.6658
vn -0.2512 -0.6863 0.6826
vn -0.0012 -0.9999 0.0150
vn -0.1456 -0.6535 0.7428
vn -0.1151 -0.6512 0.7502
vn 0.0024 -0.9999 0.0151
vn -0.0240 -0.6427 0.7658
vn 0.0326 -0.6525 0.7571
vn 0.0063 -0.9999 0.0142
vn 0.1260 -0.6415 0.7567
vn 0.1799 -0.6530 0.7357
vn 0.0097 -0.9999 0.0123
vn 0.2716 -0.6423 0.7167
vn 0.3246 -0.6484 0.6886
vn 0.0045 -0.9999 0.0135
vn 0.4019 -0.6465 0.6485
vn 0.0087 -0.9999 0.0107
vn 0.5620 -0.6463 0.5163
vn 0.0162 -0.9999 0.0032
vn 0.6201 -0.6336 0.4626
vn 0.6517 -0.6494 0.3918
vn 0.0116 -0.9999 0.0078
vn 0.7191 -0.6217 0.3106
vn 0.0155 -0.9999 -0.0016
vn 0.7201 -0.6699 0.1808
vn 0.7284 -0.6761 0.1108
vn 0.0137 -0.9999 0.0045
vn 0.7692 -0.6390 0.0057
vn 0.0137 -0.9999 -0.0089
vn 0.7298 -0.6750 -0.1083
vn 0.7094 -0.6830 -0.1741
vn 0.0137 -0.9999 -0.0028
vn 0.6947 -0.6631 -0.2789
vn 0.0122 -0.9999 -0.0064
vn 0.6234 -0.6371 -0.4532
vn 0.0107 -0.9999 -0.0087
vn 0.5704 -0.6346 -0.5215
vn 0.0087 -0.9999 -0.0107
vn 0.4037 -0.6420 -0.6518
vn 0.0007 -0.9999 -0.0160
vn 0.3331 -0.6347 -0.6973
vn 0.2594 -0.6517 -0.7128
vn 0.0012 -0.9999 -0.0150
vn 0.1735 -0.6427 -0.7462
vn 0.1151 -0.6512 -0.7502
vn -0.0024 -0.9999 -0.0151
vn 0.0241 -0.6427 -0.7658
vn -0.0326 -0.6526 -0.7570
vn -0.0063 -0.9999 -0.0142
vn -0.1261 -0.6416 -0.7566
vn -0.1842 -0.6488 -0.7383
vn -0.0028 -0.9999 -0.0137
vn -0.2651 -0.6603 -0.7026
vn -0.0064 -0.9999 -0.0122
vn -0.4585 -0.6278 -0.6290
vn -0.0144 -0.9999 -0.0069
vn -0.5130 -0.6319 -0.5809
vn -0.5643 -0.6477 -0.5119
vn -0.0093 -0.9999 -0.0107
vn -0.6111 -0.6575 -0.4408
vn -0.0122 -0.9999 -0.0064
vn -0.7303 -0.6304 -0.2631
vn -0.0155 -0.9999 0.0016
vn -0.7489 -0.6322 -0.1984
vn -0.7580 -0.6514 0.0328
vn -0.0142 -0.9999 0.0063
vn -0.7571 -0.6412 0.1253
vn -0.7356 -0.6531 0.1799
vn -0.0123 -0.9999 0.0098
vn -0.7167 -0.6423 0.2716
vn 0.4337 0.8995 -0.0532
vn 0.3910 0.8483 -0.3571
vn 0.0518 0.9977 -0.0439
vn 0.8842 0.4668 0.0163
vn 0.7057 0.5976 -0.3806
vn 0.3029 0.4744 -0.8265
vn 0.1188 0.9065 -0.4051
vn -0.3385 0.9047 -0.2589
vn -0.0208 0.9979 -0.0613
vn -0.1941 0.7758 -0.6004
vn -0.6878 0.5271 -0.4991
vn -0.3320 0.4019 -0.8534
vn -0.6032 0.7974 -0.0169
vn -0.3742 0.9058 -0.1987
vn -0.2213 0.9686 0.1136
vn -0.5169 0.7880 0.3346
vn -0.8938 0.3879 -0.2253
vn -0.8975 0.3920 0.2020
vn -0.7180 0.4346 0.5438
vn -0.3392 0.9044 0.2590
vn 0.1188 0.9065 0.4051
vn -0.0208 0.9979 0.0613
vn -0.6451 0.4990 0.5787
vn -0.1948 0.7757 0.6003
vn 0.2673 0.4608 0.8463
vn -0.3315 0.4102 0.8496
vn 0.4105 0.8098 0.4192
vn 0.4337 0.8995 0.0532
vn 0.0518 0.9977 0.0439
vn 0.6959 0.6244 0.3549
vn 0.7999 0.2979 -0.5210
vn 0.4387 0.2269 -0.8695
vn -0.1348 0.1764 -0.9750
vn -0.7023 0.1588 -0.6940
vn -0.9753 0.1518 -0.1603
vn -0.8822 0.1556 0.4443
vn -0.5798 0.1550 0.7999
vn -0.1030 0.1712 0.9798
vn 0.5609 0.1591 0.8125
vn 0.7887 0.2627 0.5558
vn 0.9765 0.1518 0.1528
vn -0.6149 0.2001 0.7628
vn -0.1143 -0.9892 -0.0914
vn -0.5470 -0.8356 0.0508
vn -0.1609 -0.8370 -0.5230
vn 0.1000 -0.9822 -0.1587
vn 0.5756 -0.7330 -0.3625
vn -0.8121 -0.3751 -0.4469
vn -0.4553 -0.0150 -0.8902
vn 0.2905 -0.3604 -0.8864
vn 0.8771 0.0679 -0.4755
vn -0.8307 -0.3530 0.4306
vn 0.5848 0.8112 -0.0063
vn 0.5355 0.6717 -0.5119
vn 0.1472 0.9249 -0.3505
vn 0.2367 0.4719 -0.8493
vn -0.2515 0.5304 -0.8096
vn 0.0901 0.8850 -0.4567
vn -0.4792 0.8118 -0.3337
vn -0.8349 0.4261 0.3485
vn -0.3588 0.9006 0.2453
vn -0.9483 0.2841 -0.1417
vn -0.5669 0.5065 0.6497
vn -0.3707 0.3007 0.8787
vn -0.2928 0.7573 0.5838
vn 0.1673 0.6336 0.7554
vn 0.6864 0.5729 0.4479
vn 0.2483 0.9319 0.2643
vn -0.2373 -0.5234 0.8184
vn 0.1974 -0.2417 0.9500
vn 0.9204 -0.0596 0.3865
vn -0.6298 -0.4640 0.6229
vn 0.5429 -0.7021 0.4608
vn -0.1696 -0.9258 0.3379
vn 0.3581 -0.9336 0.0099
vn 0.0525 -0.7471 0.6626
vn -0.0228 0.9979 -0.0609
vn -0.7044 0.7083 0.0464
vn -0.0165 0.9995 -0.0278
vn -0.0106 0.9999 0.0021
vn -0.0075 0.9999 0.0091
vn -0.0054 0.9999 0.0153
vn -0.2214 0.9642 0.1462
vn -0.0178 0.9998 -0.0027
vn -0.0113 0.9999 0.0034
vn -0.0076 0.9999 0.0076
vn -0.0011 0.9999 0.0116
vn 0.0040 0.9999 0.0157
vn -0.1309 0.9561 0.2620
vn -0.0161 0.9998 0.0076
vn -0.0075 0.9999 0.0087
vn -0.0021 0.9999 0.0106
vn 0.0039 0.9999 0.0102
vn 0.0086 0.9999 0.0108
vn 0.0736 0.9510 0.3004
vn -0.0057 0.9999 0.0138
vn 0.0004 0.9999 0.0109
vn 0.0042 0.9999 0.0100
vn 0.0058 0.9999 0.0086
vn 0.0060 0.9999 0.0091
vn 0.0110 0.9999 0.0037
vn 0.0157 0.9999 -0.0004
vn 0.2268 0.9629 0.1459
vn 0.0108 0.9999 0.0073
vn 0.2376 0.9659 0.1029
vn 0.0079 0.9999 0.0148
vn 0.0086 0.9999 0.0068
vn 0.0106 0.9999 0.0021
vn 0.0109 0.9999 -0.0000
vn 0.0108 0.9999 -0.0000
vn 0.0090 0.9999 -0.0063
vn 0.0088 0.9999 -0.0117
vn 0.2485 0.9650 -0.0839
vn 0.0154 0.9999 0.0039
vn 0.0105 0.9999 -0.0016
vn 0.0091 0.9999 -0.0060
vn 0.0077 0.9999 -0.0077
vn 0.0076 0.9999 -0.0077
vn 0.0019 0.9999 -0.0109
vn -0.0021 0.9999 -0.0145
vn 0.1170 0.9654 -0.2332
vn 0.0138 0.9999 -0.0081
vn 0.0012 1.0000 -0.0094
vn -0.0088 0.9999 -0.0127
vn 0.0096 0.9687 -0.2480
vn 0.0109 0.9999 -0.0129
vn 0.0030 0.9999 -0.0109
vn -0.0021 0.9999 -0.0106
vn -0.0042 0.9999 -0.0101
vn -0.0042 0.9999 -0.0100
vn -0.0092 0.9999 -0.0055
vn -0.0144 0.9999 -0.0035
vn -0.1728 0.9658 -0.1934
vn -0.0020 0.9999 -0.0160
vn -0.0059 0.9999 -0.0095
vn -0.0090 0.9999 -0.0060
vn -0.0134 0.9999 -0.0035
vn -0.0100 0.9999 -0.0041
vn -0.0181 0.9996 0.0238
vn -0.6840 0.7289 -0.0294
vn -0.0198 0.9982 0.0564
vn -0.2201 0.9728 0.0723
vn -0.1859 0.9536 0.2368
vn -0.0367 0.9312 0.3627
vn 0.2880 0.9569 -0.0367
vn 0.1848 0.9560 -0.2280
vn -0.1399 0.9562 -0.2572
vn -0.2243 0.9721 -0.0683
vn 0.4363 0.6568 0.6150
vn 0.7925 0.5959 0.1297
vn 0.7315 0.5447 -0.4101
vn 0.2254 0.5569 -0.7994
vn -0.0980 0.5581 -0.8239
vn -0.6583 0.5565 -0.5068
vn -0.8493 0.4600 0.2590
vn -0.7491 0.4704 0.4664
vn -0.5498 0.4700 0.6905
vn -0.2572 0.4912 0.8322
vn 0.0741 0.4662 0.8816
vn 0.3555 0.4886 0.7968
vn 0.6825 0.4838 0.5478
vn 0.8032 0.4627 0.3751
vn 0.8798 0.4657 -0.0953
vn 0.5538 0.4679 -0.6887
vn -0.4221 0.4534 -0.7850
vn -0.8410 0.4683 -0.2709
vn -0.7701 -0.5953 0.2293
vn -0.6282 -0.5997 0.4956
vn -0.4225 -0.6035 0.6762
vn -0.2462 -0.6069 0.7557
vn -0.0218 -0.6053 0.7957
vn 0.2355 -0.6003 0.7643
vn 0.4979 -0.5880 0.6375
vn 0.6762 -0.6035 0.4225
vn 0.7674 -0.5967 0.2346
vn 0.7940 -0.6075 0.0209
vn 0.7797 -0.5753 -0.2472
vn 0.6383 -0.5799 -0.5063
vn 0.4225 -0.6035 -0.6762
vn 0.2490 -0.5898 -0.7682
vn 0.0190 -0.5871 -0.8093
vn -0.2336 -0.5792 -0.7810
vn -0.5186 -0.5761 -0.6318
vn -0.6815 -0.5911 -0.4315
vn -0.7635 -0.5920 -0.2580
vn -0.8396 -0.5426 -0.0264
vn -0.8442 -0.5320 0.0661
vn -0.9698 -0.2321 0.0745
vn -0.5937 -0.7793 0.2006
vn -0.4829 -0.7731 0.4112
vn -0.2905 -0.7732 0.5638
vn -0.0514 -0.7722 0.6333
vn 0.1972 -0.7745 0.6011
vn 0.4109 -0.7736 0.4824
vn 0.5638 -0.7732 0.2905
vn 0.6333 -0.7722 0.0515
vn 0.6025 -0.7735 -0.1968
vn 0.4829 -0.7732 -0.4112
vn 0.2902 -0.7737 -0.5632
vn 0.0514 -0.7722 -0.6333
vn -0.1972 -0.7745 -0.6010
vn -0.4111 -0.7732 -0.4829
vn -0.5609 -0.7762 -0.2879
vn -0.9448 -0.2455 -0.2170
vn -0.9692 -0.2368 -0.0669
vn -0.8997 0.3411 0.2724
vn -0.7384 0.3290 0.5886
vn -0.4570 0.3287 0.8265
vn -0.1051 0.3301 0.9381
vn 0.2608 0.3284 0.9078
vn 0.5891 0.3282 0.7384
vn 0.8265 0.3286 0.4571
vn 0.9381 0.3301 0.1051
vn 0.9071 0.3297 -0.2618
vn 0.7384 0.3291 -0.5886
vn 0.4569 0.3279 -0.8269
vn 0.1051 0.3301 -0.9381
vn -0.2608 0.3285 -0.9078
vn -0.5887 0.3290 -0.7384
vn -0.8269 0.3305 -0.4549
vn -0.8229 0.5681 0.0064
vn -0.6890 0.6886 0.2261
vn -0.5565 0.6931 0.4582
vn -0.3389 0.6928 0.6366
vn -0.0690 0.6929 0.7178
vn 0.2106 0.6925 0.6900
vn 0.4583 0.6931 0.5564
vn 0.6367 0.6927 0.3388
vn 0.7179 0.6927 0.0692
vn 0.6900 0.6925 -0.2105
vn 0.5565 0.6931 -0.4582
vn 0.3390 0.6927 -0.6366
vn 0.0690 0.6928 -0.7178
vn -0.2106 0.6925 -0.6900
vn -0.4584 0.6934 -0.5559
vn -0.6319 0.6955 -0.3419
vn -0.9100 0.3808 -0.1642
vn -0.9317 0.3618 -0.0306
vn -0.9570 0.2158 0.1938
vn -0.8853 0.2471 0.3940
vn -0.8286 0.2379 0.5069
vn -0.6608 0.2454 0.7093
vn -0.5493 0.2135 0.8079
vn -0.3751 0.2368 0.8962
vn -0.1851 0.2351 0.9542
vn -0.0032 0.2365 0.9716
vn 0.1846 0.2482 0.9509
vn 0.3938 0.2472 0.8853
vn 0.5069 0.2377 0.8286
vn 0.7093 0.2455 0.6607
vn 0.8079 0.2133 0.5493
vn 0.8963 0.2367 0.3750
vn 0.9542 0.2350 0.1849
vn 0.9716 0.2366 0.0031
vn 0.9509 0.2483 -0.1846
vn 0.8853 0.2471 -0.3940
vn 0.8286 0.2379 -0.5069
vn 0.6607 0.2455 -0.7093
vn 0.5493 0.2134 -0.8079
vn 0.3751 0.2368 -0.8962
vn 0.1851 0.2351 -0.9542
vn 0.0032 0.2365 -0.9716
vn -0.1846 0.2482 -0.9509
vn -0.3938 0.2472 -0.8853
vn -0.5068 0.2379 -0.8286
vn -0.7094 0.2455 -0.6607
vn -0.8079 0.2133 -0.5493
vn -0.8974 0.2049 -0.3906
vn -0.9985 -0.0520 -0.0153
vn -0.8525 -0.4929 0.1742
vn -0.8470 -0.3875 0.3640
vn -0.7142 -0.4048 0.5710
vn -0.5244 -0.5024 0.6875
vn -0.2614 -0.3988 0.8790
vn 0.0812 -0.4052 0.9106
vn 0.3397 -0.4110 0.8460
vn 0.5711 -0.4048 0.7141
vn 0.6875 -0.5023 0.5244
vn 0.8790 -0.3987 0.2614
vn 0.9106 -0.4052 -0.0812
vn 0.8459 -0.4110 -0.3398
vn 0.7142 -0.4048 -0.5710
vn 0.5244 -0.5024 -0.6875
vn 0.2614 -0.3988 -0.8790
vn -0.0812 -0.4052 -0.9106
vn -0.3397 -0.4110 -0.8460
vn -0.5711 -0.4048 -0.7141
vn -0.6875 -0.5023 -0.5244
vn -0.8895 -0.3719 -0.2653
vn -0.9001 -0.4343 -0.0346
vn -0.8069 -0.5903 -0.0202
vn -0.6247 -0.7028 0.3403
vn -0.1988 -0.7035 0.6823
vn 0.0688 -0.6988 0.7120
vn 0.3321 -0.7004 0.6318
vn 0.6823 -0.7035 0.1988
vn 0.7120 -0.6988 -0.0688
vn 0.6318 -0.7004 -0.3321
vn 0.1988 -0.7035 -0.6823
vn -0.0688 -0.6988 -0.7120
vn -0.3321 -0.7004 -0.6317
vn -0.6744 -0.7055 -0.2179
vn -0.8803 -0.4744 0.0113
vn -0.8781 -0.4377 0.1934
vn -0.6844 -0.6290 0.3686
vn -0.4954 -0.6189 0.6095
vn -0.2312 -0.6191 0.7505
vn 0.0755 -0.6195 0.7814
vn 0.3746 -0.6197 0.6896
vn 0.6095 -0.6189 0.4954
vn 0.7506 -0.6190 0.2312
vn 0.7814 -0.6195 -0.0755
vn 0.6896 -0.6197 -0.3747
vn 0.4954 -0.6189 -0.6095
vn 0.2312 -0.6190 -0.7506
vn -0.0755 -0.6195 -0.7814
vn -0.3681 -0.6263 -0.6872
vn -0.6093 -0.6175 -0.4975
vn -0.7410 -0.6288 -0.2355
vn -0.8976 -0.4408 0.0013
vn -0.8526 -0.2577 0.4545
vn -0.6271 -0.2739 0.7292
vn -0.2885 -0.2714 0.9182
vn -0.0165 -0.2621 0.9649
vn 0.2872 -0.2543 0.9235
vn 0.5389 -0.2727 0.7970
vn 0.7363 -0.2750 0.6183
vn 0.9182 -0.2713 0.2885
vn 0.9649 -0.2619 0.0166
vn 0.9235 -0.2543 -0.2872
vn 0.7970 -0.2727 -0.5389
vn 0.6183 -0.2751 -0.7363
vn 0.2884 -0.2714 -0.9182
vn 0.0165 -0.2620 -0.9649
vn -0.2941 -0.2546 -0.9212
vn -0.6239 -0.2630 -0.7359
vn -0.8493 -0.2574 -0.4609
vn -0.9587 -0.2377 -0.1562
vn -0.7616 -0.6478 0.0184
vn -0.7305 -0.5587 0.3927
vn -0.4016 -0.5616 0.7234
vn -0.1534 -0.6842 0.7129
vn 0.0037 -0.3859 0.9226
vn 0.3001 -0.4030 0.8646
vn 0.4570 -0.6677 0.5877
vn 0.7043 -0.5856 0.4013
vn 0.7125 -0.6845 0.1545
vn 0.9226 -0.3859 -0.0037
vn 0.8646 -0.4029 -0.3001
vn 0.5877 -0.6677 -0.4570
vn 0.4012 -0.5856 -0.7043
vn 0.1545 -0.6844 -0.7125
vn -0.0037 -0.3859 -0.9226
vn -0.3001 -0.4030 -0.8646
vn -0.4595 -0.6617 -0.5924
vn -0.7017 -0.5903 -0.3989
vn -0.6933 -0.7061 0.1440
vn -0.5337 -0.6860 0.4945
vn -0.7020 -0.6932 -0.1634
vn -0.7305 -0.6824 -0.0270
vn 0.0886 -0.8255 0.5574
vn 0.5574 -0.8255 -0.0886
vn -0.0886 -0.8255 -0.5574
vn -0.6055 -0.7958 -0.0076
vn -0.5563 -0.8109 0.1815
vn -0.4550 -0.8127 0.3641
vn -0.2858 -0.7991 0.5289
vn -0.0601 -0.8124 0.5800
vn 0.1714 -0.8201 0.5459
vn 0.3720 -0.8109 0.4517
vn 0.5398 -0.7872 0.2982
vn 0.5801 -0.8124 0.0601
vn 0.5459 -0.8201 -0.1715
vn 0.4516 -0.8109 -0.3721
vn 0.2983 -0.7872 -0.5398
vn 0.0601 -0.8124 -0.5800
vn -0.1714 -0.8201 -0.5459
vn -0.3685 -0.8137 -0.4496
vn -0.5545 -0.7478 -0.3651
vn -0.5618 -0.8079 -0.1782
vn -0.5588 -0.8291 -0.0181
vn -0.9521 -0.3034 -0.0382
vn -0.9741 -0.2242 0.0304
vn -0.9248 -0.2376 0.2971
vn -0.7512 -0.2343 0.6171
vn -0.4609 -0.2410 0.8541
vn -0.1057 -0.2330 0.9667
vn 0.0903 -0.3090 0.9468
vn 0.2837 -0.2289 0.9312
vn 0.6182 -0.2362 0.7497
vn 0.8541 -0.2410 0.4609
vn 0.9667 -0.2330 0.1057
vn 0.9468 -0.3090 -0.0903
vn 0.9312 -0.2289 -0.2837
vn 0.7497 -0.2362 -0.6182
vn 0.4609 -0.2410 -0.8541
vn 0.1057 -0.2330 -0.9667
vn -0.0903 -0.3090 -0.9468
vn -0.2837 -0.2289 -0.9312
vn -0.6267 -0.2337 -0.7434
vn -0.8838 -0.2791 -0.3754
vn -0.8836 -0.1395 -0.4470
vn -0.9519 -0.1795 -0.2483
vn -0.9609 -0.0656 0.2689
vn -0.8350 -0.0993 0.5412
vn -0.4197 -0.0395 0.9068
vn 0.0302 -0.1052 0.9940
vn 0.5388 -0.1025 0.8362
vn 0.9071 -0.0388 0.4191
vn 0.9940 -0.1052 -0.0302
vn 0.8362 -0.1025 -0.5388
vn 0.4190 -0.0389 -0.9071
vn -0.0302 -0.1052 -0.9940
vn -0.5432 -0.0829 -0.8355
vn -0.9971 0.0014 -0.0760
vn -0.9617 0.1279 0.2423
vn -0.9152 0.0031 0.4031
vn -0.5862 0.1107 0.8026
vn 0.1238 0.0609 0.9904
vn 0.4505 0.0307 0.8923
vn 0.7966 0.0995 0.5963
vn 0.9904 0.0609 -0.1238
vn 0.8923 0.0307 -0.4505
vn 0.5963 0.0995 -0.7966
vn -0.1238 0.0609 -0.9904
vn -0.4505 0.0307 -0.8923
vn -0.8278 0.1213 -0.5477
vn -0.9231 0.0026 -0.3844
vn -0.9547 0.1005 -0.2802
vn -0.8497 0.1892 0.4922
vn -0.1974 0.1222 0.9727
vn 0.9725 0.1203 0.1995
vn 0.1995 0.1203 -0.9725
vn 0.3771 0.2009 0.9041
vn 0.9041 0.2009 -0.3771
vn -0.3771 0.2009 -0.9041
vn -0.4995 0.8418 0.2046
vn -0.3404 0.8560 0.3891
vn 0.0302 0.8547 0.5182
vn 0.3970 0.8542 0.3357
vn 0.5186 0.8545 -0.0287
vn 0.3370 0.8541 -0.3962
vn -0.0303 0.8555 -0.5170
vn -0.3954 0.8522 -0.3426
vn -0.5209 0.8345 -0.1798
vn -0.4727 0.8059 0.3564
vn 0.5582 0.8129 -0.1660
vn -0.4956 0.8669 -0.0537
vn 0.1195 0.8197 -0.5602
vn -0.4088 0.8033 -0.4331
vn -0.1758 0.8103 0.5591
vn 0.0965 0.8496 0.5184
vn 0.4203 0.8198 0.3889
vn 0.5616 0.8091 0.1731
vn -0.0945 0.8651 -0.4927
vn -0.5558 0.8312 0.0114
vn 0.3514 0.6534 0.6705
vn 0.4862 0.7350 -0.4726
vn -0.6967 0.6709 -0.2539
vn -0.8726 0.4320 0.2279
vn -0.3282 0.1037 -0.9389
vn -0.4945 0.1850 0.8493
vn 0.0704 0.1119 0.9912
vn 0.8622 0.1353 0.4881
vn 0.9897 0.1291 -0.0620
vn 0.4415 0.1566 -0.8835
vn 0.0785 0.0641 -0.9948
vn -0.9840 0.0170 -0.1771
vn -0.9926 -0.1215 -0.0020
vn -0.8348 -0.4399 0.3309
vn -0.7578 -0.0862 0.6468
vn -0.1720 -0.0774 0.9821
vn 0.3196 -0.3664 0.8739
vn 0.6466 -0.0894 0.7575
vn 0.9812 -0.0332 0.1901
vn 0.9117 -0.0420 -0.4088
vn 0.7848 -0.1492 -0.6016
vn -0.6312 -0.0588 -0.7734
vn -0.8695 -0.1107 -0.4814
vn -0.3942 -0.6370 0.6624
vn 0.0123 -0.8268 0.5623
vn 0.6011 -0.7196 0.3477
vn 0.5732 -0.8176 0.0546
vn 0.5819 -0.8078 -0.0942
vn 0.3289 -0.7855 -0.5242
vn 0.0720 -0.7061 -0.7044
vn -0.1259 -0.8059 -0.5785
vn -0.5049 -0.8610 0.0606
vn -0.3883 -0.8668 0.3127
vn -0.1368 -0.8690 0.4755
vn 0.3094 -0.8700 0.3839
vn 0.4525 -0.8575 -0.2447
vn -0.3908 -0.7724 -0.5007
vn -0.4495 -0.8540 -0.2620
vn -0.5518 -0.8213 -0.1449
vn 0.4248 -0.7469 -0.5115
vn 0.0557 -0.7348 -0.6760
vn -0.1920 -0.7412 -0.6432
vn -0.5205 -0.7410 -0.4242
vn -0.6277 -0.7538 -0.1943
vn 0.6692 -0.7408 0.0589
vn -0.5856 -0.7085 0.3939
vn -0.4231 -0.7523 0.5051
vn 0.1977 -0.7434 0.6389
vn 0.4207 -0.7488 0.5121
vn 0.2486 -0.7244 -0.6430
vn -0.3753 -0.7188 -0.5852
vn -0.6726 -0.7382 -0.0510
vn 0.6295 -0.7530 -0.1917
vn -0.7230 -0.6890 0.0505
vn -0.6085 -0.7722 0.1827
vn -0.0595 -0.7426 0.6671
vn 0.5885 -0.7461 0.3113
vn 0.5841 -0.7096 -0.3940
vn -0.2555 -0.7286 0.6355
vn -0.7518 -0.6458 0.1330
vn -0.1526 -0.6834 0.7139
vn 0.7181 -0.6636 0.2098
vn 0.0732 -0.6689 -0.7397
vn -0.7534 -0.6423 -0.1410
vn 0.0784 -0.6634 0.7442
vn 0.7451 -0.6620 -0.0808
vn -0.2030 -0.6677 -0.7163
vn -0.3642 -0.6704 0.6465
vn 0.3482 -0.6636 0.6621
vn 0.3579 -0.6695 -0.6509
vn -0.6594 -0.6638 -0.3528
vn -0.6345 -0.6532 0.4131
vn 0.5786 -0.6625 0.4757
vn 0.6313 -0.6533 -0.4180
vn -0.4641 -0.6693 -0.5803
vn 0.6359 -0.7463 -0.1966
vn 0.5146 -0.7471 -0.4207
vn -0.5133 -0.7465 0.4234
vn -0.3139 -0.7475 0.5854
vn 0.5819 -0.7478 0.3196
vn 0.0619 -0.7483 -0.6604
vn -0.4274 -0.7487 -0.5067
vn -0.0632 -0.7481 0.6606
vn 0.1966 -0.7460 0.6362
vn 0.4207 -0.7472 0.5144
vn -0.1984 -0.7468 -0.6347
vn -0.5946 -0.7609 -0.2598
vn -0.6336 -0.7456 0.2064
vn 0.6606 -0.7482 0.0619
vn 0.3193 -0.7479 -0.5819
vn -0.6230 -0.7785 -0.0762
vn -0.7139 -0.6984 0.0511
vn -0.6402 0.7540 0.1468
vn -0.1903 0.7480 0.6359
vn 0.1385 0.6411 0.7548
vn 0.4866 0.7386 0.4665
vn 0.6050 0.7605 0.2358
vn 0.6599 0.7491 -0.0579
vn 0.4663 0.7391 -0.4862
vn 0.2355 0.7606 -0.6050
vn -0.0572 0.7499 -0.6591
vn -0.6338 0.7508 -0.1860
vn -0.8424 0.5386 0.0144
vn -0.5884 0.7505 0.3010
vn 0.3044 0.7451 0.5934
vn 0.5943 0.7444 -0.3046
vn -0.3102 0.7478 -0.5870
vn -0.4220 0.7484 0.5116
vn -0.5108 0.7488 -0.4223
vn -0.7689 0.6304 0.1067
vn -0.2702 0.6597 0.7012
vn -0.0286 0.6542 0.7558
vn -0.0091 0.6401 -0.7683
vn -0.3531 0.6498 -0.6731
vn -0.5967 0.6259 -0.5022
vn -0.7318 0.6425 -0.2271
vn -0.5040 0.6278 0.5931
vn 0.5562 0.6676 -0.4950
vn -0.6901 0.6263 0.3627
vn 0.3407 0.6188 0.7078
vn 0.7471 0.6643 0.0226
vn 0.3134 0.6603 -0.6825
vn 0.7199 0.6422 0.2633
vn 0.1580 -0.3192 0.9344
vn 0.5929 0.6244 0.5085
vn 0.7053 0.6682 -0.2370
vn -0.9432 -0.2637 0.2020
vn -0.1683 -0.6597 0.7324
vn 0.7438 -0.6609 0.0997
vn 0.1764 -0.5966 -0.7829
vn -0.7686 -0.6308 -0.1067
vn -0.6093 -0.6220 0.4918
vn -0.3810 -0.6432 0.6641
vn 0.4812 -0.6264 0.6132
vn 0.6656 -0.6431 0.3787
vn 0.6013 -0.6573 -0.4543
vn 0.4108 -0.6516 -0.6377
vn -0.4986 -0.6193 -0.6065
vn -0.7775 -0.5881 0.2227
vn -0.2440 -0.6514 -0.7184
vn -0.6766 -0.6293 -0.3822
vn -0.7026 -0.7084 0.0672
vn 0.1333 -0.5719 0.8094
vn 0.7241 -0.6614 -0.1954
vn -0.1254 -0.6604 -0.7404
vn -0.4281 -0.7481 -0.5070
vn 0.4081 -0.7439 0.5292
vn 0.1422 -0.7451 0.6516
vn 0.5164 -0.7449 -0.4224
vn 0.6393 -0.7443 -0.1931
vn -0.7083 -0.7039 0.0535
vn 0.6639 -0.7449 0.0660
vn -0.1769 -0.7528 -0.6340
vn -0.6523 -0.7547 -0.0704
vn -0.6378 -0.7457 0.1930
vn -0.2400 -0.7618 0.6018
vn -0.5994 -0.7597 -0.2523
vn 0.5880 -0.7448 0.3154
vn 0.0551 -0.7494 -0.6598
vn 0.3155 -0.7442 -0.5887
vn -0.5072 -0.7483 0.4277
vn -0.9767 0.1994 0.0795
vn -0.9058 0.1737 0.3865
vn -0.6398 0.1699 0.7496
vn -0.3078 0.1791 0.9344
vn 0.0088 0.1657 0.9861
vn 0.4108 0.1770 0.8944
vn 0.7545 0.1700 0.6338
vn 0.9428 0.1712 0.2860
vn 0.9801 0.1756 -0.0930
vn 0.8656 0.1850 -0.4654
vn 0.6248 0.1716 -0.7617
vn 0.2894 0.1696 -0.9421
vn -0.0834 0.1953 -0.9772
vn -0.4102 0.1749 -0.8950
vn -0.7543 0.1715 -0.6337
vn -0.9347 0.1883 -0.3015
vn -0.9800 0.1957 -0.0362
vn -0.7431 0.6664 0.0612
vn -0.8012 0.4871 0.3476
vn -0.5568 0.5174 0.6498
vn -0.2575 0.4891 0.8333
vn 0.0952 0.5067 0.8569
vn 0.4218 0.6251 0.6568
vn 0.6760 0.4660 0.5709
vn 0.8264 0.5037 0.2517
vn 0.8606 0.5012 -0.0903
vn 0.6594 0.6214 -0.4231
vn 0.5679 0.4625 -0.6808
vn 0.2516 0.5037 -0.8264
vn -0.0875 0.5114 -0.8548
vn -0.4089 0.5111 -0.7560
vn -0.6709 0.5061 -0.5420
vn -0.8350 0.4737 -0.2800
vn -0.7838 0.6202 -0.0318
vn -0.6070 0.7559 0.2454
vn -0.4029 0.7514 0.5225
vn -0.0458 0.7451 0.6654
vn 0.2215 0.7602 0.6107
vn 0.5817 0.7543 0.3044
vn 0.6665 0.7449 0.0304
vn 0.6108 0.7602 -0.2215
vn 0.3044 0.7543 -0.5817
vn 0.0304 0.7449 -0.6665
vn -0.2469 0.7439 -0.6210
vn -0.4825 0.7478 -0.4560
vn -0.6271 0.7516 -0.2045
vn -0.9818 -0.1866 -0.0348
vn -0.9503 0.0525 0.3069
vn -0.7743 0.0477 0.6311
vn -0.4381 0.0603 0.8969
vn -0.1138 0.0391 0.9927
vn 0.2907 0.0464 0.9557
vn 0.6413 0.0294 0.7667
vn 0.8884 0.0484 0.4564
vn 0.9939 0.0339 0.1048
vn 0.9552 0.0474 -0.2920
vn 0.7667 0.0294 -0.6413
vn 0.4625 0.0518 -0.8851
vn 0.0942 0.0716 -0.9930
vn -0.3082 0.0174 -0.9512
vn -0.6045 0.0287 -0.7961
vn -0.8773 0.0307 -0.4790
vn -0.9788 0.0343 -0.2019
vn -0.3429 -0.9327 0.1117
vn -0.2930 -0.9292 0.2251
vn -0.1905 -0.9249 0.3290
vn -0.0427 -0.9506 0.3073
vn 0.1043 -0.9284 0.3567
vn 0.2251 -0.9292 0.2930
vn 0.3291 -0.9249 0.1905
vn 0.3073 -0.9506 0.0428
vn 0.3568 -0.9283 -0.1042
vn 0.2930 -0.9292 -0.2251
vn 0.1916 -0.9264 -0.3241
vn 0.0591 -0.8774 -0.4762
vn -0.0668 -0.9542 -0.2915
vn -0.2576 -0.9339 -0.2480
vn -0.4552 -0.8784 -0.1455
vn -0.2374 -0.9714 0.0032
vn 0.1113 -0.9905 -0.0804
vn 0.2508 -0.9617 -0.1109
vn 0.1319 -0.9759 -0.1741
vn -0.1069 -0.9617 -0.2524
vn -0.1955 -0.9716 -0.1333
vn -0.2563 -0.9601 0.1115
vn -0.1377 -0.9690 0.2052
vn 0.0353 -0.9500 -0.3102
vn -0.2812 -0.9587 -0.0435
vn -0.0872 -0.8642 0.4956
vn 0.1715 -0.9293 0.3272
vn 0.3276 -0.9272 0.1815
vn -0.4915 -0.8706 -0.0218
vn -0.5542 -0.8323 -0.0108
vn -0.1711 -0.9284 0.3298
vn -0.0000 -0.8875 0.4608
vn 0.3952 -0.8890 0.2312
vn 0.3759 -0.9210 -0.1022
vn 0.2407 -0.8970 -0.3708
vn -0.2042 -0.9093 -0.3626
vn -0.4009 -0.9065 -0.1324
vn -0.4198 -0.9003 0.1150
vn -0.4367 -0.8819 0.1778
vn -0.3460 -0.9381 0.0169
vn -0.1397 -0.9387 0.3153
vn 0.1152 -0.9000 0.4205
vn 0.1777 -0.8819 0.4366
vn 0.1057 -0.9406 0.3228
vn 0.1406 -0.9441 0.2983
vn 0.3918 -0.9065 -0.1573
vn 0.2158 -0.8911 -0.3991
vn 0.0767 -0.8959 -0.4375
vn 0.0342 -0.8889 -0.4567
vn 0.0269 -0.9310 -0.3642
vn -0.0736 -0.9434 -0.3233
vn -0.3200 -0.9143 -0.2481
vt 0.999985 0.500000
vt 1.000000 0.000000
vt 0.926441 0.000000
vt 0.919031 0.500000
vt 0.823559 0.500000
vt 0.801426 0.000000
vt 0.698574 0.500000
vt 0.676441 0.000000
vt 0.573559 0.500000
vt 0.551426 0.000000
vt 0.448574 0.500000
vt 0.426441 0.000000
vt 0.323559 0.500000
vt 0.301426 0.000000
vt 0.198574 0.500000
vt 0.176441 0.000000
vt 0.073559 0.500000
vt 0.080969 0.000000
vt 0.000015 0.000000
vt 0.000000 0.500000
vt 0.203180 0.514610
vt 0.296820 0.514610
vt 0.250000 0.510000
vt 0.158160 0.528270
vt 0.341840 0.528270
vt 0.116660 0.550450
vt 0.383340 0.550450
vt 0.080290 0.580290
vt 0.419710 0.580290
vt 0.050450 0.616660
vt 0.449550 0.616660
vt 0.028270 0.658160
vt 0.471730 0.658160
vt 0.014610 0.703180
vt 0.485390 0.703180
vt 0.010000 0.750000
vt 0.490000 0.750000
vt 0.014610 0.796820
vt 0.485390 0.796820
vt 0.028270 0.841840
vt 0.471730 0.841840
vt 0.050450 0.883340
vt 0.449550 0.883340
vt 0.080290 0.919710
vt 0.419710 0.919710
vt 0.116660 0.949550
vt 0.383340 0.949550
vt 0.158160 0.971730
vt 0.341840 0.971730
vt 0.203180 0.985390
vt 0.296820 0.985390
vt 0.250000 0.990000
vt 0.796820 0.514610
vt 0.703180 0.514610
vt 0.750000 0.510000
vt 0.841840 0.528270
vt 0.658160 0.528270
vt 0.883340 0.550450
vt 0.616660 0.550450
vt 0.919710 0.580290
vt 0.580290 0.580290
vt 0.949550 0.616660
vt 0.550450 0.616660
vt 0.971730 0.658160
vt 0.528270 0.658160
vt 0.985390 0.703180
vt 0.514610 0.703180
vt 0.990000 0.750000
vt 0.510000 0.750000
vt 0.985390 0.796820
vt 0.514610 0.796820
vt 0.971730 0.841840
vt 0.528270 0.841840
vt 0.949550 0.883340
vt 0.550450 0.883340
vt 0.919710 0.919710
vt 0.580290 0.919710
vt 0.883340 0.949550
vt 0.616660 0.949550
vt 0.841840 0.971730
vt 0.658160 0.971730
vt 0.796820 0.985390
vt 0.703180 0.985390
vt 0.750000 0.990000
vt 0.969265 -0.330238
vt 1.000000 -0.332420
vt 0.999952 -0.330040
vt 0.063022 -0.330254
vt 0.093750 -0.332420
vt 0.093858 -0.330249
vt 0.125000 -0.332420
vt 0.125108 -0.330243
vt 0.156250 -0.332420
vt 0.156359 -0.330236
vt 0.187500 -0.332420
vt 0.187451 -0.330034
vt 0.188016 -0.330238
vt 0.218750 -0.332420
vt 0.218701 -0.330063
vt 0.219265 -0.330238
vt 0.250000 -0.332420
vt 0.249952 -0.330040
vt 0.250521 -0.330251
vt 0.281250 -0.332420
vt 0.281201 -0.330029
vt 0.281774 -0.330286
vt 0.312500 -0.332420
vt 0.312451 -0.330034
vt 0.313022 -0.330254
vt 0.343750 -0.332420
vt 0.343858 -0.330249
vt 0.375000 -0.332420
vt 0.375108 -0.330243
vt 0.406250 -0.332420
vt 0.406201 -0.330006
vt 0.406778 -0.330295
vt 0.437500 -0.332420
vt 0.437610 -0.330228
vt 0.468750 -0.332420
vt 0.468701 -0.330063
vt 0.469265 -0.330238
vt 0.500000 -0.332420
vt 0.500109 -0.330240
vt 0.531250 -0.332420
vt 0.531201 -0.330029
vt 0.531774 -0.330286
vt 0.562500 -0.332420
vt 0.562607 -0.330238
vt 0.593750 -0.332420
vt 0.593858 -0.330249
vt 0.625000 -0.332420
vt 0.625108 -0.330243
vt 0.656250 -0.332420
vt 0.656359 -0.330236
vt 0.687500 -0.332420
vt 0.687451 -0.330034
vt 0.688016 -0.330238
vt 0.718750 -0.332420
vt 0.718701 -0.330063
vt 0.719265 -0.330238
vt 0.750000 -0.332420
vt 0.749952 -0.330040
vt 0.750521 -0.330251
vt 0.781250 -0.332420
vt 0.781201 -0.330029
vt 0.781774 -0.330286
vt 0.812500 -0.332420
vt 0.812606 -0.330238
vt 0.843750 -0.332420
vt 0.843858 -0.330249
vt 0.875000 -0.332420
vt 0.874951 -0.330047
vt 0.875517 -0.330258
vt 0.906250 -0.332420
vt 0.906359 -0.330236
vt 0.937500 -0.332420
vt 0.937610 -0.330228
vt 0.968750 -0.332420
vt 0.968701 -0.330063
vt 0.000521 -0.330251
vt 0.031250 -0.332420
vt 0.031201 -0.330029
vt 0.031774 -0.330286
vt 0.062500 -0.332420
vt 0.062451 -0.330034
vt 0.419947 0.587545
vt 0.485699 0.593497
vt 0.454550 0.527620
vt 0.360869 0.689101
vt 0.432383 0.671527
vt 0.544483 0.696252
vt 0.601782 0.587518
vt 0.671073 0.587735
vt 0.636360 0.527620
vt 0.636384 0.632745
vt 0.724592 0.689036
vt 0.647079 0.705206
vt 0.818180 0.632729
vt 0.783663 0.587405
vt 0.818139 0.527549
vt 0.874560 0.625267
vt 0.784484 0.705443
vt 0.851385 0.704553
vt 0.908715 0.684432
vt 0.056197 0.587735
vt 0.125492 0.587518
vt 0.090910 0.527620
vt 0.000401 0.684974
vt 0.090890 0.632745
vt 0.182790 0.696252
vt 0.080193 0.705206
vt 0.241572 0.593497
vt 0.307328 0.587545
vt 0.272730 0.527620
vt 0.294894 0.671527
vt 0.435945 0.757985
vt 0.521842 0.763810
vt 0.614500 0.763810
vt 0.703752 0.763810
vt 0.796355 0.763810
vt 0.885548 0.763810
vt 0.045450 0.763810
vt 0.112770 0.763810
vt 0.227778 0.763810
vt 0.272748 0.724440
vt 0.339991 0.763810
vt 0.954550 0.763810
vt 0.727270 1.000000
vt 0.838219 0.917109
vt 0.639258 0.911708
vt 0.545450 1.000000
vt 0.477885 0.900056
vt 0.741785 0.826768
vt 0.662931 0.774082
vt 0.544454 0.826612
vt 0.436913 0.753103
vt 0.894581 0.826768
vt 0.347800 0.620086
vt 0.465659 0.665614
vt 0.454228 0.527063
vt 0.547939 0.688994
vt 0.632046 0.691503
vt 0.636715 0.527004
vt 0.730225 0.615872
vt 0.909438 0.685638
vt 0.818136 0.527544
vt 0.800684 0.718494
vt 0.000585 0.685569
vt 0.081914 0.716520
vt 0.091173 0.527076
vt 0.147459 0.649824
vt 0.273840 0.667503
vt 0.273052 0.527063
vt 0.090791 0.842333
vt 0.156511 0.795690
vt 0.304162 0.767680
vt 0.999404 0.843391
vt 0.296272 0.884372
vt 0.909044 1.000079
vt 0.363306 1.000579
vt 0.182267 1.002361
vt 0.000000 1.000000
vt -0.000000 0.989398
vt 0.031250 0.999950
vt 0.031250 1.000000
vt 0.062500 0.999950
vt 0.062500 1.000000
vt 0.093751 0.995582
vt 0.093750 1.000000
vt 0.125000 0.999950
vt 0.125000 1.000000
vt 0.156250 0.999950
vt 0.156250 1.000000
vt 0.187501 0.995590
vt 0.187500 1.000000
vt 0.218750 0.999950
vt 0.218750 1.000000
vt 0.250000 0.999950
vt 0.250000 1.000000
vt 0.281099 0.995621
vt 0.281250 1.000000
vt 0.312500 0.999950
vt 0.312500 1.000000
vt 0.343750 0.999950
vt 0.343750 1.000000
vt 0.375000 0.999950
vt 0.375000 1.000000
vt 0.406326 0.995915
vt 0.406250 1.000000
vt 0.448577 0.996055
vt 0.437500 1.000000
vt 0.468750 0.999950
vt 0.468750 1.000000
vt 0.500000 0.999950
vt 0.500000 1.000000
vt 0.531250 0.999950
vt 0.531250 1.000000
vt 0.562355 0.996174
vt 0.562500 1.000000
vt 0.593750 0.999950
vt 0.593750 1.000000
vt 0.625000 0.999950
vt 0.625000 1.000000
vt 0.656250 0.999950
vt 0.656250 1.000000
vt 0.687360 0.996152
vt 0.687500 1.000000
vt 0.718750 0.999950
vt 0.718750 1.000000
vt 0.761108 0.996053
vt 0.750000 1.000000
vt 0.781250 0.999950
vt 0.781250 1.000000
vt 0.812500 0.999950
vt 0.812500 1.000000
vt 0.843750 0.999950
vt 0.843750 1.000000
vt 0.874858 0.996157
vt 0.875000 1.000000
vt 0.906250 0.999950
vt 0.906250 1.000000
vt 0.937500 0.999950
vt 0.937500 1.000000
vt 0.968750 0.999950
vt 1.000000 0.989674
vt 0.968750 1.000000
vt 0.047930 0.994418
vt 0.141712 0.994405
vt 0.235445 0.994402
vt 0.516717 0.994407
vt 0.641712 0.994405
vt 0.829225 0.994410
vt 0.954251 0.994411
vt 0.350993 0.989145
vt 0.468750 0.987495
vt 0.579593 0.986463
vt 0.704588 0.986469
vt 0.767085 0.986470
vt 0.892099 0.986471
vt 0.047162 0.985229
vt 0.093750 0.985235
vt 0.140942 0.985230
vt 0.203435 0.985230
vt 0.265932 0.985230
vt 0.312500 0.985230
vt 0.390940 0.985230
vt 0.437500 0.985231
vt 0.515932 0.985230
vt 0.640940 0.985230
vt 0.828441 0.985226
vt 0.953437 0.985231
vt 0.046709 0.948088
vt 0.109176 0.948082
vt 0.156250 0.948086
vt 0.202954 0.948086
vt 0.250000 0.948084
vt 0.296709 0.948088
vt 0.359176 0.948082
vt 0.406250 0.948086
vt 0.452954 0.948085
vt 0.500000 0.948084
vt 0.546709 0.948088
vt 0.609176 0.948082
vt 0.656250 0.948086
vt 0.702954 0.948086
vt 0.750000 0.948084
vt 0.796709 0.948088
vt 0.859176 0.948082
vt 0.906250 0.948086
vt 0.952954 0.948085
vt 1.000000 0.948426
vt 0.000000 0.948416
vt 0.000000 0.933619
vt 0.048381 0.937539
vt 0.110929 0.937524
vt 0.173430 0.937533
vt 0.235909 0.937519
vt 0.298433 0.937534
vt 0.360928 0.937526
vt 0.423430 0.937533
vt 0.485909 0.937519
vt 0.548391 0.937524
vt 0.610924 0.937527
vt 0.673429 0.937535
vt 0.735909 0.937519
vt 0.798431 0.937533
vt 0.860927 0.937525
vt 0.923418 0.937535
vt 0.968750 0.934118
vt 1.000000 0.934122
vt 0.046436 0.931418
vt 0.108947 0.931397
vt 0.171437 0.931403
vt 0.233948 0.931402
vt 0.296437 0.931410
vt 0.358962 0.931406
vt 0.421437 0.931403
vt 0.483948 0.931402
vt 0.546439 0.931406
vt 0.608945 0.931395
vt 0.671452 0.931411
vt 0.733948 0.931402
vt 0.796436 0.931411
vt 0.858947 0.931397
vt 0.921438 0.931403
vt 0.000000 0.896218
vt 0.047127 0.905347
vt 0.109607 0.905400
vt 0.172116 0.905362
vt 0.234632 0.905341
vt 0.297127 0.905347
vt 0.359607 0.905400
vt 0.422116 0.905362
vt 0.484613 0.905342
vt 0.547121 0.905348
vt 0.609607 0.905400
vt 0.672117 0.905362
vt 0.734632 0.905341
vt 0.797124 0.905347
vt 0.859596 0.905398
vt 0.922117 0.905362
vt 0.968750 0.887435
vt 1.000000 0.887571
vt 0.031250 0.878807
vt 0.062500 0.878822
vt 0.093750 0.878834
vt 0.125000 0.878852
vt 0.156250 0.878853
vt 0.187500 0.878816
vt 0.218750 0.878821
vt 0.250000 0.878818
vt 0.281250 0.878807
vt 0.312500 0.878822
vt 0.343750 0.878834
vt 0.375000 0.878847
vt 0.406250 0.878835
vt 0.437500 0.878815
vt 0.468750 0.878821
vt 0.500000 0.878818
vt 0.531250 0.878807
vt 0.562500 0.878822
vt 0.593750 0.878834
vt 0.625000 0.878847
vt 0.656250 0.878835
vt 0.687500 0.878815
vt 0.718750 0.878821
vt 0.750000 0.878818
vt 0.781250 0.878807
vt 0.812500 0.878825
vt 0.843750 0.878852
vt 0.875000 0.878849
vt 0.906250 0.878835
vt 0.937500 0.878815
vt 0.000000 0.864074
vt 0.031250 0.834163
vt 0.062500 0.842433
vt 0.109112 0.842447
vt 0.149646 0.828135
vt 0.202894 0.842445
vt 0.265397 0.842444
vt 0.312500 0.842433
vt 0.359112 0.842447
vt 0.399648 0.828137
vt 0.452894 0.842445
vt 0.515397 0.842444
vt 0.562500 0.842433
vt 0.609112 0.842447
vt 0.649648 0.828137
vt 0.702893 0.842445
vt 0.765397 0.842444
vt 0.812500 0.842433
vt 0.859112 0.842447
vt 0.899648 0.828137
vt 0.952894 0.842445
vt 1.000000 0.835594
vt 0.000000 0.826411
vt 0.077884 0.808061
vt 0.202860 0.808081
vt 0.265363 0.808122
vt 0.327884 0.808061
vt 0.452870 0.808088
vt 0.515363 0.808122
vt 0.577884 0.808061
vt 0.702870 0.808088
vt 0.765362 0.808120
vt 0.827871 0.808056
vt 0.952870 0.808088
vt 0.000000 0.736881
vt 0.031250 0.733500
vt 0.078527 0.750500
vt 0.141021 0.750521
vt 0.203541 0.750524
vt 0.266049 0.750532
vt 0.328527 0.750500
vt 0.391021 0.750520
vt 0.453541 0.750520
vt 0.516050 0.750532
vt 0.578527 0.750500
vt 0.641021 0.750521
vt 0.703541 0.750520
vt 0.766049 0.750532
vt 0.828527 0.750505
vt 0.891021 0.750520
vt 0.953541 0.750520
vt 1.000000 0.733326
vt 0.078454 0.722558
vt 0.138141 0.721801
vt 0.203464 0.722635
vt 0.250000 0.722627
vt 0.297159 0.722630
vt 0.343750 0.722506
vt 0.388141 0.721801
vt 0.453464 0.722635
vt 0.500000 0.722627
vt 0.547159 0.722630
vt 0.593750 0.722506
vt 0.638141 0.721801
vt 0.703464 0.722635
vt 0.750000 0.722627
vt 0.797159 0.722630
vt 0.862397 0.721768
vt 0.922164 0.722575
vt 0.968750 0.721290
vt 0.000000 0.682886
vt 0.077397 0.684594
vt 0.171123 0.684593
vt 0.214529 0.684311
vt 0.250000 0.685958
vt 0.296766 0.685924
vt 0.356409 0.682690
vt 0.421123 0.684593
vt 0.464529 0.684311
vt 0.500000 0.685958
vt 0.546766 0.685924
vt 0.606409 0.682690
vt 0.671123 0.684593
vt 0.714529 0.684311
vt 0.750000 0.685958
vt 0.796766 0.685924
vt 0.856409 0.682690
vt 0.921119 0.684590
vt 0.032630 0.681689
vt 0.120162 0.682976
vt 0.963354 0.683005
vt 1.000000 0.682161
vt 0.281045 0.679365
vt 0.531045 0.679365
vt 0.781045 0.679365
vt 0.000000 0.676143
vt 0.049199 0.675265
vt 0.111637 0.675272
vt 0.174167 0.675268
vt 0.236687 0.675258
vt 0.299199 0.675265
vt 0.361637 0.675272
vt 0.424167 0.675268
vt 0.486687 0.675258
vt 0.549199 0.675265
vt 0.611637 0.675272
vt 0.674167 0.675268
vt 0.736687 0.675258
vt 0.799199 0.675265
vt 0.861637 0.675272
vt 0.906250 0.675600
vt 0.955360 0.675276
vt 1.000000 0.677057
vt 1.000000 0.603286
vt 0.000000 0.533831
vt 0.047075 0.541221
vt 0.109509 0.541116
vt 0.172029 0.541221
vt 0.227161 0.532994
vt 0.265894 0.593547
vt 0.304240 0.533406
vt 0.359509 0.541116
vt 0.422029 0.541221
vt 0.477161 0.532994
vt 0.515894 0.593547
vt 0.554240 0.533406
vt 0.609509 0.541116
vt 0.672029 0.541221
vt 0.727161 0.532994
vt 0.765894 0.593547
vt 0.804240 0.533406
vt 0.859509 0.541116
vt 0.937096 0.593186
vt 0.921993 0.406837
vt 0.994028 0.430379
vt 0.001382 0.341388
vt 0.093714 0.345209
vt 0.178229 0.303356
vt 0.249910 0.345336
vt 0.343714 0.345209
vt 0.428229 0.303356
vt 0.499910 0.345336
vt 0.593714 0.345209
vt 0.678229 0.303356
vt 0.749910 0.345336
vt 0.843714 0.345209
vt 0.990426 0.296913
vt 0.000087 0.145474
vt 0.047886 0.200537
vt 0.152563 0.146479
vt 0.265632 0.198416
vt 0.328107 0.198431
vt 0.396149 0.142275
vt 0.515632 0.198416
vt 0.578107 0.198431
vt 0.646149 0.142275
vt 0.765632 0.198416
vt 0.828107 0.198431
vt 0.896149 0.142275
vt 0.939798 0.198809
vt 0.994966 0.147860
vt 0.103435 0.117655
vt 0.221109 0.126040
vt 0.471109 0.126040
vt 0.721109 0.126040
vt 0.312349 0.095890
vt 0.562349 0.095890
vt 0.812349 0.095890
vt -0.000501 0.027570
vt 0.136050 0.027570
vt 0.261043 0.027570
vt 0.386050 0.027570
vt 0.511043 0.027570
vt 0.636050 0.027570
vt 0.761043 0.027570
vt 0.886050 0.027570
vt 1.000191 0.027570
vt 0.101757 0.023899
vt 0.538773 0.022919
vt 1.000055 0.025533
vt 0.717384 0.022412
vt 0.868018 0.022370
vt 0.198344 0.023566
vt 0.276663 0.023718
vt 0.379967 0.023350
vt 0.442852 0.023254
vt 0.789113 0.024590
vt 0.000000 0.023910
vt 0.329578 0.021177
vt 0.621481 0.021705
vt 0.939085 0.020520
vt 0.039677 0.014667
vt 0.800212 0.010292
vt 0.171955 0.010001
vt 0.265666 0.009975
vt 0.421955 0.010001
vt 0.515666 0.009975
vt 0.671955 0.010001
vt 0.734385 0.007338
vt 0.999473 0.010268
vt 0.000000 0.004333
vt 0.054079 0.000017
vt 0.109380 0.004689
vt 0.218750 0.004710
vt 0.304079 0.000017
vt 0.359380 0.004689
vt 0.468750 0.004710
vt 0.562500 0.004699
vt 0.609380 0.004689
vt 0.859379 0.004689
vt 0.921892 0.004703
vt 0.170363 -0.005705
vt 0.256438 -0.007404
vt 0.420434 -0.006509
vt 0.479503 -0.007045
vt 0.523715 -0.007748
vt 0.661216 -0.008146
vt 0.736285 -0.006303
vt 0.786588 -0.008119
vt -0.000047 -0.010587
vt 0.107230 -0.010462
vt 0.206566 -0.009909
vt 0.358867 -0.010513
vt 0.575037 -0.010398
vt 0.858625 -0.008317
vt 0.915997 -0.008903
vt 0.999718 -0.008295
vt 0.640368 -0.012892
vt 0.735073 -0.012892
vt 0.797488 -0.012891
vt 0.890368 -0.012892
vt 0.951894 -0.012892
vt 0.485073 -0.012892
vt 0.093750 -0.012892
vt 0.140368 -0.012892
vt 0.297488 -0.012892
vt 0.359519 -0.012892
vt 0.687500 -0.012892
vt 0.843750 -0.012892
vt 1.000000 -0.012893
vt 0.547900 -0.012891
vt 0.000000 -0.012892
vt 0.047900 -0.012892
vt 0.235073 -0.012892
vt 0.421996 -0.012892
vt 0.593750 -0.012892
vt 0.187500 -0.012902
vt -0.000063 -0.042480
vt 0.218750 -0.042480
vt 0.455973 -0.042480
vt 0.733298 -0.042480
vt 1.000168 -0.042480
vt 0.265338 -0.042480
vt 0.515338 -0.042480
vt 0.795500 -0.042480
vt 0.170014 -0.042480
vt 0.326340 -0.042480
vt 0.670014 -0.042480
vt 0.920014 -0.042480
vt 0.092901 -0.042480
vt 0.390111 -0.042480
vt 0.592901 -0.042480
vt 0.858843 -0.042480
vt 0.548853 -0.042481
vt 0.607280 -0.042481
vt 0.109550 -0.042481
vt 0.171464 -0.042481
vt 0.421461 -0.042482
vt 0.734724 -0.042480
vt 0.859556 -0.042481
vt 0.234724 -0.042480
vt 0.298853 -0.042481
vt 0.357280 -0.042481
vt 0.798883 -0.042481
vt 0.934232 -0.042482
vt 0.048853 -0.042481
vt 0.484724 -0.042480
vt 0.671461 -0.042481
vt 1.000000 -0.042481
vt 0.000000 -0.042481
vt 0.000000 -0.117439
vt 0.204630 -0.117439
vt 0.265444 -0.117439
vt 0.375000 -0.117440
vt 0.440072 -0.117440
vt 0.515444 -0.117440
vt 0.625000 -0.117440
vt 0.690072 -0.117440
vt 0.765444 -0.117439
vt 0.954630 -0.117439
vt 1.000000 -0.117440
vt 0.077236 -0.117440
vt 0.327242 -0.117440
vt 0.577242 -0.117440
vt 0.827237 -0.117440
vt 0.139615 -0.117440
vt 0.889614 -0.117440
vt -0.000108 -0.117443
vt 0.187500 -0.117445
vt 0.238540 -0.117442
vt 0.755352 -0.117448
vt 0.827552 -0.117441
vt 0.889560 -0.117443
vt 0.948232 -0.117445
vt 0.138628 -0.117442
vt 0.612025 -0.117443
vt 0.077552 -0.117441
vt 0.327552 -0.117442
vt 0.488540 -0.117442
vt 0.675977 -0.117445
vt 0.437500 -0.117449
vt 0.299226 -0.123259
vt 0.388627 -0.117454
vt 0.547988 -0.117474
vt 1.000000 -0.126187
vt 0.218750 -0.127537
vt 0.482060 -0.127538
vt 0.718750 -0.127538
vt 0.968750 -0.127537
vt 0.107523 -0.127539
vt 0.166442 -0.127539
vt 0.357523 -0.127536
vt 0.416442 -0.127539
vt 0.607523 -0.127538
vt 0.666442 -0.127539
vt 0.857523 -0.127535
vt 0.047853 -0.127539
vt 0.812500 -0.127539
vt 0.916956 -0.127539
vt 0.000000 -0.127540
vt 0.265417 -0.127540
vt 0.544708 -0.127540
vt 0.765417 -0.127540
vt 0.860254 -0.127589
vt 0.360252 -0.127589
vt 0.282712 -0.127595
vt 0.610252 -0.127593
vt 0.547844 -0.127673
vt 0.000000 -0.127608
vt 0.485390 -0.127592
vt 0.797845 -0.127598
vt 1.000000 -0.127594
vt 0.047849 -0.127593
vt 0.188923 -0.127643
vt 0.938932 -0.127596
vt 0.422760 -0.127597
vt 0.735390 -0.127605
vt 0.672761 -0.127676
vt 0.110246 -0.127609
vt 0.000000 -0.205036
vt 0.061729 -0.203872
vt 0.140480 -0.203771
vt 0.197534 -0.206370
vt 0.252115 -0.203238
vt 0.326397 -0.201396
vt 0.390467 -0.203751
vt 0.452990 -0.203690
vt 0.515477 -0.203802
vt 0.577964 -0.203797
vt 0.640491 -0.203784
vt 0.702968 -0.203751
vt 0.760074 -0.206483
vt 0.826412 -0.201481
vt 0.890512 -0.203810
vt 0.952960 -0.203772
vt 1.000000 -0.201586
vt -0.000040 -0.286375
vt 0.061730 -0.263256
vt 0.140172 -0.263278
vt 0.202550 -0.263248
vt 0.265049 -0.263250
vt 0.342330 -0.277616
vt 0.390172 -0.263278
vt 0.452552 -0.263250
vt 0.515048 -0.263251
vt 0.592330 -0.277616
vt 0.640172 -0.263278
vt 0.702552 -0.263250
vt 0.765048 -0.263251
vt 0.827601 -0.263269
vt 0.890172 -0.263278
vt 0.952552 -0.263250
vt 1.000000 -0.280788
vt 0.060189 -0.300910
vt 0.144424 -0.300923
vt 0.239727 -0.302887
vt 0.310189 -0.300910
vt 0.421149 -0.302317
vt 0.489727 -0.302887
vt 0.560189 -0.300910
vt 0.671149 -0.302317
vt 0.739727 -0.302887
vt 0.810189 -0.300910
vt 0.881293 -0.299879
vt 0.952400 -0.302323
vt 0.000000 -0.330065
vt 0.046906 -0.327841
vt 0.109419 -0.327830
vt 0.171915 -0.327841
vt 0.234406 -0.327837
vt 0.296895 -0.327838
vt 0.359414 -0.327829
vt 0.421915 -0.327841
vt 0.484406 -0.327837
vt 0.546906 -0.327841
vt 0.609419 -0.327830
vt 0.671915 -0.327841
vt 0.734406 -0.327837
vt 0.796906 -0.327841
vt 0.859419 -0.327830
vt 0.921915 -0.327841
vt 1.000023 -0.327420
vt 0.044872 -0.338823
vt 0.107325 -0.338827
vt 0.169889 -0.338832
vt 0.235114 -0.338829
vt 0.294870 -0.338822
vt 0.357324 -0.338827
vt 0.419889 -0.338832
vt 0.485114 -0.338829
vt 0.544872 -0.338823
vt 0.607325 -0.338827
vt 0.669889 -0.338832
vt 0.732971 -0.337859
vt 0.787271 -0.340222
vt 0.872855 -0.337677
vt 0.946337 -0.338100
vt 1.000245 -0.339757
vt 0.000000 -0.339738
vt 0.065081 -0.337040
vt 0.159145 -0.338040
vt 0.315081 -0.337040
vt 0.409139 -0.338042
vt 0.565078 -0.337042
vt 0.659145 -0.338040
vt 0.235974 -0.337955
vt 0.485974 -0.337955
vt 0.735730 -0.335694
vt 0.813445 -0.336330
vt 0.927477 -0.336678
vt 1.000000 -0.319867
vt 0.000000 -0.318811
vt 0.187600 -0.318804
vt 0.249950 -0.318835
vt 0.406199 -0.318834
vt 0.531347 -0.318794
vt 0.643081 -0.319221
vt 0.825940 -0.319202
vt 0.919589 -0.319192
vt 0.031250 -0.318796
vt 0.062500 -0.318806
vt 0.110031 -0.318788
vt 0.218750 -0.318798
vt 0.281250 -0.318796
vt 0.312500 -0.318806
vt 0.360031 -0.318788
vt 0.468838 -0.318798
vt 0.578826 -0.318726
vt 0.687500 -0.318806
vt 0.718750 -0.318798
vt 0.750000 -0.318799
vt 0.781250 -0.318796
vt 0.875000 -0.318800
vt 0.968750 -0.318798
s 1
f 1/1/1 2/2/1 3/3/1
f 1/1/2 3/3/2 4/4/2
f 4/4/3 3/3/3 5/5/3
f 5/5/4 3/3/4 6/6/4
f 5/5/5 6/6/5 7/7/5
f 7/7/6 6/6/6 8/8/6
f 7/7/7 8/8/7 9/9/7
f 9/9/8 8/8/8 10/10/8
f 9/9/9 10/10/9 11/11/9
f 11/11/10 10/10/10 12/12/10
f 11/11/11 12/12/11 13/13/11
f 13/13/12 12/12/12 14/14/12
f 13/13/13 14/14/13 15/15/13
f 15/15/14 14/14/14 16/16/14
f 15/15/15 16/16/15 17/17/15
f 17/17/16 16/16/16 18/18/16
f 17/17/17 18/18/17 19/19/17
f 17/17/18 19/19/18 20/20/18
f 21/21/19 22/22/19 23/23/19
f 22/22/19 21/21/19 24/24/19
f 22/22/19 24/24/19 25/25/19
f 25/25/19 24/24/19 26/26/19
f 25/25/19 26/26/19 27/27/19
f 27/27/19 26/26/19 28/28/19
f 27/27/19 28/28/19 29/29/19
f 29/29/19 28/28/19 30/30/19
f 29/29/19 30/30/19 31/31/19
f 31/31/19 30/30/19 32/32/19
f 31/31/19 32/32/19 33/33/19
f 33/33/19 32/32/19 34/34/19
f 33/33/19 34/34/19 35/35/19
f 35/35/19 34/34/19 36/36/19
f 35/35/19 36/36/19 37/37/19
f 37/37/19 36/36/19 38/38/19
f 37/37/19 38/38/19 39/39/19
f 39/39/19 38/38/19 40/40/19
f 39/39/19 40/40/19 41/41/19
f 41/41/19 40/40/19 42/42/19
f 41/41/19 42/42/19 43/43/19
f 43/43/19 42/42/19 44/44/19
f 43/43/19 44/44/19 45/45/19
f 45/45/19 44/44/19 46/46/19
f 45/45/19 46/46/19 47/47/19
f 47/47/19 46/46/19 48/48/19
f 47/47/19 48/48/19 49/49/19
f 49/49/19 48/48/19 50/50/19
f 49/49/19 50/50/19 51/51/19
f 51/51/19 50/50/19 52/52/19
f 53/53/20 54/54/20 55/55/20
f 54/54/20 53/53/20 56/56/20
f 54/54/20 56/56/20 57/57/20
f 57/57/20 56/56/20 58/58/20
f 57/57/20 58/58/20 59/59/20
f 59/59/20 58/58/20 60/60/20
f 59/59/20 60/60/20 61/61/20
f 61/61/20 60/60/20 62/62/20
f 61/61/20 62/62/20 63/63/20
f 63/63/20 62/62/20 64/64/20
f 63/63/20 64/64/20 65/65/20
f 65/65/20 64/64/20 66/66/20
f 65/65/20 66/66/20 67/67/20
f 67/67/20 66/66/20 68/68/20
f 67/67/20 68/68/20 69/69/20
f 69/69/20 68/68/20 70/70/20
f 69/69/20 70/70/20 71/71/20
f 71/71/20 70/70/20 72/72/20
f 71/71/20 72/72/20 73/73/20
f 73/73/20 72/72/20 74/74/20
f 73/73/20 74/74/20 75/75/20
f 75/75/20 74/74/20 76/76/20
f 75/75/20 76/76/20 77/77/20
f 77/77/20 76/76/20 78/78/20
f 77/77/20 78/78/20 79/79/20
f 79/79/20 78/78/20 80/80/20
f 79/79/20 80/80/20 81/81/20
f 81/81/20 80/80/20 82/82/20
f 81/81/20 82/82/20 83/83/20
f 83/83/20 82/82/20 84/84/20
f 897/85/21 85/86/22 896/87/23
f 853/88/24 86/89/25 854/90/26
f 854/90/26 87/91/27 855/92/28
f 855/92/28 88/93/29 856/94/30
f 856/94/30 89/95/31 857/96/32
f 858/97/33 90/98/34 859/99/35
f 860/100/36 91/101/37 861/102/38
f 862/103/39 92/104/40 863/105/41
f 864/106/42 93/107/43 865/108/44
f 866/109/45 94/110/46 867/111/47
f 867/111/47 95/112/48 868/113/49
f 868/113/49 96/114/50 869/115/51
f 870/116/52 97/117/53 871/118/54
f 871/118/54 98/119/55 872/120/56
f 873/121/57 99/122/58 874/123/59
f 874/123/59 100/124/60 875/125/61
f 876/126/62 101/127/63 877/128/64
f 877/128/64 102/129/65 878/130/66
f 878/130/66 103/131/67 879/132/68
f 879/132/68 104/133/69 880/134/70
f 880/134/70 105/135/71 881/136/72
f 882/137/73 106/138/74 883/139/75
f 884/140/76 107/141/77 885/142/78
f 886/143/79 108/144/80 887/145/81
f 888/146/82 109/147/83 889/148/84
f 889/148/84 110/149/85 890/150/86
f 890/150/86 111/151/87 891/152/88
f 892/153/89 112/154/90 893/155/91
f 893/155/91 113/156/92 894/157/93
f 894/157/93 114/158/94 895/159/95
f 849/160/96 115/161/97 850/162/98
f 851/163/99 116/164/100 852/165/101
f 125/166/102 126/167/103 127/168/104
f 123/169/105 124/170/106 125/166/102
f 125/166/102 124/170/106 126/167/103
f 124/170/106 122/171/107 126/167/103
f 128/172/108 129/173/109 130/174/110
f 122/171/107 131/175/111 128/172/108
f 128/172/108 131/175/111 129/173/109
f 131/175/111 120/176/112 129/173/109
f 122/171/107 132/177/113 131/175/111
f 131/175/111 132/177/113 120/176/112
f 120/176/112 135/178/114 133/179/115
f 133/179/115 135/178/114 134/180/116
f 135/178/114 136/181/117 134/180/116
f 120/176/112 121/182/118 135/178/114
f 121/182/118 137/183/119 135/178/114
f 135/178/114 137/183/119 136/181/117
f 137/183/119 138/184/120 136/181/117
f 139/185/121 140/186/122 141/187/123
f 118/188/124 142/189/125 139/185/121
f 139/185/121 142/189/125 140/186/122
f 142/189/125 117/190/126 140/186/122
f 118/188/124 119/191/127 142/189/125
f 119/191/127 117/190/126 142/189/125
f 143/192/128 144/193/129 145/194/130
f 143/192/128 146/195/131 144/193/129
f 146/195/131 123/169/105 144/193/129
f 117/190/126 146/195/131 143/192/128
f 123/169/105 147/196/132 124/170/106
f 147/196/132 122/171/107 124/170/106
f 148/197/133 122/171/107 147/196/132
f 149/198/134 132/177/113 122/171/107
f 149/198/134 150/199/135 132/177/113
f 150/199/135 120/176/112 132/177/113
f 151/200/136 121/182/118 120/176/112
f 151/200/136 137/183/119 121/182/118
f 151/200/136 152/201/137 137/183/119
f 153/202/138 119/191/127 118/188/124
f 153/202/138 154/203/139 119/191/127
f 154/203/139 117/190/126 119/191/127
f 155/204/140 156/205/141 117/190/126
f 156/205/141 146/195/131 117/190/126
f 155/204/140 157/206/142 156/205/141
f 157/206/142 123/169/105 156/205/141
f 156/205/141 123/169/105 146/195/131
f 148/197/133 149/198/134 122/171/107
f 150/199/135 151/200/136 120/176/112
f 137/183/119 152/201/137 138/184/120
f 152/201/137 158/207/143 138/184/120
f 154/203/139 155/204/140 117/190/126
f 157/206/142 147/196/132 123/169/105
f 162/208/144 163/209/145 165/210/146
f 164/211/147 165/210/146 169/212/148
f 165/210/146 172/213/149 168/214/150
f 169/212/148 170/215/151 179/216/152
f 163/209/145 167/217/153 172/213/149
f 189/218/154 181/219/155 180/220/156
f 181/219/155 177/221/157 180/220/156
f 189/218/154 179/216/152 181/219/155
f 177/221/157 178/222/158 182/223/159
f 182/223/159 178/222/158 183/224/160
f 183/224/160 185/225/161 184/226/162
f 176/227/163 185/225/161 183/224/160
f 174/228/164 175/229/165 186/230/166
f 186/230/166 175/229/165 187/231/167
f 187/231/167 173/232/168 188/233/169
f 188/233/169 173/232/168 189/218/154
f 179/216/152 177/221/157 181/219/155
f 168/214/150 178/222/158 177/221/157
f 168/214/150 183/224/160 178/222/158
f 172/213/149 167/217/153 176/227/163
f 167/217/153 185/225/161 176/227/163
f 166/234/170 175/229/165 174/228/164
f 166/234/170 191/235/171 175/229/165
f 191/235/171 187/231/167 175/229/165
f 187/231/167 171/236/172 173/232/168
f 171/236/172 189/218/154 173/232/168
f 179/216/152 170/215/151 177/221/157
f 170/215/151 168/214/150 177/221/157
f 170/215/151 165/210/146 168/214/150
f 168/214/150 176/227/163 183/224/160
f 168/214/150 172/213/149 176/227/163
f 167/217/153 190/237/173 185/225/161
f 191/235/171 171/236/172 187/231/167
f 191/235/171 160/238/174 171/236/172
f 171/236/172 179/216/152 189/218/154
f 160/238/174 169/212/148 171/236/172
f 171/236/172 169/212/148 179/216/152
f 169/212/148 165/210/146 170/215/151
f 165/210/146 163/209/145 172/213/149
f 161/239/175 190/237/173 163/209/145
f 163/209/145 190/237/173 167/217/153
f 169/212/148 160/238/174 192/240/176
f 166/234/170 159/241/177 191/235/171
f 159/241/177 160/238/174 191/235/171
f 193/242/178 194/243/179 195/244/180
f 196/245/181 195/244/180 197/246/182
f 198/247/183 197/246/182 199/248/184
f 200/249/185 199/248/184 201/250/186
f 202/251/187 201/250/186 203/252/188
f 204/253/189 203/252/188 205/254/190
f 206/255/191 205/254/190 207/256/192
f 208/257/193 207/256/192 209/258/194
f 210/259/195 209/258/194 211/260/196
f 212/261/197 211/260/196 213/262/198
f 214/263/199 213/262/198 215/264/200
f 216/265/201 215/264/200 217/266/202
f 218/267/203 217/266/202 219/268/204
f 220/269/205 219/268/204 221/270/206
f 222/271/207 221/270/206 223/272/208
f 224/273/209 223/272/208 225/274/210
f 226/275/211 225/274/210 227/276/212
f 228/277/213 227/276/212 229/278/214
f 230/279/215 229/278/214 231/280/216
f 232/281/217 231/280/216 233/282/218
f 234/283/219 233/282/218 235/284/220
f 236/285/221 235/284/220 237/286/222
f 238/287/223 237/286/222 239/288/224
f 240/289/225 239/288/224 241/290/226
f 242/291/227 241/290/226 243/292/228
f 244/293/229 243/292/228 245/294/230
f 246/295/231 245/294/230 247/296/232
f 248/297/233 247/296/232 249/298/234
f 250/299/235 249/298/234 251/300/236
f 252/301/237 251/300/236 253/302/238
f 254/303/239 253/302/238 255/304/240
f 195/244/180 194/243/179 199/248/184
f 195/244/180 199/248/184 197/246/182
f 201/250/186 199/248/184 205/254/190
f 201/250/186 205/254/190 203/252/188
f 207/256/192 205/254/190 211/260/196
f 207/256/192 211/260/196 209/258/194
f 213/262/198 211/260/196 215/264/200
f 215/264/200 211/260/196 219/268/204
f 215/264/200 219/268/204 217/266/202
f 223/272/208 221/270/206 225/274/210
f 225/274/210 221/270/206 229/278/214
f 225/274/210 229/278/214 227/276/212
f 231/280/216 229/278/214 233/282/218
f 233/282/218 229/278/214 237/286/222
f 233/282/218 237/286/222 235/284/220
f 239/288/224 237/286/222 241/290/226
f 243/292/228 241/290/226 245/294/230
f 245/294/230 241/290/226 249/298/234
f 245/294/230 249/298/234 247/296/232
f 251/300/236 249/298/234 253/302/238
f 253/302/238 249/298/234 257/305/241
f 253/302/238 257/305/241 255/304/240
f 255/304/240 257/305/241 256/306/242
f 194/243/179 258/307/243 199/248/184
f 199/248/184 259/308/244 205/254/190
f 205/254/190 260/309/245 211/260/196
f 221/270/206 261/310/246 229/278/214
f 229/278/214 262/311/247 237/286/222
f 241/290/226 263/312/248 249/298/234
f 249/298/234 264/313/249 257/305/241
f 211/260/196 265/314/250 219/268/204
f 221/270/206 266/315/251 261/310/246
f 229/278/214 276/316/252 262/311/247
f 237/286/222 278/317/253 241/290/226
f 241/290/226 279/318/254 263/312/248
f 249/298/234 281/319/255 264/313/249
f 194/243/179 267/320/256 258/307/243
f 258/307/243 267/320/256 268/321/257
f 258/307/243 268/321/257 199/248/184
f 199/248/184 268/321/257 269/322/258
f 199/248/184 269/322/258 259/308/244
f 259/308/244 269/322/258 270/323/259
f 259/308/244 270/323/259 205/254/190
f 205/254/190 270/323/259 260/309/245
f 260/309/245 270/323/259 271/324/260
f 260/309/245 271/324/260 211/260/196
f 211/260/196 271/324/260 272/325/261
f 211/260/196 272/325/261 265/314/250
f 265/314/250 273/326/262 219/268/204
f 219/268/204 273/326/262 274/327/263
f 219/268/204 274/327/263 221/270/206
f 221/270/206 274/327/263 266/315/251
f 266/315/251 275/328/264 261/310/246
f 261/310/246 275/328/264 276/316/252
f 261/310/246 276/316/252 229/278/214
f 276/316/252 277/329/265 262/311/247
f 262/311/247 277/329/265 278/317/253
f 262/311/247 278/317/253 237/286/222
f 278/317/253 279/318/254 241/290/226
f 279/318/254 280/330/266 263/312/248
f 263/312/248 280/330/266 281/319/255
f 263/312/248 281/319/255 249/298/234
f 281/319/255 282/331/267 264/313/249
f 264/313/249 282/331/267 257/305/241
f 267/320/256 283/332/268 284/333/269
f 267/320/256 284/333/269 268/321/257
f 268/321/257 284/333/269 269/322/258
f 269/322/258 284/333/269 285/334/270
f 269/322/258 285/334/270 286/335/271
f 269/322/258 286/335/271 270/323/259
f 270/323/259 286/335/271 287/336/272
f 270/323/259 287/336/272 271/324/260
f 271/324/260 287/336/272 288/337/273
f 271/324/260 288/337/273 272/325/261
f 272/325/261 288/337/273 289/338/274
f 272/325/261 289/338/274 265/314/250
f 265/314/250 289/338/274 273/326/262
f 273/326/262 289/338/274 290/339/275
f 273/326/262 290/339/275 291/340/276
f 273/326/262 291/340/276 274/327/263
f 274/327/263 291/340/276 266/315/251
f 266/315/251 291/340/276 292/341/277
f 266/315/251 292/341/277 275/328/264
f 275/328/264 292/341/277 293/342/278
f 275/328/264 293/342/278 276/316/252
f 276/316/252 293/342/278 294/343/279
f 276/316/252 294/343/279 277/329/265
f 277/329/265 294/343/279 295/344/280
f 277/329/265 295/344/280 296/345/281
f 277/329/265 296/345/281 278/317/253
f 278/317/253 296/345/281 297/346/282
f 278/317/253 297/346/282 279/318/254
f 279/318/254 297/346/282 298/347/283
f 279/318/254 298/347/283 280/330/266
f 280/330/266 298/347/283 299/348/284
f 280/330/266 299/348/284 281/319/255
f 281/319/255 299/348/284 300/349/285
f 281/319/255 300/349/285 301/350/286
f 281/319/255 301/350/286 282/331/267
f 282/331/267 301/350/286 302/351/287
f 282/331/267 302/351/287 257/305/241
f 303/352/288 304/353/289 283/332/268
f 304/353/289 305/354/290 283/332/268
f 283/332/268 305/354/290 306/355/291
f 283/332/268 306/355/291 284/333/269
f 284/333/269 306/355/291 307/356/292
f 284/333/269 307/356/292 285/334/270
f 285/334/270 307/356/292 286/335/271
f 286/335/271 307/356/292 308/357/293
f 286/335/271 308/357/293 287/336/272
f 287/336/272 308/357/293 309/358/294
f 287/336/272 309/358/294 288/337/273
f 288/337/273 309/358/294 310/359/295
f 288/337/273 310/359/295 289/338/274
f 289/338/274 310/359/295 311/360/296
f 289/338/274 311/360/296 290/339/275
f 290/339/275 311/360/296 291/340/276
f 291/340/276 311/360/296 312/361/297
f 291/340/276 312/361/297 292/341/277
f 292/341/277 312/361/297 313/362/298
f 292/341/277 313/362/298 293/342/278
f 293/342/278 313/362/298 314/363/299
f 293/342/278 314/363/299 294/343/279
f 294/343/279 314/363/299 315/364/300
f 294/343/279 315/364/300 295/344/280
f 295/344/280 315/364/300 296/345/281
f 296/345/281 315/364/300 316/365/301
f 296/345/281 316/365/301 297/346/282
f 297/346/282 316/365/301 317/366/302
f 297/346/282 317/366/302 298/347/283
f 298/347/283 317/366/302 318/367/303
f 298/347/283 318/367/303 299/348/284
f 299/348/284 318/367/303 319/368/304
f 299/348/284 319/368/304 300/349/285
f 300/349/285 319/368/304 301/350/286
f 301/350/286 319/368/304 320/369/305
f 301/350/286 320/369/305 321/370/306
f 301/350/286 321/370/306 302/351/287
f 304/353/289 322/371/307 305/354/290
f 305/354/290 322/371/307 323/372/308
f 305/354/290 323/372/308 306/355/291
f 306/355/291 323/372/308 324/373/309
f 306/355/291 324/373/309 307/356/292
f 307/356/292 324/373/309 325/374/310
f 307/356/292 325/374/310 308/357/293
f 308/357/293 325/374/310 326/375/311
f 308/357/293 326/375/311 309/358/294
f 309/358/294 326/375/311 327/376/312
f 309/358/294 327/376/312 310/359/295
f 310/359/295 327/376/312 328/377/313
f 310/359/295 328/377/313 311/360/296
f 311/360/296 328/377/313 329/378/314
f 311/360/296 329/378/314 312/361/297
f 312/361/297 329/378/314 330/379/315
f 312/361/297 330/379/315 313/362/298
f 313/362/298 330/379/315 331/380/316
f 313/362/298 331/380/316 314/363/299
f 314/363/299 331/380/316 332/381/317
f 314/363/299 332/381/317 315/364/300
f 315/364/300 332/381/317 333/382/318
f 315/364/300 333/382/318 316/365/301
f 316/365/301 333/382/318 334/383/319
f 316/365/301 334/383/319 317/366/302
f 317/366/302 334/383/319 335/384/320
f 317/366/302 335/384/320 318/367/303
f 318/367/303 335/384/320 336/385/321
f 318/367/303 336/385/321 319/368/304
f 319/368/304 336/385/321 320/369/305
f 304/353/289 337/386/322 338/387/323
f 304/353/289 338/387/323 322/371/307
f 322/371/307 338/387/323 339/388/324
f 322/371/307 339/388/324 323/372/308
f 323/372/308 339/388/324 340/389/325
f 323/372/308 340/389/325 324/373/309
f 324/373/309 340/389/325 341/390/326
f 324/373/309 341/390/326 325/374/310
f 325/374/310 341/390/326 342/391/327
f 325/374/310 342/391/327 326/375/311
f 326/375/311 342/391/327 343/392/328
f 326/375/311 343/392/328 327/376/312
f 327/376/312 343/392/328 344/393/329
f 327/376/312 344/393/329 328/377/313
f 328/377/313 344/393/329 345/394/330
f 328/377/313 345/394/330 329/378/314
f 329/378/314 345/394/330 346/395/331
f 329/378/314 346/395/331 330/379/315
f 330/379/315 346/395/331 347/396/332
f 330/379/315 347/396/332 331/380/316
f 331/380/316 347/396/332 348/397/333
f 331/380/316 348/397/333 332/381/317
f 332/381/317 348/397/333 349/398/334
f 332/381/317 349/398/334 333/382/318
f 333/382/318 349/398/334 350/399/335
f 333/382/318 350/399/335 334/383/319
f 334/383/319 350/399/335 351/400/336
f 334/383/319 351/400/336 335/384/320
f 335/384/320 351/400/336 352/401/337
f 335/384/320 352/401/337 336/385/321
f 336/385/321 352/401/337 353/402/338
f 336/385/321 353/402/338 320/369/305
f 320/369/305 353/402/338 354/403/339
f 320/369/305 354/403/339 321/370/306
f 337/386/322 355/404/340 338/387/323
f 338/387/323 355/404/340 356/405/341
f 338/387/323 356/405/341 357/406/342
f 338/387/323 357/406/342 339/388/324
f 339/388/324 357/406/342 358/407/343
f 339/388/324 358/407/343 359/408/344
f 339/388/324 359/408/344 340/389/325
f 340/389/325 359/408/344 360/409/345
f 340/389/325 360/409/345 361/410/346
f 340/389/325 361/410/346 341/390/326
f 341/390/326 361/410/346 362/411/347
f 341/390/326 362/411/347 363/412/348
f 341/390/326 363/412/348 342/391/327
f 342/391/327 363/412/348 364/413/349
f 342/391/327 364/413/349 365/414/350
f 342/391/327 365/414/350 343/392/328
f 343/392/328 365/414/350 366/415/351
f 343/392/328 366/415/351 367/416/352
f 343/392/328 367/416/352 344/393/329
f 344/393/329 367/416/352 368/417/353
f 344/393/329 368/417/353 369/418/354
f 344/393/329 369/418/354 345/394/330
f 345/394/330 369/418/354 370/419/355
f 345/394/330 370/419/355 371/420/356
f 345/394/330 371/420/356 346/395/331
f 346/395/331 371/420/356 372/421/357
f 346/395/331 372/421/357 373/422/358
f 346/395/331 373/422/358 347/396/332
f 347/396/332 373/422/358 374/423/359
f 347/396/332 374/423/359 375/424/360
f 347/396/332 375/424/360 348/397/333
f 348/397/333 375/424/360 376/425/361
f 348/397/333 376/425/361 377/426/362
f 348/397/333 377/426/362 349/398/334
f 349/398/334 377/426/362 378/427/363
f 349/398/334 378/427/363 379/428/364
f 349/398/334 379/428/364 350/399/335
f 350/399/335 379/428/364 380/429/365
f 350/399/335 380/429/365 381/430/366
f 350/399/335 381/430/366 351/400/336
f 351/400/336 381/430/366 382/431/367
f 351/400/336 382/431/367 383/432/368
f 351/400/336 383/432/368 352/401/337
f 352/401/337 383/432/368 384/433/369
f 352/401/337 384/433/369 353/402/338
f 337/386/322 385/434/370 355/404/340
f 385/434/370 386/435/371 355/404/340
f 355/404/340 386/435/371 387/436/372
f 355/404/340 387/436/372 356/405/341
f 356/405/341 387/436/372 388/437/373
f 356/405/341 388/437/373 357/406/342
f 357/406/342 388/437/373 358/407/343
f 358/407/343 388/437/373 389/438/374
f 358/407/343 389/438/374 359/408/344
f 359/408/344 389/438/374 390/439/375
f 359/408/344 390/439/375 360/409/345
f 360/409/345 390/439/375 361/410/346
f 361/410/346 390/439/375 391/440/376
f 361/410/346 391/440/376 362/411/347
f 362/411/347 391/440/376 363/412/348
f 363/412/348 391/440/376 392/441/377
f 363/412/348 392/441/377 364/413/349
f 364/413/349 392/441/377 393/442/378
f 364/413/349 393/442/378 365/414/350
f 365/414/350 393/442/378 366/415/351
f 366/415/351 393/442/378 394/443/379
f 366/415/351 394/443/379 367/416/352
f 367/416/352 394/443/379 395/444/380
f 367/416/352 395/444/380 368/417/353
f 368/417/353 395/444/380 369/418/354
f 369/418/354 395/444/380 396/445/381
f 369/418/354 396/445/381 370/419/355
f 370/419/355 396/445/381 371/420/356
f 371/420/356 396/445/381 397/446/382
f 371/420/356 397/446/382 372/421/357
f 372/421/357 397/446/382 398/447/383
f 372/421/357 398/447/383 373/422/358
f 373/422/358 398/447/383 374/423/359
f 374/423/359 398/447/383 399/448/384
f 374/423/359 399/448/384 375/424/360
f 375/424/360 399/448/384 400/449/385
f 375/424/360 400/449/385 376/425/361
f 376/425/361 400/449/385 377/426/362
f 377/426/362 400/449/385 401/450/386
f 377/426/362 401/450/386 378/427/363
f 378/427/363 401/450/386 379/428/364
f 379/428/364 401/450/386 402/451/387
f 379/428/364 402/451/387 380/429/365
f 380/429/365 402/451/387 403/452/388
f 380/429/365 403/452/388 381/430/366
f 381/430/366 403/452/388 382/431/367
f 382/431/367 403/452/388 404/453/389
f 382/431/367 404/453/389 383/432/368
f 383/432/368 404/453/389 405/454/390
f 383/432/368 405/454/390 384/433/369
f 384/433/369 405/454/390 353/402/338
f 353/402/338 405/454/390 406/455/391
f 353/402/338 406/455/391 354/403/339
f 385/434/370 407/456/392 386/435/371
f 386/435/371 408/457/393 387/436/372
f 387/436/372 408/457/393 388/437/373
f 388/437/373 408/457/393 389/438/374
f 389/438/374 409/458/394 390/439/375
f 390/439/375 409/458/394 410/459/395
f 390/439/375 410/459/395 391/440/376
f 391/440/376 410/459/395 411/460/396
f 391/440/376 411/460/396 392/441/377
f 392/441/377 411/460/396 393/442/378
f 393/442/378 411/460/396 394/443/379
f 394/443/379 412/461/397 395/444/380
f 395/444/380 412/461/397 413/462/398
f 395/444/380 413/462/398 396/445/381
f 396/445/381 413/462/398 414/463/399
f 396/445/381 414/463/399 397/446/382
f 397/446/382 414/463/399 398/447/383
f 398/447/383 414/463/399 399/448/384
f 399/448/384 415/464/400 400/449/385
f 400/449/385 415/464/400 416/465/401
f 400/449/385 416/465/401 401/450/386
f 401/450/386 416/465/401 417/466/402
f 401/450/386 417/466/402 402/451/387
f 402/451/387 417/466/402 403/452/388
f 403/452/388 417/466/402 404/453/389
f 404/453/389 418/467/403 405/454/390
f 405/454/390 418/467/403 406/455/391
f 407/456/392 419/468/404 386/435/371
f 419/468/404 420/469/405 386/435/371
f 386/435/371 420/469/405 421/470/406
f 386/435/371 421/470/406 408/457/393
f 408/457/393 421/470/406 422/471/407
f 408/457/393 422/471/407 389/438/374
f 389/438/374 422/471/407 423/472/408
f 389/438/374 423/472/408 409/458/394
f 409/458/394 423/472/408 424/473/409
f 409/458/394 424/473/409 410/459/395
f 410/459/395 424/473/409 425/474/410
f 410/459/395 425/474/410 411/460/396
f 411/460/396 425/474/410 426/475/411
f 411/460/396 426/475/411 394/443/379
f 394/443/379 426/475/411 427/476/412
f 394/443/379 427/476/412 412/461/397
f 412/461/397 427/476/412 428/477/413
f 412/461/397 428/477/413 413/462/398
f 413/462/398 428/477/413 429/478/414
f 413/462/398 429/478/414 414/463/399
f 414/463/399 429/478/414 430/479/415
f 414/463/399 430/479/415 399/448/384
f 399/448/384 430/479/415 431/480/416
f 399/448/384 431/480/416 415/464/400
f 415/464/400 431/480/416 432/481/417
f 415/464/400 432/481/417 416/465/401
f 416/465/401 432/481/417 433/482/418
f 416/465/401 433/482/418 417/466/402
f 417/466/402 433/482/418 434/483/419
f 417/466/402 434/483/419 404/453/389
f 404/453/389 434/483/419 435/484/420
f 404/453/389 435/484/420 418/467/403
f 418/467/403 435/484/420 436/485/421
f 418/467/403 436/485/421 406/455/391
f 420/469/405 437/486/422 421/470/406
f 421/470/406 437/486/422 438/487/423
f 421/470/406 438/487/423 422/471/407
f 422/471/407 438/487/423 439/488/424
f 422/471/407 439/488/424 423/472/408
f 423/472/408 439/488/424 440/489/425
f 423/472/408 440/489/425 424/473/409
f 424/473/409 440/489/425 441/490/426
f 424/473/409 441/490/426 425/474/410
f 425/474/410 441/490/426 442/491/427
f 425/474/410 442/491/427 443/492/428
f 425/474/410 443/492/428 426/475/411
f 426/475/411 443/492/428 444/493/429
f 426/475/411 444/493/429 427/476/412
f 427/476/412 444/493/429 445/494/430
f 427/476/412 445/494/430 428/477/413
f 428/477/413 445/494/430 446/495/431
f 428/477/413 446/495/431 429/478/414
f 429/478/414 446/495/431 447/496/432
f 429/478/414 447/496/432 448/497/433
f 429/478/414 448/497/433 430/479/415
f 430/479/415 448/497/433 449/498/434
f 430/479/415 449/498/434 431/480/416
f 431/480/416 449/498/434 450/499/435
f 431/480/416 450/499/435 432/481/417
f 432/481/417 450/499/435 451/500/436
f 432/481/417 451/500/436 433/482/418
f 433/482/418 451/500/436 452/501/437
f 433/482/418 452/501/437 434/483/419
f 434/483/419 452/501/437 453/502/438
f 434/483/419 453/502/438 435/484/420
f 435/484/420 453/502/438 454/503/439
f 435/484/420 454/503/439 436/485/421
f 419/468/404 455/504/440 420/469/405
f 420/469/405 456/505/441 437/486/422
f 437/486/422 456/505/441 438/487/423
f 438/487/423 457/506/442 439/488/424
f 439/488/424 457/506/442 458/507/443
f 439/488/424 458/507/443 459/508/444
f 439/488/424 459/508/444 440/489/425
f 440/489/425 459/508/444 460/509/445
f 440/489/425 460/509/445 441/490/426
f 441/490/426 460/509/445 461/510/446
f 441/490/426 461/510/446 442/491/427
f 442/491/427 461/510/446 443/492/428
f 443/492/428 462/511/447 444/493/429
f 444/493/429 462/511/447 463/512/448
f 444/493/429 463/512/448 464/513/449
f 444/493/429 464/513/449 445/494/430
f 445/494/430 464/513/449 465/514/450
f 445/494/430 465/514/450 446/495/431
f 446/495/431 465/514/450 466/515/451
f 446/495/431 466/515/451 447/496/432
f 447/496/432 466/515/451 448/497/433
f 448/497/433 467/516/452 449/498/434
f 449/498/434 467/516/452 468/517/453
f 449/498/434 468/517/453 469/518/454
f 449/498/434 469/518/454 450/499/435
f 450/499/435 469/518/454 470/519/455
f 450/499/435 470/519/455 451/500/436
f 451/500/436 470/519/455 471/520/456
f 451/500/436 471/520/456 452/501/437
f 452/501/437 472/521/457 453/502/438
f 453/502/438 472/521/457 454/503/439
f 455/504/440 473/522/458 420/469/405
f 420/469/405 473/522/458 456/505/441
f 456/505/441 474/523/459 438/487/423
f 438/487/423 474/523/459 457/506/442
f 443/492/428 461/510/446 462/511/447
f 448/497/433 466/515/451 467/516/452
f 452/501/437 471/520/456 472/521/457
f 472/521/457 475/524/460 454/503/439
f 454/503/439 475/524/460 476/525/461
f 454/503/439 476/525/461 436/485/421
f 458/507/443 477/526/462 459/508/444
f 459/508/444 477/526/462 460/509/445
f 460/509/445 477/526/462 461/510/446
f 463/512/448 478/527/463 464/513/449
f 464/513/449 478/527/463 465/514/450
f 465/514/450 478/527/463 466/515/451
f 468/517/453 479/528/464 469/518/454
f 469/518/454 479/528/464 470/519/455
f 470/519/455 479/528/464 471/520/456
f 456/505/441 473/522/458 474/523/459
f 457/506/442 474/523/459 458/507/443
f 462/511/447 461/510/446 463/512/448
f 467/516/452 466/515/451 468/517/453
f 472/521/457 471/520/456 475/524/460
f 455/504/440 480/529/465 473/522/458
f 480/529/465 481/530/466 473/522/458
f 473/522/458 481/530/466 482/531/467
f 473/522/458 482/531/467 474/523/459
f 474/523/459 482/531/467 483/532/468
f 474/523/459 483/532/468 458/507/443
f 458/507/443 483/532/468 484/533/469
f 458/507/443 484/533/469 477/526/462
f 477/526/462 484/533/469 485/534/470
f 477/526/462 485/534/470 486/535/471
f 477/526/462 486/535/471 461/510/446
f 461/510/446 486/535/471 487/536/472
f 461/510/446 487/536/472 463/512/448
f 463/512/448 487/536/472 488/537/473
f 463/512/448 488/537/473 478/527/463
f 478/527/463 488/537/473 489/538/474
f 478/527/463 489/538/474 490/539/475
f 478/527/463 490/539/475 466/515/451
f 466/515/451 490/539/475 491/540/476
f 466/515/451 491/540/476 468/517/453
f 468/517/453 491/540/476 492/541/477
f 468/517/453 492/541/477 479/528/464
f 479/528/464 492/541/477 493/542/478
f 479/528/464 493/542/478 494/543/479
f 479/528/464 494/543/479 471/520/456
f 471/520/456 494/543/479 495/544/480
f 471/520/456 495/544/480 496/545/481
f 471/520/456 496/545/481 475/524/460
f 475/524/460 496/545/481 497/546/482
f 475/524/460 497/546/482 476/525/461
f 496/545/481 498/547/483 497/546/482
f 480/529/465 499/548/484 500/549/485
f 480/529/465 500/549/485 481/530/466
f 481/530/466 500/549/485 501/550/486
f 481/530/466 501/550/486 482/531/467
f 482/531/467 501/550/486 502/551/487
f 482/531/467 502/551/487 483/532/468
f 483/532/468 502/551/487 503/552/488
f 483/532/468 503/552/488 484/533/469
f 484/533/469 503/552/488 504/553/489
f 484/533/469 504/553/489 485/534/470
f 485/534/470 504/553/489 505/554/490
f 485/534/470 505/554/490 506/555/491
f 485/534/470 506/555/491 486/535/471
f 486/535/471 506/555/491 507/556/492
f 486/535/471 507/556/492 487/536/472
f 487/536/472 507/556/492 508/557/493
f 487/536/472 508/557/493 488/537/473
f 488/537/473 508/557/493 509/558/494
f 488/537/473 509/558/494 489/538/474
f 489/538/474 509/558/494 510/559/495
f 489/538/474 510/559/495 511/560/496
f 489/538/474 511/560/496 490/539/475
f 490/539/475 511/560/496 512/561/497
f 490/539/475 512/561/497 491/540/476
f 491/540/476 512/561/497 513/562/498
f 491/540/476 513/562/498 492/541/477
f 492/541/477 513/562/498 514/563/499
f 492/541/477 514/563/499 493/542/478
f 493/542/478 514/563/499 515/564/500
f 493/542/478 515/564/500 516/565/501
f 493/542/478 516/565/501 494/543/479
f 494/543/479 516/565/501 517/566/502
f 494/543/479 517/566/502 495/544/480
f 495/544/480 517/566/502 496/545/481
f 496/545/481 517/566/502 498/547/483
f 504/553/489 503/552/488 505/554/490
f 509/558/494 508/557/493 510/559/495
f 514/563/499 513/562/498 515/564/500
f 516/565/501 518/567/503 517/566/502
f 517/566/502 518/567/503 519/568/504
f 517/566/502 519/568/504 498/547/483
f 499/548/484 520/569/505 500/549/485
f 500/549/485 520/569/505 521/570/506
f 500/549/485 521/570/506 501/550/486
f 501/550/486 521/570/506 522/571/507
f 501/550/486 522/571/507 502/551/487
f 502/551/487 522/571/507 523/572/508
f 502/551/487 523/572/508 503/552/488
f 503/552/488 523/572/508 505/554/490
f 505/554/490 523/572/508 524/573/509
f 505/554/490 524/573/509 506/555/491
f 506/555/491 524/573/509 525/574/510
f 506/555/491 525/574/510 507/556/492
f 507/556/492 525/574/510 526/575/511
f 507/556/492 526/575/511 508/557/493
f 508/557/493 526/575/511 510/559/495
f 510/559/495 526/575/511 527/576/512
f 510/559/495 527/576/512 511/560/496
f 511/560/496 527/576/512 528/577/513
f 511/560/496 528/577/513 512/561/497
f 512/561/497 528/577/513 529/578/514
f 512/561/497 529/578/514 513/562/498
f 513/562/498 529/578/514 515/564/500
f 515/564/500 529/578/514 530/579/515
f 515/564/500 530/579/515 516/565/501
f 516/565/501 530/579/515 518/567/503
f 518/567/503 531/580/516 519/568/504
f 520/569/505 532/581/517 533/582/518
f 520/569/505 533/582/518 521/570/506
f 521/570/506 533/582/518 534/583/519
f 521/570/506 534/583/519 522/571/507
f 523/572/508 522/571/507 535/584/520
f 523/572/508 535/584/520 536/585/521
f 523/572/508 536/585/521 524/573/509
f 524/573/509 536/585/521 537/586/522
f 524/573/509 537/586/522 525/574/510
f 526/575/511 525/574/510 538/587/523
f 526/575/511 538/587/523 539/588/524
f 526/575/511 539/588/524 527/576/512
f 527/576/512 539/588/524 540/589/525
f 527/576/512 540/589/525 528/577/513
f 529/578/514 528/577/513 541/590/526
f 529/578/514 541/590/526 542/591/527
f 529/578/514 542/591/527 530/579/515
f 530/579/515 542/591/527 543/592/528
f 530/579/515 543/592/528 544/593/529
f 530/579/515 544/593/529 518/567/503
f 518/567/503 544/593/529 545/594/530
f 518/567/503 545/594/530 531/580/516
f 533/582/518 546/595/531 534/583/519
f 522/571/507 534/583/519 547/596/532
f 522/571/507 547/596/532 535/584/520
f 525/574/510 537/586/522 548/597/533
f 525/574/510 548/597/533 538/587/523
f 528/577/513 540/589/525 549/598/534
f 528/577/513 549/598/534 541/590/526
f 533/582/518 532/581/517 546/595/531
f 535/584/520 547/596/532 550/599/535
f 535/584/520 550/599/535 536/585/521
f 536/585/521 550/599/535 537/586/522
f 538/587/523 548/597/533 551/600/536
f 538/587/523 551/600/536 539/588/524
f 539/588/524 551/600/536 540/589/525
f 541/590/526 549/598/534 552/601/537
f 541/590/526 552/601/537 542/591/527
f 542/591/527 552/601/537 543/592/528
f 544/593/529 543/592/528 545/594/530
f 532/581/517 553/602/538 546/595/531
f 546/595/531 553/602/538 554/603/539
f 546/595/531 554/603/539 534/583/519
f 534/583/519 554/603/539 555/604/540
f 534/583/519 555/604/540 547/596/532
f 547/596/532 555/604/540 550/599/535
f 550/599/535 555/604/540 556/605/541
f 550/599/535 556/605/541 537/586/522
f 537/586/522 556/605/541 557/606/542
f 537/586/522 557/606/542 548/597/533
f 548/597/533 557/606/542 551/600/536
f 551/600/536 557/606/542 558/607/543
f 551/600/536 558/607/543 540/589/525
f 540/589/525 558/607/543 559/608/544
f 540/589/525 559/608/544 549/598/534
f 549/598/534 559/608/544 552/601/537
f 552/601/537 559/608/544 560/609/545
f 552/601/537 560/609/545 543/592/528
f 543/592/528 560/609/545 561/610/546
f 543/592/528 561/610/546 545/594/530
f 553/602/538 570/611/547 554/603/539
f 557/606/542 571/612/548 558/607/543
f 560/609/545 562/613/549 561/610/546
f 558/607/543 566/614/550 559/608/544
f 559/608/544 565/615/551 560/609/545
f 554/603/539 567/616/552 555/604/540
f 555/604/540 567/616/552 564/617/553
f 571/612/548 566/614/550 558/607/543
f 570/611/547 567/616/552 554/603/539
f 555/604/540 568/618/554 556/605/541
f 556/605/541 569/619/555 557/606/542
f 560/609/545 565/615/551 562/613/549
f 568/618/554 569/619/555 556/605/541
f 559/608/544 572/620/556 565/615/551
f 563/621/557 570/611/547 553/602/538
f 555/604/540 564/617/553 568/618/554
f 569/619/555 571/612/548 557/606/542
f 566/614/550 572/620/556 559/608/544
f 564/617/553 576/622/558 568/618/554
f 571/612/548 573/623/559 566/614/550
f 565/615/551 574/624/560 562/613/549
f 563/621/557 575/625/561 570/611/547
f 572/620/556 582/626/562 565/615/551
f 570/611/547 577/627/563 567/616/552
f 567/616/552 578/628/564 564/617/553
f 564/617/553 578/628/564 576/622/558
f 568/618/554 579/629/565 569/619/555
f 569/619/555 580/630/566 571/612/548
f 573/623/559 581/631/567 566/614/550
f 566/614/550 590/632/568 582/626/562
f 566/614/550 582/626/562 572/620/556
f 574/624/560 593/633/569 562/613/549
f 563/621/557 583/634/570 575/625/561
f 575/625/561 594/635/571 584/636/572
f 575/625/561 584/636/572 570/611/547
f 570/611/547 584/636/572 577/627/563
f 577/627/563 585/637/573 567/616/552
f 567/616/552 585/637/573 578/628/564
f 578/628/564 597/638/574 576/622/558
f 576/622/558 597/638/574 586/639/575
f 576/622/558 586/639/575 568/618/554
f 568/618/554 586/639/575 579/629/565
f 579/629/565 587/640/576 569/619/555
f 569/619/555 587/640/576 580/630/566
f 580/630/566 588/641/577 571/612/548
f 571/612/548 588/641/577 589/642/578
f 571/612/548 589/642/578 573/623/559
f 573/623/559 589/642/578 581/631/567
f 581/631/567 590/632/568 566/614/550
f 582/626/562 591/643/579 565/615/551
f 565/615/551 591/643/579 592/644/580
f 565/615/551 592/644/580 574/624/560
f 574/624/560 592/644/580 593/633/569
f 583/634/570 594/635/571 575/625/561
f 584/636/572 595/645/581 577/627/563
f 577/627/563 595/645/581 585/637/573
f 585/637/573 596/646/582 578/628/564
f 578/628/564 596/646/582 597/638/574
f 586/639/575 598/647/583 579/629/565
f 579/629/565 598/647/583 587/640/576
f 587/640/576 610/648/584 580/630/566
f 580/630/566 610/648/584 599/649/585
f 580/630/566 599/649/585 588/641/577
f 589/642/578 605/650/586 581/631/567
f 581/631/567 605/650/586 590/632/568
f 590/632/568 606/651/587 600/652/588
f 590/632/568 600/652/588 582/626/562
f 583/634/570 601/653/589 594/635/571
f 594/635/571 602/654/590 584/636/572
f 584/636/572 602/654/590 595/645/581
f 595/645/581 611/655/591 585/637/573
f 585/637/573 611/655/591 596/646/582
f 597/638/574 603/656/592 586/639/575
f 586/639/575 603/656/592 598/647/583
f 598/647/583 610/648/584 587/640/576
f 599/649/585 604/657/593 588/641/577
f 588/641/577 604/657/593 589/642/578
f 589/642/578 604/657/593 605/650/586
f 605/650/586 606/651/587 590/632/568
f 582/626/562 600/652/588 607/658/594
f 582/626/562 607/658/594 591/643/579
f 591/643/579 607/658/594 608/659/595
f 591/643/579 608/659/595 592/644/580
f 592/644/580 608/659/595 609/660/596
f 592/644/580 609/660/596 593/633/569
f 594/635/571 601/653/589 602/654/590
f 602/654/590 611/655/591 595/645/581
f 597/638/574 596/646/582 603/656/592
f 606/651/587 605/650/586 600/652/588
f 607/658/594 600/652/588 608/659/595
f 598/647/583 603/656/592 610/648/584
f 604/657/593 612/661/597 605/650/586
f 605/650/586 619/662/598 600/652/588
f 600/652/588 619/662/598 613/663/599
f 600/652/588 614/664/600 608/659/595
f 608/659/595 615/665/601 609/660/596
f 610/648/584 618/666/602 599/649/585
f 599/649/585 618/666/602 604/657/593
f 601/653/589 620/667/603 602/654/590
f 602/654/590 628/668/604 611/655/591
f 611/655/591 621/669/605 596/646/582
f 596/646/582 622/670/606 603/656/592
f 612/661/597 623/671/607 605/650/586
f 605/650/586 623/671/607 619/662/598
f 600/652/588 624/672/608 614/664/600
f 609/660/596 615/665/601 616/673/609
f 618/666/602 626/674/610 604/657/593
f 600/652/588 613/663/599 624/672/608
f 625/675/611 627/676/612 601/653/589
f 620/667/603 628/668/604 602/654/590
f 611/655/591 617/677/613 621/669/605
f 603/656/592 630/678/614 610/648/584
f 610/648/584 630/678/614 618/666/602
f 626/674/610 629/679/615 604/657/593
f 604/657/593 629/679/615 612/661/597
f 608/659/595 614/664/600 615/665/601
f 601/653/589 627/676/612 620/667/603
f 603/656/592 622/670/606 630/678/614
f 596/646/582 621/669/605 622/670/606
f 628/668/604 631/680/616 611/655/591
f 611/655/591 631/680/616 617/677/613
f 625/675/611 632/681/617 627/676/612
f 631/680/616 633/682/618 617/677/613
f 630/678/614 645/683/619 618/666/602
f 623/671/607 634/684/620 619/662/598
f 615/665/601 635/685/621 616/673/609
f 633/682/618 636/686/622 617/677/613
f 617/677/613 636/686/622 621/669/605
f 645/683/619 637/687/623 618/666/602
f 618/666/602 637/687/623 626/674/610
f 619/662/598 634/684/620 638/688/624
f 619/662/598 638/688/624 613/663/599
f 628/668/604 639/689/625 631/680/616
f 636/686/622 640/690/626 621/669/605
f 621/669/605 640/690/626 622/670/606
f 612/661/597 641/691/627 623/671/607
f 613/663/599 638/688/624 624/672/608
f 614/664/600 642/692/628 615/665/601
f 632/681/617 643/693/629 627/676/612
f 627/676/612 643/693/629 620/667/603
f 620/667/603 643/693/629 628/668/604
f 628/668/604 643/693/629 639/689/625
f 631/680/616 639/689/625 633/682/618
f 622/670/606 640/690/626 644/694/630
f 622/670/606 644/694/630 630/678/614
f 630/678/614 644/694/630 645/683/619
f 637/687/623 646/695/631 626/674/610
f 626/674/610 646/695/631 629/679/615
f 629/679/615 646/695/631 612/661/597
f 612/661/597 646/695/631 641/691/627
f 623/671/607 641/691/627 634/684/620
f 638/688/624 647/696/632 624/672/608
f 624/672/608 647/696/632 614/664/600
f 614/664/600 647/696/632 642/692/628
f 615/665/601 642/692/628 635/685/621
f 637/687/623 649/697/633 646/695/631
f 646/695/631 649/697/633 648/698/634
f 643/693/629 663/699/635 639/689/625
f 639/689/625 651/700/636 633/682/618
f 644/694/630 664/701/637 645/683/619
f 641/691/627 650/702/638 634/684/620
f 647/696/632 657/703/639 642/692/628
f 663/699/635 651/700/636 639/689/625
f 633/682/618 659/704/640 636/686/622
f 636/686/622 659/704/640 652/705/641
f 636/686/622 652/705/641 640/690/626
f 640/690/626 653/706/642 644/694/630
f 646/695/631 648/698/634 641/691/627
f 634/684/620 654/707/643 638/688/624
f 638/688/624 654/707/643 647/696/632
f 657/703/639 655/708/644 642/692/628
f 642/692/628 655/708/644 635/685/621
f 632/681/617 658/709/645 643/693/629
f 664/701/637 656/710/646 645/683/619
f 645/683/619 656/710/646 637/687/623
f 654/707/643 657/703/639 647/696/632
f 651/700/636 659/704/640 633/682/618
f 640/690/626 652/705/641 653/706/642
f 637/687/623 656/710/646 649/697/633
f 648/698/634 660/711/647 641/691/627
f 641/691/627 660/711/647 650/702/638
f 634/684/620 650/702/638 654/707/643
f 655/708/644 661/712/648 635/685/621
f 632/681/617 662/713/649 658/709/645
f 658/709/645 663/699/635 643/693/629
f 653/706/642 664/701/637 644/694/630
f 662/713/649 665/714/650 658/709/645
f 651/700/636 677/715/651 659/704/640
f 659/704/640 677/715/651 666/716/652
f 659/704/640 666/716/652 652/705/641
f 653/706/642 667/717/653 664/701/637
f 664/701/637 680/718/654 656/710/646
f 656/710/646 680/718/654 668/719/655
f 656/710/646 668/719/655 649/697/633
f 648/698/634 669/720/656 660/711/647
f 660/711/647 681/721/657 650/702/638
f 650/702/638 681/721/657 670/722/658
f 650/702/638 670/722/658 654/707/643
f 655/708/644 679/723/659 671/724/660
f 655/708/644 671/724/660 661/712/648
f 665/714/650 672/725/661 658/709/645
f 658/709/645 672/725/661 663/699/635
f 666/716/652 673/726/662 652/705/641
f 652/705/641 673/726/662 653/706/642
f 668/719/655 674/727/663 649/697/633
f 649/697/633 674/727/663 648/698/634
f 670/722/658 675/728/664 654/707/643
f 654/707/643 675/728/664 657/703/639
f 663/699/635 672/725/661 676/729/665
f 663/699/635 676/729/665 651/700/636
f 653/706/642 673/726/662 667/717/653
f 648/698/634 674/727/663 669/720/656
f 657/703/639 675/728/664 678/730/666
f 657/703/639 678/730/666 655/708/644
f 651/700/636 676/729/665 677/715/651
f 667/717/653 680/718/654 664/701/637
f 669/720/656 681/721/657 660/711/647
f 655/708/644 678/730/666 679/723/659
f 665/714/650 682/731/667 672/725/661
f 676/729/665 683/732/668 677/715/651
f 677/715/651 683/732/668 684/733/669
f 677/715/651 684/733/669 666/716/652
f 670/722/658 693/734/670 685/735/671
f 670/722/658 685/735/671 675/728/664
f 678/730/666 694/736/672 679/723/659
f 679/723/659 689/737/673 671/724/660
f 672/725/661 686/738/674 676/729/665
f 674/727/663 698/739/675 669/720/656
f 669/720/656 698/739/675 681/721/657
f 682/731/667 687/740/676 672/725/661
f 672/725/661 687/740/676 686/738/674
f 666/716/652 688/741/677 673/726/662
f 675/728/664 685/735/671 678/730/666
f 694/736/672 689/737/673 679/723/659
f 680/718/654 692/742/678 668/719/655
f 698/739/675 690/743/679 681/721/657
f 680/718/654 691/744/680 692/742/678
f 690/743/679 693/734/670 681/721/657
f 681/721/657 693/734/670 670/722/658
f 685/735/671 694/736/672 678/730/666
f 676/729/665 686/738/674 683/732/668
f 673/726/662 688/741/677 667/717/653
f 684/733/669 695/745/681 666/716/652
f 666/716/652 695/745/681 688/741/677
f 688/741/677 696/746/682 667/717/653
f 667/717/653 696/746/682 680/718/654
f 680/718/654 696/746/682 691/744/680
f 692/742/678 697/747/683 668/719/655
f 668/719/655 697/747/683 674/727/663
f 674/727/663 697/747/683 698/739/675
f 689/737/673 699/748/684 671/724/660
f 683/732/668 700/749/685 684/733/669
f 691/744/680 701/750/686 692/742/678
f 690/743/679 702/751/687 693/734/670
f 689/737/673 703/752/688 699/748/684
f 687/740/676 704/753/689 686/738/674
f 686/738/674 705/754/690 683/732/668
f 688/741/677 706/755/691 696/746/682
f 696/746/682 707/756/692 691/744/680
f 697/747/683 708/757/693 698/739/675
f 698/739/675 709/758/694 690/743/679
f 685/735/671 710/759/695 694/736/672
f 682/731/667 714/760/696 687/740/676
f 687/740/676 714/760/696 704/753/689
f 688/741/677 695/745/681 706/755/691
f 693/734/670 711/761/697 685/735/671
f 685/735/671 711/761/697 710/759/695
f 694/736/672 712/762/698 689/737/673
f 682/731/667 713/763/699 714/760/696
f 686/738/674 704/753/689 705/754/690
f 700/749/685 715/764/700 684/733/669
f 684/733/669 715/764/700 695/745/681
f 696/746/682 706/755/691 707/756/692
f 692/742/678 701/750/686 716/765/701
f 692/742/678 716/765/701 697/747/683
f 698/739/675 708/757/693 709/758/694
f 702/751/687 717/766/702 693/734/670
f 693/734/670 717/766/702 711/761/697
f 694/736/672 710/759/695 712/762/698
f 697/747/683 716/765/701 708/757/693
f 683/732/668 705/754/690 700/749/685
f 691/744/680 707/756/692 701/750/686
f 690/743/679 709/758/694 702/751/687
f 689/737/673 712/762/698 703/752/688
f 710/759/695 720/767/703 712/762/698
f 695/745/681 718/768/704 706/755/691
f 706/755/691 718/768/704 707/756/692
f 715/764/700 722/769/705 695/745/681
f 695/745/681 722/769/705 718/768/704
f 708/757/693 726/770/706 709/758/694
f 701/750/686 719/771/707 716/765/701
f 711/761/697 720/767/703 710/759/695
f 713/763/699 721/772/708 714/760/696
f 700/749/685 722/769/705 715/764/700
f 701/750/686 725/773/709 719/771/707
f 717/766/702 732/774/710 711/761/697
f 711/761/697 732/774/710 720/767/703
f 703/752/688 723/775/711 699/748/684
f 721/772/708 724/776/712 714/760/696
f 714/760/696 724/776/712 704/753/689
f 705/754/690 728/777/713 700/749/685
f 700/749/685 728/777/713 722/769/705
f 707/756/692 725/773/709 701/750/686
f 712/762/698 731/778/714 703/752/688
f 703/752/688 731/778/714 723/775/711
f 707/756/692 729/779/715 725/773/709
f 716/765/701 726/770/706 708/757/693
f 709/758/694 727/780/716 702/751/687
f 702/751/687 727/780/716 717/766/702
f 704/753/689 728/777/713 705/754/690
f 718/768/704 729/779/715 707/756/692
f 726/770/706 730/781/717 709/758/694
f 720/767/703 731/778/714 712/762/698
f 704/753/689 733/782/718 728/777/713
f 724/776/712 733/782/718 704/753/689
f 717/766/702 727/780/716 732/774/710
f 716/765/701 719/771/707 726/770/706
f 709/758/694 730/781/717 727/780/716
f 721/772/708 734/783/719 735/784/720
f 721/772/708 735/784/720 724/776/712
f 724/776/712 735/784/720 733/782/718
f 733/782/718 735/784/720 736/785/721
f 733/782/718 736/785/721 728/777/713
f 728/777/713 736/785/721 737/786/722
f 728/777/713 737/786/722 738/787/723
f 728/777/713 738/787/723 722/769/705
f 722/769/705 738/787/723 739/788/724
f 722/769/705 739/788/724 718/768/704
f 718/768/704 739/788/724 740/789/725
f 718/768/704 740/789/725 729/779/715
f 729/779/715 740/789/725 741/790/726
f 729/779/715 741/790/726 725/773/709
f 725/773/709 741/790/726 742/791/727
f 725/773/709 742/791/727 719/771/707
f 719/771/707 742/791/727 743/792/728
f 719/771/707 743/792/728 726/770/706
f 726/770/706 743/792/728 744/793/729
f 726/770/706 744/793/729 730/781/717
f 730/781/717 744/793/729 745/794/730
f 730/781/717 745/794/730 727/780/716
f 727/780/716 745/794/730 746/795/731
f 727/780/716 746/795/731 747/796/732
f 727/780/716 747/796/732 732/774/710
f 732/774/710 747/796/732 720/767/703
f 720/767/703 747/796/732 748/797/733
f 720/767/703 748/797/733 731/778/714
f 731/778/714 748/797/733 749/798/734
f 731/778/714 749/798/734 750/799/735
f 731/778/714 750/799/735 723/775/711
f 734/783/719 751/800/736 752/801/737
f 734/783/719 752/801/737 735/784/720
f 735/784/720 752/801/737 753/802/738
f 735/784/720 753/802/738 736/785/721
f 736/785/721 753/802/738 754/803/739
f 736/785/721 754/803/739 737/786/722
f 737/786/722 754/803/739 755/804/740
f 737/786/722 755/804/740 738/787/723
f 738/787/723 755/804/740 756/805/741
f 738/787/723 756/805/741 739/788/724
f 739/788/724 756/805/741 757/806/742
f 739/788/724 757/806/742 740/789/725
f 740/789/725 757/806/742 758/807/743
f 740/789/725 758/807/743 741/790/726
f 741/790/726 758/807/743 759/808/744
f 741/790/726 759/808/744 742/791/727
f 742/791/727 759/808/744 760/809/745
f 742/791/727 760/809/745 743/792/728
f 743/792/728 760/809/745 761/810/746
f 743/792/728 761/810/746 744/793/729
f 744/793/729 761/810/746 762/811/747
f 744/793/729 762/811/747 745/794/730
f 745/794/730 762/811/747 763/812/748
f 745/794/730 763/812/748 746/795/731
f 746/795/731 763/812/748 764/813/749
f 746/795/731 764/813/749 747/796/732
f 747/796/732 764/813/749 765/814/750
f 747/796/732 765/814/750 748/797/733
f 748/797/733 765/814/750 766/815/751
f 748/797/733 766/815/751 749/798/734
f 749/798/734 766/815/751 767/816/752
f 749/798/734 767/816/752 750/799/735
f 751/800/736 768/817/753 752/801/737
f 752/801/737 768/817/753 769/818/754
f 752/801/737 769/818/754 753/802/738
f 753/802/738 769/818/754 754/803/739
f 754/803/739 769/818/754 770/819/755
f 754/803/739 770/819/755 755/804/740
f 755/804/740 770/819/755 771/820/756
f 755/804/740 771/820/756 756/805/741
f 757/806/742 756/805/741 772/821/757
f 757/806/742 772/821/757 758/807/743
f 758/807/743 772/821/757 773/822/758
f 758/807/743 773/822/758 759/808/744
f 759/808/744 773/822/758 774/823/759
f 759/808/744 774/823/759 760/809/745
f 761/810/746 760/809/745 775/824/760
f 761/810/746 775/824/760 762/811/747
f 762/811/747 775/824/760 776/825/761
f 762/811/747 776/825/761 763/812/748
f 763/812/748 776/825/761 777/826/762
f 763/812/748 777/826/762 764/813/749
f 764/813/749 777/826/762 778/827/763
f 764/813/749 778/827/763 765/814/750
f 765/814/750 778/827/763 779/828/764
f 765/814/750 779/828/764 766/815/751
f 766/815/751 779/828/764 767/816/752
f 751/800/736 780/829/765 781/830/766
f 751/800/736 781/830/766 768/817/753
f 768/817/753 781/830/766 782/831/767
f 768/817/753 782/831/767 769/818/754
f 769/818/754 782/831/767 783/832/768
f 769/818/754 783/832/768 784/833/769
f 769/818/754 784/833/769 770/819/755
f 770/819/755 784/833/769 785/834/770
f 770/819/755 785/834/770 771/820/756
f 771/820/756 785/834/770 786/835/771
f 771/820/756 786/835/771 756/805/741
f 756/805/741 786/835/771 787/836/772
f 756/805/741 787/836/772 772/821/757
f 772/821/757 787/836/772 788/837/773
f 772/821/757 788/837/773 773/822/758
f 773/822/758 788/837/773 789/838/774
f 773/822/758 789/838/774 774/823/759
f 774/823/759 789/838/774 790/839/775
f 774/823/759 790/839/775 760/809/745
f 760/809/745 790/839/775 791/840/776
f 760/809/745 791/840/776 775/824/760
f 775/824/760 791/840/776 792/841/777
f 775/824/760 792/841/777 776/825/761
f 776/825/761 792/841/777 793/842/778
f 776/825/761 793/842/778 777/826/762
f 777/826/762 793/842/778 794/843/779
f 777/826/762 794/843/779 778/827/763
f 778/827/763 794/843/779 795/844/780
f 778/827/763 795/844/780 779/828/764
f 779/828/764 795/844/780 796/845/781
f 779/828/764 796/845/781 767/816/752
f 780/829/765 797/846/782 781/830/766
f 781/830/766 797/846/782 798/847/783
f 781/830/766 798/847/783 782/831/767
f 782/831/767 798/847/783 799/848/784
f 782/831/767 799/848/784 783/832/768
f 783/832/768 799/848/784 800/849/785
f 783/832/768 800/849/785 784/833/769
f 784/833/769 800/849/785 801/850/786
f 784/833/769 801/850/786 785/834/770
f 785/834/770 801/850/786 802/851/787
f 785/834/770 802/851/787 786/835/771
f 786/835/771 802/851/787 803/852/788
f 786/835/771 803/852/788 787/836/772
f 787/836/772 803/852/788 804/853/789
f 787/836/772 804/853/789 788/837/773
f 788/837/773 804/853/789 805/854/790
f 788/837/773 805/854/790 789/838/774
f 789/838/774 805/854/790 806/855/791
f 789/838/774 806/855/791 790/839/775
f 790/839/775 806/855/791 807/856/792
f 790/839/775 807/856/792 791/840/776
f 791/840/776 807/856/792 808/857/793
f 791/840/776 808/857/793 792/841/777
f 792/841/777 808/857/793 811/858/794
f 792/841/777 811/858/794 793/842/778
f 793/842/778 811/858/794 809/859/795
f 793/842/778 809/859/795 794/843/779
f 794/843/779 809/859/795 795/844/780
f 795/844/780 809/859/795 810/860/796
f 795/844/780 810/860/796 796/845/781
f 796/845/781 810/860/796 812/861/797
f 780/829/765 813/862/798 797/846/782
f 807/856/792 811/858/794 808/857/793
f 813/862/798 814/863/799 797/846/782
f 797/846/782 814/863/799 798/847/783
f 798/847/783 814/863/799 815/864/800
f 798/847/783 815/864/800 799/848/784
f 799/848/784 815/864/800 800/849/785
f 800/849/785 816/865/801 801/850/786
f 801/850/786 816/865/801 802/851/787
f 802/851/787 816/865/801 817/866/802
f 802/851/787 817/866/802 803/852/788
f 803/852/788 817/866/802 804/853/789
f 804/853/789 818/867/803 805/854/790
f 805/854/790 818/867/803 806/855/791
f 806/855/791 818/867/803 819/868/804
f 806/855/791 819/868/804 807/856/792
f 807/856/792 819/868/804 811/858/794
f 810/860/796 809/859/795 812/861/797
f 815/864/800 820/869/805 800/849/785
f 800/849/785 820/869/805 816/865/801
f 817/866/802 821/870/806 804/853/789
f 804/853/789 821/870/806 818/867/803
f 819/868/804 822/871/807 811/858/794
f 811/858/794 822/871/807 823/872/808
f 811/858/794 824/873/809 809/859/795
f 809/859/795 824/873/809 812/861/797
f 812/861/797 824/873/809 825/874/810
f 811/858/794 823/872/808 824/873/809
f 813/862/798 826/875/811 814/863/799
f 814/863/799 827/876/812 815/864/800
f 815/864/800 828/877/813 820/869/805
f 820/869/805 828/877/813 816/865/801
f 816/865/801 829/878/814 817/866/802
f 817/866/802 830/879/815 821/870/806
f 821/870/806 830/879/815 818/867/803
f 818/867/803 831/880/816 819/868/804
f 822/871/807 832/881/817 823/872/808
f 823/872/808 833/882/818 824/873/809
f 826/875/811 834/883/819 814/863/799
f 814/863/799 834/883/819 835/884/820
f 814/863/799 835/884/820 836/885/821
f 814/863/799 836/885/821 827/876/812
f 815/864/800 827/876/812 837/886/822
f 815/864/800 837/886/822 828/877/813
f 828/877/813 838/887/823 816/865/801
f 816/865/801 838/887/823 839/888/824
f 816/865/801 839/888/824 840/889/825
f 816/865/801 840/889/825 829/878/814
f 829/878/814 841/890/826 817/866/802
f 817/866/802 841/890/826 830/879/815
f 818/867/803 830/879/815 842/891/827
f 818/867/803 842/891/827 831/880/816
f 831/880/816 843/892/828 819/868/804
f 819/868/804 843/892/828 844/893/829
f 819/868/804 844/893/829 822/871/807
f 822/871/807 844/893/829 845/894/830
f 822/871/807 845/894/830 846/895/831
f 822/871/807 846/895/831 832/881/817
f 823/872/808 832/881/817 847/896/832
f 823/872/808 847/896/832 833/882/818
f 824/873/809 833/882/818 848/897/833
f 824/873/809 848/897/833 825/874/810
f 826/875/811 849/160/96 850/162/98
f 826/875/811 850/162/98 834/883/819
f 834/883/819 851/163/99 852/165/101
f 834/883/819 852/165/101 835/884/820
f 835/884/820 853/88/24 854/90/26
f 835/884/820 854/90/26 836/885/821
f 836/885/821 854/90/26 855/92/28
f 836/885/821 855/92/28 856/94/30
f 836/885/821 856/94/30 827/876/812
f 827/876/812 856/94/30 857/96/32
f 827/876/812 858/97/33 859/99/35
f 827/876/812 859/99/35 837/886/822
f 837/886/822 860/100/36 861/102/38
f 837/886/822 861/102/38 828/877/813
f 828/877/813 862/103/39 863/105/41
f 828/877/813 863/105/41 838/887/823
f 838/887/823 864/106/42 865/108/44
f 838/887/823 865/108/44 839/888/824
f 839/888/824 866/109/45 867/111/47
f 839/888/824 867/111/47 840/889/825
f 840/889/825 867/111/47 868/113/49
f 840/889/825 868/113/49 869/115/51
f 840/889/825 869/115/51 829/878/814
f 829/878/814 870/116/52 871/118/54
f 829/878/814 871/118/54 841/890/826
f 841/890/826 871/118/54 872/120/56
f 841/890/826 873/121/57 874/123/59
f 841/890/826 874/123/59 830/879/815
f 830/879/815 874/123/59 875/125/61
f 830/879/815 876/126/62 877/128/64
f 830/879/815 877/128/64 842/891/827
f 842/891/827 877/128/64 878/130/66
f 842/891/827 878/130/66 879/132/68
f 842/891/827 879/132/68 831/880/816
f 831/880/816 879/132/68 880/134/70
f 831/880/816 880/134/70 881/136/72
f 831/880/816 881/136/72 843/892/828
f 843/892/828 882/137/73 883/139/75
f 843/892/828 883/139/75 844/893/829
f 844/893/829 884/140/76 885/142/78
f 844/893/829 885/142/78 845/894/830
f 845/894/830 886/143/79 887/145/81
f 845/894/830 887/145/81 846/895/831
f 846/895/831 888/146/82 889/148/84
f 846/895/831 889/148/84 832/881/817
f 832/881/817 889/148/84 890/150/86
f 832/881/817 890/150/86 891/152/88
f 832/881/817 891/152/88 847/896/832
f 847/896/832 892/153/89 893/155/91
f 847/896/832 893/155/91 833/882/818
f 833/882/818 893/155/91 894/157/93
f 833/882/818 894/157/93 895/159/95
f 833/882/818 895/159/95 848/897/833
f 848/897/833 897/85/21 896/87/23
f 848/897/833 896/87/23 825/874/810
f 194/243/179 303/352/288 283/332/268
f 194/243/179 283/332/268 267/320/256
