# Blender 5.1.2
# www.blender.org
mtllib rook.mtl
o rook
v -0.012203 0.000292 -0.003591
v 0.012675 0.000658 -0.005174
v 0.007700 0.000625 -0.011460
v 0.001346 0.000706 -0.013653
v -0.007694 0.000626 -0.011466
v -0.012675 0.000658 0.005174
v -0.007700 0.000625 0.011460
v -0.001345 0.000706 0.013653
v 0.007694 0.000626 0.011466
v 0.013188 0.000634 0.003987
v 0.009712 0.049221 -0.004023
v -0.009602 0.049221 0.004083
v 0.008872 0.044673 -0.000000
v 0.008530 0.044689 -0.002586
v 0.006894 0.044673 -0.005650
v 0.004929 0.044673 -0.007377
v 0.002586 0.044673 -0.008530
v 0.000000 0.044673 -0.008872
v -0.002586 0.044673 -0.008530
v -0.004929 0.044673 -0.007377
v -0.006894 0.044673 -0.005650
v -0.008530 0.044673 -0.002586
v -0.008872 0.044673 -0.000000
v -0.008530 0.044673 0.002586
v -0.006894 0.044673 0.005650
v -0.004929 0.044673 0.007377
v -0.002586 0.044673 0.008530
v 0.000000 0.044673 0.008872
v 0.002586 0.044673 0.008530
v 0.004929 0.044673 0.007377
v 0.006894 0.044673 0.005650
v 0.008530 0.044673 0.002586
v -0.009602 0.049221 -0.004083
v 0.009633 0.049221 0.004013
v 0.013540 0.000846 -0.001332
v 0.011361 0.000940 -0.007635
v 0.005184 0.000841 -0.012514
v -0.003941 0.000847 -0.013021
v -0.011360 0.000940 -0.007634
v -0.013023 0.000843 -0.003950
v -0.013540 0.000846 0.001332
v -0.011361 0.000940 0.007635
v -0.005185 0.000841 0.012514
v 0.003938 0.000847 0.013022
v 0.011360 0.000940 0.007634
v 0.013619 0.000789 0.001376
v 0.013129 0.000794 -0.003847
v 0.011317 0.000879 -0.007562
v 0.007564 0.000876 -0.011321
v 0.004005 0.000788 -0.013091
v -0.001328 0.000789 -0.013623
v -0.007616 0.000827 -0.011465
v -0.011336 0.000866 -0.007572
v -0.013106 0.000785 -0.003968
v -0.013630 0.000784 0.000005
v -0.013101 0.000790 0.003958
v -0.011322 0.000876 0.007564
v -0.007529 0.000918 0.011259
v -0.003985 0.000793 0.013089
v 0.001350 0.000791 0.013619
v 0.007613 0.000830 0.011462
v 0.011452 0.000838 0.007604
v 0.009656 0.000922 -0.009656
v 0.009654 0.000923 -0.009653
v -0.009656 0.000922 -0.009656
v -0.009655 0.000922 -0.009655
v -0.009656 0.000922 0.009656
v -0.009654 0.000923 0.009653
v 0.009656 0.000922 0.009656
v 0.009655 0.000922 0.009655
v -0.007590 0.002799 0.011417
v 0.012601 0.002921 -0.005216
v 0.009661 0.002700 -0.009661
v -0.007545 0.002755 -0.011286
v -0.009661 0.002700 0.009661
v -0.001367 0.002913 0.013626
v 0.013625 0.002905 -0.001263
v 0.011278 0.002751 -0.007541
v -0.003948 0.002910 -0.013108
v -0.009661 0.002700 -0.009661
v 0.003948 0.002910 0.013108
v 0.007541 0.002751 0.011278
v 0.009661 0.002700 0.009661
v 0.009660 0.002699 -0.009660
v 0.007536 0.002746 -0.011269
v 0.000003 0.002910 -0.013625
v -0.009660 0.002699 -0.009660
v -0.013096 0.002910 0.003988
v -0.011269 0.002746 0.007535
v -0.009660 0.002699 0.009660
v 0.009660 0.002699 0.009660
v 0.003939 0.002908 -0.013108
v -0.013615 0.002903 -0.001348
v 0.013090 0.002903 0.003980
v -0.011418 0.002800 -0.007595
v 0.011162 0.002692 0.007474
v 0.011212 0.002650 -0.007485
v 0.009709 0.002786 -0.009712
v 0.007565 0.002807 -0.011303
v -0.007485 0.002650 -0.011212
v -0.009712 0.002786 -0.009709
v -0.011303 0.002807 -0.007565
v -0.011212 0.002650 0.007485
v -0.009709 0.002786 0.009712
v -0.007565 0.002807 0.011303
v 0.007485 0.002650 0.011212
v 0.009712 0.002786 0.009709
v 0.011303 0.002807 0.007565
v 0.013540 0.002871 -0.001329
v 0.012512 0.002899 -0.005217
v 0.003951 0.002883 -0.013027
v -0.001329 0.002871 -0.013540
v -0.005217 0.002899 -0.012512
v -0.013027 0.002883 -0.003951
v -0.013540 0.002871 0.001329
v -0.012512 0.002899 0.005217
v -0.003951 0.002883 0.013027
v 0.001329 0.002871 0.013540
v 0.005217 0.002899 0.012512
v 0.013027 0.002883 0.003951
v 0.008201 0.003318 -0.008204
v 0.002263 0.003318 -0.011377
v -0.008204 0.003318 -0.008201
v -0.011377 0.003318 -0.002263
v -0.008201 0.003318 0.008204
v -0.002263 0.003318 0.011377
v 0.008204 0.003318 0.008201
v 0.011377 0.003318 0.002263
v 0.011628 0.003356 -0.001150
v 0.010306 0.003359 -0.005511
v 0.005513 0.003360 -0.010307
v -0.001150 0.003356 -0.011628
v -0.005511 0.003359 -0.010306
v -0.010307 0.003360 -0.005513
v -0.011628 0.003356 0.001150
v -0.010306 0.003359 0.005511
v -0.005513 0.003360 0.010307
v 0.001150 0.003356 0.011628
v 0.005511 0.003359 0.010306
v 0.010307 0.003360 0.005513
v 0.012000 0.003530 -0.001183
v 0.010905 0.003501 -0.005066
v 0.008472 0.003515 -0.008429
v 0.008428 0.003514 -0.008471
v 0.004457 0.003355 -0.010846
v -0.001183 0.003530 -0.012000
v -0.005066 0.003501 -0.010905
v -0.008429 0.003515 -0.008472
v -0.008471 0.003514 -0.008428
v -0.010846 0.003355 -0.004457
v -0.012000 0.003530 0.001183
v -0.010905 0.003501 0.005066
v -0.008472 0.003515 0.008429
v -0.008428 0.003514 0.008471
v -0.004457 0.003355 0.010846
v 0.001183 0.003530 0.012000
v 0.005066 0.003501 0.010905
v 0.008429 0.003515 0.008472
v 0.008471 0.003514 0.008428
v 0.010846 0.003355 0.004457
v 0.009920 0.003594 -0.006606
v 0.006606 0.003593 -0.009921
v -0.006606 0.003594 -0.009920
v -0.009921 0.003593 -0.006606
v -0.009920 0.003594 0.006606
v -0.006606 0.003593 0.009921
v 0.006606 0.003594 0.009920
v 0.009921 0.003593 0.006606
v 0.009767 0.003665 -0.006524
v 0.006555 0.003678 -0.009783
v 0.003430 0.003790 -0.011296
v -0.006524 0.003665 -0.009767
v -0.009783 0.003678 -0.006555
v -0.011296 0.003790 -0.003430
v -0.009767 0.003665 0.006524
v -0.006555 0.003678 0.009783
v -0.003430 0.003790 0.011296
v 0.006524 0.003665 0.009767
v 0.009783 0.003678 0.006555
v 0.011296 0.003790 0.003430
v 0.011755 0.003789 0.001157
v 0.011303 0.003789 -0.003429
v 0.004501 0.003784 -0.010863
v 0.001157 0.003789 -0.011755
v -0.003429 0.003789 -0.011303
v -0.010863 0.003784 -0.004501
v -0.011755 0.003789 -0.001157
v -0.011303 0.003789 0.003429
v -0.004501 0.003784 0.010863
v -0.001157 0.003789 0.011755
v 0.003429 0.003789 0.011303
v 0.010863 0.003784 0.004501
v 0.013292 0.004871 0.001310
v 0.012781 0.004871 -0.003878
v 0.010324 0.004871 -0.008474
v 0.006295 0.004871 -0.011780
v 0.001310 0.004871 -0.013292
v -0.003878 0.004871 -0.012781
v -0.008474 0.004871 -0.010324
v -0.011780 0.004871 -0.006295
v -0.013292 0.004871 -0.001310
v -0.012781 0.004871 0.003878
v -0.010324 0.004871 0.008474
v -0.006295 0.004871 0.011780
v -0.001310 0.004871 0.013292
v 0.003878 0.004871 0.012781
v 0.008474 0.004871 0.010324
v 0.011780 0.004871 0.006295
v 0.013309 0.004870 0.001292
v 0.012791 0.004870 -0.003901
v 0.009534 0.004877 -0.009511
v 0.009521 0.004772 -0.009517
v 0.006286 0.004870 -0.011803
v 0.001292 0.004870 -0.013309
v -0.003901 0.004870 -0.012791
v -0.009511 0.004877 -0.009534
v -0.009517 0.004772 -0.009521
v -0.011802 0.004870 -0.006285
v -0.013309 0.004870 -0.001292
v -0.013052 0.004867 0.002613
v -0.011787 0.004871 0.006312
v -0.009407 0.004873 0.009409
v -0.009521 0.004772 0.009517
v -0.006286 0.004870 0.011803
v -0.001292 0.004870 0.013309
v 0.003901 0.004870 0.012791
v 0.009511 0.004877 0.009534
v 0.009517 0.004772 0.009521
v 0.011803 0.004870 0.006286
v 0.013889 0.006711 -0.001356
v 0.012377 0.006836 -0.006446
v 0.009583 0.008266 -0.009592
v 0.005390 0.006752 -0.012989
v -0.001356 0.006711 -0.013889
v -0.006446 0.006835 -0.012376
v -0.009592 0.008266 -0.009583
v -0.012989 0.006752 -0.005390
v -0.013889 0.006711 0.001356
v -0.012377 0.006836 0.006446
v -0.009583 0.008266 0.009592
v -0.005391 0.006752 0.012988
v 0.001356 0.006711 0.013889
v 0.006446 0.006836 0.012377
v 0.009592 0.008266 0.009583
v 0.012989 0.006752 0.005390
v 0.009398 0.008132 -0.009394
v -0.009394 0.008132 -0.009398
v -0.009398 0.008132 0.009394
v 0.009394 0.008132 0.009398
v 0.012332 0.009188 -0.001204
v 0.010974 0.008080 -0.007333
v 0.007333 0.008080 -0.010974
v -0.001204 0.009188 -0.012332
v -0.007333 0.008080 -0.010974
v -0.010974 0.008080 -0.007333
v -0.012332 0.009188 0.001204
v -0.010974 0.008080 0.007333
v -0.007333 0.008080 0.010974
v 0.001204 0.009188 0.012332
v 0.007333 0.008080 0.010974
v 0.010974 0.008080 0.007333
v 0.011800 0.008621 -0.004888
v 0.010620 0.008621 -0.007096
v 0.010974 0.008080 -0.007333
v 0.010642 0.008647 -0.007114
v 0.007510 0.008147 -0.011155
v 0.007114 0.008646 -0.010641
v 0.007096 0.008621 -0.010620
v 0.004888 0.008621 -0.011800
v -0.004888 0.008621 -0.011800
v -0.007096 0.008621 -0.010620
v -0.007333 0.008080 -0.010974
v -0.007114 0.008647 -0.010642
v -0.011155 0.008147 -0.007510
v -0.010641 0.008646 -0.007114
v -0.010620 0.008621 -0.007096
v -0.011800 0.008621 -0.004888
v -0.011800 0.008621 0.004888
v -0.010620 0.008621 0.007096
v -0.010974 0.008080 0.007333
v -0.010642 0.008647 0.007114
v -0.007510 0.008147 0.011155
v -0.007114 0.008646 0.010641
v -0.007096 0.008621 0.010620
v -0.004888 0.008621 0.011800
v 0.004888 0.008621 0.011800
v 0.007096 0.008621 0.010620
v 0.007333 0.008080 0.010974
v 0.007114 0.008647 0.010642
v 0.011155 0.008147 0.007510
v 0.010641 0.008646 0.007114
v 0.010620 0.008621 0.007096
v 0.011800 0.008621 0.004888
v 0.011352 0.009148 -0.004702
v 0.011800 0.008621 -0.004888
v 0.011475 0.009117 -0.004721
v 0.004705 0.009155 -0.011358
v 0.004888 0.008621 -0.011800
v 0.004743 0.009206 -0.011568
v -0.004702 0.009148 -0.011352
v -0.004888 0.008621 -0.011800
v -0.004721 0.009117 -0.011475
v -0.011358 0.009155 -0.004705
v -0.011800 0.008621 -0.004888
v -0.011568 0.009206 -0.004743
v -0.011352 0.009148 0.004702
v -0.011800 0.008621 0.004888
v -0.011475 0.009117 0.004721
v -0.004705 0.009155 0.011358
v -0.004888 0.008621 0.011800
v -0.004743 0.009206 0.011568
v 0.004702 0.009148 0.011352
v 0.004888 0.008621 0.011800
v 0.004721 0.009117 0.011475
v 0.011358 0.009155 0.004705
v 0.011800 0.008621 0.004888
v 0.011568 0.009206 0.004743
v 0.012292 0.009153 0.001207
v 0.001207 0.009153 -0.012292
v -0.012292 0.009153 -0.001207
v -0.001207 0.009153 0.012292
v 0.010335 0.011001 0.001018
v 0.009649 0.010971 -0.003968
v 0.007749 0.011367 -0.006360
v 0.003905 0.011392 -0.009345
v 0.003957 0.011007 -0.009554
v 0.001018 0.011001 -0.010335
v -0.003968 0.010971 -0.009649
v -0.006360 0.011367 -0.007749
v -0.009345 0.011392 -0.003905
v -0.009554 0.011007 -0.003957
v -0.010335 0.011001 -0.001018
v -0.009649 0.010971 0.003968
v -0.007749 0.011367 0.006360
v -0.003905 0.011392 0.009345
v -0.003957 0.011007 0.009554
v -0.001018 0.011001 0.010335
v 0.003968 0.010971 0.009649
v 0.006360 0.011367 0.007749
v 0.009345 0.011392 0.003905
v 0.009554 0.011007 0.003957
v 0.010191 0.010866 0.000742
v 0.009638 0.010964 -0.003964
v 0.009212 0.011296 -0.003845
v 0.009239 0.011388 -0.003827
v 0.003958 0.011010 -0.009557
v 0.003835 0.011292 -0.009199
v 0.000742 0.010866 -0.010191
v -0.003964 0.010964 -0.009638
v -0.003845 0.011296 -0.009212
v -0.003827 0.011388 -0.009239
v -0.009557 0.011010 -0.003958
v -0.009199 0.011292 -0.003835
v -0.010191 0.010866 -0.000742
v -0.009638 0.010964 0.003964
v -0.009212 0.011296 0.003845
v -0.009239 0.011388 0.003827
v -0.003958 0.011010 0.009557
v -0.003835 0.011292 0.009199
v -0.000742 0.010866 0.010191
v 0.003964 0.010964 0.009638
v 0.003845 0.011296 0.009212
v 0.003827 0.011388 0.009239
v 0.009557 0.011010 0.003958
v 0.009199 0.011292 0.003835
v 0.006961 0.011289 -0.006958
v 0.007000 0.011324 -0.007001
v -0.006958 0.011289 -0.006961
v -0.007001 0.011324 -0.007000
v -0.006961 0.011289 0.006958
v -0.007000 0.011324 0.007001
v 0.006958 0.011289 0.006961
v 0.007001 0.011324 0.007000
v 0.006776 0.013143 -0.006775
v -0.006775 0.013143 -0.006776
v -0.006776 0.013143 0.006775
v 0.006775 0.013143 0.006776
v 0.009485 0.013271 0.000947
v 0.009127 0.013286 -0.002823
v 0.007866 0.013162 -0.005262
v 0.006758 0.013132 -0.006758
v 0.005303 0.013214 -0.007967
v 0.000947 0.013271 -0.009485
v -0.002823 0.013286 -0.009127
v -0.005262 0.013162 -0.007866
v -0.006758 0.013132 -0.006758
v -0.007967 0.013214 -0.005303
v -0.009485 0.013271 -0.000947
v -0.009127 0.013286 0.002823
v -0.007866 0.013162 0.005262
v -0.006758 0.013132 0.006758
v -0.005303 0.013214 0.007967
v -0.000947 0.013271 0.009485
v 0.002823 0.013286 0.009127
v 0.005262 0.013162 0.007866
v 0.006758 0.013132 0.006758
v 0.007967 0.013214 0.005303
v 0.007935 0.013269 -0.005321
v 0.005292 0.013068 -0.007882
v -0.005321 0.013269 -0.007935
v -0.007882 0.013068 -0.005292
v -0.007935 0.013269 0.005321
v -0.005292 0.013068 0.007882
v 0.005321 0.013269 0.007935
v 0.007882 0.013068 0.005292
v 0.009418 0.013298 -0.001862
v 0.002752 0.013248 -0.009081
v -0.001862 0.013298 -0.009418
v -0.009081 0.013248 -0.002752
v -0.009418 0.013298 0.001862
v -0.002752 0.013248 0.009081
v 0.001862 0.013298 0.009418
v 0.009081 0.013248 0.002752
v 0.003139 0.013549 -0.007553
v -0.007553 0.013549 -0.003139
v -0.003139 0.013549 0.007553
v 0.007553 0.013549 0.003139
v 0.008017 0.013543 -0.001593
v 0.006277 0.013550 -0.005144
v -0.001593 0.013543 -0.008017
v -0.005144 0.013550 -0.006277
v -0.008017 0.013543 0.001593
v -0.006277 0.013550 0.005144
v 0.001593 0.013543 0.008017
v 0.005144 0.013550 0.006277
v 0.008189 0.013570 0.000794
v 0.005914 0.013568 -0.005873
v 0.005752 0.013573 -0.005765
v 0.000794 0.013570 -0.008189
v -0.005873 0.013568 -0.005914
v -0.005765 0.013573 -0.005752
v -0.008189 0.013570 -0.000794
v -0.005914 0.013568 0.005873
v -0.005752 0.013573 0.005765
v -0.000794 0.013570 0.008189
v 0.005873 0.013568 0.005914
v 0.005765 0.013573 0.005752
v 0.008418 0.014453 -0.001654
v 0.006075 0.014452 -0.006061
v 0.006058 0.014453 -0.006071
v 0.002494 0.014453 -0.008140
v -0.001654 0.014453 -0.008418
v -0.006061 0.014452 -0.006075
v -0.006071 0.014453 -0.006058
v -0.008140 0.014453 -0.002494
v -0.008418 0.014453 0.001654
v -0.006075 0.014452 0.006061
v -0.006058 0.014453 0.006071
v -0.002494 0.014453 0.008140
v 0.001654 0.014453 0.008418
v 0.006061 0.014452 0.006075
v 0.006071 0.014453 0.006058
v 0.008140 0.014453 0.002494
v 0.008449 0.014457 -0.000000
v 0.009028 0.014635 -0.000888
v 0.007901 0.014474 -0.003277
v 0.007566 0.014808 -0.005082
v 0.005385 0.014446 -0.006564
v 0.005013 0.014785 -0.007499
v 0.002635 0.014636 -0.008680
v 0.002468 0.014463 -0.008121
v -0.000888 0.014635 -0.009028
v 0.000000 0.014457 -0.008449
v -0.003277 0.014475 -0.007901
v -0.005082 0.014808 -0.007566
v -0.006564 0.014446 -0.005385
v -0.007499 0.014785 -0.005013
v -0.008680 0.014636 -0.002635
v -0.008121 0.014463 -0.002468
v -0.009028 0.014635 0.000888
v -0.008449 0.014457 -0.000000
v -0.007901 0.014474 0.003277
v -0.007566 0.014808 0.005082
v -0.005385 0.014446 0.006564
v -0.005013 0.014785 0.007499
v -0.002635 0.014636 0.008680
v -0.002468 0.014463 0.008121
v 0.000888 0.014635 0.009028
v 0.000000 0.014457 0.008449
v 0.003277 0.014474 0.007901
v 0.005082 0.014808 0.007566
v 0.006564 0.014446 0.005385
v 0.007499 0.014785 0.005013
v 0.008680 0.014636 0.002635
v 0.008121 0.014463 0.002468
v 0.009037 0.014602 -0.001815
v 0.007347 0.014878 -0.004935
v 0.004936 0.014877 -0.007348
v 0.002638 0.014597 -0.008762
v -0.001815 0.014602 -0.009037
v -0.004935 0.014878 -0.007347
v -0.007348 0.014877 -0.004936
v -0.008762 0.014597 -0.002638
v -0.009037 0.014602 0.001815
v -0.007347 0.014878 0.004935
v -0.004936 0.014877 0.007348
v -0.002638 0.014597 0.008762
v 0.001815 0.014602 0.009037
v 0.004935 0.014878 0.007347
v 0.007348 0.014877 0.004936
v 0.008762 0.014597 0.002638
v 0.006639 0.015771 -0.006581
v 0.006518 0.014785 -0.006524
v 0.006095 0.015202 -0.006005
v 0.004471 0.015728 -0.008056
v -0.006581 0.015771 -0.006639
v -0.006524 0.014785 -0.006518
v -0.006005 0.015202 -0.006095
v -0.008056 0.015728 -0.004471
v -0.006639 0.015771 0.006581
v -0.006518 0.014785 0.006524
v -0.006450 0.014822 0.006450
v -0.006581 0.015743 0.006592
v 0.006094 0.015203 0.006004
v 0.006005 0.015202 0.006095
v 0.008056 0.015728 0.004471
v 0.009100 0.015689 0.000902
v 0.008753 0.015688 -0.002648
v 0.000902 0.015689 -0.009100
v -0.002648 0.015688 -0.008753
v -0.009100 0.015689 -0.000902
v -0.008753 0.015688 0.002648
v -0.002667 0.015689 0.008748
v 0.000884 0.015689 0.009102
v 0.004445 0.015731 0.008076
v 0.009121 0.015722 -0.000896
v 0.008083 0.015722 -0.004319
v 0.005813 0.015722 -0.007085
v 0.002663 0.015723 -0.008770
v -0.000896 0.015722 -0.009121
v -0.004319 0.015722 -0.008083
v -0.007085 0.015722 -0.005813
v -0.008770 0.015723 -0.002663
v -0.009121 0.015722 0.000896
v -0.008083 0.015722 0.004319
v -0.005813 0.015722 0.007085
v -0.002662 0.015722 0.008770
v 0.000896 0.015722 0.009121
v 0.004319 0.015722 0.008083
v 0.007085 0.015722 0.005813
v 0.008770 0.015723 0.002663
v 0.008449 0.015912 -0.000000
v 0.008121 0.015905 -0.002468
v 0.007025 0.015912 -0.004694
v 0.005383 0.015906 -0.006563
v 0.002468 0.015908 -0.008122
v 0.000000 0.015912 -0.008449
v -0.003276 0.015892 -0.007901
v -0.006563 0.015906 -0.005383
v -0.008122 0.015908 -0.002468
v -0.008449 0.015912 -0.000000
v -0.008121 0.015905 0.002468
v -0.007025 0.015912 0.004694
v -0.005383 0.015906 0.006563
v -0.002468 0.015908 0.008122
v 0.000000 0.015912 0.008449
v 0.002468 0.015905 0.008121
v 0.004694 0.015912 0.007025
v 0.006563 0.015906 0.005383
v 0.008122 0.015908 0.002468
v 0.008274 0.015815 0.000573
v 0.007674 0.015791 -0.003182
v 0.005797 0.015791 -0.005794
v 0.005799 0.015795 -0.005803
v 0.003700 0.015815 -0.007423
v 0.000572 0.015815 -0.008274
v -0.003182 0.015791 -0.007674
v -0.005794 0.015791 -0.005797
v -0.005803 0.015795 -0.005799
v -0.007423 0.015815 -0.003700
v -0.008274 0.015815 -0.000572
v -0.007674 0.015791 0.003182
v -0.005797 0.015791 0.005794
v -0.005799 0.015795 0.005803
v -0.003700 0.015815 0.007423
v -0.000573 0.015815 0.008274
v 0.003182 0.015791 0.007674
v 0.005794 0.015791 0.005797
v 0.005803 0.015795 0.005799
v 0.007423 0.015815 0.003700
v 0.006913 0.037343 -0.001355
v 0.006124 0.037271 -0.003270
v 0.004885 0.037267 -0.004884
v 0.004888 0.037265 -0.004890
v 0.003269 0.037270 -0.006126
v 0.001362 0.037309 -0.006831
v -0.001355 0.037343 -0.006913
v -0.003270 0.037271 -0.006124
v -0.004884 0.037267 -0.004885
v -0.004890 0.037265 -0.004888
v -0.006126 0.037270 -0.003269
v -0.006831 0.037309 -0.001362
v -0.006913 0.037343 0.001355
v -0.006124 0.037271 0.003270
v -0.004885 0.037267 0.004884
v -0.004888 0.037265 0.004890
v -0.003269 0.037270 0.006126
v -0.001362 0.037309 0.006831
v 0.001355 0.037343 0.006913
v 0.003270 0.037271 0.006124
v 0.004884 0.037267 0.004885
v 0.004890 0.037265 0.004888
v 0.006126 0.037270 0.003269
v 0.006831 0.037309 0.001362
v 0.007037 0.037244 -0.001379
v 0.006211 0.037224 -0.003318
v 0.004468 0.037221 -0.005445
v 0.001395 0.037228 -0.006970
v -0.001379 0.037244 -0.007037
v -0.003318 0.037224 -0.006211
v -0.005445 0.037221 -0.004468
v -0.006970 0.037228 -0.001395
v -0.007037 0.037244 0.001379
v -0.006211 0.037224 0.003318
v -0.004468 0.037221 0.005445
v -0.001395 0.037228 0.006970
v 0.001379 0.037244 0.007037
v 0.003318 0.037224 0.006211
v 0.005445 0.037221 0.004468
v 0.006970 0.037228 0.001395
v 0.004266 0.037627 -0.006344
v -0.006344 0.037627 -0.004266
v -0.004266 0.037627 0.006344
v 0.006344 0.037627 0.004266
v 0.007553 0.037552 -0.000744
v 0.006346 0.037589 -0.004231
v 0.002201 0.037553 -0.007262
v -0.000744 0.037552 -0.007553
v -0.004231 0.037589 -0.006346
v -0.007262 0.037553 -0.002201
v -0.007553 0.037552 0.000744
v -0.006346 0.037589 0.004231
v -0.002201 0.037553 0.007262
v 0.000744 0.037552 0.007553
v 0.004231 0.037589 0.006346
v 0.007262 0.037553 0.002201
v 0.007570 0.037542 0.000739
v 0.007275 0.037541 -0.002217
v 0.006246 0.037633 -0.004182
v 0.004230 0.037585 -0.006350
v 0.000739 0.037542 -0.007570
v -0.002217 0.037541 -0.007275
v -0.004182 0.037633 -0.006246
v -0.006350 0.037585 -0.004230
v -0.007570 0.037542 -0.000739
v -0.007275 0.037541 0.002217
v -0.006246 0.037633 0.004182
v -0.004230 0.037585 0.006350
v -0.000739 0.037542 0.007570
v 0.002217 0.037541 0.007275
v 0.004182 0.037633 0.006246
v 0.006350 0.037585 0.004230
v 0.005387 0.037628 -0.005387
v 0.005391 0.037625 -0.005391
v -0.005387 0.037628 -0.005387
v -0.005391 0.037625 -0.005391
v -0.005387 0.037628 0.005387
v -0.005391 0.037625 0.005391
v 0.005387 0.037628 0.005387
v 0.005391 0.037625 0.005391
v 0.007825 0.038573 -0.000698
v 0.005507 0.038574 -0.005492
v 0.005598 0.038574 -0.005641
v 0.000063 0.038573 -0.007771
v -0.005615 0.038573 -0.005662
v -0.005641 0.038574 -0.005598
v -0.007771 0.038573 -0.000063
v -0.005662 0.038573 0.005615
v -0.005598 0.038574 0.005641
v -0.000063 0.038573 0.007771
v 0.005615 0.038573 0.005662
v 0.005641 0.038574 0.005598
v 0.007673 0.038573 0.000759
v 0.007004 0.038573 -0.000000
v 0.007379 0.038573 -0.002237
v 0.005823 0.038573 -0.003892
v 0.005962 0.038573 -0.004888
v 0.003277 0.038573 -0.006128
v 0.003638 0.038573 -0.006799
v 0.000000 0.038573 -0.007004
v 0.000759 0.038573 -0.007673
v -0.002975 0.038573 -0.007179
v -0.003892 0.038573 -0.005823
v -0.006463 0.038573 -0.004315
v -0.006128 0.038573 -0.003277
v -0.007004 0.038573 -0.000000
v -0.007673 0.038573 -0.000759
v -0.007179 0.038573 0.002975
v -0.006128 0.038573 0.003277
v -0.003892 0.038573 0.005823
v -0.004886 0.038573 0.005964
v -0.002236 0.038573 0.007379
v -0.000000 0.038573 0.007004
v 0.000759 0.038573 0.007673
v 0.003277 0.038573 0.006128
v 0.004315 0.038573 0.006463
v 0.005823 0.038573 0.003892
v 0.006799 0.038573 0.003638
v 0.007060 0.038573 0.000494
v 0.007060 0.039800 -0.000494
v 0.005065 0.038573 -0.005030
v 0.004973 0.039800 -0.004957
v 0.004957 0.038573 -0.004973
v 0.005030 0.039800 -0.005065
v 0.000494 0.038573 -0.007060
v -0.000494 0.039800 -0.007060
v -0.005030 0.038573 -0.005065
v -0.004957 0.039800 -0.004973
v -0.004973 0.038573 -0.004957
v -0.005065 0.039800 -0.005030
v -0.007060 0.038573 -0.000494
v -0.007060 0.039800 0.000494
v -0.005065 0.038573 0.005030
v -0.004973 0.039800 0.004957
v -0.004957 0.038573 0.004973
v -0.005030 0.039800 0.005065
v -0.000494 0.038573 0.007060
v 0.000494 0.039800 0.007060
v 0.005030 0.038573 0.005065
v 0.004957 0.039800 0.004973
v 0.004973 0.038573 0.004957
v 0.005065 0.039800 0.005030
v 0.007004 0.039800 -0.000000
v 0.008900 0.039800 -0.000877
v 0.007886 0.039800 -0.004218
v 0.005823 0.039800 -0.003892
v 0.006294 0.039800 -0.006294
v 0.004218 0.039800 -0.007885
v 0.003277 0.039800 -0.006128
v 0.000879 0.039800 -0.008900
v -0.000000 0.039800 -0.007004
v -0.001737 0.039800 -0.008730
v -0.004218 0.039800 -0.007885
v -0.003892 0.039800 -0.005823
v -0.006294 0.039800 -0.006294
v -0.007886 0.039800 -0.004218
v -0.006128 0.039800 -0.003277
v -0.008900 0.039800 -0.000877
v -0.007004 0.039800 -0.000000
v -0.008730 0.039800 0.001736
v -0.007886 0.039800 0.004218
v -0.005823 0.039800 0.003892
v -0.006294 0.039800 0.006294
v -0.004218 0.039800 0.007885
v -0.003277 0.039800 0.006128
v -0.001737 0.039800 0.008730
v 0.000000 0.039800 0.007004
v 0.000877 0.039800 0.008900
v 0.004218 0.039800 0.007886
v 0.003892 0.039800 0.005823
v 0.006294 0.039800 0.006294
v 0.007885 0.039800 0.004218
v 0.006128 0.039800 0.003277
v 0.008730 0.039800 0.001737
v 0.009085 0.039800 0.000636
v 0.009085 0.041043 -0.000634
v 0.006517 0.039800 -0.006473
v 0.006399 0.041043 -0.006379
v 0.006379 0.039800 -0.006399
v 0.006473 0.041043 -0.006517
v 0.000635 0.039800 -0.009085
v -0.000635 0.041043 -0.009085
v -0.006473 0.039800 -0.006517
v -0.006379 0.041043 -0.006399
v -0.006399 0.039800 -0.006379
v -0.006517 0.041043 -0.006473
v -0.009085 0.039800 -0.000635
v -0.009085 0.041043 0.000635
v -0.006517 0.039800 0.006473
v -0.006399 0.041043 0.006379
v -0.006379 0.039800 0.006399
v -0.006473 0.041043 0.006517
v -0.000636 0.039800 0.009085
v 0.000634 0.041043 0.009085
v 0.006473 0.039800 0.006517
v 0.006379 0.041043 0.006399
v 0.006399 0.039800 0.006379
v 0.006517 0.041043 0.006473
v 0.008900 0.041043 -0.000877
v 0.010437 0.041043 -0.000000
v 0.010034 0.041043 -0.003044
v 0.007886 0.041043 -0.004218
v 0.008106 0.041043 -0.006653
v 0.006294 0.041043 -0.006294
v 0.005798 0.041043 -0.008678
v 0.004218 0.041043 -0.007885
v 0.003044 0.041043 -0.010034
v 0.001737 0.041043 -0.008730
v 0.000000 0.041043 -0.010437
v -0.000879 0.041043 -0.008900
v -0.003044 0.041043 -0.010034
v -0.004218 0.041043 -0.007885
v -0.006653 0.041043 -0.008106
v -0.006294 0.041043 -0.006294
v -0.008678 0.041043 -0.005798
v -0.007886 0.041043 -0.004218
v -0.010034 0.041043 -0.003044
v -0.008900 0.041043 -0.000877
v -0.010437 0.041043 -0.000000
v -0.010034 0.041043 0.003044
v -0.008730 0.041043 0.001736
v -0.007886 0.041043 0.004218
v -0.008106 0.041043 0.006653
v -0.006294 0.041043 0.006294
v -0.005798 0.041043 0.008678
v -0.004218 0.041043 0.007885
v -0.003044 0.041043 0.010034
v -0.001737 0.041043 0.008730
v 0.000000 0.041043 0.010437
v 0.000877 0.041043 0.008900
v 0.003044 0.041043 0.010034
v 0.004218 0.041043 0.007886
v 0.006653 0.041043 0.008106
v 0.006294 0.041043 0.006294
v 0.008678 0.041043 0.005798
v 0.007885 0.041043 0.004218
v 0.010034 0.041043 0.003044
v 0.008730 0.041043 0.001737
v 0.009949 0.041043 -0.003287
v 0.007444 0.041043 -0.007432
v 0.007380 0.041043 -0.007380
v 0.002817 0.041043 -0.010272
v -0.003809 0.041043 -0.009870
v -0.007380 0.041043 -0.007380
v -0.007467 0.041043 -0.007451
v -0.010323 0.041043 -0.002323
v -0.009949 0.041043 0.003289
v -0.007444 0.041043 0.007432
v -0.007629 0.041043 0.007692
v -0.001245 0.041043 0.010405
v 0.003798 0.041043 0.009876
v 0.007380 0.041043 0.007380
v 0.007467 0.041043 0.007451
v 0.010324 0.041043 0.002320
v 0.010437 0.049221 -0.001015
v 0.008337 0.045641 -0.006280
v 0.007380 0.049221 -0.007380
v 0.004952 0.049221 -0.009243
v -0.004934 0.049221 -0.009253
v -0.007380 0.049221 -0.007380
v -0.010437 0.049221 0.001015
v -0.008292 0.045641 0.006344
v -0.007380 0.049221 0.007380
v -0.004952 0.049221 0.009243
v -0.001233 0.045641 0.010395
v 0.004934 0.049221 0.009253
v 0.007380 0.049221 0.007380
v 0.009632 0.045641 -0.004013
v 0.001379 0.045641 -0.010301
v -0.008273 0.045641 -0.006329
v -0.009596 0.045641 0.004081
v 0.008320 0.045641 0.006267
v 0.009633 0.049221 -0.004014
v 0.001384 0.049221 -0.010345
v -0.001231 0.049221 -0.010367
v -0.007380 0.049221 -0.007380
v -0.008255 0.049221 -0.006314
v -0.009720 0.049221 -0.004143
v -0.009602 0.049221 0.004084
v -0.001232 0.049221 0.010370
v 0.001383 0.049221 0.010342
v 0.007380 0.049221 0.007380
v 0.008304 0.049221 0.006254
v 0.009742 0.049221 0.004068
v 0.010436 0.049221 0.001025
v 0.008871 0.049221 0.000870
v 0.008348 0.049221 -0.003225
v 0.008359 0.049221 -0.006330
v 0.006977 0.049221 -0.005519
v 0.004206 0.049221 -0.007859
v 0.004943 0.049221 -0.009248
v 0.001388 0.049221 -0.008757
v 0.001396 0.049221 -0.010341
v -0.001247 0.049221 -0.010365
v -0.001239 0.049221 -0.008782
v -0.004206 0.049221 -0.007859
v -0.004943 0.049221 -0.009248
v -0.006925 0.049221 -0.005575
v -0.008307 0.049221 -0.006385
v -0.010236 0.049221 -0.002036
v -0.008330 0.049221 -0.003300
v -0.008871 0.049221 0.000870
v -0.010436 0.049221 0.001025
v -0.008307 0.049221 0.006385
v -0.006925 0.049221 0.005575
v -0.004206 0.049221 0.007859
v -0.004943 0.049221 0.009248
v -0.001239 0.049221 0.008782
v -0.001247 0.049221 0.010365
v 0.001396 0.049221 0.010341
v 0.001388 0.049221 0.008757
v 0.004206 0.049221 0.007859
v 0.004943 0.049221 0.009248
v 0.006977 0.049221 0.005519
v 0.008359 0.049221 0.006330
v 0.008834 0.049221 0.003374
v 0.009279 0.044673 -0.001117
v 0.006508 0.049221 -0.006566
v 0.006713 0.044673 -0.006835
v 0.001381 0.049221 -0.008753
v -0.001230 0.049221 -0.008790
v -0.002430 0.044673 -0.008729
v -0.006452 0.049221 -0.006496
v -0.006273 0.044673 -0.006273
v -0.008829 0.049221 -0.003454
v -0.009280 0.044673 0.001115
v -0.006508 0.049221 0.006566
v -0.006273 0.044673 0.006273
v -0.002885 0.044673 0.008605
v -0.001229 0.049221 0.008775
v 0.001382 0.049221 0.008763
v 0.006778 0.044673 0.006921
v 0.006452 0.049221 0.006496
v 0.009632 0.045641 0.004013
v 0.008304 0.049221 -0.006254
v 0.007380 0.049221 -0.007380
v -0.009596 0.045641 -0.004081
v 0.001379 0.045641 0.010301
v -0.006921 0.045641 0.005552
v -0.008231 0.045641 0.003292
v 0.008262 0.045641 0.003220
v 0.006954 0.045641 0.005479
v 0.006361 0.044673 0.006344
v -0.008255 0.049221 0.006314
v -0.007380 0.049221 0.007380
v 0.006967 0.045641 -0.005489
v 0.008257 0.045641 -0.003218
v -0.008235 0.045641 -0.003293
v -0.006907 0.045641 -0.005540
v -0.006361 0.044673 -0.006344
v -0.001228 0.045641 -0.010337
v -0.008228 0.049221 0.003291
v 0.008251 0.049221 0.003216
v 0.008251 0.049221 -0.003216
v 0.001379 0.045641 -0.008736
v -0.001230 0.045641 -0.008798
v -0.006273 0.049221 -0.006273
v -0.006888 0.049221 -0.005525
v -0.008228 0.049221 0.003291
v -0.001226 0.045641 0.008751
v 0.001383 0.045641 0.008780
v 0.006273 0.049221 0.006273
v 0.006937 0.049221 0.005465
v -0.001195 0.045641 -0.010398
v 0.001379 0.045641 -0.010301
v -0.001195 0.045641 -0.008833
v 0.001379 0.045641 -0.008736
v -0.006888 0.045641 -0.005525
v -0.008255 0.045641 -0.006314
v -0.008255 0.049221 -0.006314
v -0.006888 0.049221 -0.005525
v 0.006937 0.049221 0.005465
v 0.006937 0.045641 0.005465
v 0.008304 0.045728 -0.006254
v 0.008304 0.046607 -0.006254
v 0.008304 0.045641 -0.006254
v 0.006937 0.045641 -0.005465
v 0.008304 0.049221 -0.006254
v 0.006937 0.049221 -0.005465
v 0.008252 0.049221 -0.003215
v 0.008251 0.045641 -0.003216
v 0.009632 0.045641 -0.004013
v 0.009632 0.049221 -0.004013
v 0.009632 0.045728 -0.004013
v 0.009632 0.048774 -0.004013
v 0.009632 0.048166 -0.004013
v 0.009632 0.047432 -0.004013
v 0.009632 0.046607 -0.004013
v -0.001226 0.049221 0.008751
v -0.001226 0.045641 0.010316
v -0.001226 0.045641 0.008751
v -0.001226 0.049221 0.010316
v -0.008303 0.045641 -0.006323
v -0.006944 0.045641 -0.005535
v -0.009596 0.045641 -0.004081
v -0.008233 0.045641 -0.003297
v -0.001195 0.045641 0.010398
v -0.001195 0.045641 0.008833
v 0.001379 0.045641 0.010301
v 0.001379 0.045641 0.008736
v 0.001379 0.045641 0.010301
v 0.001379 0.045641 0.008736
v 0.001379 0.049221 0.008736
v 0.001379 0.049221 0.010301
v -0.009596 0.049221 -0.004081
v -0.009596 0.045641 -0.004081
v -0.008228 0.045641 -0.003291
v -0.008228 0.049221 -0.003291
v -0.006273 0.044673 0.006273
v -0.006273 0.049221 0.006273
v -0.006888 0.049221 0.005525
v 0.001379 0.049221 -0.008736
v 0.001379 0.045641 -0.010301
v 0.001379 0.045641 -0.008736
v 0.001379 0.049221 -0.010301
v -0.009596 0.045641 0.004081
v -0.008233 0.045641 0.003297
v -0.006944 0.045641 0.005535
v -0.008303 0.045641 0.006323
v 0.006987 0.045641 -0.005474
v 0.008346 0.045641 -0.006262
v 0.009632 0.045641 -0.004013
v 0.008260 0.045641 -0.003226
v 0.006273 0.044673 -0.006273
v 0.006273 0.049221 -0.006273
v 0.006937 0.049221 -0.005465
v 0.008260 0.045641 0.003226
v 0.009632 0.045641 0.004013
v 0.006987 0.045641 0.005474
v 0.008346 0.045641 0.006262
v -0.001226 0.045641 -0.010316
v -0.001226 0.045641 -0.008751
v -0.001226 0.049221 -0.008751
v -0.001226 0.049221 -0.010316
v -0.006888 0.049221 0.005525
v -0.008255 0.049221 0.006314
v -0.008255 0.045641 0.006314
v -0.006888 0.045641 0.005525
v -0.008228 0.045641 0.003291
v -0.009596 0.045728 0.004081
v -0.009596 0.045641 0.004081
v -0.008228 0.049221 0.003291
v -0.009596 0.047432 0.004081
v -0.009596 0.046607 0.004081
v -0.009596 0.048166 0.004081
v -0.009596 0.048774 0.004081
v -0.009596 0.049221 0.004081
v 0.008251 0.045641 0.003215
v 0.008252 0.049221 0.003215
v 0.009632 0.046607 0.004013
v 0.009632 0.049221 0.004013
v 0.009632 0.047432 0.004013
v 0.009632 0.048166 0.004013
v 0.009632 0.048774 0.004013
v 0.003162 -0.000000 -0.009454
v 0.007334 0.000161 -0.007447
v 0.007447 0.000023 -0.007334
v 0.009454 0.000184 -0.003162
v 0.009454 0.000000 0.003162
v 0.007447 0.000161 0.007334
v 0.007334 0.000023 0.007447
v 0.003162 0.000184 0.009454
v -0.003162 0.000000 0.009454
v -0.007334 0.000161 0.007447
v -0.007447 0.000023 0.007334
v -0.009454 0.000184 0.003162
v -0.009454 -0.000000 -0.003162
v -0.007447 0.000161 -0.007334
v -0.007334 0.000023 -0.007447
v -0.003162 0.000184 -0.009454
v -0.000962 0.000184 -0.009742
v 0.001901 0.000184 -0.009556
v -0.004617 0.000184 -0.008632
v 0.004617 0.000184 -0.008632
v -0.007569 0.000184 -0.006208
v 0.007569 0.000184 -0.006208
v -0.009368 0.000184 -0.002840
v 0.009368 0.000184 -0.002840
v -0.009742 0.000184 0.000962
v 0.009743 0.000184 -0.000000
v 0.009368 0.000184 0.002840
v -0.008632 0.000184 0.004617
v 0.007569 0.000184 0.006208
v -0.006208 0.000184 0.007569
v 0.004617 0.000184 0.008632
v -0.002840 0.000184 0.009368
v 0.000962 0.000184 0.009742
v 0.000962 -0.000000 -0.009742
v -0.001901 -0.000000 -0.009556
v 0.004617 -0.000000 -0.008632
v -0.004617 -0.000000 -0.008632
v 0.007569 -0.000000 -0.006208
v -0.007569 -0.000000 -0.006208
v 0.009368 -0.000000 -0.002840
v -0.009368 -0.000000 -0.002840
v 0.009743 0.000000 0.000000
v -0.009743 0.000000 0.000000
v 0.009368 0.000000 0.002840
v -0.009368 0.000000 0.002840
v 0.007569 0.000000 0.006208
v -0.007569 0.000000 0.006208
v 0.004617 0.000000 0.008632
v -0.004617 0.000000 0.008632
v 0.000962 0.000000 0.009742
v -0.001901 0.000000 0.009556
vn 0.2819 0.9563 0.0772
vn -0.0480 0.9987 -0.0177
vn -0.0598 0.9978 0.0274
vn -0.0344 0.9981 0.0502
vn -0.0041 0.9978 0.0667
vn 0.0340 0.9967 0.0740
vn 0.1068 0.9926 -0.0571
vn 0.0275 0.9980 -0.0574
vn 0.0040 0.9987 -0.0518
vn -0.0266 0.9987 -0.0424
vn -0.0089 -0.9999 0.0100
vn -0.0019 -1.0000 0.0004
vn -0.0029 -1.0000 0.0056
vn -0.0007 -1.0000 0.0034
vn 0.0002 -1.0000 0.0023
vn 0.0006 -1.0000 0.0016
vn 0.0008 -1.0000 0.0011
vn 0.0009 -1.0000 0.0006
vn 0.0009 -1.0000 0.0003
vn 0.0009 -1.0000 -0.0000
vn 0.0009 -1.0000 -0.0003
vn 0.0008 -1.0000 -0.0005
vn 0.0006 -1.0000 -0.0008
vn 0.0004 -1.0000 -0.0011
vn 0.0001 -1.0000 -0.0013
vn -0.0004 -1.0000 -0.0017
vn -0.0011 -1.0000 -0.0020
vn -0.0026 -1.0000 -0.0025
vn -0.0067 -1.0000 -0.0031
vn -0.0231 -0.9997 -0.0031
vn -0.2937 0.9557 0.0179
vn -0.4021 0.8604 0.3131
vn -0.2277 0.6915 0.6855
vn 0.0579 0.9584 0.2795
vn 0.3171 0.9238 0.2147
vn 0.5043 0.8498 0.1532
vn 0.3276 0.9447 -0.0168
vn 0.4020 0.8604 -0.3131
vn 0.2276 0.6918 -0.6853
vn -0.0582 0.9581 -0.2805
vn -0.3329 0.9109 -0.2440
vn 0.6789 0.1063 -0.7265
vn 0.5225 0.0317 -0.8521
vn 0.5287 0.0921 -0.8438
vn 0.3042 -0.0729 -0.9498
vn -0.9611 0.0068 0.2762
vn -0.9195 0.0005 0.3931
vn -0.8365 -0.0055 0.5480
vn -0.6754 0.0752 0.7336
vn -0.6677 -0.0767 0.7404
vn -0.5292 -0.0245 0.8481
vn 0.5405 -0.0546 0.8396
vn 0.5501 -0.0792 0.8313
vn 0.6840 0.0346 0.7286
vn 0.6975 -0.0621 -0.7139
vn 0.1085 0.0110 -0.9940
vn -0.1058 -0.0043 -0.9944
vn -0.9940 -0.0082 -0.1093
vn -0.9960 0.0238 0.0861
vn -0.8311 -0.0185 0.5558
vn -0.7440 0.0626 0.6653
vn -0.2830 -0.0045 0.9591
vn -0.2799 0.0090 0.9600
vn 0.0923 0.0170 0.9956
vn 0.3020 0.0779 0.9501
vn 0.7298 0.0735 0.6797
vn 0.7237 -0.0501 0.6883
vn 0.8385 0.0352 0.5437
vn 0.9574 0.0018 -0.2888
vn 0.9576 -0.0141 -0.2878
vn 0.8454 -0.0198 -0.5337
vn -0.2960 0.0685 -0.9527
vn -0.5407 -0.0567 -0.8393
vn -0.5501 -0.0812 -0.8311
vn -0.6821 0.0337 -0.7305
vn -0.7016 0.0732 -0.7088
vn -0.7306 -0.1283 -0.6707
vn -0.8496 -0.0835 -0.5207
vn -0.7487 -0.0652 0.6597
vn -0.5265 -0.0275 0.8497
vn -0.0465 0.0299 0.9985
vn 0.6621 -0.0652 0.7466
vn 0.9995 -0.0115 -0.0295
vn 0.8462 -0.0321 -0.5320
vn 0.7406 -0.0786 -0.6673
vn 0.7344 0.0727 -0.6748
vn -0.6597 -0.0652 -0.7487
vn 0.8474 0.0054 0.5309
vn 0.9473 -0.0958 0.3057
vn 0.9945 -0.0260 0.1017
vn -0.9509 0.0571 -0.3041
vn -0.8373 -0.1688 -0.5200
vn -0.7537 -0.4461 0.4826
vn -0.2287 -0.9684 0.0997
vn -0.1921 -0.9644 0.1817
vn 0.4826 -0.4461 0.7537
vn 0.0997 -0.9684 0.2287
vn 0.1817 -0.9644 0.1921
vn 0.7537 -0.4461 -0.4826
vn 0.2287 -0.9684 -0.0997
vn 0.1921 -0.9644 -0.1817
vn -0.4826 -0.4461 -0.7537
vn -0.0997 -0.9684 -0.2287
vn -0.1817 -0.9644 -0.1921
vn -0.1794 -0.9684 0.1732
vn -0.1410 -0.9675 0.2098
vn -0.0721 -0.9800 0.1853
vn -0.0468 -0.9725 0.2280
vn 0.0197 -0.9712 0.2374
vn 0.1732 -0.9684 0.1794
vn 0.2098 -0.9675 0.1410
vn 0.1853 -0.9800 0.0721
vn 0.2281 -0.9725 0.0467
vn 0.2374 -0.9712 -0.0197
vn 0.1794 -0.9684 -0.1732
vn 0.1410 -0.9675 -0.2098
vn 0.0721 -0.9800 -0.1853
vn 0.0468 -0.9725 -0.2280
vn -0.0197 -0.9712 -0.2374
vn -0.1732 -0.9684 -0.1794
vn -0.2098 -0.9675 -0.1410
vn -0.1853 -0.9800 -0.0721
vn -0.2281 -0.9725 -0.0467
vn -0.2374 -0.9712 0.0197
vn -0.2432 -0.9697 0.0218
vn -0.2227 -0.9638 0.1464
vn -0.1180 -0.9517 0.2836
vn 0.0224 -0.9697 0.2433
vn 0.1464 -0.9638 0.2227
vn 0.2836 -0.9516 0.1181
vn 0.2434 -0.9697 -0.0223
vn 0.2227 -0.9638 -0.1464
vn 0.1180 -0.9517 -0.2836
vn -0.0224 -0.9697 -0.2433
vn -0.1464 -0.9638 -0.2227
vn -0.2836 -0.9516 -0.1181
vn -0.5163 0.7700 0.3749
vn -0.4856 0.7532 0.4437
vn -0.3629 0.8983 0.2476
vn -0.3394 0.8826 0.3252
vn -0.3445 0.8524 0.3934
vn -0.3746 0.1189 0.9195
vn 0.3750 0.7700 0.5162
vn 0.4437 0.7532 0.4856
vn 0.2476 0.8983 0.3629
vn 0.3252 0.8826 0.3394
vn 0.3934 0.8524 0.3444
vn 0.9195 0.1188 0.3747
vn 0.5163 0.7700 -0.3749
vn 0.4856 0.7532 -0.4437
vn 0.3629 0.8983 -0.2476
vn 0.3394 0.8826 -0.3252
vn 0.3445 0.8524 -0.3934
vn 0.3746 0.1189 -0.9195
vn -0.3749 0.7700 -0.5163
vn -0.4437 0.7532 -0.4856
vn -0.2476 0.8983 -0.3629
vn -0.3252 0.8826 -0.3394
vn -0.3934 0.8524 -0.3444
vn -0.9195 0.1188 -0.3747
vn -0.1723 0.5447 0.8207
vn -0.2593 0.5004 0.8261
vn 0.8207 0.5447 0.1723
vn 0.8261 0.5004 0.2593
vn 0.1723 0.5447 -0.8207
vn 0.2593 0.5004 -0.8261
vn -0.8208 0.5447 -0.1724
vn -0.8261 0.5004 -0.2593
vn -0.5716 0.8193 -0.0447
vn -0.5768 0.8153 -0.0507
vn -0.5490 0.8191 0.1666
vn -0.5603 0.8114 0.1663
vn -0.4623 0.8017 0.3789
vn -0.5496 0.7719 0.3194
vn -0.3589 0.7916 0.4946
vn -0.2745 0.7953 0.5405
vn -0.1916 0.8043 0.5625
vn -0.0506 0.8153 0.5768
vn -0.0451 0.8191 0.5719
vn 0.1666 0.8191 0.5490
vn 0.1661 0.8115 0.5603
vn 0.3788 0.8017 0.4623
vn 0.3194 0.7719 0.5496
vn 0.4946 0.7916 0.3589
vn 0.5405 0.7953 0.2745
vn 0.5625 0.8043 0.1916
vn 0.5768 0.8153 0.0506
vn 0.5717 0.8192 0.0453
vn 0.5490 0.8191 -0.1666
vn 0.5603 0.8114 -0.1663
vn 0.4623 0.8017 -0.3789
vn 0.5496 0.7719 -0.3194
vn 0.3589 0.7916 -0.4946
vn 0.2745 0.7953 -0.5405
vn 0.1916 0.8043 -0.5625
vn 0.0506 0.8153 -0.5768
vn 0.0451 0.8191 -0.5719
vn -0.1666 0.8191 -0.5490
vn -0.1661 0.8115 -0.5603
vn -0.3788 0.8017 -0.4623
vn -0.3194 0.7719 -0.5496
vn -0.4946 0.7916 -0.3589
vn -0.5405 0.7953 -0.2745
vn -0.5625 0.8043 -0.1916
vn -0.9675 0.2292 -0.1071
vn -0.9904 -0.1112 0.0826
vn -0.9152 0.2807 0.2890
vn -0.8870 -0.0914 0.4526
vn -0.7704 0.1494 0.6197
vn -0.7119 -0.1512 0.6858
vn -0.6879 0.0791 0.7215
vn -0.3610 -0.1018 0.9270
vn -0.4678 0.3009 0.8310
vn -0.1073 0.2294 0.9674
vn 0.0824 -0.1112 0.9904
vn 0.2888 0.2809 0.9153
vn 0.4526 -0.0916 0.8870
vn 0.6195 0.1492 0.7707
vn 0.6858 -0.1512 0.7119
vn 0.7215 0.0792 0.6878
vn 0.9270 -0.1017 0.3610
vn 0.8310 0.3017 0.4674
vn 0.9688 0.2203 0.1140
vn 0.9885 -0.1250 -0.0847
vn 0.9320 0.2876 -0.2205
vn 0.8721 -0.1067 -0.4775
vn 0.8273 0.2373 -0.5092
vn 0.7365 -0.0698 -0.6729
vn 0.7432 0.1398 -0.6543
vn 0.6879 0.0790 -0.7215
vn 0.3611 -0.1017 -0.9270
vn 0.4680 0.3010 -0.8309
vn 0.1073 0.2294 -0.9674
vn -0.0824 -0.1112 -0.9904
vn -0.2890 0.2807 -0.9152
vn -0.4526 -0.0914 -0.8870
vn -0.6197 0.1494 -0.7704
vn -0.6858 -0.1512 -0.7119
vn -0.7215 0.0791 -0.6879
vn -0.9270 -0.1018 -0.3610
vn -0.8310 0.3009 -0.4679
vn -0.6894 -0.1581 0.7069
vn 0.7069 -0.1581 0.6894
vn 0.6894 -0.1581 -0.7069
vn -0.7069 -0.1581 -0.6894
vn -0.8428 -0.5353 0.0550
vn -0.7145 -0.5919 0.3732
vn -0.5087 -0.4591 0.7283
vn -0.1852 -0.5289 0.8282
vn 0.0550 -0.5354 0.8428
vn 0.3731 -0.5918 0.7145
vn 0.7283 -0.4591 0.5087
vn 0.8282 -0.5289 0.1852
vn 0.8428 -0.5353 -0.0550
vn 0.7145 -0.5919 -0.3732
vn 0.5087 -0.4591 -0.7283
vn 0.1852 -0.5289 -0.8283
vn -0.0550 -0.5354 -0.8428
vn -0.3732 -0.5919 -0.7145
vn -0.7283 -0.4591 -0.5087
vn -0.8282 -0.5289 -0.1852
vn -0.7874 -0.5572 0.2634
vn -0.6692 -0.6210 0.4082
vn -0.6873 -0.5231 0.5040
vn -0.5963 -0.6592 0.4581
vn -0.4444 -0.7271 0.5233
vn -0.4233 -0.6476 0.6336
vn -0.8943 -0.3985 0.2035
vn 0.2634 -0.5572 0.7875
vn 0.4082 -0.6209 0.6692
vn 0.5040 -0.5231 0.6873
vn 0.4581 -0.6592 0.5963
vn 0.5230 -0.7273 0.4445
vn 0.6336 -0.6476 0.4233
vn 0.2034 -0.3985 0.8943
vn 0.7874 -0.5572 -0.2634
vn 0.6692 -0.6210 -0.4082
vn 0.6873 -0.5231 -0.5040
vn 0.5963 -0.6592 -0.4581
vn 0.4444 -0.7271 -0.5233
vn 0.4233 -0.6476 -0.6336
vn 0.8946 -0.3983 -0.2027
vn -0.2634 -0.5572 -0.7874
vn -0.4082 -0.6210 -0.6692
vn -0.5040 -0.5231 -0.6873
vn -0.4581 -0.6592 -0.5963
vn -0.5230 -0.7273 -0.4445
vn -0.6336 -0.6476 -0.4233
vn -0.2034 -0.3985 -0.8943
vn -0.6694 -0.6927 0.2684
vn -0.7670 -0.5624 0.3089
vn -0.6676 -0.6925 0.2734
vn -0.3217 -0.7615 0.5628
vn -0.2880 -0.7042 0.6489
vn -0.2823 -0.6366 0.7177
vn 0.2684 -0.6927 0.6694
vn 0.3089 -0.5624 0.7670
vn 0.2734 -0.6925 0.6676
vn 0.5628 -0.7615 0.3217
vn 0.6489 -0.7042 0.2880
vn 0.7177 -0.6366 0.2823
vn 0.6694 -0.6927 -0.2684
vn 0.7670 -0.5624 -0.3089
vn 0.6676 -0.6925 -0.2734
vn 0.3217 -0.7615 -0.5628
vn 0.2880 -0.7042 -0.6489
vn 0.2823 -0.6366 -0.7177
vn -0.2684 -0.6927 -0.6694
vn -0.3089 -0.5624 -0.7670
vn -0.2734 -0.6925 -0.6676
vn -0.5628 -0.7615 -0.3217
vn -0.6489 -0.7042 -0.2880
vn -0.7177 -0.6366 -0.2823
vn -0.5176 -0.7321 0.4428
vn 0.4428 -0.7321 0.5177
vn 0.5176 -0.7321 -0.4429
vn -0.4428 -0.7321 -0.5177
vn -0.6840 -0.7283 -0.0416
vn -0.6842 -0.7283 -0.0375
vn -0.6381 -0.7252 0.2588
vn -0.2943 -0.6670 0.6845
vn -0.1423 -0.6128 0.7773
vn -0.0378 -0.7282 0.6843
vn -0.0417 -0.7283 0.6840
vn 0.2587 -0.7252 0.6381
vn 0.6845 -0.6670 0.2943
vn 0.7773 -0.6128 0.1423
vn 0.6844 -0.7281 0.0376
vn 0.6840 -0.7283 0.0416
vn 0.6381 -0.7252 -0.2588
vn 0.2943 -0.6670 -0.6845
vn 0.1423 -0.6128 -0.7773
vn 0.0378 -0.7282 -0.6843
vn 0.0417 -0.7283 -0.6840
vn -0.2587 -0.7252 -0.6381
vn -0.6845 -0.6670 -0.2943
vn -0.7773 -0.6128 -0.1423
vn -0.5903 -0.8067 0.0283
vn -0.9531 -0.2988 -0.0483
vn -0.8521 -0.4250 0.3054
vn -0.6747 -0.6684 0.3131
vn -0.1449 -0.8180 0.5566
vn -0.2966 -0.4565 0.8388
vn -0.0518 -0.2968 0.9535
vn 0.0283 -0.8067 0.5903
vn 0.3054 -0.4249 0.8522
vn 0.3131 -0.6684 0.6747
vn 0.5566 -0.8180 0.1449
vn 0.8388 -0.4565 0.2966
vn 0.9535 -0.2968 0.0518
vn 0.5903 -0.8067 -0.0283
vn 0.8521 -0.4249 -0.3054
vn 0.6747 -0.6684 -0.3131
vn 0.1449 -0.8180 -0.5566
vn 0.2966 -0.4565 -0.8388
vn 0.0518 -0.2968 -0.9535
vn -0.0283 -0.8067 -0.5903
vn -0.3054 -0.4250 -0.8521
vn -0.3131 -0.6684 -0.6747
vn -0.5566 -0.8180 -0.1449
vn -0.8388 -0.4565 -0.2966
vn -0.9377 -0.2183 0.2704
vn -0.6195 -0.1059 0.7778
vn -0.6328 -0.1945 0.7495
vn 0.2703 -0.2183 0.9377
vn 0.7778 -0.1057 0.6195
vn 0.7496 -0.1944 0.6328
vn 0.9377 -0.2183 -0.2703
vn 0.6195 -0.1057 -0.7778
vn 0.6328 -0.1944 -0.7496
vn -0.2704 -0.2183 -0.9377
vn -0.7778 -0.1059 -0.6195
vn -0.7495 -0.1945 -0.6328
vn -0.9507 -0.2896 -0.1107
vn -0.8138 -0.1638 0.5576
vn -0.7457 -0.2116 0.6318
vn -0.7638 -0.0826 0.6401
vn -0.5559 -0.1042 0.8247
vn -0.1095 -0.2892 0.9510
vn 0.5577 -0.1635 0.8138
vn 0.6305 -0.2128 0.7465
vn 0.6401 -0.0823 0.7639
vn 0.8247 -0.1043 0.5558
vn 0.9510 -0.2892 0.1095
vn 0.8138 -0.1635 -0.5577
vn 0.7465 -0.2128 -0.6305
vn 0.7639 -0.0823 -0.6401
vn 0.5558 -0.1043 -0.8247
vn 0.1095 -0.2892 -0.9510
vn -0.5579 -0.1633 -0.8137
vn -0.6318 -0.2116 -0.7457
vn -0.6401 -0.0826 -0.7638
vn -0.8247 -0.1042 -0.5559
vn -0.1589 -0.9798 0.1213
vn -0.1239 -0.9672 0.2219
vn -0.1745 -0.9521 0.2509
vn -0.0748 -0.9742 0.2128
vn 0.0295 -0.9851 0.1694
vn 0.1213 -0.9798 0.1588
vn 0.2218 -0.9672 0.1238
vn 0.2510 -0.9521 0.1745
vn 0.2128 -0.9742 0.0748
vn 0.1693 -0.9851 -0.0296
vn 0.1589 -0.9798 -0.1213
vn 0.1239 -0.9672 -0.2219
vn 0.1745 -0.9521 -0.2509
vn 0.0748 -0.9742 -0.2128
vn -0.0295 -0.9851 -0.1694
vn -0.1213 -0.9798 -0.1588
vn -0.2218 -0.9672 -0.1238
vn -0.2510 -0.9521 -0.1745
vn -0.2128 -0.9742 -0.0748
vn -0.1693 -0.9851 0.0296
vn -0.1666 -0.9856 0.0297
vn -0.1496 -0.9773 0.1503
vn 0.0297 -0.9856 0.1666
vn 0.1503 -0.9773 0.1496
vn 0.1666 -0.9856 -0.0297
vn 0.1496 -0.9773 -0.1503
vn -0.0297 -0.9856 -0.1666
vn -0.1503 -0.9773 -0.1496
vn -0.9509 0.2994 -0.0784
vn -0.7165 0.6671 0.2040
vn -0.8376 0.3384 0.4289
vn -0.8530 0.2507 0.4578
vn -0.4377 0.4634 0.7705
vn -0.4559 0.4258 0.7815
vn -0.3174 0.5355 0.7826
vn -0.0785 0.2993 0.9509
vn 0.2044 0.6673 0.7162
vn 0.4288 0.3384 0.8376
vn 0.4578 0.2507 0.8530
vn 0.7705 0.4634 0.4377
vn 0.7815 0.4259 0.4559
vn 0.7826 0.5355 0.3173
vn 0.9509 0.2995 0.0784
vn 0.7162 0.6672 -0.2044
vn 0.8376 0.3384 -0.4288
vn 0.8530 0.2507 -0.4578
vn 0.4377 0.4634 -0.7705
vn 0.4559 0.4258 -0.7815
vn 0.3172 0.5354 -0.7828
vn 0.0785 0.2993 -0.9509
vn -0.2044 0.6673 -0.7162
vn -0.4288 0.3384 -0.8376
vn -0.4578 0.2507 -0.8530
vn -0.7706 0.4634 -0.4377
vn -0.7815 0.4259 -0.4559
vn -0.7826 0.5355 -0.3173
vn -0.3376 0.9408 -0.0299
vn -0.2758 0.9604 0.0392
vn -0.5724 0.7847 0.2376
vn -0.3465 0.9041 0.2499
vn -0.3833 0.8216 0.4219
vn -0.2968 0.8538 0.4278
vn -0.0924 0.9536 0.2867
vn -0.0825 0.9570 0.2780
vn 0.0391 0.9606 0.2753
vn -0.0298 0.9408 0.3375
vn 0.2375 0.7852 0.5718
vn 0.2493 0.9044 0.3464
vn 0.4219 0.8217 0.3832
vn 0.4277 0.8538 0.2967
vn 0.2867 0.9536 0.0924
vn 0.2780 0.9570 0.0825
vn 0.2757 0.9604 -0.0389
vn 0.3376 0.9408 0.0299
vn 0.5724 0.7847 -0.2376
vn 0.3465 0.9041 -0.2499
vn 0.3833 0.8216 -0.4219
vn 0.2968 0.8538 -0.4278
vn 0.0924 0.9536 -0.2867
vn 0.0825 0.9570 -0.2780
vn -0.0390 0.9605 -0.2755
vn 0.0299 0.9408 -0.3376
vn -0.2376 0.7847 -0.5724
vn -0.2498 0.9042 -0.3465
vn -0.4219 0.8216 -0.3833
vn -0.4277 0.8538 -0.2967
vn -0.2867 0.9536 -0.0924
vn -0.2780 0.9570 -0.0825
vn -0.9819 -0.0455 0.1838
vn -0.8760 0.1468 0.4594
vn -0.8499 0.2460 0.4660
vn -0.8389 0.2020 0.5054
vn -0.8473 0.1141 0.5187
vn -0.5477 0.2223 0.8066
vn -0.6946 0.2339 0.6803
vn -0.2813 -0.0058 0.9596
vn 0.1840 -0.0457 0.9819
vn 0.4594 0.1467 0.8760
vn 0.4660 0.2460 0.8499
vn 0.5054 0.2020 0.8389
vn 0.5187 0.1141 0.8473
vn 0.8066 0.2224 0.5477
vn 0.6803 0.2339 0.6946
vn 0.9596 -0.0059 0.2814
vn 0.9819 -0.0457 -0.1841
vn 0.8760 0.1468 -0.4594
vn 0.8499 0.2460 -0.4660
vn 0.8389 0.2020 -0.5054
vn 0.5475 0.3120 -0.7765
vn 0.4993 0.1846 -0.8466
vn 0.5098 0.3372 -0.7914
vn 0.2862 0.0241 -0.9579
vn -0.2059 -0.0316 -0.9781
vn -0.5191 0.2761 -0.8089
vn -0.6825 0.2433 -0.6892
vn -0.8227 0.1033 -0.5589
vn -0.5187 0.1141 -0.8473
vn -0.8066 0.2224 -0.5477
vn -0.6803 0.2339 -0.6946
vn -0.9596 -0.0059 -0.2814
vn -0.9919 0.0967 -0.0818
vn -0.9268 0.0426 0.3731
vn -0.0820 0.0967 0.9919
vn 0.3731 0.0426 0.9268
vn 0.9919 0.0967 0.0820
vn 0.9268 0.0426 -0.3731
vn 0.3013 -0.0043 -0.9535
vn -0.0292 0.0192 -0.9994
vn -0.2577 -0.9659 0.0270
vn -0.2885 -0.9574 -0.0162
vn -0.3024 -0.9488 0.0918
vn -0.2280 -0.9659 0.1224
vn -0.2402 -0.9512 0.1938
vn -0.1686 -0.9639 0.2059
vn -0.1662 -0.9651 0.2026
vn -0.0827 -0.9643 0.2517
vn -0.0811 -0.9636 0.2548
vn -0.0135 -0.9584 0.2853
vn 0.0318 -0.9690 0.2451
vn 0.1008 -0.9547 0.2800
vn 0.1271 -0.9709 0.2028
vn 0.2002 -0.9657 0.1653
vn 0.2025 -0.9651 0.1662
vn 0.2517 -0.9643 0.0827
vn 0.2549 -0.9636 0.0811
vn 0.2885 -0.9574 0.0162
vn 0.2575 -0.9659 -0.0275
vn 0.3024 -0.9488 -0.0918
vn 0.2280 -0.9659 -0.1224
vn 0.2402 -0.9512 -0.1938
vn 0.1686 -0.9639 -0.2059
vn 0.1662 -0.9650 -0.2026
vn 0.0828 -0.9641 -0.2522
vn 0.0812 -0.9634 -0.2554
vn 0.0163 -0.9573 -0.2887
vn -0.0276 -0.9659 -0.2576
vn -0.0918 -0.9488 -0.3024
vn -0.1223 -0.9660 -0.2280
vn -0.1938 -0.9512 -0.2402
vn -0.2059 -0.9639 -0.1687
vn -0.2025 -0.9651 -0.1662
vn -0.2517 -0.9643 -0.0827
vn -0.2551 -0.9635 -0.0810
vn -0.9953 -0.0782 -0.0571
vn -0.9831 -0.0307 0.1803
vn -0.8709 -0.0426 0.4896
vn -0.9237 -0.0665 0.3773
vn -0.7451 -0.1242 0.6552
vn -0.7698 0.0094 0.6382
vn -0.6311 -0.0186 0.7755
vn -0.6551 -0.1285 0.7445
vn -0.4821 -0.0622 0.8739
vn -0.4381 -0.0710 0.8961
vn -0.1798 -0.0466 0.9826
vn 0.1803 -0.0307 0.9831
vn -0.0571 -0.0782 0.9953
vn 0.4896 -0.0427 0.8709
vn 0.3773 -0.0662 0.9237
vn 0.6552 -0.1242 0.7451
vn 0.6382 0.0094 0.7698
vn 0.7755 -0.0186 0.6311
vn 0.7445 -0.1285 0.6551
vn 0.8739 -0.0622 0.4821
vn 0.8961 -0.0710 0.4381
vn 0.9826 -0.0466 0.1798
vn 0.9831 -0.0307 -0.1803
vn 0.9953 -0.0782 0.0571
vn 0.8709 -0.0428 -0.4895
vn 0.9237 -0.0665 -0.3773
vn 0.7451 -0.1242 -0.6552
vn 0.7698 0.0094 -0.6382
vn 0.6311 -0.0186 -0.7755
vn 0.6551 -0.1285 -0.7445
vn 0.4821 -0.0622 -0.8739
vn 0.4381 -0.0710 -0.8961
vn 0.1798 -0.0466 -0.9826
vn -0.1803 -0.0307 -0.9831
vn 0.0571 -0.0782 -0.9953
vn -0.4896 -0.0426 -0.8709
vn -0.3773 -0.0662 -0.9237
vn -0.6552 -0.1242 -0.7451
vn -0.6382 0.0094 -0.7698
vn -0.7755 -0.0186 -0.6311
vn -0.7445 -0.1285 -0.6551
vn -0.8739 -0.0622 -0.4821
vn -0.8961 -0.0710 -0.4381
vn -0.9826 -0.0466 -0.1798
vn -0.5092 0.8197 0.2623
vn -0.2878 0.8522 0.4370
vn -0.4598 0.7674 0.4468
vn 0.2623 0.8197 0.5092
vn 0.4370 0.8522 0.2878
vn 0.4468 0.7675 0.4598
vn 0.5092 0.8197 -0.2623
vn 0.2878 0.8522 -0.4370
vn 0.4598 0.7674 -0.4468
vn -0.2624 0.8197 -0.5092
vn -0.4370 0.8522 -0.2878
vn -0.4468 0.7675 -0.4598
vn -0.6605 0.7251 0.1949
vn -0.5609 0.8272 0.0351
vn -0.3713 0.8784 0.3008
vn -0.1822 0.8629 0.4714
vn -0.0953 0.8012 0.5907
vn 0.0346 0.8272 0.5609
vn 0.1949 0.7251 0.6605
vn 0.3008 0.8785 0.3711
vn 0.4714 0.8629 0.1822
vn 0.5907 0.8012 0.0953
vn 0.5609 0.8272 -0.0345
vn 0.6605 0.7251 -0.1949
vn 0.3713 0.8784 -0.3008
vn 0.1822 0.8629 -0.4714
vn 0.0953 0.8012 -0.5908
vn -0.0345 0.8271 -0.5609
vn -0.1950 0.7251 -0.6605
vn -0.3008 0.8785 -0.3712
vn -0.4714 0.8629 -0.1822
vn -0.5907 0.8012 -0.0953
vn -0.9649 -0.0996 -0.2430
vn -0.9854 0.1512 0.0785
vn -0.9247 -0.0505 0.3772
vn -0.8344 0.0429 0.5496
vn -0.8754 -0.0126 0.4832
vn -0.7482 0.2363 0.6200
vn -0.6476 0.3900 0.6546
vn -0.5370 0.1410 0.8317
vn -0.4106 -0.0697 0.9091
vn -0.0039 0.0764 0.9971
vn -0.1985 0.0615 0.9782
vn 0.3178 -0.1963 0.9276
vn 0.5344 0.1899 0.8236
vn 0.4795 0.2020 0.8540
vn 0.5822 0.4189 0.6969
vn 0.6546 0.3901 0.6476
vn 0.8317 0.1410 0.5370
vn 0.9092 -0.0697 0.4106
vn 0.9971 0.0764 0.0038
vn 0.9782 0.0614 0.1985
vn 0.9276 -0.1963 -0.3178
vn 0.8237 0.1899 -0.5344
vn 0.8540 0.2021 -0.4795
vn 0.6969 0.4188 -0.5822
vn 0.6476 0.3900 -0.6546
vn 0.5370 0.1410 -0.8317
vn 0.4106 -0.0697 -0.9091
vn 0.0038 0.0764 -0.9971
vn 0.1985 0.0615 -0.9782
vn -0.3178 -0.1963 -0.9276
vn -0.5343 0.1899 -0.8237
vn -0.4795 0.2020 -0.8540
vn -0.5822 0.4189 -0.6969
vn -0.6546 0.3901 -0.6476
vn -0.8407 0.1215 -0.5276
vn -0.9144 -0.1216 -0.3861
vn -0.0000 -1.0000 -0.0000
vn -0.9850 -0.0845 -0.1503
vn -0.9850 0.0845 0.1503
vn -0.9113 -0.0352 0.4103
vn -0.9020 -0.0925 0.4217
vn -0.4217 0.0925 0.9020
vn -0.4103 0.0352 0.9113
vn -0.1503 -0.0845 0.9850
vn 0.1503 0.0845 0.9850
vn 0.4103 -0.0352 0.9113
vn 0.4217 -0.0925 0.9020
vn 0.9020 0.0925 0.4217
vn 0.9113 0.0352 0.4103
vn 0.9850 -0.0845 0.1503
vn 0.9850 0.0845 -0.1503
vn 0.9113 -0.0352 -0.4103
vn 0.9020 -0.0925 -0.4217
vn 0.4217 0.0925 -0.9020
vn 0.4103 0.0352 -0.9113
vn 0.1503 -0.0845 -0.9850
vn -0.1503 0.0845 -0.9850
vn -0.4103 -0.0352 -0.9113
vn -0.4217 -0.0925 -0.9020
vn -0.9020 0.0925 -0.4217
vn -0.9113 0.0352 -0.4103
vn -0.0000 1.0000 -0.0000
vn -0.9755 -0.1379 -0.1714
vn -0.9755 0.1380 0.1714
vn -0.9091 -0.0594 0.4124
vn -0.8997 -0.1171 0.4206
vn -0.4206 0.1171 0.8997
vn -0.4124 0.0594 0.9090
vn -0.1714 -0.1380 0.9755
vn 0.1714 0.1380 0.9755
vn 0.4124 -0.0594 0.9090
vn 0.4206 -0.1171 0.8997
vn 0.8997 0.1171 0.4206
vn 0.9091 0.0594 0.4124
vn 0.9755 -0.1380 0.1714
vn 0.9755 0.1381 -0.1714
vn 0.9091 -0.0594 -0.4124
vn 0.8997 -0.1171 -0.4206
vn 0.4206 0.1171 -0.8996
vn 0.4125 0.0594 -0.9090
vn 0.1714 -0.1380 -0.9755
vn -0.1714 0.1380 -0.9755
vn -0.4124 -0.0594 -0.9091
vn -0.4206 -0.1171 -0.8997
vn -0.8996 0.1171 -0.4206
vn -0.9090 0.0594 -0.4125
vn -0.9756 0.0264 -0.2178
vn -0.9974 -0.0132 0.0708
vn -0.9525 0.0300 0.3031
vn -0.8096 0.0048 0.5870
vn -0.8146 0.0460 0.5782
vn -0.6060 0.0944 0.7898
vn -0.6609 -0.0694 0.7473
vn -0.4711 -0.0111 0.8820
vn -0.2568 0.0277 0.9661
vn 0.3463 0.0216 0.9379
vn 0.4712 -0.0018 0.8820
vn 0.6506 -0.0536 0.7575
vn 0.6262 0.0694 0.7766
vn 0.9755 0.0259 0.2185
vn 0.9817 -0.0309 0.1878
vn 0.9973 -0.0140 -0.0715
vn 0.9526 0.0297 -0.3029
vn 0.8075 0.0046 -0.5899
vn 0.8150 0.0454 -0.5777
vn 0.4587 0.0689 -0.8859
vn 0.6581 -0.1178 -0.7437
vn 0.4443 -0.0087 -0.8958
vn 0.1339 0.0156 -0.9909
vn 0.7081 0.0108 -0.7060
vn -0.3516 0.0065 -0.9361
vn -0.4735 -0.0014 -0.8808
vn -0.6505 -0.0534 -0.7576
vn -0.6259 0.0694 -0.7768
vn -0.9826 -0.0311 -0.1830
vn -0.9627 -0.0177 0.2698
vn -0.8970 0.0050 0.4420
vn -0.2613 -0.0373 0.9645
vn 0.0061 0.0079 1.0000
vn 0.2638 -0.0247 0.9642
vn 0.8311 0.0689 0.5519
vn 0.7245 -0.0829 0.6843
vn 0.7758 -0.0129 0.6309
vn 0.8282 0.0136 0.5603
vn 0.9614 -0.0173 -0.2745
vn 0.8929 0.0069 -0.4502
vn 0.2913 -0.0047 -0.9566
vn -0.2674 -0.0241 -0.9633
vn -0.8305 0.0710 -0.5525
vn -0.7245 -0.0830 -0.6842
vn -0.7761 -0.0128 -0.6304
vn -0.8296 0.0144 -0.5582
vn 0.3913 0.0719 -0.9175
vn 0.3526 -0.0492 -0.9345
vn 0.3597 0.0280 -0.9327
vn -0.3480 0.0790 -0.9342
vn -0.2678 -0.0652 -0.9613
vn -0.4717 0.0156 -0.8816
vn -0.6170 -0.0626 -0.7845
vn -0.5039 -0.0183 0.8636
vn -0.6427 -0.0821 0.7617
vn -0.2988 -0.0696 0.9518
vn -0.3205 0.0813 0.9438
vn 0.3615 0.0513 0.9310
vn 0.3562 -0.0374 0.9337
vn 0.4055 0.1137 0.9070
vn -0.8763 0.0410 -0.4800
vn 0.1050 0.0226 0.9942
vn 0.8726 0.0451 0.4863
vn -0.8049 -0.0992 0.5850
vn -0.9275 -0.0353 0.3721
vn -0.9775 0.1292 0.1664
vn 0.8722 -0.3827 0.3046
vn 0.8373 -0.0311 0.5458
vn 0.8505 -0.1506 0.5040
vn 0.9780 0.1253 -0.1666
vn 0.7729 -0.0132 -0.6344
vn 0.7233 -0.0816 -0.6857
vn -0.7730 -0.0117 0.6343
vn -0.7240 -0.0805 0.6850
vn -0.1010 0.0382 -0.9941
vn 0.8076 -0.1027 -0.5807
vn 0.9298 -0.0125 -0.3679
vn -0.8709 -0.3825 -0.3087
vn -0.8356 -0.0204 -0.5490
vn -0.8513 -0.1489 -0.5032
vn 0.9990 -0.0051 0.0438
vn 0.9961 0.0016 -0.0881
vn 0.2301 -0.3843 -0.8941
vn -0.0160 -0.0519 -0.9985
vn -0.7153 0.0099 -0.6988
vn -0.7729 0.0069 -0.6345
vn -0.9989 -0.0081 -0.0471
vn -0.9961 0.0009 0.0887
vn -0.0432 -0.0757 0.9962
vn 0.2099 -0.4242 0.8809
vn 0.7156 0.0095 0.6985
vn 0.7729 0.0062 0.6345
vn -0.4999 -0.0000 0.8661
vn 0.5000 -0.0000 0.8660
vn 0.4999 -0.0000 0.8661
vn -0.4998 0.0003 -0.8661
vn -0.4995 0.0001 -0.8663
vn -0.5000 0.0002 -0.8660
vn -0.4984 -0.0000 -0.8669
vn -0.4999 -0.0000 -0.8661
vn -0.5000 -0.0000 -0.8660
vn 1.0000 -0.0000 -0.0000
vn -1.0000 -0.0000 -0.0000
vn 0.5001 -0.0000 -0.8660
vn 0.5001 0.0001 -0.8660
vn 0.5000 -0.0000 -0.8660
vn 0.5004 -0.0000 -0.8658
vn -0.7401 -0.1007 0.6649
vn -0.7016 0.0099 0.7125
vn -0.7729 0.0119 0.6345
vn 0.7393 -0.0997 -0.6659
vn 0.7021 0.0087 -0.7120
vn 0.7729 0.0107 -0.6345
vn 0.5001 0.0001 0.8660
vn 0.5001 -0.0000 0.8660
vn 0.5003 -0.0000 0.8658
vn 0.4996 -0.0000 0.8663
vn -0.5004 0.0002 0.8658
vn -0.4988 -0.0010 0.8667
vn -0.4987 -0.0000 0.8668
vn -0.5000 -0.0000 0.8660
vn 0.0288 0.9898 -0.1393
vn 0.1393 -0.9898 -0.0288
vn 0.1393 0.9898 0.0288
vn 0.0288 -0.9898 0.1393
vn -0.0288 0.9898 0.1393
vn -0.1393 -0.9898 0.0288
vn -0.1393 0.9898 -0.0288
vn -0.0288 -0.9898 -0.1393
vt 0.263302 0.570556
vt 0.758148 0.421693
vt 0.749948 0.603175
vt 0.650898 0.725367
vt 0.526967 0.767880
vt 0.348507 0.725866
vt 0.250032 0.396825
vt 0.349082 0.274632
vt 0.473016 0.232127
vt 0.651481 0.274134
vt 0.636562 0.611931
vt 0.668968 0.551233
vt 0.598560 0.647530
vt 0.551217 0.668989
vt 0.499990 0.677430
vt 0.448758 0.668989
vt 0.401410 0.647530
vt 0.363413 0.611931
vt 0.331001 0.551232
vt 0.322550 0.500000
vt 0.331001 0.448768
vt 0.363413 0.388069
vt 0.401410 0.352470
vt 0.448758 0.331011
vt 0.499990 0.322570
vt 0.551217 0.331011
vt 0.598560 0.352470
vt 0.636562 0.388069
vt 0.668969 0.448768
vt 0.677420 0.500000
vt 0.768085 0.526404
vt 0.725402 0.651230
vt 0.603581 0.750094
vt 0.421926 0.757836
vt 0.274561 0.651229
vt 0.242178 0.578161
vt 0.231885 0.473596
vt 0.274568 0.348770
vt 0.396398 0.249906
vt 0.577987 0.242144
vt 0.725409 0.348771
vt 0.307555 0.821748
vt 0.349615 0.785523
vt 0.349274 0.822829
vt 0.421480 0.823776
vt 0.176222 0.575626
vt 0.215937 0.603424
vt 0.177491 0.650855
vt 0.692425 0.821748
vt 0.692712 0.786780
vt 0.650857 0.822483
vt 0.349609 0.822564
vt 0.349223 0.785385
vt 0.307551 0.821733
vt 0.307268 0.786780
vt 0.473168 0.784061
vt 0.526500 0.823790
vt 0.176201 0.472849
vt 0.215930 0.524893
vt 0.214668 0.650742
vt 0.178267 0.692439
vt 0.578849 0.823794
vt 0.577332 0.784067
vt 0.473928 0.823795
vt 0.422348 0.784069
vt 0.178251 0.692435
vt 0.213221 0.692722
vt 0.177636 0.650919
vt 0.176209 0.422192
vt 0.215931 0.421561
vt 0.177527 0.349129
vt 0.577622 0.784069
vt 0.650394 0.822521
vt 0.650727 0.785332
vt 0.692429 0.821733
vt 0.178251 0.307565
vt 0.213221 0.307278
vt 0.177621 0.349558
vt 0.213216 0.692722
vt 0.650701 0.785278
vt 0.499990 0.784066
vt 0.307268 0.786784
vt 0.176187 0.500000
vt 0.214732 0.349288
vt 0.213216 0.307278
vt 0.178267 0.307561
vt 0.692712 0.786784
vt 0.215279 0.649724
vt 0.176197 0.578073
vt 0.215931 0.526432
vt 0.215930 0.421822
vt 0.215269 0.349538
vt 0.726038 0.651045
vt 0.749535 0.603519
vt 0.692860 0.692870
vt 0.348945 0.726051
vt 0.396461 0.749545
vt 0.307120 0.692870
vt 0.273932 0.348955
vt 0.250435 0.396481
vt 0.307120 0.307130
vt 0.651032 0.273952
vt 0.603509 0.250455
vt 0.692860 0.307130
vt 0.664517 0.664537
vt 0.650715 0.725624
vt 0.577945 0.757360
vt 0.545382 0.728207
vt 0.473974 0.767682
vt 0.335453 0.664537
vt 0.274362 0.650731
vt 0.242625 0.577955
vt 0.271773 0.545392
vt 0.232308 0.473984
vt 0.335453 0.335463
vt 0.349259 0.274376
vt 0.422025 0.242640
vt 0.454588 0.271793
vt 0.526001 0.232318
vt 0.664517 0.335463
vt 0.725608 0.349269
vt 0.757345 0.422045
vt 0.728197 0.454608
vt 0.767667 0.526011
vt 0.730674 0.522788
vt 0.704415 0.609295
vt 0.609342 0.704396
vt 0.477197 0.730684
vt 0.390695 0.704425
vt 0.295590 0.609352
vt 0.269301 0.477212
vt 0.295560 0.390705
vt 0.390638 0.295604
vt 0.522778 0.269316
vt 0.609285 0.295575
vt 0.704386 0.390648
vt 0.231423 0.598578
vt 0.234370 0.630485
vt 0.230043 0.664703
vt 0.664684 0.770740
vt 0.630464 0.765636
vt 0.586954 0.773106
vt 0.401406 0.768577
vt 0.369505 0.765630
vt 0.335287 0.769957
vt 0.229260 0.664704
vt 0.234364 0.630482
vt 0.226894 0.586964
vt 0.231423 0.401421
vt 0.234370 0.369515
vt 0.230043 0.335297
vt 0.335286 0.770740
vt 0.369508 0.765636
vt 0.413022 0.773106
vt 0.598569 0.768577
vt 0.630467 0.765630
vt 0.664683 0.769957
vt 0.229260 0.335296
vt 0.234364 0.369518
vt 0.226894 0.413036
vt 0.568042 0.765110
vt 0.476964 0.767769
vt 0.234890 0.568052
vt 0.232231 0.476975
vt 0.431933 0.765110
vt 0.523014 0.767769
vt 0.234890 0.431948
vt 0.232231 0.523025
vt 0.733047 0.477066
vt 0.762614 0.474186
vt 0.752492 0.576693
vt 0.724081 0.567991
vt 0.703920 0.667478
vt 0.694543 0.629999
vt 0.630160 0.694406
vt 0.624294 0.732782
vt 0.590040 0.717410
vt 0.525804 0.762625
vt 0.522924 0.733062
vt 0.423297 0.752502
vt 0.431994 0.724101
vt 0.332502 0.703935
vt 0.369991 0.694553
vt 0.305579 0.630174
vt 0.267208 0.624304
vt 0.282580 0.590050
vt 0.237361 0.525814
vt 0.266928 0.522934
vt 0.247488 0.423307
vt 0.275889 0.432009
vt 0.296050 0.332522
vt 0.305431 0.370001
vt 0.369816 0.305594
vt 0.375681 0.267218
vt 0.409930 0.282590
vt 0.474176 0.237376
vt 0.477056 0.266938
vt 0.576683 0.247498
vt 0.567981 0.275899
vt 0.667468 0.296065
vt 0.629984 0.305447
vt 0.694396 0.369826
vt 0.732767 0.375696
vt 0.717390 0.409950
vt 0.257503 0.474157
vt 0.293168 0.526691
vt 0.257503 0.576656
vt 0.295089 0.626291
vt 0.257515 0.687457
vt 0.321166 0.686611
vt 0.687407 0.742694
vt 0.603740 0.705494
vt 0.624307 0.742497
vt 0.525833 0.742497
vt 0.473296 0.706832
vt 0.423335 0.742497
vt 0.373689 0.704919
vt 0.312522 0.742485
vt 0.313379 0.678833
vt 0.257306 0.687417
vt 0.294506 0.603754
vt 0.257503 0.624310
vt 0.257503 0.525841
vt 0.293168 0.473309
vt 0.257503 0.448272
vt 0.295089 0.373709
vt 0.257503 0.375748
vt 0.321166 0.313389
vt 0.257515 0.312512
vt 0.312562 0.742694
vt 0.396224 0.705502
vt 0.375669 0.742497
vt 0.474147 0.742497
vt 0.526680 0.706832
vt 0.576646 0.742497
vt 0.626277 0.704911
vt 0.687447 0.742485
vt 0.686591 0.678833
vt 0.257306 0.312583
vt 0.294506 0.396246
vt 0.257503 0.375683
vt 0.686638 0.679004
vt 0.320995 0.686658
vt 0.313332 0.679004
vt 0.320995 0.313342
vt 0.342346 0.524010
vt 0.320990 0.646660
vt 0.646640 0.679010
vt 0.593476 0.657660
vt 0.475975 0.657654
vt 0.353330 0.679010
vt 0.342340 0.593486
vt 0.342346 0.475990
vt 0.320990 0.353340
vt 0.406494 0.657660
vt 0.524000 0.657654
vt 0.342340 0.406514
vt 0.331800 0.597750
vt 0.331800 0.641920
vt 0.719470 0.646660
vt 0.712384 0.641923
vt 0.647090 0.719121
vt 0.641900 0.668200
vt 0.597740 0.668200
vt 0.402230 0.668200
vt 0.358070 0.668200
vt 0.353330 0.719490
vt 0.358067 0.712394
vt 0.280869 0.647110
vt 0.331800 0.402250
vt 0.331800 0.358080
vt 0.280500 0.353340
vt 0.287596 0.358077
vt 0.352880 0.280879
vt 0.646640 0.280510
vt 0.641903 0.287606
vt 0.719101 0.352890
vt 0.342340 0.594040
vt 0.735980 0.597750
vt 0.727143 0.593670
vt 0.641902 0.712393
vt 0.594030 0.727041
vt 0.597740 0.736000
vt 0.405940 0.657660
vt 0.402230 0.736000
vt 0.406310 0.727153
vt 0.287597 0.641922
vt 0.272939 0.594040
vt 0.263990 0.597750
vt 0.342340 0.405960
vt 0.263990 0.402250
vt 0.272827 0.406330
vt 0.358068 0.287607
vt 0.405940 0.272959
vt 0.402230 0.264000
vt 0.594030 0.657660
vt 0.597740 0.264000
vt 0.593660 0.272847
vt 0.712383 0.358078
vt 0.727031 0.405960
vt 0.735980 0.402250
vt 0.653873 0.626250
vt 0.373740 0.653883
vt 0.346102 0.373750
vt 0.626240 0.346117
vt 0.743381 0.476078
vt 0.704879 0.479810
vt 0.691216 0.578854
vt 0.576839 0.684625
vt 0.579160 0.691130
vt 0.520180 0.704889
vt 0.523912 0.743395
vt 0.421136 0.691225
vt 0.315365 0.576849
vt 0.308860 0.579170
vt 0.295096 0.520190
vt 0.256595 0.523922
vt 0.308764 0.421146
vt 0.423141 0.315375
vt 0.420820 0.308870
vt 0.479800 0.295111
vt 0.476063 0.256605
vt 0.578844 0.308775
vt 0.684605 0.423151
vt 0.691120 0.420830
vt 0.379590 0.578827
vt 0.381250 0.484018
vt 0.387177 0.576774
vt 0.684770 0.576540
vt 0.579160 0.620410
vt 0.577212 0.612728
vt 0.515972 0.618750
vt 0.421163 0.620410
vt 0.423216 0.612823
vt 0.423450 0.684790
vt 0.379590 0.579170
vt 0.387272 0.577222
vt 0.381250 0.515982
vt 0.379590 0.421173
vt 0.387177 0.423226
vt 0.315200 0.423460
vt 0.420820 0.620410
vt 0.422768 0.612728
vt 0.484008 0.618750
vt 0.578817 0.620410
vt 0.576764 0.612823
vt 0.576530 0.315210
vt 0.379590 0.420830
vt 0.387272 0.422778
vt 0.424134 0.555709
vt 0.641437 0.612893
vt 0.634570 0.578203
vt 0.444281 0.575866
vt 0.387107 0.641447
vt 0.421792 0.634580
vt 0.424134 0.444291
vt 0.358543 0.612893
vt 0.365410 0.578208
vt 0.555689 0.575866
vt 0.387107 0.358553
vt 0.421797 0.365420
vt 0.423977 0.481566
vt 0.422960 0.605186
vt 0.421723 0.634593
vt 0.387144 0.641432
vt 0.604913 0.577067
vt 0.518419 0.576023
vt 0.394800 0.577040
vt 0.365397 0.578280
vt 0.358558 0.612856
vt 0.422933 0.604929
vt 0.423977 0.518434
vt 0.422960 0.394814
vt 0.421720 0.365407
vt 0.387144 0.358568
vt 0.395057 0.577067
vt 0.481556 0.576023
vt 0.605170 0.577040
vt 0.634583 0.578277
vt 0.641422 0.612856
vt 0.422933 0.395071
vt 0.657190 0.605089
vt 0.561360 0.648042
vt 0.605626 0.657480
vt 0.554430 0.679587
vt 0.463826 0.682579
vt 0.394898 0.657207
vt 0.351948 0.561370
vt 0.342504 0.605640
vt 0.320398 0.554450
vt 0.317404 0.463836
vt 0.342780 0.394911
vt 0.438616 0.351958
vt 0.394344 0.342520
vt 0.445540 0.320413
vt 0.536148 0.317421
vt 0.605072 0.342793
vt 0.648032 0.438629
vt 0.657466 0.394360
vt 0.679577 0.445550
vt 0.682569 0.536164
vt 0.657110 0.531183
vt 0.624855 0.602448
vt 0.468803 0.657124
vt 0.397542 0.624865
vt 0.342866 0.468817
vt 0.375125 0.397552
vt 0.531173 0.342876
vt 0.602437 0.375135
vt 0.430994 0.484996
vt 0.448532 0.532477
vt 0.431065 0.614859
vt 0.448531 0.619497
vt 0.614691 0.569003
vt 0.619482 0.551474
vt 0.549036 0.551469
vt 0.514991 0.569006
vt 0.467510 0.551468
vt 0.385131 0.568935
vt 0.380483 0.551469
vt 0.430997 0.614701
vt 0.448526 0.619492
vt 0.448531 0.549051
vt 0.430994 0.515004
vt 0.448532 0.467523
vt 0.431065 0.385141
vt 0.448531 0.380503
vt 0.385289 0.569003
vt 0.380488 0.551474
vt 0.450934 0.551469
vt 0.484984 0.569006
vt 0.532464 0.551468
vt 0.614849 0.568935
vt 0.619487 0.551469
vt 0.430997 0.385299
vt 0.448526 0.380508
vt 0.448531 0.450949
vt 0.668960 0.500000
vt 0.678188 0.517441
vt 0.654123 0.563811
vt 0.650576 0.600611
vt 0.606656 0.630004
vt 0.600854 0.650960
vt 0.552080 0.671312
vt 0.548884 0.660895
vt 0.482544 0.678198
vt 0.499990 0.668980
vt 0.436175 0.654133
vt 0.399379 0.650591
vt 0.369981 0.606666
vt 0.349030 0.600868
vt 0.328673 0.552090
vt 0.339090 0.548899
vt 0.321782 0.482559
vt 0.331010 0.500000
vt 0.345853 0.436189
vt 0.349399 0.399389
vt 0.393319 0.369996
vt 0.399122 0.349040
vt 0.447895 0.328688
vt 0.451086 0.339105
vt 0.517431 0.321802
vt 0.499990 0.331020
vt 0.563798 0.345867
vt 0.600595 0.349409
vt 0.629994 0.393334
vt 0.650944 0.399132
vt 0.671302 0.447910
vt 0.660885 0.451101
vt 0.452720 0.534681
vt 0.473034 0.628029
vt 0.453851 0.600484
vt 0.455783 0.629004
vt 0.628821 0.537834
vt 0.587440 0.526850
vt 0.600469 0.546147
vt 0.551950 0.547236
vt 0.465305 0.547280
vt 0.371961 0.526966
vt 0.399506 0.546149
vt 0.370986 0.544217
vt 0.462166 0.628837
vt 0.473150 0.587454
vt 0.453853 0.600485
vt 0.452764 0.551960
vt 0.452720 0.465319
vt 0.473034 0.371970
vt 0.453851 0.399516
vt 0.455783 0.370996
vt 0.370980 0.544180
vt 0.371489 0.526882
vt 0.399505 0.546147
vt 0.448025 0.547236
vt 0.534671 0.547280
vt 0.587667 0.526850
vt 0.600468 0.546149
vt 0.628740 0.534521
vt 0.462166 0.371163
vt 0.473150 0.412546
vt 0.453853 0.399515
vt 0.452764 0.448040
vt 0.473026 0.482260
vt 0.473026 0.552503
vt 0.517730 0.526974
vt 0.447487 0.526974
vt 0.473026 0.517740
vt 0.473026 0.447497
vt 0.447328 0.526974
vt 0.517600 0.526974
vt 0.679934 0.517754
vt 0.660885 0.548899
vt 0.659433 0.585285
vt 0.640490 0.593880
vt 0.606636 0.630018
vt 0.614624 0.639835
vt 0.548885 0.660894
vt 0.552446 0.673040
vt 0.482236 0.679944
vt 0.436177 0.654134
vt 0.414705 0.659443
vt 0.369967 0.606646
vt 0.360155 0.614634
vt 0.339091 0.548900
vt 0.326945 0.552461
vt 0.320041 0.482246
vt 0.339090 0.451101
vt 0.340542 0.414715
vt 0.359490 0.406120
vt 0.393339 0.369982
vt 0.385356 0.360165
vt 0.451085 0.339106
vt 0.447552 0.326951
vt 0.517747 0.320056
vt 0.548884 0.339105
vt 0.585270 0.340557
vt 0.593870 0.359500
vt 0.630008 0.393354
vt 0.639825 0.385366
vt 0.660884 0.451100
vt 0.673030 0.447539
vt 0.478235 0.484182
vt 0.904020 0.527142
vt 0.903663 0.565710
vt 0.477493 0.566800
vt 0.903660 0.599426
vt 0.476505 0.619595
vt 0.619580 0.523432
vt 0.599398 0.096394
vt 0.566126 0.096346
vt 0.578709 0.521753
vt 0.527500 0.096020
vt 0.472848 0.095979
vt 0.515803 0.521764
vt 0.434280 0.096337
vt 0.433189 0.522508
vt 0.400564 0.096340
vt 0.380385 0.523495
vt 0.476567 0.619590
vt 0.903606 0.599418
vt 0.903654 0.566146
vt 0.478247 0.578719
vt 0.903980 0.527513
vt 0.904021 0.472858
vt 0.478236 0.515818
vt 0.903663 0.434290
vt 0.477492 0.433202
vt 0.903660 0.400574
vt 0.476505 0.380405
vt 0.380390 0.523432
vt 0.400572 0.096394
vt 0.433844 0.096346
vt 0.421266 0.521753
vt 0.472477 0.096020
vt 0.527129 0.095980
vt 0.484172 0.521765
vt 0.565690 0.096337
vt 0.566787 0.522507
vt 0.599406 0.096340
vt 0.619585 0.523495
vt 0.476567 0.380410
vt 0.903606 0.400582
vt 0.903654 0.433854
vt 0.478247 0.421281
vt 0.903980 0.472487
vt 0.623341 0.565930
vt 0.584539 0.625901
vt 0.588693 0.608145
vt 0.434060 0.623356
vt 0.374089 0.584553
vt 0.391845 0.588713
vt 0.376629 0.434070
vt 0.415431 0.374099
vt 0.411277 0.391855
vt 0.565910 0.376644
vt 0.625885 0.415447
vt 0.608125 0.411287
vt 0.638570 0.527331
vt 0.649509 0.514738
vt 0.626133 0.584218
vt 0.543542 0.643793
vt 0.527690 0.638503
vt 0.485247 0.649519
vt 0.472659 0.638581
vt 0.415766 0.626149
vt 0.356197 0.543552
vt 0.361481 0.527704
vt 0.350466 0.485262
vt 0.361404 0.472669
vt 0.373841 0.415782
vt 0.456428 0.356207
vt 0.472286 0.361497
vt 0.514728 0.350481
vt 0.527317 0.361419
vt 0.584204 0.373851
vt 0.643783 0.456448
vt 0.638493 0.472296
vt 0.910504 0.485252
vt 0.930840 0.513318
vt 0.910503 0.543650
vt 0.930840 0.608521
vt 0.910969 0.584086
vt 0.912005 0.607631
vt 0.607612 0.087994
vt 0.608600 0.069160
vt 0.583822 0.089046
vt 0.501286 0.069160
vt 0.514737 0.089496
vt 0.456330 0.089497
vt 0.391343 0.069160
vt 0.415901 0.089031
vt 0.392359 0.087995
vt 0.912006 0.607632
vt 0.930840 0.608610
vt 0.910954 0.583839
vt 0.930840 0.501299
vt 0.910504 0.514748
vt 0.910503 0.456350
vt 0.930840 0.391353
vt 0.910969 0.415914
vt 0.912005 0.392369
vt 0.392358 0.087994
vt 0.391380 0.069160
vt 0.416148 0.089046
vt 0.498687 0.069160
vt 0.485237 0.089496
vt 0.543640 0.089497
vt 0.608637 0.069160
vt 0.584069 0.089031
vt 0.607611 0.087995
vt 0.912006 0.392368
vt 0.930840 0.391390
vt 0.910954 0.416161
vt 0.651989 0.484973
vt 0.636550 0.499915
vt 0.646161 0.544319
vt 0.613571 0.575822
vt 0.618101 0.596849
vt 0.564903 0.621398
vt 0.572049 0.634678
vt 0.499902 0.636560
vt 0.515017 0.651999
vt 0.442065 0.640007
vt 0.424165 0.613584
vt 0.374012 0.584210
vt 0.378587 0.564918
vt 0.363420 0.500085
vt 0.347981 0.515027
vt 0.359979 0.442078
vt 0.378587 0.435082
vt 0.424165 0.386416
vt 0.403192 0.381841
vt 0.455683 0.353823
vt 0.499902 0.363440
vt 0.515017 0.348001
vt 0.564903 0.378602
vt 0.584197 0.374022
vt 0.613571 0.424178
vt 0.634663 0.427936
vt 0.930840 0.490652
vt 0.955390 0.509348
vt 0.930840 0.597869
vt 0.955390 0.597810
vt 0.597790 0.069160
vt 0.597849 0.044610
vt 0.509333 0.069160
vt 0.490639 0.044610
vt 0.402121 0.069160
vt 0.402180 0.044610
vt 0.930840 0.597810
vt 0.955390 0.597869
vt 0.930840 0.509348
vt 0.955390 0.490652
vt 0.930840 0.402131
vt 0.955390 0.402190
vt 0.402180 0.069160
vt 0.402121 0.044610
vt 0.490639 0.069160
vt 0.509333 0.044610
vt 0.597849 0.069160
vt 0.597790 0.044610
vt 0.930840 0.402190
vt 0.955390 0.402131
vt 0.676298 0.517382
vt 0.656210 0.583562
vt 0.625870 0.625880
vt 0.583557 0.656214
vt 0.517390 0.676307
vt 0.500072 0.636560
vt 0.465260 0.674600
vt 0.416413 0.656214
vt 0.374110 0.625880
vt 0.343770 0.583562
vt 0.323681 0.517378
vt 0.363420 0.499915
vt 0.325390 0.465270
vt 0.343770 0.416438
vt 0.386403 0.424178
vt 0.374110 0.374120
vt 0.416413 0.343786
vt 0.435067 0.378602
vt 0.465260 0.325400
vt 0.500072 0.363440
vt 0.517372 0.323692
vt 0.583547 0.343780
vt 0.575805 0.386416
vt 0.625870 0.374120
vt 0.656204 0.416428
vt 0.621388 0.435082
vt 0.674590 0.465270
vt 0.955390 0.487968
vt 0.980240 0.512014
vt 0.955390 0.625943
vt 0.980240 0.625867
vt 0.625857 0.044610
vt 0.625933 0.019760
vt 0.512008 0.044610
vt 0.487970 0.019760
vt 0.374047 0.044610
vt 0.374123 0.019760
vt 0.955390 0.625867
vt 0.980240 0.625943
vt 0.955390 0.512026
vt 0.980240 0.487974
vt 0.955390 0.374057
vt 0.980240 0.374133
vt 0.374123 0.044610
vt 0.374047 0.019760
vt 0.487958 0.044610
vt 0.512002 0.019760
vt 0.625933 0.044610
vt 0.625857 0.019760
vt 0.955390 0.374133
vt 0.980240 0.374057
vt 0.708720 0.500000
vt 0.698768 0.560306
vt 0.660553 0.631800
vt 0.615950 0.673560
vt 0.560296 0.698788
vt 0.534720 0.674600
vt 0.499990 0.708740
vt 0.482590 0.676307
vt 0.439679 0.698788
vt 0.368190 0.660568
vt 0.326430 0.615970
vt 0.301202 0.560306
vt 0.291250 0.500000
vt 0.301202 0.439694
vt 0.339422 0.368200
vt 0.384020 0.326440
vt 0.439679 0.301212
vt 0.499990 0.291260
vt 0.560296 0.301212
vt 0.631785 0.339432
vt 0.673540 0.384030
vt 0.698768 0.439694
vt 0.980240 0.454879
vt 1.143800 0.520104
vt 0.980240 0.565228
vt 1.072210 0.625075
vt 0.980240 0.647594
vt 0.647590 0.019760
vt 0.647590 -0.143800
vt 0.598099 -0.143800
vt 0.554181 0.019760
vt 0.425806 0.019760
vt 0.402237 -0.143800
vt 0.352390 -0.143800
vt 0.352390 0.019760
vt 0.980240 0.545165
vt 1.143800 0.582022
vt 1.143800 0.479896
vt 0.980240 0.434733
vt 1.072210 0.373725
vt 0.980240 0.352406
vt 0.352247 0.019760
vt 0.401876 -0.143800
vt 0.475263 0.019760
vt 0.475483 -0.072210
vt 0.573932 0.019760
vt 0.597738 -0.143800
vt 1.143800 0.419354
vt 1.143800 0.580260
vt 1.072210 0.580260
vt 0.527565 -0.143800
vt 0.527560 -0.072210
vt 0.475464 -0.143800
vt 0.980240 0.647590
vt 1.143800 0.647600
vt 1.143800 0.626280
vt 1.072210 0.626279
vt 1.143800 0.418391
vt 1.072210 0.418390
vt 0.475464 -0.143800
vt 0.527565 -0.143800
vt 0.980240 0.352410
vt 1.143800 0.352400
vt 1.143800 0.374920
vt 1.072210 0.374921
vt 0.706720 0.479692
vt 0.675723 0.482768
vt 0.665114 0.563934
vt 0.692713 0.579990
vt 0.665774 0.625441
vt 0.638511 0.609544
vt 0.583315 0.655682
vt 0.597919 0.683200
vt 0.527695 0.674707
vt 0.527814 0.705995
vt 0.475156 0.706289
vt 0.475275 0.675001
vt 0.416660 0.655682
vt 0.402056 0.683200
vt 0.362422 0.610725
vt 0.335170 0.626621
vt 0.295260 0.540720
vt 0.335310 0.565414
vt 0.324248 0.482757
vt 0.293250 0.479692
vt 0.335170 0.373379
vt 0.362422 0.389275
vt 0.416660 0.344318
vt 0.402056 0.316800
vt 0.475275 0.324999
vt 0.475156 0.293711
vt 0.527814 0.294005
vt 0.527695 0.325293
vt 0.583315 0.344318
vt 0.597919 0.316800
vt 0.638511 0.390456
vt 0.665774 0.374559
vt 0.625641 -0.143800
vt 0.625887 -0.052850
vt 0.527562 -0.143800
vt 0.475465 -0.143800
vt 0.453153 -0.052850
vt 0.374457 -0.143800
vt 0.374520 -0.052850
vt 0.374329 -0.143800
vt 0.444453 -0.052850
vt 0.475467 -0.143800
vt 0.527563 -0.143800
vt 0.626282 -0.052850
vt 0.625513 -0.143800
vt 1.072210 0.419740
vt 0.475472 -0.072210
vt 1.072210 0.581610
vt 1.072210 0.389516
vt 1.072210 0.434190
vt 1.052850 0.479697
vt 1.072210 0.435689
vt 1.072210 0.390713
vt 1.052850 0.374544
vt 1.052850 0.520352
vt 1.143800 0.373720
vt 1.143800 0.625080
vt 1.072210 0.609284
vt 1.072210 0.564311
vt 1.072210 0.565811
vt 1.072210 0.610487
vt 1.052850 0.625457
vt 0.308065 0.581600
vt 0.335430 0.434190
vt 0.308065 0.418400
vt 0.665000 0.435690
vt 0.692631 0.419742
vt 1.143800 0.435438
vt 1.143800 0.564310
vt 0.475477 -0.072210
vt 1.143800 0.625470
vt 1.143800 0.610490
vt 1.143800 0.566054
vt 1.143800 0.434190
vt 0.475470 -0.072210
vt 0.527552 -0.072210
vt 1.143800 0.374530
vt 1.143800 0.390710
vt 0.527560 0.706020
vt 0.476238 0.706396
vt 0.476238 0.675095
vt 0.527560 0.674720
vt 0.334890 -0.072210
vt 0.362230 -0.072210
vt 0.334890 -0.143800
vt 0.362230 -0.143800
vt 0.666070 -0.073950
vt 0.666070 -0.091530
vt 0.666070 -0.072210
vt 0.638720 -0.072210
vt 0.666070 -0.143800
vt 0.638720 -0.143800
vt 0.665000 -0.072210
vt 0.665000 -0.143800
vt 0.692630 -0.072210
vt 0.692630 -0.143800
vt 0.692630 -0.073950
vt 0.692630 -0.134870
vt 0.692630 -0.122700
vt 0.692630 -0.108020
vt 0.692630 -0.091530
vt 1.143800 0.324980
vt 1.072210 0.293680
vt 1.072210 0.324980
vt 1.143800 0.293680
vt 0.361880 0.610064
vt 0.334590 0.625914
vt 0.308070 0.581610
vt 0.335454 0.565891
vt 0.476238 0.324904
vt 0.476238 0.293604
vt 0.527560 0.293980
vt 0.527560 0.325280
vt 1.072210 0.325280
vt 1.072210 0.293980
vt 1.143800 0.325280
vt 1.143800 0.293980
vt 0.335430 -0.072210
vt 0.308070 -0.072210
vt 0.308070 -0.143800
vt 0.335430 -0.143800
vt 1.052850 0.374530
vt 1.143800 0.389510
vt 1.143800 0.674720
vt 1.072210 0.706020
vt 1.072210 0.674720
vt 1.143800 0.706020
vt 0.335454 0.434109
vt 0.308070 0.418390
vt 0.361880 0.389936
vt 0.334590 0.374086
vt 0.666336 0.624756
vt 0.639036 0.608905
vt 0.692630 0.580260
vt 0.664958 0.564450
vt 1.052850 0.625470
vt 1.143800 0.609290
vt 0.692630 0.419740
vt 0.664958 0.435550
vt 0.639036 0.391094
vt 0.666336 0.375244
vt 1.072210 0.675020
vt 1.072210 0.706320
vt 1.143800 0.675020
vt 1.143800 0.706320
vt 0.308070 -0.073950
vt 0.308070 -0.108020
vt 0.308070 -0.091530
vt 0.308070 -0.122700
vt 0.308070 -0.134870
vt 0.560430 0.840620
vt 0.439547 0.836940
vt 0.638570 0.838801
vt 0.161241 0.638580
vt 0.163060 0.560443
vt 0.159380 0.439557
vt 0.161199 0.361420
vt 0.638570 0.838759
vt 0.560430 0.836940
vt 0.439547 0.840620
vt 0.361410 0.838801
vt 0.161241 0.361420
vt 0.163060 0.439557
vt 0.159380 0.560443
vt 0.161199 0.638580
vt 0.361410 0.838759
vt 0.538000 0.691120
vt 0.480936 0.692986
vt 0.408535 0.671003
vt 0.591445 0.671003
vt 0.350039 0.622975
vt 0.649936 0.622975
vt 0.314401 0.556249
vt 0.685574 0.556249
vt 0.306999 0.480946
vt 0.694850 0.500000
vt 0.685574 0.443751
vt 0.328982 0.408545
vt 0.649936 0.377025
vt 0.377015 0.350054
vt 0.591445 0.328997
vt 0.443741 0.314411
vt 0.519039 0.307014
vt 0.461970 0.691120
vt 0.519039 0.692986
vt 0.305120 0.500000
vt 0.314401 0.443751
vt 0.350039 0.377025
vt 0.408535 0.328997
vt 0.461970 0.308880
s 1
f 1/1/1 10/2/2 2/3/3
f 1/1/1 2/3/3 3/4/4
f 1/1/1 3/4/4 4/5/5
f 1/1/1 4/5/5 5/6/6
f 1/1/1 6/7/7 7/8/8
f 1/1/1 7/8/8 8/9/9
f 1/1/1 8/9/9 9/10/10
f 1/1/1 9/10/10 10/2/2
f 15/11/11 14/12/12 16/13/13
f 16/13/13 14/12/12 17/14/14
f 17/14/14 14/12/12 18/15/15
f 18/15/15 14/12/12 19/16/16
f 19/16/16 14/12/12 20/17/17
f 20/17/17 14/12/12 21/18/18
f 21/18/18 14/12/12 22/19/19
f 22/19/19 14/12/12 23/20/20
f 23/20/20 14/12/12 24/21/21
f 24/21/21 14/12/12 25/22/22
f 25/22/22 14/12/12 26/23/23
f 26/23/23 14/12/12 27/24/24
f 27/24/24 14/12/12 28/25/25
f 28/25/25 14/12/12 29/26/26
f 29/26/26 14/12/12 30/27/27
f 30/27/27 14/12/12 31/28/28
f 31/28/28 14/12/12 32/29/29
f 32/29/29 14/12/12 13/30/30
f 10/2/2 35/31/31 2/3/3
f 2/3/3 36/32/32 3/4/4
f 3/4/4 37/33/33 4/5/5
f 4/5/5 38/34/34 5/6/6
f 5/6/6 39/35/35 1/1/1
f 1/1/1 39/35/35 40/36/36
f 1/1/1 40/36/36 41/37/37
f 1/1/1 41/37/37 6/7/7
f 6/7/7 42/38/38 7/8/8
f 7/8/8 43/39/39 8/9/9
f 8/9/9 44/40/40 9/10/10
f 9/10/10 45/41/41 10/2/2
f 68/42/42 71/43/43 58/44/44
f 58/44/44 71/43/43 59/45/45
f 47/46/46 72/47/47 48/48/48
f 64/49/49 73/50/50 49/51/51
f 52/52/52 74/53/53 65/54/54
f 68/42/42 75/55/55 71/43/43
f 59/45/45 76/56/56 60/57/57
f 46/58/58 77/59/59 47/46/46
f 72/47/47 78/60/60 48/48/48
f 48/48/48 78/60/60 63/61/61
f 50/62/62 92/63/63 51/64/64
f 51/64/64 79/65/65 52/52/52
f 66/66/66 80/67/67 53/68/68
f 56/69/69 88/70/70 57/71/71
f 59/45/45 71/43/43 76/56/56
f 60/57/57 76/56/56 81/72/72
f 60/57/57 81/72/72 61/73/73
f 61/73/73 82/74/74 69/75/75
f 70/76/76 83/77/77 62/78/78
f 78/60/60 84/79/79 63/61/61
f 73/50/50 85/80/80 49/51/51
f 49/51/51 85/80/80 50/62/62
f 92/63/63 86/81/81 51/64/64
f 51/64/64 86/81/81 79/65/65
f 52/52/52 79/65/65 74/53/53
f 74/53/53 87/82/82 65/54/54
f 55/83/83 88/70/70 56/69/69
f 88/70/70 89/84/84 57/71/71
f 57/71/71 89/84/84 90/85/85
f 57/71/71 90/85/85 67/86/86
f 61/73/73 81/72/72 82/74/74
f 82/74/74 91/87/87 69/75/75
f 85/80/80 92/63/63 50/62/62
f 53/68/68 95/88/88 54/89/89
f 54/89/89 95/88/88 93/90/90
f 54/89/89 93/90/90 55/83/83
f 55/83/83 93/90/90 88/70/70
f 62/78/78 94/91/91 46/58/58
f 46/58/58 94/91/91 77/59/59
f 47/46/46 77/59/59 72/47/47
f 80/67/67 95/88/88 53/68/68
f 83/77/77 96/92/92 62/78/78
f 62/78/78 96/92/92 94/91/91
f 97/93/93 110/94/94 98/95/95
f 100/96/96 113/97/97 101/98/98
f 103/99/99 116/100/100 104/101/101
f 106/102/102 119/103/103 107/104/104
f 110/94/94 121/105/105 98/95/95
f 98/95/95 121/105/105 99/106/106
f 111/107/107 99/106/106 122/108/108
f 111/107/107 122/108/108 112/109/109
f 113/97/97 123/110/110 101/98/98
f 101/98/98 123/110/110 102/111/111
f 114/112/112 102/111/111 124/113/113
f 114/112/112 124/113/113 115/114/114
f 116/100/100 125/115/115 104/101/101
f 104/101/101 125/115/115 105/116/116
f 117/117/117 105/116/116 126/118/118
f 117/117/117 126/118/118 118/119/119
f 119/103/103 127/120/120 107/104/104
f 107/104/104 127/120/120 108/121/121
f 120/122/122 108/121/121 128/123/123
f 120/122/122 128/123/123 109/124/124
f 109/124/124 129/125/125 130/126/126
f 109/124/124 130/126/126 110/94/94
f 110/94/94 130/126/126 121/105/105
f 121/105/105 131/127/127 99/106/106
f 99/106/106 131/127/127 122/108/108
f 122/108/108 132/128/128 112/109/109
f 112/109/109 132/128/128 133/129/129
f 112/109/109 133/129/129 113/97/97
f 113/97/97 133/129/129 123/110/110
f 123/110/110 134/130/130 102/111/111
f 102/111/111 134/130/130 124/113/113
f 124/113/113 135/131/131 115/114/114
f 115/114/114 135/131/131 136/132/132
f 115/114/114 136/132/132 116/100/100
f 116/100/100 136/132/132 125/115/115
f 125/115/115 137/133/133 105/116/116
f 105/116/116 137/133/133 126/118/118
f 126/118/118 138/134/134 118/119/119
f 118/119/119 138/134/134 139/135/135
f 118/119/119 139/135/135 119/103/103
f 119/103/103 139/135/135 127/120/120
f 127/120/120 140/136/136 108/121/121
f 108/121/121 140/136/136 128/123/123
f 128/123/123 129/125/125 109/124/124
f 142/137/137 161/138/138 143/139/139
f 144/140/140 162/141/141 145/142/142
f 147/143/143 163/144/144 148/145/145
f 149/146/146 164/147/147 150/148/148
f 152/149/149 165/150/150 153/151/151
f 154/152/152 166/153/153 155/154/154
f 157/155/155 167/156/156 158/157/157
f 159/158/158 168/159/159 160/160/160
f 162/141/141 171/161/161 145/142/142
f 145/142/142 171/161/161 146/162/162
f 164/147/147 174/163/163 150/148/148
f 150/148/148 174/163/163 151/164/164
f 166/153/153 177/165/165 155/154/154
f 155/154/154 177/165/165 156/166/166
f 168/159/159 180/167/167 160/160/160
f 160/160/160 180/167/167 141/168/168
f 181/169/169 193/170/170 194/171/171
f 181/169/169 194/171/171 182/172/172
f 182/172/172 194/171/171 195/173/173
f 182/172/172 195/173/173 169/174/174
f 169/174/174 195/173/173 170/175/175
f 170/175/175 195/173/173 196/176/176
f 170/175/175 196/176/176 183/177/177
f 183/177/177 196/176/176 197/178/178
f 183/177/177 197/178/178 184/179/179
f 184/179/179 197/178/178 198/180/180
f 184/179/179 198/180/180 185/181/181
f 185/181/181 198/180/180 199/182/182
f 185/181/181 199/182/182 172/183/183
f 172/183/183 199/182/182 173/184/184
f 173/184/184 199/182/182 200/185/185
f 173/184/184 200/185/185 186/186/186
f 186/186/186 200/185/185 201/187/187
f 186/186/186 201/187/187 187/188/188
f 187/188/188 201/187/187 202/189/189
f 187/188/188 202/189/189 188/190/190
f 188/190/190 202/189/189 203/191/191
f 188/190/190 203/191/191 175/192/192
f 175/192/192 203/191/191 176/193/193
f 176/193/193 203/191/191 204/194/194
f 176/193/193 204/194/194 189/195/195
f 189/195/195 204/194/194 205/196/196
f 189/195/195 205/196/196 190/197/197
f 190/197/197 205/196/196 206/198/198
f 190/197/197 206/198/198 191/199/199
f 191/199/199 206/198/198 207/200/200
f 191/199/199 207/200/200 178/201/201
f 178/201/201 207/200/200 179/202/202
f 179/202/202 207/200/200 208/203/203
f 179/202/202 208/203/203 192/204/204
f 192/204/204 208/203/203 193/170/170
f 192/204/204 193/170/170 181/169/169
f 209/205/205 230/206/206 210/207/207
f 210/207/207 230/206/206 231/208/208
f 210/207/207 231/208/208 211/209/209
f 211/209/209 231/208/208 232/210/210
f 212/211/211 233/212/212 213/213/213
f 213/213/213 233/212/212 214/214/214
f 214/214/214 233/212/212 234/215/215
f 214/214/214 234/215/215 215/216/216
f 215/216/216 234/215/215 235/217/217
f 215/216/216 235/217/217 216/218/218
f 216/218/218 235/217/217 236/219/219
f 217/220/220 237/221/221 218/222/222
f 218/222/222 237/221/221 219/223/223
f 219/223/223 237/221/221 238/224/224
f 219/223/223 238/224/224 220/225/225
f 220/225/225 238/224/224 239/226/226
f 220/225/225 239/226/226 221/227/227
f 221/227/227 239/226/226 240/228/228
f 221/227/227 240/228/228 222/229/229
f 223/230/230 241/231/231 224/232/232
f 224/232/232 241/231/231 225/233/233
f 225/233/233 241/231/231 242/234/234
f 225/233/233 242/234/234 226/235/235
f 226/235/235 242/234/234 243/236/236
f 226/235/235 243/236/236 227/237/237
f 227/237/237 243/236/236 244/238/238
f 228/239/239 245/240/240 229/241/241
f 229/241/241 245/240/240 209/205/205
f 209/205/205 245/240/240 230/206/206
f 212/211/211 246/242/242 233/212/212
f 217/220/220 247/243/243 237/221/221
f 223/230/230 248/244/244 241/231/231
f 228/239/239 249/245/245 245/240/240
f 230/206/206 250/246/246 231/208/208
f 231/208/208 251/247/247 232/210/210
f 246/242/242 252/248/248 233/212/212
f 233/212/212 299/249/249 253/250/250
f 233/212/212 253/250/250 234/215/215
f 234/215/215 253/250/250 235/217/217
f 235/217/217 254/251/251 236/219/219
f 247/243/243 255/247/252 237/221/221
f 237/221/221 305/252/253 256/253/254
f 237/221/221 256/253/254 238/224/224
f 238/224/224 256/253/254 239/226/226
f 239/226/226 257/254/255 240/228/228
f 248/244/244 258/251/256 241/231/231
f 241/231/231 311/255/257 259/256/258
f 241/231/231 259/256/258 242/234/234
f 242/234/234 259/256/258 243/236/236
f 243/236/236 260/248/259 244/238/238
f 249/245/245 261/254/260 245/240/240
f 245/240/240 317/257/261 250/246/246
f 245/240/240 250/246/246 230/206/206
f 250/246/246 262/258/262 231/208/208
f 231/208/208 262/258/262 263/259/263
f 231/208/208 263/259/263 251/247/247
f 264/260/264 265/261/265 266/262/266
f 252/248/248 268/263/267 269/264/268
f 252/248/248 269/264/268 233/212/212
f 233/212/212 269/264/268 299/249/249
f 253/250/250 270/265/269 235/217/217
f 235/217/217 270/265/269 271/266/270
f 235/217/217 271/266/270 254/251/251
f 272/267/271 273/268/272 274/269/273
f 255/247/252 276/259/274 277/258/275
f 255/247/252 277/258/275 237/221/221
f 237/221/221 277/258/275 305/252/253
f 256/253/254 278/270/276 239/226/226
f 239/226/226 278/270/276 279/271/277
f 239/226/226 279/271/277 257/254/255
f 280/272/278 281/273/279 282/274/280
f 258/251/256 284/266/281 285/265/282
f 258/251/256 285/265/282 241/231/231
f 241/231/231 285/265/282 311/255/257
f 259/256/258 286/264/283 243/236/236
f 243/236/236 286/264/283 287/263/284
f 243/236/236 287/263/284 260/248/259
f 288/275/285 289/276/286 290/277/287
f 261/254/260 292/271/288 293/270/289
f 261/254/260 293/270/289 245/240/240
f 245/240/240 293/270/289 317/257/261
f 250/246/246 294/278/290 262/258/262
f 295/279/291 296/280/292 265/261/265
f 267/281/293 297/282/294 298/283/295
f 253/250/250 300/284/296 270/265/269
f 301/285/297 302/286/298 273/268/272
f 275/287/299 303/288/300 304/289/301
f 256/253/254 306/290/302 278/270/276
f 307/291/303 308/292/304 281/273/279
f 283/293/305 309/294/306 310/295/307
f 259/256/258 312/296/308 286/264/283
f 313/297/309 314/298/310 289/276/286
f 291/299/311 315/300/312 316/301/313
f 265/261/265 324/302/314 266/262/266
f 266/262/266 324/302/314 267/281/293
f 273/268/272 329/303/315 274/269/273
f 274/269/273 329/303/315 275/287/299
f 281/273/279 334/304/316 282/274/280
f 282/274/280 334/304/316 283/293/305
f 289/276/286 339/305/317 290/277/287
f 290/277/287 339/305/317 291/299/311
f 318/306/318 322/307/319 323/308/320
f 318/306/318 323/308/320 296/280/292
f 296/280/292 323/308/320 324/302/314
f 296/280/292 324/302/314 265/261/265
f 324/302/314 325/309/321 267/281/293
f 267/281/293 325/309/321 326/310/322
f 267/281/293 326/310/322 297/282/294
f 297/282/294 326/310/322 327/311/323
f 297/282/294 327/311/323 319/312/324
f 319/312/324 327/311/323 328/313/325
f 319/312/324 328/313/325 302/286/298
f 302/286/298 328/313/325 329/303/315
f 302/286/298 329/303/315 273/268/272
f 329/303/315 330/314/326 275/287/299
f 275/287/299 330/314/326 331/315/327
f 275/287/299 331/315/327 303/288/300
f 303/288/300 331/315/327 332/316/328
f 303/288/300 332/316/328 320/317/329
f 320/317/329 332/316/328 333/318/330
f 320/317/329 333/318/330 308/292/304
f 308/292/304 333/318/330 334/304/316
f 308/292/304 334/304/316 281/273/279
f 334/304/316 335/319/331 283/293/305
f 283/293/305 335/319/331 336/320/332
f 283/293/305 336/320/332 309/294/306
f 309/294/306 336/320/332 337/321/333
f 309/294/306 337/321/333 321/322/334
f 321/322/334 337/321/333 338/323/335
f 321/322/334 338/323/335 314/298/310
f 314/298/310 338/323/335 339/305/317
f 314/298/310 339/305/317 289/276/286
f 339/305/317 340/324/336 291/299/311
f 291/299/311 340/324/336 341/325/337
f 291/299/311 341/325/337 315/300/312
f 315/300/312 341/325/337 322/307/319
f 315/300/312 322/307/319 318/306/318
f 343/326/338 342/327/339 344/328/340
f 323/308/320 345/329/341 324/302/314
f 346/330/342 347/331/343 348/332/344
f 349/333/345 348/332/344 350/334/346
f 328/313/325 351/335/347 329/303/315
f 352/336/348 353/337/349 354/338/350
f 355/339/351 354/338/350 356/340/352
f 333/318/330 357/341/353 334/304/316
f 358/342/354 359/343/355 360/344/356
f 361/345/357 360/344/356 362/346/358
f 338/323/335 363/347/359 339/305/317
f 364/348/360 365/349/361 342/327/339
f 342/327/339 379/350/362 344/328/340
f 367/351/363 374/352/364 347/331/343
f 348/332/344 384/353/365 350/334/346
f 369/354/366 375/355/367 353/337/349
f 354/338/350 389/356/368 356/340/352
f 371/357/369 376/358/370 359/343/355
f 360/344/356 394/359/371 362/346/358
f 373/360/372 377/361/373 365/349/361
f 342/327/339 378/362/374 379/350/362
f 379/350/362 380/363/375 344/328/340
f 344/328/340 380/363/375 381/364/376
f 344/328/340 381/364/376 366/365/377
f 374/352/364 382/366/378 347/331/343
f 347/331/343 382/366/378 383/367/379
f 347/331/343 383/367/379 348/332/344
f 348/332/344 383/367/379 384/353/365
f 384/353/365 385/368/380 350/334/346
f 350/334/346 385/368/380 386/369/381
f 350/334/346 386/369/381 368/370/382
f 375/355/367 387/371/383 353/337/349
f 353/337/349 387/371/383 388/372/384
f 353/337/349 388/372/384 354/338/350
f 354/338/350 388/372/384 389/356/368
f 389/356/368 390/373/385 356/340/352
f 356/340/352 390/373/385 391/374/386
f 356/340/352 391/374/386 370/375/387
f 376/358/370 392/376/388 359/343/355
f 359/343/355 392/376/388 393/377/389
f 359/343/355 393/377/389 360/344/356
f 360/344/356 393/377/389 394/359/371
f 394/359/371 395/378/390 362/346/358
f 362/346/358 395/378/390 396/379/391
f 362/346/358 396/379/391 372/380/392
f 377/361/373 397/381/393 365/349/361
f 365/349/361 397/381/393 378/362/374
f 365/349/361 378/362/374 342/327/339
f 398/382/394 414/383/395 399/384/396
f 399/384/396 414/383/395 407/385/397
f 407/385/397 414/383/395 408/386/398
f 400/387/399 415/388/400 401/389/401
f 401/389/401 415/388/400 409/390/402
f 409/390/402 415/388/400 410/391/403
f 402/392/404 416/393/405 403/394/406
f 403/394/406 416/393/405 411/395/407
f 411/395/407 416/393/405 412/396/408
f 404/397/409 417/398/410 405/399/411
f 405/399/411 417/398/410 413/400/412
f 413/400/412 417/398/410 406/401/413
f 406/401/413 418/402/414 398/382/394
f 398/382/394 418/402/414 419/403/415
f 398/382/394 419/403/415 414/383/395
f 408/386/398 414/383/395 420/404/416
f 408/386/398 420/404/416 400/387/399
f 400/387/399 420/404/416 421/405/417
f 400/387/399 421/405/417 415/388/400
f 410/391/403 415/388/400 422/406/418
f 410/391/403 422/406/418 402/392/404
f 402/392/404 422/406/418 423/407/419
f 402/392/404 423/407/419 416/393/405
f 412/396/408 416/393/405 424/408/420
f 412/396/408 424/408/420 404/397/409
f 404/397/409 424/408/420 425/409/421
f 404/397/409 425/409/421 417/398/410
f 406/401/413 417/398/410 418/402/414
f 426/410/422 438/411/423 427/412/424
f 427/412/424 438/411/423 439/413/425
f 428/414/426 440/415/427 441/416/428
f 428/414/426 441/416/428 429/417/429
f 429/417/429 441/416/428 442/418/430
f 429/417/429 442/418/430 430/419/431
f 430/419/431 442/418/430 443/420/432
f 431/421/433 444/422/434 445/423/435
f 431/421/433 445/423/435 432/424/436
f 432/424/436 445/423/435 446/425/437
f 432/424/436 446/425/437 433/426/438
f 433/426/438 446/425/437 447/427/439
f 434/428/440 448/429/441 449/430/442
f 434/428/440 449/430/442 435/431/443
f 435/431/443 449/430/442 450/432/444
f 435/431/443 450/432/444 436/433/445
f 436/433/445 450/432/444 451/434/446
f 437/435/447 452/436/448 453/437/449
f 437/435/447 453/437/449 426/410/422
f 426/410/422 453/437/449 438/411/423
f 454/438/450 455/439/451 456/440/452
f 456/440/452 455/439/451 457/441/453
f 456/440/452 457/441/453 458/442/454
f 458/442/454 459/443/455 460/444/456
f 458/442/454 460/444/456 461/445/457
f 461/445/457 460/444/456 462/446/458
f 461/445/457 462/446/458 463/447/459
f 463/447/459 462/446/458 464/448/460
f 464/448/460 462/446/458 465/449/461
f 464/448/460 465/449/461 466/450/462
f 466/450/462 467/451/463 468/452/464
f 466/450/462 468/452/464 469/453/465
f 469/453/465 468/452/464 470/454/466
f 469/453/465 470/454/466 471/455/467
f 471/455/467 470/454/466 472/456/468
f 472/456/468 470/454/466 473/457/469
f 472/456/468 473/457/469 474/458/470
f 474/458/470 475/459/471 476/460/472
f 474/458/470 476/460/472 477/461/473
f 477/461/473 476/460/472 478/462/474
f 477/461/473 478/462/474 479/463/475
f 479/463/475 478/462/474 480/464/476
f 480/464/476 478/462/474 481/465/477
f 480/464/476 481/465/477 482/466/478
f 482/466/478 483/467/479 484/468/480
f 482/466/478 484/468/480 485/469/481
f 485/469/481 484/468/480 455/439/451
f 485/469/481 455/439/451 454/438/450
f 458/442/454 457/441/453 459/443/455
f 466/450/462 465/449/461 467/451/463
f 474/458/470 473/457/469 475/459/471
f 482/466/478 481/465/477 483/467/479
f 486/470/482 502/471/483 487/472/484
f 487/472/484 502/471/483 503/473/485
f 504/474/486 505/475/487 488/476/488
f 488/476/488 505/475/487 489/477/489
f 490/478/490 506/479/491 491/480/492
f 491/480/492 506/479/491 507/481/493
f 508/482/494 509/483/495 492/484/496
f 492/484/496 509/483/495 493/485/497
f 494/486/498 510/487/499 495/488/500
f 495/488/500 510/487/499 511/489/501
f 512/490/502 513/491/503 496/492/504
f 496/492/504 513/491/503 497/493/505
f 498/494/506 525/495/507 499/496/508
f 499/496/508 525/495/507 514/497/509
f 515/498/510 516/499/511 500/500/512
f 500/500/512 516/499/511 501/501/513
f 486/470/482 517/502/514 518/503/515
f 486/470/482 518/503/515 502/471/483
f 489/477/489 505/475/487 519/504/516
f 489/477/489 519/504/516 490/478/490
f 490/478/490 519/504/516 520/505/517
f 490/478/490 520/505/517 506/479/491
f 493/485/497 509/483/495 521/506/518
f 493/485/497 521/506/518 494/486/498
f 494/486/498 521/506/518 522/507/519
f 494/486/498 522/507/519 510/487/499
f 513/491/503 523/508/520 497/493/505
f 497/493/505 523/508/520 524/509/521
f 497/493/505 524/509/521 498/494/506
f 498/494/506 524/509/521 525/495/507
f 501/501/513 516/499/511 517/502/514
f 501/501/513 517/502/514 486/470/482
f 526/510/522 542/438/523 543/511/524
f 526/510/522 543/511/524 527/512/525
f 527/512/525 543/511/524 544/513/526
f 527/512/525 544/513/526 545/514/527
f 527/512/525 545/514/527 528/515/528
f 528/515/528 545/514/527 546/516/529
f 528/515/528 546/516/529 529/517/530
f 529/517/530 546/516/529 547/447/531
f 529/517/530 547/447/531 530/518/532
f 530/518/532 547/447/531 548/519/533
f 530/518/532 548/519/533 531/520/534
f 531/520/534 548/519/533 549/521/535
f 531/520/534 549/521/535 532/522/536
f 532/522/536 549/521/535 550/523/537
f 532/522/536 550/523/537 533/524/538
f 533/524/538 550/523/537 551/455/539
f 533/524/538 551/455/539 534/525/540
f 534/525/540 551/455/539 552/526/541
f 534/525/540 552/526/541 535/527/542
f 535/527/542 552/526/541 553/528/543
f 535/527/542 553/528/543 554/529/544
f 535/527/542 554/529/544 536/530/545
f 536/530/545 554/529/544 555/531/546
f 536/530/545 555/531/546 537/532/547
f 537/532/547 555/531/546 556/463/548
f 537/532/547 556/463/548 538/533/549
f 538/533/549 556/463/548 557/534/550
f 538/533/549 557/534/550 539/535/551
f 539/535/551 557/534/550 558/536/552
f 539/535/551 558/536/552 559/537/553
f 539/535/551 559/537/553 540/538/554
f 540/538/554 559/537/553 560/539/555
f 540/538/554 560/539/555 541/540/556
f 541/540/556 560/539/555 542/438/523
f 541/540/556 542/438/523 526/510/522
f 561/541/557 581/542/558 582/543/559
f 561/541/557 582/543/559 562/544/560
f 562/544/560 582/543/559 583/545/561
f 562/544/560 583/545/561 563/546/562
f 564/547/563 584/548/564 585/549/565
f 564/547/563 585/549/565 565/550/566
f 565/550/566 585/549/565 586/551/567
f 565/550/566 586/551/567 587/552/568
f 565/550/566 587/552/568 566/553/569
f 566/553/569 587/552/568 588/554/570
f 566/553/569 588/554/570 567/555/571
f 567/555/571 588/554/570 589/556/572
f 567/555/571 589/556/572 568/557/573
f 569/558/574 590/559/575 591/560/576
f 569/558/574 591/560/576 570/561/577
f 570/561/577 591/560/576 592/562/578
f 570/561/577 592/562/578 593/563/579
f 570/561/577 593/563/579 571/564/580
f 571/564/580 593/563/579 594/565/581
f 571/564/580 594/565/581 572/566/582
f 572/566/582 594/565/581 595/567/583
f 572/566/582 595/567/583 573/568/584
f 574/569/585 596/570/586 597/571/587
f 574/569/585 597/571/587 575/572/588
f 575/572/588 597/571/587 598/573/589
f 575/572/588 598/573/589 599/574/590
f 575/572/588 599/574/590 576/575/591
f 576/575/591 599/574/590 600/576/592
f 576/575/591 600/576/592 577/577/593
f 577/577/593 600/576/592 601/578/594
f 577/577/593 601/578/594 578/579/595
f 579/580/596 602/581/597 603/582/598
f 579/580/596 603/582/598 580/583/599
f 580/583/599 603/582/598 604/584/600
f 580/583/599 604/584/600 581/542/558
f 580/583/599 581/542/558 561/541/557
f 606/585/601 621/586/602 607/587/603
f 610/588/604 622/589/605 611/590/606
f 614/591/607 623/592/608 615/593/609
f 618/594/610 624/595/611 619/596/612
f 605/597/613 625/598/614 626/599/615
f 605/597/613 626/599/615 606/585/601
f 606/585/601 626/599/615 621/586/602
f 607/587/603 621/586/602 627/600/616
f 607/587/603 627/600/616 608/601/617
f 608/601/617 627/600/616 628/602/618
f 608/601/617 628/602/618 609/603/619
f 609/603/619 628/602/618 629/604/620
f 609/603/619 629/604/620 610/588/604
f 610/588/604 629/604/620 622/589/605
f 611/590/606 622/589/605 630/605/621
f 611/590/606 630/605/621 612/606/622
f 612/606/622 630/605/621 631/607/623
f 612/606/622 631/607/623 613/608/624
f 613/608/624 631/607/623 632/609/625
f 613/608/624 632/609/625 614/591/607
f 614/591/607 632/609/625 623/592/608
f 615/593/609 623/592/608 633/610/626
f 615/593/609 633/610/626 616/611/627
f 616/611/627 633/610/626 634/612/628
f 616/611/627 634/612/628 617/613/629
f 617/613/629 634/612/628 635/614/630
f 617/613/629 635/614/630 618/594/610
f 618/594/610 635/614/630 624/595/611
f 619/596/612 624/595/611 636/615/631
f 619/596/612 636/615/631 620/616/632
f 620/616/632 636/615/631 625/598/614
f 620/616/632 625/598/614 605/597/613
f 637/617/633 661/618/634 638/619/635
f 638/619/635 661/618/634 662/620/636
f 638/619/635 662/620/636 639/621/637
f 639/621/637 662/620/636 653/622/638
f 654/623/639 663/624/640 640/625/641
f 640/625/641 663/624/640 664/626/642
f 640/625/641 664/626/642 641/627/643
f 641/627/643 664/626/642 642/628/644
f 642/628/644 664/626/642 665/629/645
f 642/628/644 665/629/645 643/630/646
f 643/630/646 665/629/645 655/631/647
f 656/632/648 666/633/649 644/634/650
f 644/634/650 666/633/649 667/635/651
f 644/634/650 667/635/651 645/636/652
f 645/636/652 667/635/651 646/637/653
f 646/637/653 667/635/651 668/638/654
f 646/637/653 668/638/654 647/639/655
f 647/639/655 668/638/654 657/640/656
f 658/641/657 669/642/658 648/643/659
f 648/643/659 669/642/658 670/644/660
f 648/643/659 670/644/660 649/645/661
f 649/645/661 670/644/660 650/646/662
f 650/646/662 670/644/660 671/647/663
f 650/646/662 671/647/663 651/648/664
f 651/648/664 671/647/663 659/649/665
f 660/650/666 672/651/667 652/652/668
f 652/652/668 672/651/667 661/618/634
f 652/652/668 661/618/634 637/617/633
f 673/653/669 674/654/669 675/655/669
f 675/655/669 674/654/669 676/656/669
f 675/655/669 676/656/669 677/657/669
f 677/657/669 676/656/669 678/658/669
f 677/657/669 678/658/669 679/659/669
f 679/659/669 678/658/669 680/660/669
f 679/659/669 680/660/669 681/661/669
f 681/661/669 680/660/669 682/662/669
f 682/662/669 680/660/669 683/663/669
f 682/662/669 683/663/669 684/664/669
f 684/664/669 683/663/669 685/665/669
f 684/664/669 685/665/669 686/666/669
f 684/664/669 686/666/669 687/667/669
f 687/667/669 686/666/669 688/668/669
f 688/668/669 686/666/669 689/669/669
f 688/668/669 689/669/669 690/670/669
f 688/668/669 690/670/669 691/671/669
f 691/671/669 690/670/669 692/672/669
f 692/672/669 690/670/669 693/673/669
f 692/672/669 693/673/669 694/674/669
f 694/674/669 693/673/669 695/675/669
f 694/674/669 695/675/669 696/676/669
f 696/676/669 695/675/669 697/677/669
f 696/676/669 697/677/669 698/678/669
f 698/678/669 697/677/669 674/654/669
f 698/678/669 674/654/669 673/653/669
f 699/679/670 700/680/671 701/681/672
f 701/681/672 700/680/671 702/682/673
f 703/683/674 704/684/675 705/685/676
f 705/685/676 704/684/675 706/686/677
f 705/685/676 706/686/677 707/687/678
f 707/687/678 706/686/677 708/688/679
f 709/689/680 710/690/681 711/691/682
f 711/691/682 710/690/681 712/692/683
f 711/691/682 712/692/683 713/693/684
f 713/693/684 712/692/683 714/694/685
f 715/695/686 716/696/687 717/697/688
f 717/697/688 716/696/687 718/698/689
f 717/697/688 718/698/689 719/699/690
f 719/699/690 718/698/689 720/700/691
f 721/701/692 722/702/693 699/679/670
f 699/679/670 722/702/693 700/680/671
f 723/654/694 724/703/694 725/704/694
f 723/654/694 725/704/694 726/656/694
f 726/656/694 725/704/694 727/705/694
f 726/656/694 727/705/694 728/706/694
f 726/656/694 728/706/694 729/658/694
f 729/658/694 728/706/694 730/707/694
f 729/658/694 730/707/694 731/708/694
f 731/708/694 730/707/694 732/709/694
f 731/708/694 732/709/694 733/710/694
f 731/708/694 733/710/694 734/663/694
f 734/663/694 733/710/694 735/711/694
f 734/663/694 735/711/694 736/712/694
f 734/663/694 736/712/694 737/665/694
f 737/665/694 736/712/694 738/713/694
f 737/665/694 738/713/694 739/714/694
f 739/714/694 738/713/694 740/715/694
f 739/714/694 740/715/694 741/716/694
f 739/714/694 741/716/694 742/717/694
f 742/717/694 741/716/694 743/718/694
f 742/717/694 743/718/694 744/719/694
f 742/717/694 744/719/694 745/720/694
f 745/720/694 744/719/694 746/721/694
f 745/720/694 746/721/694 747/722/694
f 747/722/694 746/721/694 748/723/694
f 747/722/694 748/723/694 749/724/694
f 747/722/694 749/724/694 750/725/694
f 750/725/694 749/724/694 751/726/694
f 750/725/694 751/726/694 752/727/694
f 750/725/694 752/727/694 753/728/694
f 753/728/694 752/727/694 754/729/694
f 753/728/694 754/729/694 723/654/694
f 723/654/694 754/729/694 724/703/694
f 755/730/695 756/731/696 757/732/697
f 757/732/697 756/731/696 758/733/698
f 759/734/699 760/735/700 761/736/701
f 761/736/701 760/735/700 762/737/702
f 761/736/701 762/737/702 763/738/703
f 763/738/703 762/737/702 764/739/704
f 765/740/705 766/741/706 767/742/707
f 767/742/707 766/741/706 768/743/708
f 767/742/707 768/743/708 769/744/709
f 769/744/709 768/743/708 770/745/710
f 771/746/711 772/747/712 773/748/713
f 773/748/713 772/747/712 774/749/714
f 773/748/713 774/749/714 775/750/715
f 775/750/715 774/749/714 776/751/716
f 777/752/717 778/753/718 755/730/695
f 755/730/695 778/753/718 756/731/696
f 779/703/694 780/754/694 781/755/694
f 779/703/694 781/755/694 782/704/694
f 782/704/694 781/755/694 783/756/694
f 782/704/694 783/756/694 784/705/694
f 784/705/694 783/756/694 785/757/694
f 784/705/694 785/757/694 786/706/694
f 786/706/694 785/757/694 787/758/694
f 786/706/694 787/758/694 788/759/694
f 788/759/694 787/758/694 789/760/694
f 788/759/694 789/760/694 790/761/694
f 790/761/694 789/760/694 791/762/694
f 790/761/694 791/762/694 792/710/694
f 792/710/694 791/762/694 793/763/694
f 792/710/694 793/763/694 794/711/694
f 794/711/694 793/763/694 795/764/694
f 794/711/694 795/764/694 796/712/694
f 796/712/694 795/764/694 797/765/694
f 796/712/694 797/765/694 798/713/694
f 798/713/694 797/765/694 799/766/694
f 798/713/694 799/766/694 800/767/694
f 798/713/694 800/767/694 801/715/694
f 801/715/694 800/767/694 802/716/694
f 802/716/694 800/767/694 803/768/694
f 802/716/694 803/768/694 804/718/694
f 804/718/694 803/768/694 805/769/694
f 804/718/694 805/769/694 806/719/694
f 806/719/694 805/769/694 807/770/694
f 806/719/694 807/770/694 808/721/694
f 808/721/694 807/770/694 809/771/694
f 808/721/694 809/771/694 810/723/694
f 810/723/694 809/771/694 811/772/694
f 810/723/694 811/772/694 812/724/694
f 812/724/694 811/772/694 813/773/694
f 812/724/694 813/773/694 814/726/694
f 814/726/694 813/773/694 815/774/694
f 814/726/694 815/774/694 816/727/694
f 816/727/694 815/774/694 817/775/694
f 816/727/694 817/775/694 818/729/694
f 818/729/694 817/775/694 780/754/694
f 818/729/694 780/754/694 779/703/694
f 834/776/719 835/777/720 819/778/721
f 819/778/721 836/779/722 820/780/723
f 821/781/724 837/782/725 838/783/726
f 821/781/724 838/783/726 822/784/727
f 823/785/728 839/786/729 840/787/730
f 823/785/728 840/787/730 824/788/731
f 826/789/732 858/790/733 841/791/734
f 826/789/732 841/791/734 827/792/735
f 827/792/735 842/793/736 828/794/737
f 829/795/738 843/787/739 844/796/740
f 829/795/738 844/796/740 830/797/741
f 830/797/741 845/798/742 831/799/743
f 831/799/743 846/800/744 847/782/745
f 831/799/743 847/782/745 832/781/746
f 834/776/719 864/801/747 835/777/720
f 835/777/720 853/802/748 819/778/721
f 819/778/721 853/802/748 848/803/749
f 838/783/726 854/804/750 822/784/727
f 822/784/727 854/804/750 849/805/751
f 823/785/728 855/806/752 839/786/729
f 825/807/753 856/808/754 857/809/755
f 825/807/753 857/809/755 850/810/756
f 841/791/734 859/811/757 827/792/735
f 827/792/735 859/811/757 851/812/758
f 844/796/740 860/813/759 830/797/741
f 830/797/741 860/813/759 845/798/742
f 831/799/743 861/814/760 846/800/744
f 833/815/761 862/816/762 863/817/763
f 833/815/761 863/817/763 852/818/764
f 865/819/669 866/820/669 867/821/669
f 865/819/669 867/821/669 11/822/669
f 868/823/669 869/824/669 870/825/669
f 868/823/669 870/825/669 871/826/669
f 871/826/669 870/825/669 872/827/669
f 871/826/669 872/827/669 873/828/669
f 874/829/669 875/830/669 876/831/669
f 874/829/669 876/831/669 877/832/669
f 877/832/669 876/831/669 878/833/669
f 877/832/669 878/833/669 879/834/669
f 880/835/669 881/836/669 882/837/669
f 880/835/669 882/837/669 883/838/669
f 884/839/669 885/840/669 886/841/669
f 884/839/669 886/841/669 887/842/669
f 887/842/669 886/841/669 888/843/669
f 887/842/669 888/843/669 889/844/669
f 890/845/669 891/846/669 892/847/669
f 890/845/669 892/847/669 893/848/669
f 893/848/669 892/847/669 894/849/669
f 893/848/669 894/849/669 895/850/669
f 898/851/765 899/852/766 900/853/767
f 901/854/768 902/855/769 903/856/770
f 903/856/770 902/855/769 904/857/771
f 907/858/772 908/857/773 909/859/774
f 907/858/772 909/859/774 910/860/775
f 911/861/776 912/862/777 913/863/778
f 914/864/779 864/801/747 834/776/719
f 931/865/780 855/806/752 823/785/728
f 917/866/781 858/790/733 826/789/732
f 919/867/782 920/868/783 906/869/784
f 921/870/785 922/871/786 923/872/787
f 921/870/785 923/872/787 897/873/788
f 842/793/736 924/874/789 925/816/790
f 842/793/736 925/816/790 828/794/737
f 836/779/722 915/875/791 916/808/792
f 836/779/722 916/808/792 820/780/723
f 918/805/793 861/814/760 831/799/743
f 926/876/794 927/877/795 897/873/788
f 928/878/796 929/879/797 930/880/798
f 928/878/796 930/880/798 906/869/784
f 819/778/721 848/803/749 836/779/722
f 822/784/727 849/805/751 931/865/780
f 823/785/728 822/784/727 931/865/780
f 850/810/756 826/789/732 825/807/753
f 826/789/732 850/810/756 917/866/781
f 827/792/735 851/812/758 842/793/736
f 831/799/743 845/798/742 918/805/793
f 852/818/764 834/776/719 833/815/761
f 834/776/719 852/818/764 914/864/779
f 880/835/669 33/881/669 881/836/669
f 932/882/669 883/838/669 882/837/669
f 883/838/669 932/882/669 12/883/669
f 865/819/669 933/884/669 866/820/669
f 933/884/669 865/819/669 34/885/669
f 897/873/788 927/877/795 896/886/799
f 896/886/799 927/877/795 934/887/800
f 935/805/801 902/855/769 936/888/802
f 902/855/769 935/805/801 899/852/766
f 899/852/766 935/805/801 900/853/767
f 930/880/798 929/879/797 937/889/803
f 937/889/803 929/879/797 938/890/804
f 906/869/784 920/868/783 905/891/805
f 905/891/805 920/868/783 939/892/806
f 909/859/774 940/893/807 910/860/775
f 940/893/807 909/859/774 941/894/808
f 923/872/787 922/871/786 942/895/809
f 942/895/809 922/871/786 943/896/810
f 902/855/769 901/854/768 936/888/802
f 945/897/694 944/898/694 946/899/694
f 947/900/694 945/897/694 946/899/694
f 949/901/811 948/902/811 950/903/811
f 950/903/811 948/902/811 951/904/811
f 906/869/784 905/891/805 928/878/796
s 0
f 954/905/812 955/906/812 956/907/812
s 1
f 957/908/813 958/909/813 959/910/813
f 958/909/813 957/908/813 956/907/813
s 0
f 958/909/812 956/907/812 955/906/812
s 1
f 961/911/814 960/912/815 962/913/816
f 962/913/816 960/912/815 963/914/817
s 0
f 962/913/818 963/914/818 964/915/818
f 964/915/819 963/914/819 965/916/819
f 964/915/819 965/916/819 966/917/819
f 964/915/818 966/917/818 967/918/818
f 964/915/818 967/918/818 968/919/818
s 1
f 969/920/820 970/921/820 971/922/820
f 970/921/820 969/920/820 972/923/820
f 912/862/777 941/894/808 909/859/774
f 911/861/776 941/894/808 912/862/777
f 974/924/694 973/925/694 975/926/694
f 974/924/694 975/926/694 976/927/694
f 897/873/788 896/886/799 921/870/785
f 978/928/694 977/929/694 979/930/694
f 979/930/694 980/931/694 978/928/694
f 982/932/821 981/933/821 983/934/821
f 983/934/821 981/933/821 984/935/821
f 987/936/822 986/937/823 985/938/824
f 987/936/822 985/938/824 988/939/825
f 989/940/826 919/867/782 906/869/784
f 919/867/782 989/940/826 990/895/827
f 919/867/782 990/895/827 991/941/828
f 992/942/821 993/943/821 994/944/821
f 993/943/821 992/942/821 995/945/821
f 997/946/694 996/947/694 998/948/694
f 998/948/694 996/947/694 999/949/694
f 1001/950/694 1000/951/694 1002/952/694
f 1002/952/694 1000/951/694 1003/953/694
f 1004/954/829 926/876/794 897/873/788
f 926/876/794 1004/954/829 1005/889/830
f 926/876/794 1005/889/830 1006/955/831
f 1008/956/694 1007/957/694 1009/958/694
f 1008/956/694 1009/958/694 1010/959/694
f 1012/960/820 1011/961/820 1013/962/820
f 1013/962/820 1011/961/820 1014/963/820
f 1016/903/818 1015/904/818 1017/901/818
f 1018/902/818 1017/901/818 1015/904/818
f 1019/936/832 1020/964/832 1021/937/833
f 1020/964/832 1019/936/832 1022/939/834
s 0
f 1020/964/812 1023/965/812 1024/966/812
f 1023/965/812 1020/964/812 1025/967/812
f 1025/967/812 1020/964/812 1026/968/812
f 1026/968/812 1020/964/812 1027/938/812
s 1
f 1027/938/835 1020/964/832 1022/939/834
f 1029/912/811 1028/911/836 1030/919/837
f 1030/919/837 1031/914/838 1029/912/811
s 0
f 1031/914/839 1030/919/839 1032/918/839
f 1031/914/839 1032/918/839 1033/917/839
f 1031/914/839 1033/917/839 1034/916/839
s 1
f 1035/969/840 1050/970/840 1036/971/840
f 1037/972/841 1038/973/841 1039/974/841
f 1039/974/842 1038/973/842 1040/975/842
f 1041/976/843 1042/977/843 1043/978/843
f 1043/978/844 1042/977/844 1044/979/844
f 1045/980/845 1046/981/845 1047/982/845
f 1047/982/846 1046/981/846 1048/983/846
f 1049/984/847 1050/970/847 1035/969/847
f 1052/985/694 1051/986/694 1053/987/694
f 1052/985/694 1053/987/694 1054/988/694
f 1054/988/694 1053/987/694 1055/989/694
f 1054/988/694 1055/989/694 1056/990/694
f 1056/990/694 1055/989/694 1057/991/694
f 1056/990/694 1057/991/694 1058/992/694
f 1058/992/694 1057/991/694 1059/993/694
f 1058/992/694 1059/993/694 1060/994/694
f 1060/994/694 1059/993/694 1061/995/694
f 1061/995/694 1059/993/694 1062/996/694
f 1061/995/694 1062/996/694 1063/997/694
f 1063/997/694 1062/996/694 1064/998/694
f 1063/997/694 1064/998/694 1065/999/694
f 1065/999/694 1064/998/694 1066/1000/694
f 1065/999/694 1066/1000/694 1067/1001/694
f 1069/1002/669 1068/1003/669 1070/988/669
f 1069/1002/669 1070/988/669 1071/987/669
f 1071/987/669 1070/988/669 1072/990/669
f 1071/987/669 1072/990/669 1073/989/669
f 1073/989/669 1072/990/669 1074/992/669
f 1073/989/669 1074/992/669 1075/991/669
f 1075/991/669 1074/992/669 1076/994/669
f 1075/991/669 1076/994/669 1077/1004/669
f 1077/1004/669 1076/994/669 1078/995/669
f 1077/1004/669 1078/995/669 1079/1005/669
f 1079/1005/669 1078/995/669 1080/997/669
f 1079/1005/669 1080/997/669 1081/1006/669
f 1081/1006/669 1080/997/669 1082/999/669
f 1081/1006/669 1082/999/669 1083/1007/669
f 1083/1007/669 1082/999/669 1084/1001/669
f 1083/1007/669 1084/1001/669 1085/1008/669
l 141 142
l 146 147
l 952 953
l 151 152
l 156 157
