mtllib chair.mtl
o polySurface1
usemtl chair
v -2.3541983145616996 6.495697627718641 -2.2991550145673045
v -2.36743748811341 6.508795574660894 -2.3010922276326937
v -2.36743748811341 6.47392464470397 -2.5368601991028754
v -2.3541983145616996 6.495697627718641 -2.2991550145673045
v -2.36743748811341 6.47392464470397 -2.5368601991028754
v -2.3541983145616996 6.460828887321554 -2.5349227123425067
v -2.3541983145616996 6.510732787726283 -2.2879951017753797
v -2.3541983145616996 6.495697627718641 -2.2991550145673045
v 2.3541983145616996 6.495697627718641 -2.2991550145673045
v -2.3541983145616996 6.510732787726283 -2.2879951017753797
v 2.3541983145616996 6.495697627718641 -2.2991550145673045
v 2.3541983145616996 6.510732787726283 -2.2879951017753797
v -2.36743748811341 6.508795574660894 -2.3010922276326937
v -2.3541983145616996 6.510732787726283 -2.2879951017753797
v -2.3541983145616996 7.051609901130405 -2.367993954743554
v -2.36743748811341 6.508795574660894 -2.3010922276326937
v -2.3541983145616996 7.051609901130405 -2.367993954743554
v -2.36743748811341 7.049672688065016 -2.3810908069058883
v 2.36743748811341 6.508795574660894 -2.3010922276326937
v 2.3541983145616996 6.495697627718641 -2.2991550145673045
v 2.3541983145616996 6.460828887321554 -2.5349227123425067
v 2.36743748811341 6.508795574660894 -2.3010922276326937
v 2.3541983145616996 6.460828887321554 -2.5349227123425067
v 2.36743748811341 6.47392464470397 -2.5368601991028754
v 2.3541983145616996 6.510732787726283 -2.2879951017753797
v 2.36743748811341 6.508795574660894 -2.3010922276326937
v 2.36743748811341 7.049672688065016 -2.3810908069058883
v 2.3541983145616996 6.510732787726283 -2.2879951017753797
v 2.36743748811341 7.049672688065016 -2.3810908069058883
v 2.3541983145616996 7.051609901130405 -2.367993954743554
v -2.36743748811341 7.049672688065016 -2.3810908069058883
v -2.3541983145616996 7.06276954022735 -2.3830280199712774
v -2.3541983145616996 7.0278980628804675 -2.6187957177464796
v -2.36743748811341 7.049672688065016 -2.3810908069058883
v -2.3541983145616996 7.0278980628804675 -2.6187957177464796
v -2.36743748811341 7.014801758108092 -2.6168590520710495
v -2.3541983145616996 7.06276954022735 -2.3830280199712774
v -2.3541983145616996 7.051609901130405 -2.367993954743554
v 2.3541983145616996 7.051609901130405 -2.367993954743554
v -2.3541983145616996 7.06276954022735 -2.3830280199712774
v 2.3541983145616996 7.051609901130405 -2.367993954743554
v 2.3541983145616996 7.06276954022735 -2.3830280199712774
v 2.3541983145616996 7.06276954022735 -2.3830280199712774
v 2.36743748811341 7.049672688065016 -2.3810908069058883
v 2.36743748811341 7.014801758108092 -2.6168590520710495
v 2.3541983145616996 7.06276954022735 -2.3830280199712774
v 2.36743748811341 7.014801758108092 -2.6168590520710495
v 2.3541983145616996 7.0278980628804675 -2.6187957177464796
v -2.36743748811341 7.014801758108092 -2.6168590520710495
v -2.3541983145616996 7.012863450262785 -2.629955356843425
v -2.3541983145616996 6.471986336858663 -2.5499567775702303
v -2.36743748811341 7.014801758108092 -2.6168590520710495
v -2.3541983145616996 6.471986336858663 -2.5499567775702303
v -2.36743748811341 6.47392464470397 -2.5368601991028754
v -2.3541983145616996 7.012863450262785 -2.629955356843425
v -2.3541983145616996 7.0278980628804675 -2.6187957177464796
v 2.3541983145616996 7.0278980628804675 -2.6187957177464796
v -2.3541983145616996 7.012863450262785 -2.629955356843425
v 2.3541983145616996 7.0278980628804675 -2.6187957177464796
v 2.3541983145616996 7.012863450262785 -2.629955356843425
v 2.3541983145616996 7.012863450262785 -2.629955356843425
v 2.36743748811341 7.014801758108092 -2.6168590520710495
v 2.36743748811341 6.47392464470397 -2.5368601991028754
v 2.3541983145616996 7.012863450262785 -2.629955356843425
v 2.36743748811341 6.47392464470397 -2.5368601991028754
v 2.3541983145616996 6.471986336858663 -2.5499567775702303
v -2.3541983145616996 6.460828887321554 -2.5349227123425067
v -2.3541983145616996 6.471986336858663 -2.5499567775702303
v 2.3541983145616996 6.471986336858663 -2.5499567775702303
v -2.3541983145616996 6.460828887321554 -2.5349227123425067
v 2.3541983145616996 6.471986336858663 -2.5499567775702303
v 2.3541983145616996 6.460828887321554 -2.5349227123425067
v -2.3541983145616996 6.510732787726283 -2.2879951017753797
v 2.3541983145616996 6.510732787726283 -2.2879951017753797
v 2.3541983145616996 7.051609901130405 -2.367993954743554
v -2.3541983145616996 6.510732787726283 -2.2879951017753797
v 2.3541983145616996 7.051609901130405 -2.367993954743554
v -2.3541983145616996 7.051609901130405 -2.367993954743554
v -2.3541983145616996 7.06276954022735 -2.3830280199712774
v 2.3541983145616996 7.06276954022735 -2.3830280199712774
v 2.3541983145616996 7.0278980628804675 -2.6187957177464796
v -2.3541983145616996 7.06276954022735 -2.3830280199712774
v 2.3541983145616996 7.0278980628804675 -2.6187957177464796
v -2.3541983145616996 7.0278980628804675 -2.6187957177464796
v -2.3541983145616996 7.012863450262785 -2.629955356843425
v 2.3541983145616996 7.012863450262785 -2.629955356843425
v 2.3541983145616996 6.471986336858663 -2.5499567775702303
v -2.3541983145616996 7.012863450262785 -2.629955356843425
v 2.3541983145616996 6.471986336858663 -2.5499567775702303
v -2.3541983145616996 6.471986336858663 -2.5499567775702303
v -2.3541983145616996 6.460828887321554 -2.5349227123425067
v 2.3541983145616996 6.460828887321554 -2.5349227123425067
v 2.3541983145616996 6.495697627718641 -2.2991550145673045
v -2.3541983145616996 6.460828887321554 -2.5349227123425067
v 2.3541983145616996 6.495697627718641 -2.2991550145673045
v -2.3541983145616996 6.495697627718641 -2.2991550145673045
v 2.36743748811341 6.508795574660894 -2.3010922276326937
v 2.36743748811341 6.47392464470397 -2.5368601991028754
v 2.36743748811341 7.014801758108092 -2.6168590520710495
v 2.36743748811341 6.508795574660894 -2.3010922276326937
v 2.36743748811341 7.014801758108092 -2.6168590520710495
v 2.36743748811341 7.049672688065016 -2.3810908069058883
v -2.36743748811341 6.47392464470397 -2.5368601991028754
v -2.36743748811341 6.508795574660894 -2.3010922276326937
v -2.36743748811341 7.049672688065016 -2.3810908069058883
v -2.36743748811341 6.47392464470397 -2.5368601991028754
v -2.36743748811341 7.049672688065016 -2.3810908069058883
v -2.36743748811341 7.014801758108092 -2.6168590520710495
v -2.3541983145616996 6.495697627718641 -2.2991550145673045
v -2.3541983145616996 6.510732787726283 -2.2879951017753797
v -2.36743748811341 6.508795574660894 -2.3010922276326937
v 2.36743748811341 6.508795574660894 -2.3010922276326937
v 2.3541983145616996 6.510732787726283 -2.2879951017753797
v 2.3541983145616996 6.495697627718641 -2.2991550145673045
v -2.36743748811341 7.049672688065016 -2.3810908069058883
v -2.3541983145616996 7.051609901130405 -2.367993954743554
v -2.3541983145616996 7.06276954022735 -2.3830280199712774
v 2.3541983145616996 7.06276954022735 -2.3830280199712774
v 2.3541983145616996 7.051609901130405 -2.367993954743554
v 2.36743748811341 7.049672688065016 -2.3810908069058883
v -2.36743748811341 7.014801758108092 -2.6168590520710495
v -2.3541983145616996 7.0278980628804675 -2.6187957177464796
v -2.3541983145616996 7.012863450262785 -2.629955356843425
v 2.3541983145616996 7.012863450262785 -2.629955356843425
v 2.3541983145616996 7.0278980628804675 -2.6187957177464796
v 2.36743748811341 7.014801758108092 -2.6168590520710495
v -2.36743748811341 6.47392464470397 -2.5368601991028754
v -2.3541983145616996 6.471986336858663 -2.5499567775702303
v -2.3541983145616996 6.460828887321554 -2.5349227123425067
v 2.3541983145616996 6.460828887321554 -2.5349227123425067
v 2.3541983145616996 6.471986336858663 -2.5499567775702303
v 2.36743748811341 6.47392464470397 -2.5368601991028754
vt 0.3756990432739258 0.012499094009399414
vt 0.375 0.012498974800109863
vt 0.375 0.2375013828277588
vt 0.3756990432739258 0.012499094009399414
vt 0.375 0.2375013828277588
vt 0.3756990432739258 0.23750102519989014
vt 0.3756990432739258 0.9942264556884766
vt 0.3756990432739258 0.9999999986612238
vt 0.624300479888916 0.9999999986612238
vt 0.3756990432739258 0.9942264556884766
vt 0.624300479888916 0.9999999986612238
vt 0.6243009567260742 0.9942264556884766
vt 0.36250102519989014 0.9942264556884766
vt 0.3756990432739258 0.9942264556884766
vt 0.3756990432739258 0.7557742595672607
vt 0.36250102519989014 0.9942264556884766
vt 0.3756990432739258 0.7557742595672607
vt 0.36250102519989014 0.7557742595672607
vt 0.625 0.012498974800109863
vt 0.624301016330719 0.012499094009399414
vt 0.6243009567260742 0.23750102519989014
vt 0.625 0.012498974800109863
vt 0.6243009567260742 0.23750102519989014
vt 0.625 0.2375013828277588
vt 0.6243009567260742 0.9942264556884766
vt 0.6374989748001099 0.9942264556884766
vt 0.6374989748001099 0.7557742595672607
vt 0.6243009567260742 0.9942264556884766
vt 0.6374989748001099 0.7557742595672607
vt 0.624301016330719 0.7557742595672607
vt 0.375 0.7375010251998901
vt 0.3756990432739258 0.7375010251998901
vt 0.3756990432739258 0.5124987363815308
vt 0.375 0.7375010251998901
vt 0.3756990432739258 0.5124987363815308
vt 0.375 0.5124984979629517
vt 0.3756990432739258 0.7375010251998901
vt 0.3756990432739258 0.7557742595672607
vt 0.624301016330719 0.7557742595672607
vt 0.3756990432739258 0.7375010251998901
vt 0.624301016330719 0.7557742595672607
vt 0.6243009567260742 0.7375010251998901
vt 0.6243009567260742 0.7375010251998901
vt 0.625 0.7375010251998901
vt 0.625 0.5124984979629517
vt 0.6243009567260742 0.7375010251998901
vt 0.625 0.5124984979629517
vt 0.624301016330719 0.5124987363815308
vt 0.375 0.49422597885131836
vt 0.3756990432739258 0.49422574043273926
vt 0.3756990432739258 0.25577354431152344
vt 0.375 0.49422597885131836
vt 0.3756990432739258 0.25577354431152344
vt 0.375 0.25577378273010254
vt 0.3756990432739258 0.49422574043273926
vt 0.3756990432739258 0.5124987363815308
vt 0.624301016330719 0.5124987363815308
vt 0.3756990432739258 0.49422574043273926
vt 0.624301016330719 0.5124987363815308
vt 0.6243009567260742 0.49422574043273926
vt 0.6243009567260742 0.49422574043273926
vt 0.625 0.49422597885131836
vt 0.625 0.25577378273010254
vt 0.6243009567260742 0.49422574043273926
vt 0.625 0.25577378273010254
vt 0.624301016330719 0.25577354431152344
vt 0.3756990432739258 0.23750102519989014
vt 0.3756990432739258 0.25577354431152344
vt 0.624301016330719 0.25577354431152344
vt 0.3756990432739258 0.23750102519989014
vt 0.624301016330719 0.25577354431152344
vt 0.6243009567260742 0.23750102519989014
vt 0.3756990432739258 0.9942264556884766
vt 0.6243009567260742 0.9942264556884766
vt 0.624301016330719 0.7557742595672607
vt 0.3756990432739258 0.9942264556884766
vt 0.624301016330719 0.7557742595672607
vt 0.3756990432739258 0.7557742595672607
vt 0.3756990432739258 0.7375010251998901
vt 0.6243009567260742 0.7375010251998901
vt 0.624301016330719 0.5124987363815308
vt 0.3756990432739258 0.7375010251998901
vt 0.624301016330719 0.5124987363815308
vt 0.3756990432739258 0.5124987363815308
vt 0.3756990432739258 0.49422574043273926
vt 0.6243009567260742 0.49422574043273926
vt 0.624301016330719 0.25577354431152344
vt 0.3756990432739258 0.49422574043273926
vt 0.624301016330719 0.25577354431152344
vt 0.3756990432739258 0.25577354431152344
vt 0.3756990432739258 0.23750102519989014
vt 0.6243009567260742 0.23750102519989014
vt 0.624301016330719 0.012499094009399414
vt 0.3756990432739258 0.23750102519989014
vt 0.624301016330719 0.012499094009399414
vt 0.3756990432739258 0.012499094009399414
vt 0.6374989748001099 0.9942264556884766
vt 0.8625013828277588 0.9942262172698975
vt 0.8625015020370483 0.7557740211486816
vt 0.6374989748001099 0.9942264556884766
vt 0.8625015020370483 0.7557740211486816
vt 0.6374989748001099 0.7557742595672607
vt 0.1374986171722412 0.9942262172698975
vt 0.36250102519989014 0.9942264556884766
vt 0.36250102519989014 0.7557742595672607
vt 0.1374986171722412 0.9942262172698975
vt 0.36250102519989014 0.7557742595672607
vt 0.13749849796295166 0.7557740211486816
vt 0.3756990432739258 0.9999999986612238
vt 0.3756990432739258 0.9942264556884766
vt 0.36250102519989014 0.9942264556884766
vt 0.6374989748001099 0.9942264556884766
vt 0.6243009567260742 0.9942264556884766
vt 0.624300479888916 0.9999999986612238
vt 0.36250102519989014 0.7557742595672607
vt 0.3756990432739258 0.7557742595672607
vt 0.3756990432739258 0.7375010251998901
vt 0.6243009567260742 0.7375010251998901
vt 0.624301016330719 0.7557742595672607
vt 0.6374989748001099 0.7557742595672607
vt 0.375 0.5124984979629517
vt 0.3756990432739258 0.5124987363815308
vt 0.3756990432739258 0.49422574043273926
vt 0.6243009567260742 0.49422574043273926
vt 0.624301016330719 0.5124987363815308
vt 0.625 0.5124984979629517
vt 0.375 0.25577378273010254
vt 0.3756990432739258 0.25577354431152344
vt 0.3756990432739258 0.23750102519989014
vt 0.6243009567260742 0.23750102519989014
vt 0.624301016330719 0.25577354431152344
vt 0.625 0.25577378273010254
vn -0.7071130812055959 -0.6994912565285998 0.10345565440307616
vn -0.7071130817506419 -0.6994912570677709 0.10345564703223971
vn -0.7071130812055959 -0.6994912565285998 0.10345565440307616
vn -0.7071130812055959 -0.6994912565285998 0.10345565440307616
vn -0.7071130812055959 -0.6994912565285998 0.10345565440307616
vn -0.7071131101421648 -0.6994912255486209 0.10345566608728207
vn 0 -0.5960149033046207 0.8029733713136344
vn 0 -0.5960149033046207 0.8029733713136344
vn 0 -0.5960149033046207 0.8029733713136344
vn 0 -0.5960149033046207 0.8029733713136344
vn 0 -0.5960149033046207 0.8029733713136344
vn 0 -0.5960149033046207 0.8029733713136344
vn -0.7071211250443863 0.10345751664027554 0.6994828495156891
vn -0.7071210963333958 0.10345750625910463 0.699482880075634
vn -0.7071211550710444 0.10345751358283668 0.6994828196133547
vn -0.7071211250443863 0.10345751664027554 0.6994828495156891
vn -0.7071211550710444 0.10345751358283668 0.6994828196133547
vn -0.7071210963333958 0.10345750625910463 0.699482880075634
vn 0.7071130817506419 -0.6994912570677709 0.10345564703223971
vn 0.7071130812055959 -0.6994912565285998 0.10345565440307616
vn 0.7071131101421648 -0.6994912255486209 0.10345566608728207
vn 0.7071130817506419 -0.6994912570677709 0.10345564703223971
vn 0.7071131101421648 -0.6994912255486209 0.10345566608728207
vn 0.7071130812055959 -0.6994912565285998 0.10345565440307616
vn 0.7071210963333958 0.10345750625910463 0.699482880075634
vn 0.7071210963333958 0.10345750625910463 0.699482880075634
vn 0.7071210968784579 0.10345749888827074 0.6994828806148083
vn 0.7071210963333958 0.10345750625910463 0.699482880075634
vn 0.7071210968784579 0.10345749888827074 0.6994828806148083
vn 0.7071210957883338 0.10345751362993848 0.6994828795364596
vn -0.7071052515590786 0.699498685901633 -0.10345893697240886
vn -0.7071051917299682 0.6994987452842224 -0.10345894439014652
vn -0.7071052206665116 0.6994987143048457 -0.10345895607453036
vn -0.7071052515590786 0.699498685901633 -0.10345893697240886
vn -0.7071052206665116 0.6994987143048457 -0.10345895607453036
vn -0.7071051911849109 0.6994987447450284 -0.10345895176097765
vn 0 0.8029684189851977 0.5960215752071498
vn 0 0.8029684189851977 0.5960215752071498
vn 0 0.8029684189851977 0.5960215752071498
vn 0 0.8029684189851977 0.5960215752071498
vn 0 0.8029684189851977 0.5960215752071498
vn 0 0.8029684189851977 0.5960215752071498
vn 0.7071051917299682 0.6994987452842224 -0.10345894439014652
vn 0.7071052515590786 0.699498685901633 -0.10345893697240886
vn 0.7071051911849109 0.6994987447450284 -0.10345895176097765
vn 0.7071051917299682 0.6994987452842224 -0.10345894439014652
vn 0.7071051911849109 0.6994987447450284 -0.10345895176097765
vn 0.7071052206665116 0.6994987143048457 -0.10345895607453036
vn -0.7070977549720693 -0.10345890170908807 -0.6995062691431784
vn -0.7070977538819665 -0.1034589164507507 -0.699506268064779
vn -0.7070977246239333 -0.1034589134403307 -0.6995062980855871
vn -0.7070977549720693 -0.10345890170908807 -0.6995062691431784
vn -0.7070977246239333 -0.1034589134403307 -0.6995062980855871
vn -0.7070977246239333 -0.1034589134403307 -0.6995062980855871
vn 0 0.596019076814274 -0.8029702734681156
vn 0 0.596019076814274 -0.8029702734681156
vn 0 0.596019076814274 -0.8029702734681156
vn 0 0.596019076814274 -0.8029702734681156
vn 0 0.596019076814274 -0.8029702734681156
vn 0 0.596019076814274 -0.8029702734681156
vn 0.7070977538819665 -0.1034589164507507 -0.699506268064779
vn 0.7070977549720693 -0.10345890170908807 -0.6995062691431784
vn 0.7070977246239333 -0.1034589134403307 -0.6995062980855871
vn 0.7070977538819665 -0.1034589164507507 -0.699506268064779
vn 0.7070977246239333 -0.1034589134403307 -0.6995062980855871
vn 0.7070977246239333 -0.1034589134403307 -0.6995062980855871
vn 0 -0.8030230121075663 -0.5959480195668844
vn 0 -0.8030230121075663 -0.5959480195668844
vn 0 -0.8030230121075663 -0.5959480195668844
vn 0 -0.8030230121075663 -0.5959480195668844
vn 0 -0.8030230121075663 -0.5959480195668844
vn 0 -0.8030230121075663 -0.5959480195668844
vn 0 0.14631398005817284 0.9892382014659243
vn 0 0.14631398005817284 0.9892382014659243
vn 0 0.14631398005817284 0.9892382014659243
vn 0 0.14631398005817284 0.9892382014659243
vn 0 0.14631398005817284 0.9892382014659243
vn 0 0.14631398005817284 0.9892382014659243
vn 0 0.9892381635245452 -0.1463142365820393
vn 0 0.9892381635245452 -0.1463142365820393
vn 0 0.9892381635245452 -0.1463142365820393
vn 0 0.9892381635245452 -0.1463142365820393
vn 0 0.9892381635245452 -0.1463142365820393
vn 0 0.9892381635245452 -0.1463142365820393
vn 0 -0.14631349021971657 -0.9892382739157057
vn 0 -0.14631349021971657 -0.9892382739157057
vn 0 -0.14631349021971657 -0.9892382739157057
vn 0 -0.14631349021971657 -0.9892382739157057
vn 0 -0.14631349021971657 -0.9892382739157057
vn 0 -0.14631349021971657 -0.9892382739157057
vn 0 -0.9892397844315599 0.1463032771259783
vn 0 -0.9892397844315599 0.1463032771259783
vn 0 -0.9892397844315599 0.1463032771259783
vn 0 -0.9892397844315599 0.1463032771259783
vn 0 -0.9892397844315599 0.1463032771259783
vn 0 -0.9892397844315599 0.1463032771259783
vn 1 0 0
vn 1 0 0
vn 1 0 0
vn 1 0 0
vn 1 0 0
vn 1 0 0
vn -0.9999999999999886 1.5069264236444552e-7 0
vn -0.9999999999999886 1.5069264236444552e-7 0
vn -0.9999999999999886 1.5069265657530023e-7 0
vn -0.9999999999999886 1.5069264236444552e-7 0
vn -0.9999999999999886 1.5069265657530023e-7 0
vn -0.9999999999999886 1.5069264236444552e-7 0
vn -0.5774027277993922 -0.4866383516043238 0.6555831028005891
vn -0.5774027277993922 -0.4866383516043238 0.6555831028005891
vn -0.5774027675322104 -0.48663833485623403 0.6555830802381161
vn 0.5774027277993922 -0.4866383516043238 0.6555831028005891
vn 0.5774027277993922 -0.4866383516043238 0.6555831028005891
vn 0.5774027277993922 -0.4866383516043238 0.6555831028005891
vn -0.5773280369784394 0.6555940630163282 0.48671219653545206
vn -0.5773280144185083 0.6555940970026822 0.4867121775164665
vn -0.5773280286042072 0.6555940535068351 0.486712219277939
vn 0.5773280369784394 0.6555940630163282 0.48671219653545206
vn 0.5773280369784394 0.6555940630163282 0.48671219653545206
vn 0.5773280144185083 0.6555940970026822 0.4867121775164665
vn -0.5773035115285798 0.4866413626636223 -0.655668239067338
vn -0.5773034859777973 0.48664142117184883 -0.6556682181391184
vn -0.5773034550436164 0.48664142489801787 -0.6556682426104914
vn 0.5773035115285798 0.4866413626636223 -0.655668239067338
vn 0.5773034717889313 0.4866413794089368 -0.6556682616288622
vn 0.5773035115285798 0.4866413626636223 -0.655668239067338
vn -0.5773702105700017 -0.655664426012171 -0.4865673647178594
vn -0.5773702247616492 -0.6556643825236305 -0.486567406479913
vn -0.5773702728690558 -0.6556643694673135 -0.486567366988521
vn 0.577370241506354 -0.6556644015389971 -0.4865673609865374
vn 0.5773702105700017 -0.655664426012171 -0.4865673647178594
vn 0.577370241506354 -0.6556644015389971 -0.4865673609865374
f 1/1/1 2/2/2 3/3/3
f 4/4/4 5/5/5 6/6/6
f 7/7/7 8/8/8 9/9/9
f 10/10/10 11/11/11 12/12/12
f 13/13/13 14/14/14 15/15/15
f 16/16/16 17/17/17 18/18/18
f 19/19/19 20/20/20 21/21/21
f 22/22/22 23/23/23 24/24/24
f 25/25/25 26/26/26 27/27/27
f 28/28/28 29/29/29 30/30/30
f 31/31/31 32/32/32 33/33/33
f 34/34/34 35/35/35 36/36/36
f 37/37/37 38/38/38 39/39/39
f 40/40/40 41/41/41 42/42/42
f 43/43/43 44/44/44 45/45/45
f 46/46/46 47/47/47 48/48/48
f 49/49/49 50/50/50 51/51/51
f 52/52/52 53/53/53 54/54/54
f 55/55/55 56/56/56 57/57/57
f 58/58/58 59/59/59 60/60/60
f 61/61/61 62/62/62 63/63/63
f 64/64/64 65/65/65 66/66/66
f 67/67/67 68/68/68 69/69/69
f 70/70/70 71/71/71 72/72/72
f 73/73/73 74/74/74 75/75/75
f 76/76/76 77/77/77 78/78/78
f 79/79/79 80/80/80 81/81/81
f 82/82/82 83/83/83 84/84/84
f 85/85/85 86/86/86 87/87/87
f 88/88/88 89/89/89 90/90/90
f 91/91/91 92/92/92 93/93/93
f 94/94/94 95/95/95 96/96/96
f 97/97/97 98/98/98 99/99/99
f 100/100/100 101/101/101 102/102/102
f 103/103/103 104/104/104 105/105/105
f 106/106/106 107/107/107 108/108/108
f 109/109/109 110/110/110 111/111/111
f 112/112/112 113/113/113 114/114/114
f 115/115/115 116/116/116 117/117/117
f 118/118/118 119/119/119 120/120/120
f 121/121/121 122/122/122 123/123/123
f 124/124/124 125/125/125 126/126/126
f 127/127/127 128/128/128 129/129/129
f 130/130/130 131/131/131 132/132/132
o polySurface2
usemtl chair
v 2.5613824034506365 1.2891818833742832 2.4877827680630844
v 2.5433147030693704 1.301648005456201 2.4753178776085747
v 2.3550207679753044 1.301648005456201 2.4753178776085747
v 2.5613824034506365 1.2891818833742832 2.4877827680630844
v 2.3550207679753044 1.301648005456201 2.4753178776085747
v 2.3369533412890178 1.2891818833742832 2.4877827680630844
v 2.3369533412890178 1.2891818833742832 2.4877827680630844
v 2.32448708235961 1.271114182993017 2.4753178776085747
v 2.32448708235961 1.082820247898951 2.4753178776085747
v 2.3369533412890178 1.2891818833742832 2.4877827680630844
v 2.32448708235961 1.082820247898951 2.4753178776085747
v 2.3369533412890178 1.0647525475176849 2.4877827680630844
v 2.5613824034506365 1.0647525475176849 -2.1312305546326797
v 2.5433147030693704 1.0522864254357671 -2.11876566417817
v 2.3550207679753044 1.0522864254357671 -2.11876566417817
v 2.5613824034506365 1.0647525475176849 -2.1312305546326797
v 2.3550207679753044 1.0522864254357671 -2.11876566417817
v 2.3369533412890178 1.0647525475176849 -2.1312305546326797
v 2.3369533412890178 1.0647525475176849 -2.1312305546326797
v 2.32448708235961 1.082820247898951 -2.11876566417817
v 2.32448708235961 1.271114182993017 -2.11876566417817
v 2.3369533412890178 1.0647525475176849 -2.1312305546326797
v 2.32448708235961 1.271114182993017 -2.11876566417817
v 2.3369533412890178 1.2891818833742832 -2.1312305546326797
v 2.5613824034506365 1.2891818833742832 2.4877827680630844
v 2.3369533412890178 1.2891818833742832 2.4877827680630844
v 2.3369533412890178 1.0647525475176849 2.4877827680630844
v 2.5613824034506365 1.2891818833742832 2.4877827680630844
v 2.3369533412890178 1.0647525475176849 2.4877827680630844
v 2.5613824034506365 1.0647525475176849 2.4877827680630844
v 2.5433147030693704 1.0522864254357671 -2.11876566417817
v 2.5433147030693704 1.0522864254357671 2.4753178776085747
v 2.3550207679753044 1.0522864254357671 2.4753178776085747
v 2.5433147030693704 1.0522864254357671 -2.11876566417817
v 2.3550207679753044 1.0522864254357671 2.4753178776085747
v 2.3550207679753044 1.0522864254357671 -2.11876566417817
v 2.5613824034506365 1.0647525475176849 -2.1312305546326797
v 2.3369533412890178 1.0647525475176849 -2.1312305546326797
v 2.3369533412890178 1.2891818833742832 -2.1312305546326797
v 2.5613824034506365 1.0647525475176849 -2.1312305546326797
v 2.3369533412890178 1.2891818833742832 -2.1312305546326797
v 2.5613824034506365 1.2891818833742832 -2.1312305546326797
v 2.5433147030693704 1.301648005456201 2.4753178776085747
v 2.5433147030693704 1.301648005456201 -2.11876566417817
v 2.3550207679753044 1.301648005456201 -2.11876566417817
v 2.5433147030693704 1.301648005456201 2.4753178776085747
v 2.3550207679753044 1.301648005456201 -2.11876566417817
v 2.3550207679753044 1.301648005456201 2.4753178776085747
v 2.32448708235961 1.271114182993017 2.4753178776085747
v 2.32448708235961 1.271114182993017 -2.11876566417817
v 2.32448708235961 1.082820247898951 -2.11876566417817
v 2.32448708235961 1.271114182993017 2.4753178776085747
v 2.32448708235961 1.082820247898951 -2.11876566417817
v 2.32448708235961 1.082820247898951 2.4753178776085747
v 2.5738483886850645 1.271114182993017 -2.11876566417817
v 2.5738483886850645 1.271114182993017 2.4753178776085747
v 2.5738483886850645 1.082820247898951 2.4753178776085747
v 2.5738483886850645 1.271114182993017 -2.11876566417817
v 2.5738483886850645 1.082820247898951 2.4753178776085747
v 2.5738483886850645 1.082820247898951 -2.11876566417817
v 2.5433147030693704 1.0522864254357671 2.4753178776085747
v 2.5613824034506365 1.0647525475176849 2.4877827680630844
v 2.3369533412890178 1.0647525475176849 2.4877827680630844
v 2.5433147030693704 1.0522864254357671 2.4753178776085747
v 2.3369533412890178 1.0647525475176849 2.4877827680630844
v 2.3550207679753044 1.0522864254357671 2.4753178776085747
v 2.5738483886850645 1.082820247898951 -2.11876566417817
v 2.5613824034506365 1.0647525475176849 -2.1312305546326797
v 2.5613824034506365 1.2891818833742832 -2.1312305546326797
v 2.5738483886850645 1.082820247898951 -2.11876566417817
v 2.5613824034506365 1.2891818833742832 -2.1312305546326797
v 2.5738483886850645 1.271114182993017 -2.11876566417817
v 2.5738483886850645 1.271114182993017 2.4753178776085747
v 2.5613824034506365 1.2891818833742832 2.4877827680630844
v 2.5613824034506365 1.0647525475176849 2.4877827680630844
v 2.5738483886850645 1.271114182993017 2.4753178776085747
v 2.5613824034506365 1.0647525475176849 2.4877827680630844
v 2.5738483886850645 1.082820247898951 2.4753178776085747
v 2.5433147030693704 1.301648005456201 -2.11876566417817
v 2.5613824034506365 1.2891818833742832 -2.1312305546326797
v 2.3369533412890178 1.2891818833742832 -2.1312305546326797
v 2.5433147030693704 1.301648005456201 -2.11876566417817
v 2.3369533412890178 1.2891818833742832 -2.1312305546326797
v 2.3550207679753044 1.301648005456201 -2.11876566417817
v 2.3550207679753044 1.0522864254357671 2.4753178776085747
v 2.32448708235961 1.082820247898951 2.4753178776085747
v 2.32448708235961 1.082820247898951 -2.11876566417817
v 2.3550207679753044 1.0522864254357671 2.4753178776085747
v 2.32448708235961 1.082820247898951 -2.11876566417817
v 2.3550207679753044 1.0522864254357671 -2.11876566417817
v 2.5738483886850645 1.082820247898951 2.4753178776085747
v 2.5433147030693704 1.0522864254357671 2.4753178776085747
v 2.5433147030693704 1.0522864254357671 -2.11876566417817
v 2.5738483886850645 1.082820247898951 2.4753178776085747
v 2.5433147030693704 1.0522864254357671 -2.11876566417817
v 2.5738483886850645 1.082820247898951 -2.11876566417817
v 2.32448708235961 1.271114182993017 2.4753178776085747
v 2.3550207679753044 1.301648005456201 2.4753178776085747
v 2.3550207679753044 1.301648005456201 -2.11876566417817
v 2.32448708235961 1.271114182993017 2.4753178776085747
v 2.3550207679753044 1.301648005456201 -2.11876566417817
v 2.32448708235961 1.271114182993017 -2.11876566417817
v 2.5433147030693704 1.301648005456201 2.4753178776085747
v 2.5738483886850645 1.271114182993017 2.4753178776085747
v 2.5738483886850645 1.271114182993017 -2.11876566417817
v 2.5433147030693704 1.301648005456201 2.4753178776085747
v 2.5738483886850645 1.271114182993017 -2.11876566417817
v 2.5433147030693704 1.301648005456201 -2.11876566417817
v 2.3550207679753044 1.0522864254357671 2.4753178776085747
v 2.3369533412890178 1.0647525475176849 2.4877827680630844
v 2.32448708235961 1.082820247898951 2.4753178776085747
v 2.32448708235961 1.082820247898951 -2.11876566417817
v 2.3369533412890178 1.0647525475176849 -2.1312305546326797
v 2.3550207679753044 1.0522864254357671 -2.11876566417817
v 2.5738483886850645 1.082820247898951 2.4753178776085747
v 2.5613824034506365 1.0647525475176849 2.4877827680630844
v 2.5433147030693704 1.0522864254357671 2.4753178776085747
v 2.5433147030693704 1.0522864254357671 -2.11876566417817
v 2.5613824034506365 1.0647525475176849 -2.1312305546326797
v 2.5738483886850645 1.082820247898951 -2.11876566417817
v 2.32448708235961 1.271114182993017 2.4753178776085747
v 2.3369533412890178 1.2891818833742832 2.4877827680630844
v 2.3550207679753044 1.301648005456201 2.4753178776085747
v 2.3550207679753044 1.301648005456201 -2.11876566417817
v 2.3369533412890178 1.2891818833742832 -2.1312305546326797
v 2.32448708235961 1.271114182993017 -2.11876566417817
v 2.5433147030693704 1.301648005456201 2.4753178776085747
v 2.5613824034506365 1.2891818833742832 2.4877827680630844
v 2.5738483886850645 1.271114182993017 2.4753178776085747
v 2.5738483886850645 1.271114182993017 -2.11876566417817
v 2.5613824034506365 1.2891818833742832 -2.1312305546326797
v 2.5433147030693704 1.301648005456201 -2.11876566417817
vt 0.38749808073043823 0.9875020105391741
vt 0.4051024615764618 1
vt 0.5948976874351501 0.9999999976782199
vt 0.38749808073043823 0.9875020105391741
vt 0.5948976874351501 0.9999999976782199
vt 0.6125017404556274 0.9875019192695618
vt 0.6125017404556274 0.9875019192695618
vt 0.6256747245788574 0.969388023018837
vt 0.6256747245788574 0.7806120067834854
vt 0.6125017404556274 0.9875019192695618
vt 0.6256747245788574 0.7806120067834854
vt 0.6125017404556274 0.762498140335083
vt 0.38749825954437256 0.487501859664917
vt 0.40561196208000183 0.5006747543811798
vt 0.5943880081176758 0.5006747543811798
vt 0.38749825954437256 0.487501859664917
vt 0.5943880081176758 0.5006747543811798
vt 0.6125017404556274 0.487501859664917
vt 0.6125017404556274 0.487501859664917
vt 0.6249997615814209 0.4698975086212158
vt 0.6249997019767761 0.2801024913787842
vt 0.6125017404556274 0.487501859664917
vt 0.6249997019767761 0.2801024913787842
vt 0.6125017404556274 0.262498140335083
vt 0.38749808073043823 0.9875020105391741
vt 0.6125017404556274 0.9875019192695618
vt 0.6125017404556274 0.762498140335083
vt 0.38749808073043823 0.9875020105391741
vt 0.6125017404556274 0.762498140335083
vt 0.3875010907649994 0.7624979615211487
vt 0.40561196208000183 0.5006747543811798
vt 0.4056119918823242 0.7493252456188202
vt 0.5943880081176758 0.7493252456188202
vt 0.40561196208000183 0.5006747543811798
vt 0.5943880081176758 0.7493252456188202
vt 0.5943880081176758 0.5006747543811798
vt 0.38749825954437256 0.487501859664917
vt 0.6125017404556274 0.487501859664917
vt 0.6125017404556274 0.262498140335083
vt 0.38749825954437256 0.487501859664917
vt 0.6125017404556274 0.262498140335083
vt 0.38750094175338745 0.26249778270721436
vt 0.40561196208000183 0.0006747841835021973
vt 0.4056119918823242 0.24932527542114258
vt 0.5943880081176758 0.24932527542114258
vt 0.40561196208000183 0.0006747841835021973
vt 0.5943880081176758 0.24932527542114258
vt 0.5943880081176758 0.0006747841835021973
vt 0.6256747245788574 0.969388023018837
vt 0.8743252754211426 0.9693879783153534
vt 0.8743252158164978 0.7806119918823242
vt 0.6256747245788574 0.969388023018837
vt 0.8743252158164978 0.7806119918823242
vt 0.6256747245788574 0.7806120067834854
vt 0.1256747543811798 0.969388023018837
vt 0.3743252456188202 0.9693879783153534
vt 0.3743251860141754 0.7806119918823242
vt 0.1256747543811798 0.969388023018837
vt 0.3743251860141754 0.7806119918823242
vt 0.1256747543811798 0.7806120067834854
vt 0.4056950807571411 0.7494078576564789
vt 0.3875010907649994 0.7624979615211487
vt 0.6125017404556274 0.762498140335083
vt 0.4056950807571411 0.7494078576564789
vt 0.6125017404556274 0.762498140335083
vt 0.5949811339378357 0.7499173581600189
vt 0.3749999701976776 0.46990227699279785
vt 0.38749825954437256 0.487501859664917
vt 0.38750094175338745 0.26249778270721436
vt 0.3749999701976776 0.46990227699279785
vt 0.38750094175338745 0.26249778270721436
vt 0.375 0.2801029682159424
vt 0.3744078576564789 0.9693101216107607
vt 0.38749808073043823 0.9875020105391741
vt 0.3875010907649994 0.7624979615211487
vt 0.3744078576564789 0.9693101216107607
vt 0.3875010907649994 0.7624979615211487
vt 0.3749173879623413 0.7800203412771225
vt 0.4056119918823242 0.24932527542114258
vt 0.38750094175338745 0.26249778270721436
vt 0.6125017404556274 0.262498140335083
vt 0.4056119918823242 0.24932527542114258
vt 0.6125017404556274 0.262498140335083
vt 0.5943880081176758 0.24932527542114258
vt 0.5943880081176758 0.7493252456188202
vt 0.6249997615814209 0.7493252456188202
vt 0.6249997615814209 0.5006747543811798
vt 0.5943880081176758 0.7493252456188202
vt 0.6249997615814209 0.5006747543811798
vt 0.5943880081176758 0.5006747543811798
vt 0.375 0.7493252456188202
vt 0.4056119918823242 0.7493252456188202
vt 0.40561196208000183 0.5006747543811798
vt 0.375 0.7493252456188202
vt 0.40561196208000183 0.5006747543811798
vt 0.3749999701976776 0.46990227699279785
vt 0.6249997615814209 0.0006747841835021973
vt 0.5943880081176758 0.0006747841835021973
vt 0.5943880081176758 0.24932527542114258
vt 0.6249997615814209 0.0006747841835021973
vt 0.5943880081176758 0.24932527542114258
vt 0.6249997019767761 0.2801024913787842
vt 0.40561196208000183 0.0006747841835021973
vt 0.375 0.0006747841835021973
vt 0.375 0.24932527542114258
vt 0.40561196208000183 0.0006747841835021973
vt 0.375 0.24932527542114258
vt 0.4056119918823242 0.24932527542114258
vt 0.5949811339378357 0.7499173581600189
vt 0.6125017404556274 0.762498140335083
vt 0.6256747245788574 0.7806120067834854
vt 0.6249997615814209 0.4698975086212158
vt 0.6125017404556274 0.487501859664917
vt 0.5943880081176758 0.5006747543811798
vt 0.3749173879623413 0.7800203412771225
vt 0.3875010907649994 0.7624979615211487
vt 0.4056950807571411 0.7494078576564789
vt 0.40561196208000183 0.5006747543811798
vt 0.38749825954437256 0.487501859664917
vt 0.3749999701976776 0.46990227699279785
vt 0.6256747245788574 0.969388023018837
vt 0.6125017404556274 0.9875019192695618
vt 0.5948976874351501 0.9999999976782199
vt 0.5943880081176758 0.24932527542114258
vt 0.6125017404556274 0.262498140335083
vt 0.6249997019767761 0.2801024913787842
vt 0.4051024615764618 1
vt 0.38749808073043823 0.9875020105391741
vt 0.3744078576564789 0.9693101216107607
vt 0.375 0.2801029682159424
vt 0.38750094175338745 0.26249778270721436
vt 0.4056119918823242 0.24932527542114258
vn 0 0.7070682755370611 0.7071452847393148
vn 0 0.7070683649505115 0.7071451953355904
vn 0 0.7070683351449499 0.7071452251379123
vn 0 0.7070682755370611 0.7071452847393148
vn 0 0.7070683351449499 0.7071452251379123
vn 0 0.7070683053426278 0.7071452549369927
vn -0.7070686629898546 0 0.7071448973285033
vn -0.707068633184318 0 0.7071449271308252
vn -0.707068633184318 0 0.7071449271308252
vn -0.7070686629898546 0 0.7071448973285033
vn -0.707068633184318 0 0.7071449271308252
vn -0.7070686629898546 0 0.7071448973285033
vn 0 -0.7070683351449499 -0.7071452251379123
vn 0 -0.7070683053426278 -0.7071452549369927
vn 0 -0.7070683351449499 -0.7071452251379123
vn 0 -0.7070683351449499 -0.7071452251379123
vn 0 -0.7070683351449499 -0.7071452251379123
vn 0 -0.7070683053426278 -0.7071452549369927
vn -0.7070686629898546 0 -0.7071448973285033
vn -0.707068633184318 0 -0.7071449271308252
vn -0.707068633184318 0 -0.7071449271308252
vn -0.7070686629898546 0 -0.7071448973285033
vn -0.707068633184318 0 -0.7071449271308252
vn -0.7070686629898546 0 -0.7071448973285033
vn 0 0 1
vn 0 0 1
vn 0 0 1
vn 0 0 1
vn 0 0 1
vn 0 0 1
vn 0 -1 0
vn 0 -1 0
vn 0 -1 0
vn 0 -1 0
vn 0 -1 0
vn 0 -1 0
vn 0 0 -1
vn 0 0 -1
vn 0 0 -1
vn 0 0 -1
vn 0 0 -1
vn 0 0 -1
vn 0 1 0
vn 0 1 0
vn 0 1 0
vn 0 1 0
vn 0 1 0
vn 0 1 0
vn -1 0 0
vn -1 0 0
vn -1 0 0
vn -1 0 0
vn -1 0 0
vn -1 0 0
vn 1 0 0
vn 1 0 0
vn 1 0 0
vn 1 0 0
vn 1 0 0
vn 1 0 0
vn 0 -0.7070683053426278 0.7071452549369927
vn 0 -0.7070683351449499 0.7071452251379123
vn 0 -0.7070683053426278 0.7071452549369927
vn 0 -0.7070683053426278 0.7071452549369927
vn 0 -0.7070683053426278 0.7071452549369927
vn 0 -0.7070683351449499 0.7071452251379123
vn 0.70707659079028 0 -0.707136970293871
vn 0.70707659079028 0 -0.707136970293871
vn 0.70707659079028 0 -0.707136970293871
vn 0.70707659079028 0 -0.707136970293871
vn 0.70707659079028 0 -0.707136970293871
vn 0.70707659079028 0 -0.707136970293871
vn 0.70707659079028 0 0.707136970293871
vn 0.70707659079028 0 0.707136970293871
vn 0.70707659079028 0 0.707136970293871
vn 0.70707659079028 0 0.707136970293871
vn 0.70707659079028 0 0.707136970293871
vn 0.70707659079028 0 0.707136970293871
vn 0 0.7070683649505115 -0.7071451953355904
vn 0 0.7070682755370611 -0.7071452847393148
vn 0 0.7070683053426278 -0.7071452549369927
vn 0 0.7070683649505115 -0.7071451953355904
vn 0 0.7070683053426278 -0.7071452549369927
vn 0 0.7070683351449499 -0.7071452251379123
vn -0.7071068925046974 -0.7071066540861168 -0.00014939707851054768
vn -0.7071068925048772 -0.7071066540862967 -0.0001493953759364938
vn -0.7071068925047834 -0.7071066540862029 0.0001493962636033082
vn -0.7071068925046974 -0.7071066540861168 -0.00014939707851054768
vn -0.7071068925047834 -0.7071066540862029 0.0001493962636033082
vn -0.7071068925046037 -0.7071066540860231 0.00014939796617736208
vn 0.707109991937868 -0.707103554636194 -0.00014940711933034522
vn 0.7071099919379157 -0.7071035546362416 -0.0001494066682209805
vn 0.7071099919380295 -0.7071035546363554 0.00014940559137927123
vn 0.707109991937868 -0.707103554636194 -0.00014940711933034522
vn 0.7071099919380295 -0.7071035546363554 0.00014940559137927123
vn 0.7071099919379817 -0.7071035546363077 0.00014940604248863594
vn -0.7071068925048265 0.707106654086246 -0.00014939585614968847
vn -0.7071068925046466 0.7071066540860661 -0.00014939755872374233
vn -0.7071068925047389 0.7071066540861584 0.00014939668560884294
vn -0.7071068925048265 0.707106654086246 -0.00014939585614968847
vn -0.7071068925047389 0.7071066540861584 0.00014939668560884294
vn -0.7071068925049186 0.7071066540863381 0.00014939498303478908
vn 0.7071099919389119 0.7071035546372378 -0.00014939723858006698
vn 0.7071099919388641 0.7071035546371901 -0.00014939768968943166
vn 0.707109991938772 0.707103554637098 0.00014939856280433107
vn 0.7071099919389119 0.7071035546372378 -0.00014939723858006698
vn 0.707109991938772 0.707103554637098 0.00014939856280433107
vn 0.7071099919388211 0.707103554637147 0.00014939809714305136
vn -0.7071068925046974 -0.7071066540861168 -0.00014939707851054768
vn -0.6738940538111526 -0.673911458367584 -0.30283683811393797
vn -0.7071068925048772 -0.7071066540862967 -0.0001493953759364938
vn -0.7071068925047834 -0.7071066540862029 0.0001493962636033082
vn -0.6738940538111526 -0.673911458367584 0.30283683811393797
vn -0.7071068925046037 -0.7071066540860231 0.00014939796617736208
vn 0.707109991937868 -0.707103554636194 -0.00014940711933034522
vn 0.6738865928342278 -0.6739126400638276 -0.3028508107310889
vn 0.7071099919379157 -0.7071035546362416 -0.0001494066682209805
vn 0.7071099919380295 -0.7071035546363554 0.00014940559137927123
vn 0.6738865867519581 -0.6739126339813227 0.30285083779998306
vn 0.7071099919379817 -0.7071035546363077 0.00014940604248863594
vn -0.7071068925048265 0.707106654086246 -0.00014939585614968847
vn -0.6738940538111526 0.673911458367584 -0.30283683811393797
vn -0.7071068925046466 0.7071066540860661 -0.00014939755872374233
vn -0.7071068925047389 0.7071066540861584 0.00014939668560884294
vn -0.6738940598932087 0.6739114644497972 0.30283681104479043
vn -0.7071068925049186 0.7071066540863381 0.00014939498303478908
vn 0.7071099919389119 0.7071035546372378 -0.00014939723858006698
vn 0.6738901057998725 0.673916212633973 -0.3028350436361649
vn 0.7071099919388641 0.7071035546371901 -0.00014939768968943166
vn 0.707109991938772 0.707103554637098 0.00014939856280433107
vn 0.6738901057998725 0.673916212633973 0.3028350436361649
vn 0.7071099919388211 0.707103554637147 0.00014939809714305136
f 133/133/133 134/134/134 135/135/135
f 136/136/136 137/137/137 138/138/138
f 139/139/139 140/140/140 141/141/141
f 142/142/142 143/143/143 144/144/144
f 145/145/145 146/146/146 147/147/147
f 148/148/148 149/149/149 150/150/150
f 151/151/151 152/152/152 153/153/153
f 154/154/154 155/155/155 156/156/156
f 157/157/157 158/158/158 159/159/159
f 160/160/160 161/161/161 162/162/162
f 163/163/163 164/164/164 165/165/165
f 166/166/166 167/167/167 168/168/168
f 169/169/169 170/170/170 171/171/171
f 172/172/172 173/173/173 174/174/174
f 175/175/175 176/176/176 177/177/177
f 178/178/178 179/179/179 180/180/180
f 181/181/181 182/182/182 183/183/183
f 184/184/184 185/185/185 186/186/186
f 187/187/187 188/188/188 189/189/189
f 190/190/190 191/191/191 192/192/192
f 193/193/193 194/194/194 195/195/195
f 196/196/196 197/197/197 198/198/198
f 199/199/199 200/200/200 201/201/201
f 202/202/202 203/203/203 204/204/204
f 205/205/205 206/206/206 207/207/207
f 208/208/208 209/209/209 210/210/210
f 211/211/211 212/212/212 213/213/213
f 214/214/214 215/215/215 216/216/216
f 217/217/217 218/218/218 219/219/219
f 220/220/220 221/221/221 222/222/222
f 223/223/223 224/224/224 225/225/225
f 226/226/226 227/227/227 228/228/228
f 229/229/229 230/230/230 231/231/231
f 232/232/232 233/233/233 234/234/234
f 235/235/235 236/236/236 237/237/237
f 238/238/238 239/239/239 240/240/240
f 241/241/241 242/242/242 243/243/243
f 244/244/244 245/245/245 246/246/246
f 247/247/247 248/248/248 249/249/249
f 250/250/250 251/251/251 252/252/252
f 253/253/253 254/254/254 255/255/255
f 256/256/256 257/257/257 258/258/258
f 259/259/259 260/260/260 261/261/261
f 262/262/262 263/263/263 264/264/264
o polySurface3
usemtl chair
v -2.3541983145616996 8.52152108491316 -2.6085764945993333
v -2.36743748811341 8.534619031855414 -2.6105137076647225
v -2.36743748811341 8.49974810189849 -2.846281679134904
v -2.3541983145616996 8.52152108491316 -2.6085764945993333
v -2.36743748811341 8.49974810189849 -2.846281679134904
v -2.3541983145616996 8.486652344516074 -2.8443441923745354
v -2.3541983145616996 8.536556244920803 -2.5974165818074084
v -2.3541983145616996 8.52152108491316 -2.6085764945993333
v 2.3541983145616996 8.52152108491316 -2.6085764945993333
v -2.3541983145616996 8.536556244920803 -2.5974165818074084
v 2.3541983145616996 8.52152108491316 -2.6085764945993333
v 2.3541983145616996 8.536556244920803 -2.5974165818074084
v -2.36743748811341 8.534619031855414 -2.6105137076647225
v -2.3541983145616996 8.536556244920803 -2.5974165818074084
v -2.3541983145616996 9.077433358324924 -2.6774154347755825
v -2.36743748811341 8.534619031855414 -2.6105137076647225
v -2.3541983145616996 9.077433358324924 -2.6774154347755825
v -2.36743748811341 9.075495597869576 -2.690512286937917
v 2.36743748811341 8.534619031855414 -2.6105137076647225
v 2.3541983145616996 8.52152108491316 -2.6085764945993333
v 2.3541983145616996 8.486652344516074 -2.8443441923745354
v 2.36743748811341 8.534619031855414 -2.6105137076647225
v 2.3541983145616996 8.486652344516074 -2.8443441923745354
v 2.36743748811341 8.49974810189849 -2.846281679134904
v 2.3541983145616996 8.536556244920803 -2.5974165818074084
v 2.36743748811341 8.534619031855414 -2.6105137076647225
v 2.36743748811341 9.075495597869576 -2.690512286937917
v 2.3541983145616996 8.536556244920803 -2.5974165818074084
v 2.36743748811341 9.075495597869576 -2.690512286937917
v 2.3541983145616996 9.077433358324924 -2.6774154347755825
v -2.36743748811341 9.075495597869576 -2.690512286937917
v -2.3541983145616996 9.088593544811829 -2.692449500003306
v -2.3541983145616996 9.053721520074987 -2.9282171977785083
v -2.36743748811341 9.075495597869576 -2.690512286937917
v -2.3541983145616996 9.053721520074987 -2.9282171977785083
v -2.36743748811341 9.040624667912653 -2.9262805321030783
v -2.3541983145616996 9.088593544811829 -2.692449500003306
v -2.3541983145616996 9.077433358324924 -2.6774154347755825
v 2.3541983145616996 9.077433358324924 -2.6774154347755825
v -2.3541983145616996 9.088593544811829 -2.692449500003306
v 2.3541983145616996 9.077433358324924 -2.6774154347755825
v 2.3541983145616996 9.088593544811829 -2.692449500003306
v 2.3541983145616996 9.088593544811829 -2.692449500003306
v 2.36743748811341 9.075495597869576 -2.690512286937917
v 2.36743748811341 9.040624667912653 -2.9262805321030783
v 2.3541983145616996 9.088593544811829 -2.692449500003306
v 2.36743748811341 9.040624667912653 -2.9262805321030783
v 2.3541983145616996 9.053721520074987 -2.9282171977785083
v -2.36743748811341 9.040624667912653 -2.9262805321030783
v -2.3541983145616996 9.038686907457304 -2.9393768368754536
v -2.3541983145616996 8.497809794053182 -2.859378257602259
v -2.36743748811341 9.040624667912653 -2.9262805321030783
v -2.3541983145616996 8.497809794053182 -2.859378257602259
v -2.36743748811341 8.49974810189849 -2.846281679134904
v -2.3541983145616996 9.038686907457304 -2.9393768368754536
v -2.3541983145616996 9.053721520074987 -2.9282171977785083
v 2.3541983145616996 9.053721520074987 -2.9282171977785083
v -2.3541983145616996 9.038686907457304 -2.9393768368754536
v 2.3541983145616996 9.053721520074987 -2.9282171977785083
v 2.3541983145616996 9.038686907457304 -2.9393768368754536
v 2.3541983145616996 9.038686907457304 -2.9393768368754536
v 2.36743748811341 9.040624667912653 -2.9262805321030783
v 2.36743748811341 8.49974810189849 -2.846281679134904
v 2.3541983145616996 9.038686907457304 -2.9393768368754536
v 2.36743748811341 8.49974810189849 -2.846281679134904
v 2.3541983145616996 8.497809794053182 -2.859378257602259
v -2.3541983145616996 8.486652344516074 -2.8443441923745354
v -2.3541983145616996 8.497809794053182 -2.859378257602259
v 2.3541983145616996 8.497809794053182 -2.859378257602259
v -2.3541983145616996 8.486652344516074 -2.8443441923745354
v 2.3541983145616996 8.497809794053182 -2.859378257602259
v 2.3541983145616996 8.486652344516074 -2.8443441923745354
v -2.3541983145616996 8.536556244920803 -2.5974165818074084
v 2.3541983145616996 8.536556244920803 -2.5974165818074084
v 2.3541983145616996 9.077433358324924 -2.6774154347755825
v -2.3541983145616996 8.536556244920803 -2.5974165818074084
v 2.3541983145616996 9.077433358324924 -2.6774154347755825
v -2.3541983145616996 9.077433358324924 -2.6774154347755825
v -2.3541983145616996 9.088593544811829 -2.692449500003306
v 2.3541983145616996 9.088593544811829 -2.692449500003306
v 2.3541983145616996 9.053721520074987 -2.9282171977785083
v -2.3541983145616996 9.088593544811829 -2.692449500003306
v 2.3541983145616996 9.053721520074987 -2.9282171977785083
v -2.3541983145616996 9.053721520074987 -2.9282171977785083
v -2.3541983145616996 9.038686907457304 -2.9393768368754536
v 2.3541983145616996 9.038686907457304 -2.9393768368754536
v 2.3541983145616996 8.497809794053182 -2.859378257602259
v -2.3541983145616996 9.038686907457304 -2.9393768368754536
v 2.3541983145616996 8.497809794053182 -2.859378257602259
v -2.3541983145616996 8.497809794053182 -2.859378257602259
v -2.3541983145616996 8.486652344516074 -2.8443441923745354
v 2.3541983145616996 8.486652344516074 -2.8443441923745354
v 2.3541983145616996 8.52152108491316 -2.6085764945993333
v -2.3541983145616996 8.486652344516074 -2.8443441923745354
v 2.3541983145616996 8.52152108491316 -2.6085764945993333
v -2.3541983145616996 8.52152108491316 -2.6085764945993333
v 2.36743748811341 8.534619031855414 -2.6105137076647225
v 2.36743748811341 8.49974810189849 -2.846281679134904
v 2.36743748811341 9.040624667912653 -2.9262805321030783
v 2.36743748811341 8.534619031855414 -2.6105137076647225
v 2.36743748811341 9.040624667912653 -2.9262805321030783
v 2.36743748811341 9.075495597869576 -2.690512286937917
v -2.36743748811341 8.49974810189849 -2.846281679134904
v -2.36743748811341 8.534619031855414 -2.6105137076647225
v -2.36743748811341 9.075495597869576 -2.690512286937917
v -2.36743748811341 8.49974810189849 -2.846281679134904
v -2.36743748811341 9.075495597869576 -2.690512286937917
v -2.36743748811341 9.040624667912653 -2.9262805321030783
v -2.3541983145616996 8.52152108491316 -2.6085764945993333
v -2.3541983145616996 8.536556244920803 -2.5974165818074084
v -2.36743748811341 8.534619031855414 -2.6105137076647225
v 2.36743748811341 8.534619031855414 -2.6105137076647225
v 2.3541983145616996 8.536556244920803 -2.5974165818074084
v 2.3541983145616996 8.52152108491316 -2.6085764945993333
v -2.36743748811341 9.075495597869576 -2.690512286937917
v -2.3541983145616996 9.077433358324924 -2.6774154347755825
v -2.3541983145616996 9.088593544811829 -2.692449500003306
v 2.3541983145616996 9.088593544811829 -2.692449500003306
v 2.3541983145616996 9.077433358324924 -2.6774154347755825
v 2.36743748811341 9.075495597869576 -2.690512286937917
v -2.36743748811341 9.040624667912653 -2.9262805321030783
v -2.3541983145616996 9.053721520074987 -2.9282171977785083
v -2.3541983145616996 9.038686907457304 -2.9393768368754536
v 2.3541983145616996 9.038686907457304 -2.9393768368754536
v 2.3541983145616996 9.053721520074987 -2.9282171977785083
v 2.36743748811341 9.040624667912653 -2.9262805321030783
v -2.36743748811341 8.49974810189849 -2.846281679134904
v -2.3541983145616996 8.497809794053182 -2.859378257602259
v -2.3541983145616996 8.486652344516074 -2.8443441923745354
v 2.3541983145616996 8.486652344516074 -2.8443441923745354
v 2.3541983145616996 8.497809794053182 -2.859378257602259
v 2.36743748811341 8.49974810189849 -2.846281679134904
vt 0.3756990432739258 0.012499094009399414
vt 0.375 0.012498974800109863
vt 0.375 0.2375013828277588
vt 0.3756990432739258 0.012499094009399414
vt 0.375 0.2375013828277588
vt 0.3756990432739258 0.23750102519989014
vt 0.3756990432739258 0.9942264556884766
vt 0.3756990432739258 0.9999999986612238
vt 0.624300479888916 0.9999999986612238
vt 0.3756990432739258 0.9942264556884766
vt 0.624300479888916 0.9999999986612238
vt 0.6243009567260742 0.9942264556884766
vt 0.36250102519989014 0.9942264556884766
vt 0.3756990432739258 0.9942264556884766
vt 0.3756990432739258 0.7557742595672607
vt 0.36250102519989014 0.9942264556884766
vt 0.3756990432739258 0.7557742595672607
vt 0.36250102519989014 0.7557742595672607
vt 0.625 0.012498974800109863
vt 0.624301016330719 0.012499094009399414
vt 0.6243009567260742 0.23750102519989014
vt 0.625 0.012498974800109863
vt 0.6243009567260742 0.23750102519989014
vt 0.625 0.2375013828277588
vt 0.6243009567260742 0.9942264556884766
vt 0.6374989748001099 0.9942264556884766
vt 0.6374989748001099 0.7557742595672607
vt 0.6243009567260742 0.9942264556884766
vt 0.6374989748001099 0.7557742595672607
vt 0.624301016330719 0.7557742595672607
vt 0.375 0.7375010251998901
vt 0.3756990432739258 0.7375010251998901
vt 0.3756990432739258 0.5124987363815308
vt 0.375 0.7375010251998901
vt 0.3756990432739258 0.5124987363815308
vt 0.375 0.5124984979629517
vt 0.3756990432739258 0.7375010251998901
vt 0.3756990432739258 0.7557742595672607
vt 0.624301016330719 0.7557742595672607
vt 0.3756990432739258 0.7375010251998901
vt 0.624301016330719 0.7557742595672607
vt 0.6243009567260742 0.7375010251998901
vt 0.6243009567260742 0.7375010251998901
vt 0.625 0.7375010251998901
vt 0.625 0.5124984979629517
vt 0.6243009567260742 0.7375010251998901
vt 0.625 0.5124984979629517
vt 0.624301016330719 0.5124987363815308
vt 0.375 0.49422597885131836
vt 0.3756990432739258 0.49422574043273926
vt 0.3756990432739258 0.25577354431152344
vt 0.375 0.49422597885131836
vt 0.3756990432739258 0.25577354431152344
vt 0.375 0.25577378273010254
vt 0.3756990432739258 0.49422574043273926
vt 0.3756990432739258 0.5124987363815308
vt 0.624301016330719 0.5124987363815308
vt 0.3756990432739258 0.49422574043273926
vt 0.624301016330719 0.5124987363815308
vt 0.6243009567260742 0.49422574043273926
vt 0.6243009567260742 0.49422574043273926
vt 0.625 0.49422597885131836
vt 0.625 0.25577378273010254
vt 0.6243009567260742 0.49422574043273926
vt 0.625 0.25577378273010254
vt 0.624301016330719 0.25577354431152344
vt 0.3756990432739258 0.23750102519989014
vt 0.3756990432739258 0.25577354431152344
vt 0.624301016330719 0.25577354431152344
vt 0.3756990432739258 0.23750102519989014
vt 0.624301016330719 0.25577354431152344
vt 0.6243009567260742 0.23750102519989014
vt 0.3756990432739258 0.9942264556884766
vt 0.6243009567260742 0.9942264556884766
vt 0.624301016330719 0.7557742595672607
vt 0.3756990432739258 0.9942264556884766
vt 0.624301016330719 0.7557742595672607
vt 0.3756990432739258 0.7557742595672607
vt 0.3756990432739258 0.7375010251998901
vt 0.6243009567260742 0.7375010251998901
vt 0.624301016330719 0.5124987363815308
vt 0.3756990432739258 0.7375010251998901
vt 0.624301016330719 0.5124987363815308
vt 0.3756990432739258 0.5124987363815308
vt 0.3756990432739258 0.49422574043273926
vt 0.6243009567260742 0.49422574043273926
vt 0.624301016330719 0.25577354431152344
vt 0.3756990432739258 0.49422574043273926
vt 0.624301016330719 0.25577354431152344
vt 0.3756990432739258 0.25577354431152344
vt 0.3756990432739258 0.23750102519989014
vt 0.6243009567260742 0.23750102519989014
vt 0.624301016330719 0.012499094009399414
vt 0.3756990432739258 0.23750102519989014
vt 0.624301016330719 0.012499094009399414
vt 0.3756990432739258 0.012499094009399414
vt 0.6374989748001099 0.9942264556884766
vt 0.8625013828277588 0.9942262172698975
vt 0.8625015020370483 0.7557740211486816
vt 0.6374989748001099 0.9942264556884766
vt 0.8625015020370483 0.7557740211486816
vt 0.6374989748001099 0.7557742595672607
vt 0.1374986171722412 0.9942262172698975
vt 0.36250102519989014 0.9942264556884766
vt 0.36250102519989014 0.7557742595672607
vt 0.1374986171722412 0.9942262172698975
vt 0.36250102519989014 0.7557742595672607
vt 0.13749849796295166 0.7557740211486816
vt 0.3756990432739258 0.9999999986612238
vt 0.3756990432739258 0.9942264556884766
vt 0.36250102519989014 0.9942264556884766
vt 0.6374989748001099 0.9942264556884766
vt 0.6243009567260742 0.9942264556884766
vt 0.624300479888916 0.9999999986612238
vt 0.36250102519989014 0.7557742595672607
vt 0.3756990432739258 0.7557742595672607
vt 0.3756990432739258 0.7375010251998901
vt 0.6243009567260742 0.7375010251998901
vt 0.624301016330719 0.7557742595672607
vt 0.6374989748001099 0.7557742595672607
vt 0.375 0.5124984979629517
vt 0.3756990432739258 0.5124987363815308
vt 0.3756990432739258 0.49422574043273926
vt 0.6243009567260742 0.49422574043273926
vt 0.624301016330719 0.5124987363815308
vt 0.625 0.5124984979629517
vt 0.375 0.25577378273010254
vt 0.3756990432739258 0.25577354431152344
vt 0.3756990432739258 0.23750102519989014
vt 0.6243009567260742 0.23750102519989014
vt 0.624301016330719 0.25577354431152344
vt 0.625 0.25577378273010254
vn -0.7071132413178799 -0.6994914168424651 0.10345347609743473
vn -0.7071132413178799 -0.6994914168424651 0.10345347609743473
vn -0.7071132707995076 -0.6994913864016713 0.10345348041071396
vn -0.7071132413178799 -0.6994914168424651 0.10345347609743473
vn -0.7071132707995076 -0.6994913864016713 0.10345348041071396
vn -0.7071132713445423 -0.6994913869408311 0.10345347303987405
vn 0 -0.5960149033046207 0.8029733713136344
vn 0 -0.5960149033046207 0.8029733713136344
vn 0 -0.5960149033046207 0.8029733713136344
vn 0 -0.5960149033046207 0.8029733713136344
vn 0 -0.5960149033046207 0.8029733713136344
vn 0 -0.5960149033046207 0.8029733713136344
vn -0.7071206264320186 0.10345744766922084 0.6994833637736928
vn -0.7071206264320186 0.10345744766922084 0.6994833637736928
vn -0.7071206562331732 0.10345744330873 0.6994833342920956
vn -0.7071206264320186 0.10345744766922084 0.6994833637736928
vn -0.7071206562331732 0.10345744330873 0.6994833342920956
vn -0.7071206567782345 0.10345743593789627 0.69948333483127
vn 0.7071132413178799 -0.6994914168424651 0.10345347609743473
vn 0.7071132413178799 -0.6994914168424651 0.10345347609743473
vn 0.7071132713445423 -0.6994913869408311 0.10345347303987405
vn 0.7071132413178799 -0.6994914168424651 0.10345347609743473
vn 0.7071132713445423 -0.6994913869408311 0.10345347303987405
vn 0.7071132707995076 -0.6994913864016713 0.10345348041071396
vn 0.7071206264320186 0.10345744766922084 0.6994833637736928
vn 0.7071206278416996 0.10345742425366833 0.6994833658119092
vn 0.7071206556881118 0.10345745067956372 0.6994833337529212
vn 0.7071206264320186 0.10345744766922084 0.6994833637736928
vn 0.7071206556881118 0.10345745067956372 0.6994833337529212
vn 0.7071206562331732 0.10345744330873 0.6994833342920956
vn -0.7071272440249143 0.6994769285777208 -0.10345572553129874
vn -0.707127154397055 0.6994770174437583 -0.10345573730976852
vn -0.7071272426158031 0.6994769265389997 -0.10345574894671516
vn -0.7071272440249143 0.6994769285777208 -0.10345572553129874
vn -0.7071272426158031 0.6994769265389997 -0.10345574894671516
vn -0.7071272426158031 0.6994769265389997 -0.10345574894671516
vn 0 0.8029411484240332 0.5960583127240947
vn 0 0.8029411484240332 0.5960583127240947
vn 0 0.8029411484240332 0.5960583127240947
vn 0 0.8029411484240332 0.5960583127240947
vn 0 0.8029411484240332 0.5960583127240947
vn 0 0.8029411484240332 0.5960583127240947
vn 0.7071272131342012 0.6994769569810003 -0.10345574463343037
vn 0.7071272136792588 0.699476957520161 -0.10345573726259402
vn 0.7071272426158031 0.6994769265389997 -0.10345574894671516
vn 0.7071272131342012 0.6994769569810003 -0.10345574463343037
vn 0.7071272426158031 0.6994769265389997 -0.10345574894671516
vn 0.7071272431608605 0.6994769270781603 -0.10345574157587852
vn -0.7071058650141415 -0.10345785173477112 -0.6994982262858349
vn -0.7071058352117404 -0.1034578560951879 -0.6994982557674426
vn -0.7071058944957491 -0.10345785604827487 -0.6994981958456084
vn -0.7071058650141415 -0.10345785173477112 -0.6994982262858349
vn -0.7071058944957491 -0.10345785604827487 -0.6994981958456084
vn -0.7071058939506969 -0.10345786341910815 -0.6994981953064202
vn 0 0.5960054552014944 -0.8029803841751425
vn 0 0.5960054552014944 -0.8029803841751425
vn 0 0.5960054552014944 -0.8029803841751425
vn 0 0.5960054552014944 -0.8029803841751425
vn 0 0.5960054552014944 -0.8029803841751425
vn 0 0.5960054552014944 -0.8029803841751425
vn 0.7071058352117404 -0.1034578560951879 -0.6994982557674426
vn 0.7071058650141415 -0.10345785173477112 -0.6994982262858349
vn 0.7071058939506969 -0.10345786341910815 -0.6994981953064202
vn 0.7071058352117404 -0.1034578560951879 -0.6994982557674426
vn 0.7071058939506969 -0.10345786341910815 -0.6994981953064202
vn 0.7071058944957491 -0.10345785604827487 -0.6994981958456084
vn 0 -0.8030230121075663 -0.5959480195668844
vn 0 -0.8030230121075663 -0.5959480195668844
vn 0 -0.8030230121075663 -0.5959480195668844
vn 0 -0.8030230121075663 -0.5959480195668844
vn 0 -0.8030230121075663 -0.5959480195668844
vn 0 -0.8030230121075663 -0.5959480195668844
vn 0 0.14631398005817284 0.9892382014659243
vn 0 0.14631398005817284 0.9892382014659243
vn 0 0.14631398005817284 0.9892382014659243
vn 0 0.14631398005817284 0.9892382014659243
vn 0 0.14631398005817284 0.9892382014659243
vn 0 0.14631398005817284 0.9892382014659243
vn 0 0.9892375153829158 -0.14631861863425183
vn 0 0.9892375153829158 -0.14631861863425183
vn 0 0.9892375153829158 -0.14631861863425183
vn 0 0.9892375153829158 -0.14631861863425183
vn 0 0.9892375153829158 -0.14631861863425183
vn 0 0.9892375153829158 -0.14631861863425183
vn 0 -0.14631379049007975 -0.9892382295041094
vn 0 -0.14631379049007975 -0.9892382295041094
vn 0 -0.14631379049007975 -0.9892382295041094
vn 0 -0.14631379049007975 -0.9892382295041094
vn 0 -0.14631379049007975 -0.9892382295041094
vn 0 -0.14631379049007975 -0.9892382295041094
vn 0 -0.9892401099895057 0.14630107582635965
vn 0 -0.9892401099895057 0.14630107582635965
vn 0 -0.9892401099895057 0.14630107582635965
vn 0 -0.9892401099895057 0.14630107582635965
vn 0 -0.9892401099895057 0.14630107582635965
vn 0 -0.9892401099895057 0.14630107582635965
vn 1 0 0
vn 1 0 0
vn 1 0 0
vn 1 0 0
vn 1 0 0
vn 1 0 0
vn -0.9999999999999886 1.506930118466681e-7 0
vn -0.9999999999999886 1.506930118466681e-7 0
vn -0.9999999999999886 1.506930118466681e-7 0
vn -0.9999999999999886 1.506930118466681e-7 0
vn -0.9999999999999886 1.506930118466681e-7 0
vn -0.9999999999999886 1.506930118466681e-7 0
vn -0.5774027277993922 -0.4866383516043238 0.6555831028005891
vn -0.5774027277993922 -0.4866383516043238 0.6555831028005891
vn -0.5774027194253472 -0.48663837434895324 0.6555830932926978
vn 0.5774027194253472 -0.48663837434895324 0.6555830932926978
vn 0.5774026968628754 -0.48663835533317057 0.6555831272799088
vn 0.5774027277993922 -0.4866383516043238 0.6555831028005891
vn -0.5773892966686301 0.6555902325525468 0.48664468257056115
vn -0.5773892485609258 0.6555902456066204 0.48664472206292386
vn -0.5773892966686301 0.6555902325525468 0.48664468257056115
vn 0.5773892966686301 0.6555902325525468 0.48664468257056115
vn 0.5773892485609258 0.6555902456066204 0.48664472206292386
vn 0.5773892966686301 0.6555902325525468 0.48664468257056115
vn -0.57731966430045 0.4866345676615086 -0.6556590598542144
vn -0.5773196726732246 0.4866345449167699 -0.6556590693631326
vn -0.5773196784895143 0.48663460942408365 -0.6556590163640192
vn 0.5773196784895143 0.48663460942408365 -0.6556590163640192
vn 0.5773196726732246 0.4866345449167699 -0.6556590693631326
vn 0.5773196387509772 0.48663462616963515 -0.6556590389258585
vn -0.5773594443488312 -0.6556705309187526 -0.48657191339608774
vn -0.5773594359765574 -0.6556705214108918 -0.48657193614264377
vn -0.5773594217850416 -0.6556705648991298 -0.48657189438036647
vn 0.5773593736769679 -0.6556705779550575 -0.4865719338714681
vn 0.5773594443488312 -0.6556705309187526 -0.48657191339608774
vn 0.5773594443488312 -0.6556705309187526 -0.48657191339608774
f 265/265/265 266/266/266 267/267/267
f 268/268/268 269/269/269 270/270/270
f 271/271/271 272/272/272 273/273/273
f 274/274/274 275/275/275 276/276/276
f 277/277/277 278/278/278 279/279/279
f 280/280/280 281/281/281 282/282/282
f 283/283/283 284/284/284 285/285/285
f 286/286/286 287/287/287 288/288/288
f 289/289/289 290/290/290 291/291/291
f 292/292/292 293/293/293 294/294/294
f 295/295/295 296/296/296 297/297/297
f 298/298/298 299/299/299 300/300/300
f 301/301/301 302/302/302 303/303/303
f 304/304/304 305/305/305 306/306/306
f 307/307/307 308/308/308 309/309/309
f 310/310/310 311/311/311 312/312/312
f 313/313/313 314/314/314 315/315/315
f 316/316/316 317/317/317 318/318/318
f 319/319/319 320/320/320 321/321/321
f 322/322/322 323/323/323 324/324/324
f 325/325/325 326/326/326 327/327/327
f 328/328/328 329/329/329 330/330/330
f 331/331/331 332/332/332 333/333/333
f 334/334/334 335/335/335 336/336/336
f 337/337/337 338/338/338 339/339/339
f 340/340/340 341/341/341 342/342/342
f 343/343/343 344/344/344 345/345/345
f 346/346/346 347/347/347 348/348/348
f 349/349/349 350/350/350 351/351/351
f 352/352/352 353/353/353 354/354/354
f 355/355/355 356/356/356 357/357/357
f 358/358/358 359/359/359 360/360/360
f 361/361/361 362/362/362 363/363/363
f 364/364/364 365/365/365 366/366/366
f 367/367/367 368/368/368 369/369/369
f 370/370/370 371/371/371 372/372/372
f 373/373/373 374/374/374 375/375/375
f 376/376/376 377/377/377 378/378/378
f 379/379/379 380/380/380 381/381/381
f 382/382/382 383/383/383 384/384/384
f 385/385/385 386/386/386 387/387/387
f 388/388/388 389/389/389 390/390/390
f 391/391/391 392/392/392 393/393/393
f 394/394/394 395/395/395 396/396/396
o polySurface4
usemtl chair
v 2.3111066821984423 -0.4740922749042511 2.769752094254386
v 2.2959201688670987 -0.45890562472541774 2.7690621092108927
v 2.2959201688670987 -0.45890562472541774 2.4887226366229243
v 2.3111066821984423 -0.4740922749042511 2.769752094254386
v 2.2959201688670987 -0.45890562472541774 2.4887226366229243
v 2.3111066821984423 -0.4740922749042511 2.4893827889136446
v 2.3114550959074336 -0.45857205896906805 2.784248896237216
v 2.3111066821984423 -0.4740922749042511 2.769752094254386
v 2.5914754401492246 -0.4740922749042511 2.769752094254386
v 2.3114550959074336 -0.45857205896906805 2.784248896237216
v 2.5914754401492246 -0.4740922749042511 2.769752094254386
v 2.5914754401492246 -0.45892060952554914 2.7842644968510513
v 2.2959201688670987 -0.45890562472541774 2.7690621092108927
v 2.3114550959074336 -0.45857205896906805 2.784248896237216
v 2.3111066821984423 3.665185476958243 2.6009233461072654
v 2.2959201688670987 -0.45890562472541774 2.7690621092108927
v 2.3111066821984423 3.665185476958243 2.6009233461072654
v 2.2959201688670987 3.6651704237343665 2.5857223269420047
v 2.606662774565507 -0.45890562472541774 2.7690621092108927
v 2.5914754401492246 -0.4740922749042511 2.769752094254386
v 2.5914754401492246 -0.4740922749042511 2.4893827889136446
v 2.606662774565507 -0.45890562472541774 2.7690621092108927
v 2.5914754401492246 -0.4740922749042511 2.4893827889136446
v 2.606662774565507 -0.45890562472541774 2.4887226366229243
v 2.5914754401492246 -0.45892060952554914 2.7842644968510513
v 2.606662774565507 -0.45890562472541774 2.7690621092108927
v 2.606662774565507 3.6651704237343665 2.5857223269420047
v 2.5914754401492246 -0.45892060952554914 2.7842644968510513
v 2.606662774565507 3.6651704237343665 2.5857223269420047
v 2.5918025056498095 3.665511721373889 2.6009088402733482
v 2.2959201688670987 3.6651704237343665 2.5857223269420047
v 2.3111066821984423 3.6803572107606897 2.5850621746512843
v 2.3111066821984423 3.6803572107606897 2.3046930061580326
v 2.2959201688670987 3.6651704237343665 2.5857223269420047
v 2.3111066821984423 3.6803572107606897 2.3046930061580326
v 2.2959201688670987 3.6651704237343665 2.3053832648965056
v 2.3111066821984423 3.6803572107606897 2.5850621746512843
v 2.3111066821984423 3.665185476958243 2.6009233461072654
v 2.5918025056498095 3.665511721373889 2.6009088402733482
v 2.3111066821984423 3.6803572107606897 2.5850621746512843
v 2.5918025056498095 3.665511721373889 2.6009088402733482
v 2.5914754401492246 3.6803572107606897 2.5850621746512843
v 2.5914754401492246 3.6803572107606897 2.5850621746512843
v 2.606662774565507 3.6651704237343665 2.5857223269420047
v 2.606662774565507 3.6651704237343665 2.3053832648965056
v 2.5914754401492246 3.6803572107606897 2.5850621746512843
v 2.606662774565507 3.6651704237343665 2.3053832648965056
v 2.5911267527452537 3.6803572107606897 2.305042104104473
v 2.2959201688670987 3.6651704237343665 2.3053832648965056
v 2.3111066821984423 3.665185476958243 2.290181014103837
v 2.3111066821984423 -0.45892060952554914 2.4735214806101737
v 2.2959201688670987 3.6651704237343665 2.3053832648965056
v 2.3111066821984423 -0.45892060952554914 2.4735214806101737
v 2.2959201688670987 -0.45890562472541774 2.4887226366229243
v 2.3111066821984423 3.665185476958243 2.290181014103837
v 2.3111066821984423 3.6803572107606897 2.3046930061580326
v 2.5911267527452537 3.6803572107606897 2.305042104104473
v 2.3111066821984423 3.665185476958243 2.290181014103837
v 2.5911267527452537 3.6803572107606897 2.305042104104473
v 2.5914754401492246 3.665185476958243 2.290181014103837
v 2.5914754401492246 3.665185476958243 2.290181014103837
v 2.606662774565507 3.6651704237343665 2.3053832648965056
v 2.606662774565507 -0.45890562472541774 2.4887226366229243
v 2.5914754401492246 3.665185476958243 2.290181014103837
v 2.606662774565507 -0.45890562472541774 2.4887226366229243
v 2.5918025056498095 -0.4592466486699607 2.473535986444091
v 2.3111066821984423 -0.4740922749042511 2.4893827889136446
v 2.3111066821984423 -0.45892060952554914 2.4735214806101737
v 2.5918025056498095 -0.4592466486699607 2.473535986444091
v 2.3111066821984423 -0.4740922749042511 2.4893827889136446
v 2.5918025056498095 -0.4592466486699607 2.473535986444091
v 2.5914754401492246 -0.4740922749042511 2.4893827889136446
v 2.3114550959074336 -0.45857205896906805 2.784248896237216
v 2.5914754401492246 -0.45892060952554914 2.7842644968510513
v 2.5918025056498095 3.665511721373889 2.6009088402733482
v 2.3114550959074336 -0.45857205896906805 2.784248896237216
v 2.5918025056498095 3.665511721373889 2.6009088402733482
v 2.3111066821984423 3.665185476958243 2.6009233461072654
v 2.3111066821984423 3.6803572107606897 2.5850621746512843
v 2.5914754401492246 3.6803572107606897 2.5850621746512843
v 2.5911267527452537 3.6803572107606897 2.305042104104473
v 2.3111066821984423 3.6803572107606897 2.5850621746512843
v 2.5911267527452537 3.6803572107606897 2.305042104104473
v 2.3111066821984423 3.6803572107606897 2.3046930061580326
v 2.3111066821984423 3.665185476958243 2.290181014103837
v 2.5914754401492246 3.665185476958243 2.290181014103837
v 2.5918025056498095 -0.4592466486699607 2.473535986444091
v 2.3111066821984423 3.665185476958243 2.290181014103837
v 2.5918025056498095 -0.4592466486699607 2.473535986444091
v 2.3111066821984423 -0.45892060952554914 2.4735214806101737
v 2.3111066821984423 -0.4740922749042511 2.4893827889136446
v 2.5914754401492246 -0.4740922749042511 2.4893827889136446
v 2.5914754401492246 -0.4740922749042511 2.769752094254386
v 2.3111066821984423 -0.4740922749042511 2.4893827889136446
v 2.5914754401492246 -0.4740922749042511 2.769752094254386
v 2.3111066821984423 -0.4740922749042511 2.769752094254386
v 2.606662774565507 -0.45890562472541774 2.7690621092108927
v 2.606662774565507 -0.45890562472541774 2.4887226366229243
v 2.606662774565507 3.6651704237343665 2.3053832648965056
v 2.606662774565507 -0.45890562472541774 2.7690621092108927
v 2.606662774565507 3.6651704237343665 2.3053832648965056
v 2.606662774565507 3.6651704237343665 2.5857223269420047
v 2.2959201688670987 -0.45890562472541774 2.4887226366229243
v 2.2959201688670987 -0.45890562472541774 2.7690621092108927
v 2.2959201688670987 3.6651704237343665 2.5857223269420047
v 2.2959201688670987 -0.45890562472541774 2.4887226366229243
v 2.2959201688670987 3.6651704237343665 2.5857223269420047
v 2.2959201688670987 3.6651704237343665 2.3053832648965056
v 2.3111066821984423 -0.4740922749042511 2.769752094254386
v 2.3114550959074336 -0.45857205896906805 2.784248896237216
v 2.2959201688670987 -0.45890562472541774 2.7690621092108927
v 2.606662774565507 -0.45890562472541774 2.7690621092108927
v 2.5914754401492246 -0.45892060952554914 2.7842644968510513
v 2.5914754401492246 -0.4740922749042511 2.769752094254386
v 2.2959201688670987 3.6651704237343665 2.5857223269420047
v 2.3111066821984423 3.665185476958243 2.6009233461072654
v 2.3111066821984423 3.6803572107606897 2.5850621746512843
v 2.5914754401492246 3.6803572107606897 2.5850621746512843
v 2.5918025056498095 3.665511721373889 2.6009088402733482
v 2.606662774565507 3.6651704237343665 2.5857223269420047
v 2.2959201688670987 3.6651704237343665 2.3053832648965056
v 2.3111066821984423 3.6803572107606897 2.3046930061580326
v 2.3111066821984423 3.665185476958243 2.290181014103837
v 2.5914754401492246 3.665185476958243 2.290181014103837
v 2.5911267527452537 3.6803572107606897 2.305042104104473
v 2.606662774565507 3.6651704237343665 2.3053832648965056
v 2.2959201688670987 -0.45890562472541774 2.4887226366229243
v 2.3111066821984423 -0.45892060952554914 2.4735214806101737
v 2.3111066821984423 -0.4740922749042511 2.4893827889136446
v 2.5914754401492246 -0.4740922749042511 2.4893827889136446
v 2.5918025056498095 -0.4592466486699607 2.473535986444091
v 2.606662774565507 -0.45890562472541774 2.4887226366229243
vt 0.38721799850463867 0.012218058109283447
vt 0.3749999701976776 0.012773334980010986
vt 0.375 0.23831290006637573
vt 0.38721799850463867 0.012218058109283447
vt 0.375 0.23831290006637573
vt 0.38721799850463867 0.23778194189071655
vt 0.38749849796295166 0.9990661069750786
vt 0.3872179687023163 0.9988708961755037
vt 0.6127814054489136 0.9988709036260843
vt 0.38749849796295166 0.9990661069750786
vt 0.6127814054489136 0.9988709036260843
vt 0.6127815246582031 0.9990870710462332
vt 0.3627699315547943 0.9990861208061688
vt 0.38749849796295166 0.9990661069750786
vt 0.3872179388999939 0.7509129643440247
vt 0.3627699315547943 0.9990861208061688
vt 0.3872179388999939 0.7509129643440247
vt 0.36276975274086 0.7509138882160187
vt 0.6249998211860657 0.012773215770721436
vt 0.6127815842628479 0.012218058109283447
vt 0.6127816438674927 0.23778194189071655
vt 0.6249998211860657 0.012773215770721436
vt 0.6127816438674927 0.23778194189071655
vt 0.6249998211860657 0.23831290006637573
vt 0.6127815246582031 0.9990870710462332
vt 0.6372300982475281 0.999086057767272
vt 0.6372302174568176 0.7509138882160187
vt 0.6127815246582031 0.9990870710462332
vt 0.6372302174568176 0.7509138882160187
vt 0.6130443811416626 0.7508933395147324
vt 0.375 0.7383129000663757
vt 0.38721799850463867 0.7377817928791046
vt 0.38721799850463867 0.5122180283069611
vt 0.375 0.7383129000663757
vt 0.38721799850463867 0.5122180283069611
vt 0.3749999701976776 0.5127734839916229
vt 0.38721799850463867 0.7377817928791046
vt 0.3872179388999939 0.7509129643440247
vt 0.6130443811416626 0.7508933395147324
vt 0.38721799850463867 0.7377817928791046
vt 0.6130443811416626 0.7508933395147324
vt 0.6127817034721375 0.7377817928791046
vt 0.6127817034721375 0.7377817928791046
vt 0.6249998211860657 0.7383129298686981
vt 0.6249998211860657 0.5127733647823334
vt 0.6127817034721375 0.7377817928791046
vt 0.6249998211860657 0.5127733647823334
vt 0.6125010848045349 0.5124988853931427
vt 0.375 0.49795591831207275
vt 0.3872179687023163 0.4990869164466858
vt 0.3872179687023163 0.25091296434402466
vt 0.375 0.49795591831207275
vt 0.3872179687023163 0.25091296434402466
vt 0.375 0.25
vt 0.3872179687023163 0.4990869164466858
vt 0.38721799850463867 0.5122180283069611
vt 0.6125010848045349 0.5124988853931427
vt 0.3872179687023163 0.4990869164466858
vt 0.6125010848045349 0.5124988853931427
vt 0.6127814054489136 0.4990869164466858
vt 0.6127814054489136 0.4990869164466858
vt 0.6249998211860657 0.49795591831207275
vt 0.6249998211860657 0.25
vt 0.6127814054489136 0.4990869164466858
vt 0.6249998211860657 0.25
vt 0.6130443811416626 0.25089335441589355
vt 0.38721799850463867 0.23778194189071655
vt 0.3872179687023163 0.25091296434402466
vt 0.6130443811416626 0.25089335441589355
vt 0.38721799850463867 0.23778194189071655
vt 0.6130443811416626 0.25089335441589355
vt 0.6127816438674927 0.23778194189071655
vt 0.38749849796295166 0.9990661069750786
vt 0.6127815246582031 0.9990870710462332
vt 0.6130443811416626 0.7508933395147324
vt 0.38749849796295166 0.9990661069750786
vt 0.6130443811416626 0.7508933395147324
vt 0.3872179388999939 0.7509129643440247
vt 0.38721799850463867 0.7377817928791046
vt 0.6127817034721375 0.7377817928791046
vt 0.6125010848045349 0.5124988853931427
vt 0.38721799850463867 0.7377817928791046
vt 0.6125010848045349 0.5124988853931427
vt 0.38721799850463867 0.5122180283069611
vt 0.3872179687023163 0.4990869164466858
vt 0.6127814054489136 0.4990869164466858
vt 0.6130443811416626 0.25089335441589355
vt 0.3872179687023163 0.4990869164466858
vt 0.6130443811416626 0.25089335441589355
vt 0.3872179687023163 0.25091296434402466
vt 0.38721799850463867 0.23778194189071655
vt 0.6127816438674927 0.23778194189071655
vt 0.6127815842628479 0.012218058109283447
vt 0.38721799850463867 0.23778194189071655
vt 0.6127815842628479 0.012218058109283447
vt 0.38721799850463867 0.012218058109283447
vt 0.6372300982475281 0.999086057767272
vt 0.8627697825431824 0.9990861946716905
vt 0.8627698421478271 0.7509138882160187
vt 0.6372300982475281 0.999086057767272
vt 0.8627698421478271 0.7509138882160187
vt 0.6372302174568176 0.7509138882160187
vt 0.13723023235797882 0.999086121446453
vt 0.3627699315547943 0.9990861208061688
vt 0.36276975274086 0.7509138882160187
vt 0.13723023235797882 0.999086121446453
vt 0.36276975274086 0.7509138882160187
vt 0.13723020255565643 0.7509138882160187
vt 0.3872179687023163 0.9988708961755037
vt 0.38749849796295166 0.9990661069750786
vt 0.3627699315547943 0.9990861208061688
vt 0.6372300982475281 0.999086057767272
vt 0.6127815246582031 0.9990870710462332
vt 0.6127814054489136 0.9988709036260843
vt 0.36276975274086 0.7509138882160187
vt 0.3872179388999939 0.7509129643440247
vt 0.38721799850463867 0.7377817928791046
vt 0.6127817034721375 0.7377817928791046
vt 0.6130443811416626 0.7508933395147324
vt 0.6372302174568176 0.7509138882160187
vt 0.3749999701976776 0.5127734839916229
vt 0.38721799850463867 0.5122180283069611
vt 0.3872179687023163 0.4990869164466858
vt 0.6127814054489136 0.4990869164466858
vt 0.6125010848045349 0.5124988853931427
vt 0.6249998211860657 0.5127733647823334
vt 0.375 0.25
vt 0.3872179687023163 0.25091296434402466
vt 0.38721799850463867 0.23778194189071655
vt 0.6127816438674927 0.23778194189071655
vt 0.6130443811416626 0.25089335441589355
vt 0.6249998211860657 0.25
vn -0.7071073772327543 -0.7071061851398383 0
vn -0.7071074070350251 -0.7071061553375161 0
vn -0.7071074070350251 -0.7071061553375161 0
vn -0.7071073772327543 -0.7071061851398383 0
vn -0.7071074070350251 -0.7071061553375161 0
vn -0.7071074070350251 -0.7071061553375161 0
vn -0.00044723034033495793 -0.6869016059118781 0.726750289838749
vn -0.00044723034033495793 -0.6869016059118781 0.726750289838749
vn -0.0004472303306041194 -0.6869016356668796 0.7267502617152586
vn -0.00044723034033495793 -0.6869016059118781 0.726750289838749
vn -0.0004472303306041194 -0.6869016356668796 0.7267502617152586
vn -0.00044723035970794427 -0.6869016356668707 0.7267502617152491
vn -0.7030674712525764 0.03155267192548111 0.7104228035197568
vn -0.7030674410280962 0.03155267696931174 0.7104228332072915
vn -0.7030674711699356 0.03155267564706256 0.7104228034362515
vn -0.7030674712525764 0.03155267192548111 0.7104228035197568
vn -0.7030674711699356 0.03155267564706256 0.7104228034362515
vn -0.7030674113396967 0.03155267191164793 0.7104228628129402
vn 0.7070910751886221 -0.7071224868356247 0
vn 0.7070910751886221 -0.7071224868356247 0
vn 0.7070911049909444 -0.7071224570346251 0
vn 0.7070910751886221 -0.7071224868356247 0
vn 0.7070911049909444 -0.7071224570346251 0
vn 0.7070910751886221 -0.7071224868356247 0
vn 0.7109088821114335 0.03120554204938097 0.7025914712551499
vn 0.7109089712175204 0.03120553961906444 0.7025913812021394
vn 0.7109090006984794 0.03120553829677722 0.7025913514308995
vn 0.7109088821114335 0.03120554204938097 0.7025914712551499
vn 0.7109090006984794 0.03120553829677722 0.7025913514308995
vn 0.710908941404959 0.031205540173079204 0.7025914113430273
vn -0.7071100594344669 0.7071035029234296 0
vn -0.7071100594344669 0.7071035029234296 0
vn -0.7071100296321448 0.7071035327260269 0
vn -0.7071100594344669 0.7071035029234296 0
vn -0.7071100296321448 0.7071035327260269 0
vn -0.7071100594344669 0.7071035029234296 0
vn -0.0004044014222267257 0.7262024316521658 0.6874808104390779
vn -0.0004044014522639039 0.7262023737235762 0.6874808716304102
vn -0.00040440140565554874 0.726202401894533 0.6874808418727856
vn -0.0004044014222267257 0.7262024316521658 0.6874808104390779
vn -0.00040440140565554874 0.726202401894533 0.6874808418727856
vn -0.00040440146386319805 0.726202401894516 0.6874808418727695
vn 0.7030540607427637 0.711136271648518 -0.0004368282910517278
vn 0.7030540607427547 0.7111362716485089 -0.00043682832015555224
vn 0.7030540305997909 0.7111363014488791 -0.0004368283384609687
vn 0.7030540607427637 0.711136271648518 -0.0004368282910517278
vn 0.7030540305997909 0.7111363014488791 -0.0004368283384609687
vn 0.7030540007994118 0.7111363309105605 -0.0004368283490489387
vn -0.7071101593476994 -0.03140415219269612 -0.7064056920582742
vn -0.7071100998554684 -0.03140414847239835 -0.7064057517752194
vn -0.7071101295456601 -0.0314041535162885 -0.7064057218311903
vn -0.7071101593476994 -0.03140415219269612 -0.7064056920582742
vn -0.7071101295456601 -0.0314041535162885 -0.7064057218311903
vn -0.7071101296283847 -0.03140414979467204 -0.7064057219138326
vn 0.00044764577172691896 0.6955232438491662 -0.7185034564139521
vn 0.00044764577172691896 0.6955232438491662 -0.7185034564139521
vn 0.00044764577172691896 0.6955232438491662 -0.7185034564139521
vn 0.00044764577172691896 0.6955232438491662 -0.7185034564139521
vn 0.00044764577172691896 0.6955232438491662 -0.7185034564139521
vn 0.00044764573269021074 0.6955232736357625 -0.718503427580057
vn 0.710908941404959 -0.031205540173079204 -0.7025914113430273
vn 0.7109089711761989 -0.031205541479895828 -0.7025913811613013
vn 0.710908882152755 -0.03120554018854966 -0.702591471295988
vn 0.710908941404959 -0.031205540173079204 -0.7025914113430273
vn 0.710908882152755 -0.03120554018854966 -0.702591471295988
vn 0.7109089414462805 -0.031205538312247896 -0.7025914113838653
vn -0.0004047983902318047 -0.7262018804204667 -0.6874813924842197
vn -0.0004047983902318047 -0.7262018804204667 -0.6874813924842197
vn -0.0004047983892975605 -0.7262019383490912 -0.6874813312929205
vn -0.0004047983902318047 -0.7262018804204667 -0.6874813924842197
vn -0.0004047983892975605 -0.7262019383490912 -0.6874813312929205
vn -0.0004047983601937354 -0.7262019383490999 -0.6874813312929289
vn 0 0.04441214305144921 0.9990132939804043
vn 0 0.04441214676939156 0.9990132938151194
vn 0 0.04441214305144921 0.9990132939804043
vn 0 0.04441214305144921 0.9990132939804043
vn 0 0.04441214305144921 0.9990132939804043
vn 0 0.04441213933350685 0.9990132941456891
vn 0 1 0
vn 0 1 0
vn 0 1 0
vn 0 1 0
vn 0 1 0
vn 0 1 0
vn 0 -0.04441199061581119 -0.9990133007570725
vn 0 -0.04441199433375362 -0.9990133005917882
vn 0 -0.04441198689786876 -0.9990133009223567
vn 0 -0.04441199061581119 -0.9990133007570725
vn 0 -0.04441198689786876 -0.9990133009223567
vn 0 -0.04441199061581119 -0.9990133007570725
vn 0 -1 0
vn 0 -1 0
vn 0 -1 0
vn 0 -1 0
vn 0 -1 0
vn 0 -1 0
vn 0.9999999999999977 6.793962370466018e-8 0
vn 0.9999999999999977 6.793961659923282e-8 0
vn 0.9999999999999977 6.793961659923282e-8 0
vn 0.9999999999999977 6.793962370466018e-8 0
vn 0.9999999999999977 6.793961659923282e-8 0
vn 0.9999999999999977 6.793962370466018e-8 0
vn -1 0 0
vn -1 0 0
vn -1 0 0
vn -1 0 0
vn -1 0 0
vn -1 0 0
vn -0.5776425350231221 -0.5502325654482116 0.6029703356321442
vn -0.5776425368388908 -0.5502326267824619 0.6029702779228863
vn -0.5776425557834973 -0.5502325852234772 0.602970297698152
vn 0.5864436176131408 -0.5598892708686148 0.5853271629841067
vn 0.5864436362588136 -0.5598892317642803 0.585327181707756
vn 0.5864436362588136 -0.5598892317642803 0.585327181707756
vn -0.5693781925743985 0.5940752577274515 0.568228001753498
vn -0.5693781934515899 0.5940751990380472 0.5682280622335618
vn -0.5693782530171996 0.5940751989973194 0.5682280025899615
vn 0.5776456801773049 0.6016223646544201 0.5517028172124216
vn 0.5776456801773049 0.6016223646544201 0.5517028172124216
vn 0.5776457008980667 0.6016223241565624 0.5517028396795121
vn -0.5864849341765731 0.5598726512374614 -0.585301662717813
vn -0.5864849350654987 0.5598727116906987 -0.5853016040002976
vn -0.5864849146049774 0.5598726921585898 -0.5853016431857042
vn 0.5776273422077558 0.5779481343956 -0.5764742903917309
vn 0.5776273620553456 0.5779481542542123 -0.5764742505950563
vn 0.5776273620553456 0.5779481542542123 -0.5764742505950563
vn -0.5693663757128267 -0.5940754803469009 -0.5682396095470986
vn -0.5693664151581758 -0.5940754618994347 -0.5682395893097393
vn -0.5693663949971056 -0.5940755004680703 -0.5682395691885698
vn 0.577637260719931 -0.6016259250997466 -0.5517077498783651
vn 0.577637262438605 -0.6016258672851496 -0.5517078111245352
vn 0.577637202008033 -0.6016259260295688 -0.5517078103356835
f 397/397/397 398/398/398 399/399/399
f 400/400/400 401/401/401 402/402/402
f 403/403/403 404/404/404 405/405/405
f 406/406/406 407/407/407 408/408/408
f 409/409/409 410/410/410 411/411/411
f 412/412/412 413/413/413 414/414/414
f 415/415/415 416/416/416 417/417/417
f 418/418/418 419/419/419 420/420/420
f 421/421/421 422/422/422 423/423/423
f 424/424/424 425/425/425 426/426/426
f 427/427/427 428/428/428 429/429/429
f 430/430/430 431/431/431 432/432/432
f 433/433/433 434/434/434 435/435/435
f 436/436/436 437/437/437 438/438/438
f 439/439/439 440/440/440 441/441/441
f 442/442/442 443/443/443 444/444/444
f 445/445/445 446/446/446 447/447/447
f 448/448/448 449/449/449 450/450/450
f 451/451/451 452/452/452 453/453/453
f 454/454/454 455/455/455 456/456/456
f 457/457/457 458/458/458 459/459/459
f 460/460/460 461/461/461 462/462/462
f 463/463/463 464/464/464 465/465/465
f 466/466/466 467/467/467 468/468/468
f 469/469/469 470/470/470 471/471/471
f 472/472/472 473/473/473 474/474/474
f 475/475/475 476/476/476 477/477/477
f 478/478/478 479/479/479 480/480/480
f 481/481/481 482/482/482 483/483/483
f 484/484/484 485/485/485 486/486/486
f 487/487/487 488/488/488 489/489/489
f 490/490/490 491/491/491 492/492/492
f 493/493/493 494/494/494 495/495/495
f 496/496/496 497/497/497 498/498/498
f 499/499/499 500/500/500 501/501/501
f 502/502/502 503/503/503 504/504/504
f 505/505/505 506/506/506 507/507/507
f 508/508/508 509/509/509 510/510/510
f 511/511/511 512/512/512 513/513/513
f 514/514/514 515/515/515 516/516/516
f 517/517/517 518/518/518 519/519/519
f 520/520/520 521/521/521 522/522/522
f 523/523/523 524/524/524 525/525/525
f 526/526/526 527/527/527 528/528/528
o polySurface5
usemtl chair
v -2.5481352927445187 3.27899720797177 2.543773918508407
v -2.562012722988584 3.2847453499326775 2.543773918508407
v -2.562012722988584 3.2847453499326775 -2.1872217050780023
v -2.5481352927445187 3.27899720797177 2.543773918508407
v -2.562012722988584 3.2847453499326775 -2.1872217050780023
v -2.5481352927445187 3.27899720797177 -2.1872217050780023
v -2.562012722988584 3.2847453499326775 2.543773918508407
v -2.5677608649494914 3.2986227801767427 2.543773918508407
v -2.5677608649494914 3.2986227801767427 -2.1872217050780023
v -2.562012722988584 3.2847453499326775 2.543773918508407
v -2.5677608649494914 3.2986227801767427 -2.1872217050780023
v -2.562012722988584 3.2847453499326775 -2.1872217050780023
v -2.5481352927445187 3.2986227801767427 2.5633994907133797
v -2.5481352927445187 3.2847453499326775 2.557651348752472
v 2.5481352927445187 3.2847453499326775 2.557651348752472
v -2.5481352927445187 3.2986227801767427 2.5633994907133797
v 2.5481352927445187 3.2847453499326775 2.557651348752472
v 2.5481352927445187 3.2986227801767427 2.5633994907133797
v -2.5481352927445187 3.2847453499326775 2.557651348752472
v -2.5481352927445187 3.27899720797177 2.543773918508407
v 2.5481352927445187 3.27899720797177 2.543773918508407
v -2.5481352927445187 3.2847453499326775 2.557651348752472
v 2.5481352927445187 3.27899720797177 2.543773918508407
v 2.5481352927445187 3.2847453499326775 2.557651348752472
v -2.5677608649494914 3.2986227801767427 2.543773918508407
v -2.562012722988584 3.2986227801767427 2.557651348752472
v -2.562012722988584 3.6519208497734326 2.557651348752472
v -2.5677608649494914 3.2986227801767427 2.543773918508407
v -2.562012722988584 3.6519208497734326 2.557651348752472
v -2.5677608649494914 3.6519208497734326 2.543773918508407
v -2.562012722988584 3.2986227801767427 2.557651348752472
v -2.5481352927445187 3.2986227801767427 2.5633994907133797
v -2.5481352927445187 3.6519208497734326 2.5633994907133797
v -2.562012722988584 3.2986227801767427 2.557651348752472
v -2.5481352927445187 3.6519208497734326 2.5633994907133797
v -2.562012722988584 3.6519208497734326 2.557651348752472
v 2.5677608649494914 3.2986227801767427 2.543773918508407
v 2.562012722988584 3.2847453499326775 2.543773918508407
v 2.562012722988584 3.2847453499326775 -2.1872217050780023
v 2.5677608649494914 3.2986227801767427 2.543773918508407
v 2.562012722988584 3.2847453499326775 -2.1872217050780023
v 2.5677608649494914 3.2986227801767427 -2.1872217050780023
v 2.562012722988584 3.2847453499326775 2.543773918508407
v 2.5481352927445187 3.27899720797177 2.543773918508407
v 2.5481352927445187 3.27899720797177 -2.1872217050780023
v 2.562012722988584 3.2847453499326775 2.543773918508407
v 2.5481352927445187 3.27899720797177 -2.1872217050780023
v 2.562012722988584 3.2847453499326775 -2.1872217050780023
v 2.5481352927445187 3.2986227801767427 2.5633994907133797
v 2.562012722988584 3.2986227801767427 2.557651348752472
v 2.562012722988584 3.6519208497734326 2.557651348752472
v 2.5481352927445187 3.2986227801767427 2.5633994907133797
v 2.562012722988584 3.6519208497734326 2.557651348752472
v 2.5481352927445187 3.6519208497734326 2.5633994907133797
v 2.562012722988584 3.2986227801767427 2.557651348752472
v 2.5677608649494914 3.2986227801767427 2.543773918508407
v 2.5677608649494914 3.6519208497734326 2.543773918508407
v 2.562012722988584 3.2986227801767427 2.557651348752472
v 2.5677608649494914 3.6519208497734326 2.543773918508407
v 2.562012722988584 3.6519208497734326 2.557651348752472
v -2.5677608649494914 3.6519208497734326 2.543773918508407
v -2.562012722988584 3.6657982800174977 2.543773918508407
v -2.562012722988584 3.6657982800174977 -2.1872217050780023
v -2.5677608649494914 3.6519208497734326 2.543773918508407
v -2.562012722988584 3.6657982800174977 -2.1872217050780023
v -2.5677608649494914 3.6519208497734326 -2.1872217050780023
v -2.562012722988584 3.6657982800174977 2.543773918508407
v -2.5481352927445187 3.6715464219784053 2.543773918508407
v -2.5481352927445187 3.6715464219784053 -2.1872217050780023
v -2.562012722988584 3.6657982800174977 2.543773918508407
v -2.5481352927445187 3.6715464219784053 -2.1872217050780023
v -2.562012722988584 3.6657982800174977 -2.1872217050780023
v -2.5481352927445187 3.6715464219784053 2.543773918508407
v -2.5481352927445187 3.6657982800174977 2.557651348752472
v 2.5481352927445187 3.6657982800174977 2.557651348752472
v -2.5481352927445187 3.6715464219784053 2.543773918508407
v 2.5481352927445187 3.6657982800174977 2.557651348752472
v 2.5481352927445187 3.6715464219784053 2.543773918508407
v -2.5481352927445187 3.6657982800174977 2.557651348752472
v -2.5481352927445187 3.6519208497734326 2.5633994907133797
v 2.5481352927445187 3.6519208497734326 2.5633994907133797
v -2.5481352927445187 3.6657982800174977 2.557651348752472
v 2.5481352927445187 3.6519208497734326 2.5633994907133797
v 2.5481352927445187 3.6657982800174977 2.557651348752472
v 2.5481352927445187 3.6715464219784053 2.543773918508407
v 2.562012722988584 3.6657982800174977 2.543773918508407
v 2.562012722988584 3.6657982800174977 -2.1872217050780023
v 2.5481352927445187 3.6715464219784053 2.543773918508407
v 2.562012722988584 3.6657982800174977 -2.1872217050780023
v 2.5481352927445187 3.6715464219784053 -2.1872217050780023
v 2.562012722988584 3.6657982800174977 2.543773918508407
v 2.5677608649494914 3.6519208497734326 2.543773918508407
v 2.5677608649494914 3.6519208497734326 -2.1872217050780023
v 2.562012722988584 3.6657982800174977 2.543773918508407
v 2.5677608649494914 3.6519208497734326 -2.1872217050780023
v 2.562012722988584 3.6657982800174977 -2.1872217050780023
v -2.5677608649494914 3.6519208497734326 -2.1872217050780023
v -2.562012722988584 3.6519208497734326 -2.2010991353220675
v -2.562012722988584 3.2986227801767427 -2.2010991353220675
v -2.5677608649494914 3.6519208497734326 -2.1872217050780023
v -2.562012722988584 3.2986227801767427 -2.2010991353220675
v -2.5677608649494914 3.2986227801767427 -2.1872217050780023
v -2.562012722988584 3.6519208497734326 -2.2010991353220675
v -2.5481352927445187 3.6519208497734326 -2.206847277282975
v -2.5481352927445187 3.2986227801767427 -2.206847277282975
v -2.562012722988584 3.6519208497734326 -2.2010991353220675
v -2.5481352927445187 3.2986227801767427 -2.206847277282975
v -2.562012722988584 3.2986227801767427 -2.2010991353220675
v -2.5481352927445187 3.6519208497734326 -2.206847277282975
v -2.5481352927445187 3.6657982800174977 -2.2010991353220675
v 2.5481352927445187 3.6657982800174977 -2.2010991353220675
v -2.5481352927445187 3.6519208497734326 -2.206847277282975
v 2.5481352927445187 3.6657982800174977 -2.2010991353220675
v 2.5481352927445187 3.6519208497734326 -2.206847277282975
v -2.5481352927445187 3.6657982800174977 -2.2010991353220675
v -2.5481352927445187 3.6715464219784053 -2.1872217050780023
v 2.5481352927445187 3.6715464219784053 -2.1872217050780023
v -2.5481352927445187 3.6657982800174977 -2.2010991353220675
v 2.5481352927445187 3.6715464219784053 -2.1872217050780023
v 2.5481352927445187 3.6657982800174977 -2.2010991353220675
v 2.5481352927445187 3.6519208497734326 -2.206847277282975
v 2.562012722988584 3.6519208497734326 -2.2010991353220675
v 2.562012722988584 3.2986227801767427 -2.2010991353220675
v 2.5481352927445187 3.6519208497734326 -2.206847277282975
v 2.562012722988584 3.2986227801767427 -2.2010991353220675
v 2.5481352927445187 3.2986227801767427 -2.206847277282975
v 2.562012722988584 3.6519208497734326 -2.2010991353220675
v 2.5677608649494914 3.6519208497734326 -2.1872217050780023
v 2.5677608649494914 3.2986227801767427 -2.1872217050780023
v 2.562012722988584 3.6519208497734326 -2.2010991353220675
v 2.5677608649494914 3.2986227801767427 -2.1872217050780023
v 2.562012722988584 3.2986227801767427 -2.2010991353220675
v -2.5481352927445187 3.27899720797177 -2.1872217050780023
v -2.5481352927445187 3.2847453499326775 -2.2010991353220675
v 2.5481352927445187 3.2847453499326775 -2.2010991353220675
v -2.5481352927445187 3.27899720797177 -2.1872217050780023
v 2.5481352927445187 3.2847453499326775 -2.2010991353220675
v 2.5481352927445187 3.27899720797177 -2.1872217050780023
v -2.5481352927445187 3.2847453499326775 -2.2010991353220675
v -2.5481352927445187 3.2986227801767427 -2.206847277282975
v 2.5481352927445187 3.2986227801767427 -2.206847277282975
v -2.5481352927445187 3.2847453499326775 -2.2010991353220675
v 2.5481352927445187 3.2986227801767427 -2.206847277282975
v 2.5481352927445187 3.2847453499326775 -2.2010991353220675
v -2.5481352927445187 3.2986227801767427 2.5633994907133797
v 2.5481352927445187 3.2986227801767427 2.5633994907133797
v 2.5481352927445187 3.6519208497734326 2.5633994907133797
v -2.5481352927445187 3.2986227801767427 2.5633994907133797
v 2.5481352927445187 3.6519208497734326 2.5633994907133797
v -2.5481352927445187 3.6519208497734326 2.5633994907133797
v -2.5481352927445187 3.6715464219784053 2.543773918508407
v 2.5481352927445187 3.6715464219784053 2.543773918508407
v 2.5481352927445187 3.6715464219784053 -2.1872217050780023
v -2.5481352927445187 3.6715464219784053 2.543773918508407
v 2.5481352927445187 3.6715464219784053 -2.1872217050780023
v -2.5481352927445187 3.6715464219784053 -2.1872217050780023
v -2.5481352927445187 3.6519208497734326 -2.206847277282975
v 2.5481352927445187 3.6519208497734326 -2.206847277282975
v 2.5481352927445187 3.2986227801767427 -2.206847277282975
v -2.5481352927445187 3.6519208497734326 -2.206847277282975
v 2.5481352927445187 3.2986227801767427 -2.206847277282975
v -2.5481352927445187 3.2986227801767427 -2.206847277282975
v -2.5481352927445187 3.27899720797177 -2.1872217050780023
v 2.5481352927445187 3.27899720797177 -2.1872217050780023
v 2.5481352927445187 3.27899720797177 2.543773918508407
v -2.5481352927445187 3.27899720797177 -2.1872217050780023
v 2.5481352927445187 3.27899720797177 2.543773918508407
v -2.5481352927445187 3.27899720797177 2.543773918508407
v 2.5677608649494914 3.2986227801767427 2.543773918508407
v 2.5677608649494914 3.2986227801767427 -2.1872217050780023
v 2.5677608649494914 3.6519208497734326 -2.1872217050780023
v 2.5677608649494914 3.2986227801767427 2.543773918508407
v 2.5677608649494914 3.6519208497734326 -2.1872217050780023
v 2.5677608649494914 3.6519208497734326 2.543773918508407
v -2.5677608649494914 3.2986227801767427 -2.1872217050780023
v -2.5677608649494914 3.2986227801767427 2.543773918508407
v -2.5677608649494914 3.6519208497734326 2.543773918508407
v -2.5677608649494914 3.2986227801767427 -2.1872217050780023
v -2.5677608649494914 3.6519208497734326 2.543773918508407
v -2.5677608649494914 3.6519208497734326 -2.1872217050780023
v -2.562012722988584 3.2986227801767427 2.557651348752472
v -2.5677608649494914 3.2986227801767427 2.543773918508407
v -2.562012722988584 3.2847453499326775 2.543773918508407
v -2.562012722988584 3.2986227801767427 2.557651348752472
v -2.562012722988584 3.2847453499326775 2.543773918508407
v -2.5594621594739806 3.287295639752301 2.555100785237869
v -2.562012722988584 3.2847453499326775 2.543773918508407
v -2.5481352927445187 3.27899720797177 2.543773918508407
v -2.5481352927445187 3.2847453499326775 2.557651348752472
v -2.562012722988584 3.2847453499326775 2.543773918508407
v -2.5481352927445187 3.2847453499326775 2.557651348752472
v -2.5594621594739806 3.287295639752301 2.555100785237869
v -2.5481352927445187 3.2847453499326775 2.557651348752472
v -2.5481352927445187 3.2986227801767427 2.5633994907133797
v -2.562012722988584 3.2986227801767427 2.557651348752472
v -2.5481352927445187 3.2847453499326775 2.557651348752472
v -2.562012722988584 3.2986227801767427 2.557651348752472
v -2.5594621594739806 3.287295639752301 2.555100785237869
v 2.5481352927445187 3.2847453499326775 2.557651348752472
v 2.5481352927445187 3.27899720797177 2.543773918508407
v 2.562012722988584 3.2847453499326775 2.543773918508407
v 2.5481352927445187 3.2847453499326775 2.557651348752472
v 2.562012722988584 3.2847453499326775 2.543773918508407
v 2.5594621594739806 3.287295639752301 2.555100785237869
v 2.562012722988584 3.2847453499326775 2.543773918508407
v 2.5677608649494914 3.2986227801767427 2.543773918508407
v 2.562012722988584 3.2986227801767427 2.557651348752472
v 2.562012722988584 3.2847453499326775 2.543773918508407
v 2.562012722988584 3.2986227801767427 2.557651348752472
v 2.5594621594739806 3.287295639752301 2.555100785237869
v 2.562012722988584 3.2986227801767427 2.557651348752472
v 2.5481352927445187 3.2986227801767427 2.5633994907133797
v 2.5481352927445187 3.2847453499326775 2.557651348752472
v 2.562012722988584 3.2986227801767427 2.557651348752472
v 2.5481352927445187 3.2847453499326775 2.557651348752472
v 2.5594621594739806 3.287295639752301 2.555100785237869
v -2.5481352927445187 3.6657982800174977 2.557651348752472
v -2.5481352927445187 3.6715464219784053 2.543773918508407
v -2.562012722988584 3.6657982800174977 2.543773918508407
v -2.5481352927445187 3.6657982800174977 2.557651348752472
v -2.562012722988584 3.6657982800174977 2.543773918508407
v -2.5594621594739806 3.663247990197874 2.555100785237869
v -2.562012722988584 3.6657982800174977 2.543773918508407
v -2.5677608649494914 3.6519208497734326 2.543773918508407
v -2.562012722988584 3.6519208497734326 2.557651348752472
v -2.562012722988584 3.6657982800174977 2.543773918508407
v -2.562012722988584 3.6519208497734326 2.557651348752472
v -2.5594621594739806 3.663247990197874 2.555100785237869
v -2.562012722988584 3.6519208497734326 2.557651348752472
v -2.5481352927445187 3.6519208497734326 2.5633994907133797
v -2.5481352927445187 3.6657982800174977 2.557651348752472
v -2.562012722988584 3.6519208497734326 2.557651348752472
v -2.5481352927445187 3.6657982800174977 2.557651348752472
v -2.5594621594739806 3.663247990197874 2.555100785237869
v 2.562012722988584 3.6519208497734326 2.557651348752472
v 2.5677608649494914 3.6519208497734326 2.543773918508407
v 2.562012722988584 3.6657982800174977 2.543773918508407
v 2.562012722988584 3.6519208497734326 2.557651348752472
v 2.562012722988584 3.6657982800174977 2.543773918508407
v 2.5594621594739806 3.663247990197874 2.555100785237869
v 2.562012722988584 3.6657982800174977 2.543773918508407
v 2.5481352927445187 3.6715464219784053 2.543773918508407
v 2.5481352927445187 3.6657982800174977 2.557651348752472
v 2.562012722988584 3.6657982800174977 2.543773918508407
v 2.5481352927445187 3.6657982800174977 2.557651348752472
v 2.5594621594739806 3.663247990197874 2.555100785237869
v 2.5481352927445187 3.6657982800174977 2.557651348752472
v 2.5481352927445187 3.6519208497734326 2.5633994907133797
v 2.562012722988584 3.6519208497734326 2.557651348752472
v 2.5481352927445187 3.6657982800174977 2.557651348752472
v 2.562012722988584 3.6519208497734326 2.557651348752472
v 2.5594621594739806 3.663247990197874 2.555100785237869
v -2.5481352927445187 3.6657982800174977 -2.2010991353220675
v -2.5481352927445187 3.6519208497734326 -2.206847277282975
v -2.562012722988584 3.6519208497734326 -2.2010991353220675
v -2.5481352927445187 3.6657982800174977 -2.2010991353220675
v -2.562012722988584 3.6519208497734326 -2.2010991353220675
v -2.5594621594739806 3.663247990197874 -2.198548571807464
v -2.562012722988584 3.6519208497734326 -2.2010991353220675
v -2.5677608649494914 3.6519208497734326 -2.1872217050780023
v -2.562012722988584 3.6657982800174977 -2.1872217050780023
v -2.562012722988584 3.6519208497734326 -2.2010991353220675
v -2.562012722988584 3.6657982800174977 -2.1872217050780023
v -2.5594621594739806 3.663247990197874 -2.198548571807464
v -2.562012722988584 3.6657982800174977 -2.1872217050780023
v -2.5481352927445187 3.6715464219784053 -2.1872217050780023
v -2.5481352927445187 3.6657982800174977 -2.2010991353220675
v -2.562012722988584 3.6657982800174977 -2.1872217050780023
v -2.5481352927445187 3.6657982800174977 -2.2010991353220675
v -2.5594621594739806 3.663247990197874 -2.198548571807464
v 2.562012722988584 3.6657982800174977 -2.1872217050780023
v 2.5677608649494914 3.6519208497734326 -2.1872217050780023
v 2.562012722988584 3.6519208497734326 -2.2010991353220675
v 2.562012722988584 3.6657982800174977 -2.1872217050780023
v 2.562012722988584 3.6519208497734326 -2.2010991353220675
v 2.5594621594739806 3.663247990197874 -2.198548571807464
v 2.562012722988584 3.6519208497734326 -2.2010991353220675
v 2.5481352927445187 3.6519208497734326 -2.206847277282975
v 2.5481352927445187 3.6657982800174977 -2.2010991353220675
v 2.562012722988584 3.6519208497734326 -2.2010991353220675
v 2.5481352927445187 3.6657982800174977 -2.2010991353220675
v 2.5594621594739806 3.663247990197874 -2.198548571807464
v 2.5481352927445187 3.6657982800174977 -2.2010991353220675
v 2.5481352927445187 3.6715464219784053 -2.1872217050780023
v 2.562012722988584 3.6657982800174977 -2.1872217050780023
v 2.5481352927445187 3.6657982800174977 -2.2010991353220675
v 2.562012722988584 3.6657982800174977 -2.1872217050780023
v 2.5594621594739806 3.663247990197874 -2.198548571807464
v -2.5481352927445187 3.2847453499326775 -2.2010991353220675
v -2.5481352927445187 3.27899720797177 -2.1872217050780023
v -2.562012722988584 3.2847453499326775 -2.1872217050780023
v -2.5481352927445187 3.2847453499326775 -2.2010991353220675
v -2.562012722988584 3.2847453499326775 -2.1872217050780023
v -2.5594621594739806 3.287295639752301 -2.198548571807464
v -2.562012722988584 3.2847453499326775 -2.1872217050780023
v -2.5677608649494914 3.2986227801767427 -2.1872217050780023
v -2.562012722988584 3.2986227801767427 -2.2010991353220675
v -2.562012722988584 3.2847453499326775 -2.1872217050780023
v -2.562012722988584 3.2986227801767427 -2.2010991353220675
v -2.5594621594739806 3.287295639752301 -2.198548571807464
v -2.562012722988584 3.2986227801767427 -2.2010991353220675
v -2.5481352927445187 3.2986227801767427 -2.206847277282975
v -2.5481352927445187 3.2847453499326775 -2.2010991353220675
v -2.562012722988584 3.2986227801767427 -2.2010991353220675
v -2.5481352927445187 3.2847453499326775 -2.2010991353220675
v -2.5594621594739806 3.287295639752301 -2.198548571807464
v 2.562012722988584 3.2986227801767427 -2.2010991353220675
v 2.5677608649494914 3.2986227801767427 -2.1872217050780023
v 2.562012722988584 3.2847453499326775 -2.1872217050780023
v 2.562012722988584 3.2986227801767427 -2.2010991353220675
v 2.562012722988584 3.2847453499326775 -2.1872217050780023
v 2.5594621594739806 3.287295639752301 -2.198548571807464
v 2.562012722988584 3.2847453499326775 -2.1872217050780023
v 2.5481352927445187 3.27899720797177 -2.1872217050780023
v 2.5481352927445187 3.2847453499326775 -2.2010991353220675
v 2.562012722988584 3.2847453499326775 -2.1872217050780023
v 2.5481352927445187 3.2847453499326775 -2.2010991353220675
v 2.5594621594739806 3.287295639752301 -2.198548571807464
v 2.5481352927445187 3.2847453499326775 -2.2010991353220675
v 2.5481352927445187 3.2986227801767427 -2.206847277282975
v 2.562012722988584 3.2986227801767427 -2.2010991353220675
v 2.5481352927445187 3.2847453499326775 -2.2010991353220675
v 2.562012722988584 3.2986227801767427 -2.2010991353220675
v 2.5594621594739806 3.287295639752301 -2.198548571807464
vt 0.37595537304878235 0.0010285377502441406
vt 0.375 0.0017241239547729492
vt 0.375 0.24827587604522705
vt 0.37595537304878235 0.0010285377502441406
vt 0.375 0.24827587604522705
vt 0.37595537304878235 0.24897146224975586
vt 0.37327584624290466 1
vt 0.37397146224975586 0.9875011444091797
vt 0.12602853775024414 0.9875011444091797
vt 0.37327584624290466 1
vt 0.12602853775024414 0.9875011444091797
vt 0.12672413885593414 1
vt 0.37595537304878235 0.9875011444091797
vt 0.37671011686325073 1
vt 0.6232898831367493 1
vt 0.37595537304878235 0.9875011444091797
vt 0.6232898831367493 1
vt 0.6240445971488953 0.9875011444091797
vt 0.37671011686325073 0
vt 0.37595537304878235 0.0010285377502441406
vt 0.62404465675354 0.0010285377502441406
vt 0.37671011686325073 0
vt 0.62404465675354 0.0010285377502441406
vt 0.6232898831367493 0
vt 0.37397146224975586 0.9875011444091797
vt 0.3749895393848419 0.9875025628134608
vt 0.3749895393848419 0.7624974399805069
vt 0.37397146224975586 0.9875011444091797
vt 0.3749895393848419 0.7624974399805069
vt 0.37397146224975586 0.7624988555908203
vt 0.3749895393848419 0.9875025628134608
vt 0.37595537304878235 0.9875011444091797
vt 0.37595537304878235 0.7624988555908203
vt 0.3749895393848419 0.9875025628134608
vt 0.37595537304878235 0.7624988555908203
vt 0.3749895393848419 0.7624974399805069
vt 0.6260285377502441 0.9875011444091797
vt 0.626724123954773 1
vt 0.873275876045227 1
vt 0.6260285377502441 0.9875011444091797
vt 0.873275876045227 1
vt 0.8739714622497559 0.9875011444091797
vt 0.625 0.0017241239547729492
vt 0.62404465675354 0.0010285377502441406
vt 0.6240445971488953 0.24897146224975586
vt 0.625 0.0017241239547729492
vt 0.6240445971488953 0.24897146224975586
vt 0.625 0.24827587604522705
vt 0.6240445971488953 0.9875011444091797
vt 0.6250104308128357 0.9875025628134608
vt 0.6250104904174805 0.7624974399805069
vt 0.6240445971488953 0.9875011444091797
vt 0.6250104904174805 0.7624974399805069
vt 0.62404465675354 0.7624988555908203
vt 0.6250104308128357 0.9875025628134608
vt 0.6260285377502441 0.9875011444091797
vt 0.6260285377502441 0.7624988555908203
vt 0.6250104308128357 0.9875025628134608
vt 0.6260285377502441 0.7624988555908203
vt 0.6250104904174805 0.7624974399805069
vt 0.37397146224975586 0.7624988555908203
vt 0.37327584624290466 0.75
vt 0.12672413885593414 0.75
vt 0.37397146224975586 0.7624988555908203
vt 0.12672413885593414 0.75
vt 0.12602853775024414 0.7624988555908203
vt 0.375 0.7482758462429047
vt 0.37595537304878235 0.7489714622497559
vt 0.37595537304878235 0.5010285377502441
vt 0.375 0.7482758462429047
vt 0.37595537304878235 0.5010285377502441
vt 0.375 0.5017241537570953
vt 0.37595537304878235 0.7489714622497559
vt 0.3759145438671112 0.752227246761322
vt 0.6240854263305664 0.752227246761322
vt 0.37595537304878235 0.7489714622497559
vt 0.6240854263305664 0.752227246761322
vt 0.6240445971488953 0.7489714622497559
vt 0.3759145438671112 0.752227246761322
vt 0.37595537304878235 0.7624988555908203
vt 0.62404465675354 0.7624988555908203
vt 0.3759145438671112 0.752227246761322
vt 0.62404465675354 0.7624988555908203
vt 0.6240854263305664 0.752227246761322
vt 0.6240445971488953 0.7489714622497559
vt 0.625 0.7482758462429047
vt 0.625 0.5017241537570953
vt 0.6240445971488953 0.7489714622497559
vt 0.625 0.5017241537570953
vt 0.62404465675354 0.5010285377502441
vt 0.626724123954773 0.75
vt 0.6260285377502441 0.7624988555908203
vt 0.8739714622497559 0.7624988555908203
vt 0.626724123954773 0.75
vt 0.8739714622497559 0.7624988555908203
vt 0.873275876045227 0.75
vt 0.12602853775024414 0.7624988555908203
vt 0.125 0.7575345635414124
vt 0.125 0.9924654383212328
vt 0.12602853775024414 0.7624988555908203
vt 0.125 0.9924654383212328
vt 0.12602853775024414 0.9875011444091797
vt 0.375 0.49246543645858765
vt 0.37595537304878235 0.4875011444091797
vt 0.37595537304878235 0.2624988555908203
vt 0.375 0.49246543645858765
vt 0.37595537304878235 0.2624988555908203
vt 0.375 0.25753456354141235
vt 0.37595537304878235 0.4875011444091797
vt 0.3759145438671112 0.497772753238678
vt 0.6240854859352112 0.497772753238678
vt 0.37595537304878235 0.4875011444091797
vt 0.6240854859352112 0.497772753238678
vt 0.6240445971488953 0.4875011444091797
vt 0.3759145438671112 0.497772753238678
vt 0.37595537304878235 0.5010285377502441
vt 0.62404465675354 0.5010285377502441
vt 0.3759145438671112 0.497772753238678
vt 0.62404465675354 0.5010285377502441
vt 0.6240854859352112 0.497772753238678
vt 0.6240445971488953 0.4875011444091797
vt 0.625 0.49246543645858765
vt 0.625 0.25753456354141235
vt 0.6240445971488953 0.4875011444091797
vt 0.625 0.25753456354141235
vt 0.62404465675354 0.2624988555908203
vt 0.875 0.7575345635414124
vt 0.8739714622497559 0.7624988555908203
vt 0.8739714622497559 0.9875011444091797
vt 0.875 0.7575345635414124
vt 0.8739714622497559 0.9875011444091797
vt 0.875 0.9924654383212328
vt 0.37595537304878235 0.24897146224975586
vt 0.3759145438671112 0.252227246761322
vt 0.6240854263305664 0.252227246761322
vt 0.37595537304878235 0.24897146224975586
vt 0.6240854263305664 0.252227246761322
vt 0.6240445971488953 0.24897146224975586
vt 0.3759145438671112 0.252227246761322
vt 0.37595537304878235 0.2624988555908203
vt 0.62404465675354 0.2624988555908203
vt 0.3759145438671112 0.252227246761322
vt 0.62404465675354 0.2624988555908203
vt 0.6240854263305664 0.252227246761322
vt 0.37595537304878235 0.9875011444091797
vt 0.6240445971488953 0.9875011444091797
vt 0.62404465675354 0.7624988555908203
vt 0.37595537304878235 0.9875011444091797
vt 0.62404465675354 0.7624988555908203
vt 0.37595537304878235 0.7624988555908203
vt 0.37595537304878235 0.7489714622497559
vt 0.6240445971488953 0.7489714622497559
vt 0.62404465675354 0.5010285377502441
vt 0.37595537304878235 0.7489714622497559
vt 0.62404465675354 0.5010285377502441
vt 0.37595537304878235 0.5010285377502441
vt 0.37595537304878235 0.4875011444091797
vt 0.6240445971488953 0.4875011444091797
vt 0.62404465675354 0.2624988555908203
vt 0.37595537304878235 0.4875011444091797
vt 0.62404465675354 0.2624988555908203
vt 0.37595537304878235 0.2624988555908203
vt 0.37595537304878235 0.24897146224975586
vt 0.6240445971488953 0.24897146224975586
vt 0.62404465675354 0.0010285377502441406
vt 0.37595537304878235 0.24897146224975586
vt 0.62404465675354 0.0010285377502441406
vt 0.37595537304878235 0.0010285377502441406
vt 0.6260285377502441 0.9875011444091797
vt 0.8739714622497559 0.9875011444091797
vt 0.8739714622497559 0.7624988555908203
vt 0.6260285377502441 0.9875011444091797
vt 0.8739714622497559 0.7624988555908203
vt 0.6260285377502441 0.7624988555908203
vt 0.12602853775024414 0.9875011444091797
vt 0.37397146224975586 0.9875011444091797
vt 0.37397146224975586 0.7624988555908203
vt 0.12602853775024414 0.9875011444091797
vt 0.37397146224975586 0.7624988555908203
vt 0.12602853775024414 0.7624988555908203
vt 0.3749895393848419 0.9875025628134608
vt 0.37397146224975586 0.9875011444091797
vt 0.37327584624290466 1
vt 0.3749895393848419 0.9875025628134608
vt 0.37327584624290466 1
vt 0.375 1
vt 0.375 0.0017241239547729492
vt 0.37595537304878235 0.0010285377502441406
vt 0.37671011686325073 0
vt 0.375 0.0017241239547729492
vt 0.37671011686325073 0
vt 0.375 0
vt 0.37671011686325073 1
vt 0.37595537304878235 0.9875011444091797
vt 0.3749895393848419 0.9875025628134608
vt 0.37671011686325073 1
vt 0.3749895393848419 0.9875025628134608
vt 0.375 1
vt 0.6232898831367493 0
vt 0.62404465675354 0.0010285377502441406
vt 0.625 0.0017241239547729492
vt 0.6232898831367493 0
vt 0.625 0.0017241239547729492
vt 0.625 0
vt 0.626724123954773 1
vt 0.6260285377502441 0.9875011444091797
vt 0.6250104308128357 0.9875025628134608
vt 0.626724123954773 1
vt 0.6250104308128357 0.9875025628134608
vt 0.625 1
vt 0.6250104308128357 0.9875025628134608
vt 0.6240445971488953 0.9875011444091797
vt 0.6232898831367493 1
vt 0.6250104308128357 0.9875025628134608
vt 0.6232898831367493 1
vt 0.625 1
vt 0.3759145438671112 0.752227246761322
vt 0.37595537304878235 0.7489714622497559
vt 0.375 0.7482758462429047
vt 0.3759145438671112 0.752227246761322
vt 0.375 0.7482758462429047
vt 0.375 0.75
vt 0.37327584624290466 0.75
vt 0.37397146224975586 0.7624988555908203
vt 0.3749895393848419 0.7624974399805069
vt 0.37327584624290466 0.75
vt 0.3749895393848419 0.7624974399805069
vt 0.375 0.75
vt 0.3749895393848419 0.7624974399805069
vt 0.37595537304878235 0.7624988555908203
vt 0.3759145438671112 0.752227246761322
vt 0.3749895393848419 0.7624974399805069
vt 0.3759145438671112 0.752227246761322
vt 0.375 0.75
vt 0.6250104904174805 0.7624974399805069
vt 0.6260285377502441 0.7624988555908203
vt 0.626724123954773 0.75
vt 0.6250104904174805 0.7624974399805069
vt 0.626724123954773 0.75
vt 0.625 0.75
vt 0.625 0.7482758462429047
vt 0.6240445971488953 0.7489714622497559
vt 0.6240854263305664 0.752227246761322
vt 0.625 0.7482758462429047
vt 0.6240854263305664 0.752227246761322
vt 0.625 0.75
vt 0.6240854263305664 0.752227246761322
vt 0.62404465675354 0.7624988555908203
vt 0.6250104904174805 0.7624974399805069
vt 0.6240854263305664 0.752227246761322
vt 0.6250104904174805 0.7624974399805069
vt 0.625 0.75
vt 0.3759145438671112 0.497772753238678
vt 0.37595537304878235 0.4875011444091797
vt 0.375 0.49246543645858765
vt 0.3759145438671112 0.497772753238678
vt 0.375 0.49246543645858765
vt 0.375 0.5
vt 0.125 0.7575345635414124
vt 0.12602853775024414 0.7624988555908203
vt 0.12672413885593414 0.75
vt 0.125 0.7575345635414124
vt 0.12672413885593414 0.75
vt 0.125 0.75
vt 0.375 0.5017241537570953
vt 0.37595537304878235 0.5010285377502441
vt 0.3759145438671112 0.497772753238678
vt 0.375 0.5017241537570953
vt 0.3759145438671112 0.497772753238678
vt 0.375 0.5
vt 0.873275876045227 0.75
vt 0.8739714622497559 0.7624988555908203
vt 0.875 0.7575345635414124
vt 0.873275876045227 0.75
vt 0.875 0.7575345635414124
vt 0.875 0.75
vt 0.625 0.49246543645858765
vt 0.6240445971488953 0.4875011444091797
vt 0.6240854859352112 0.497772753238678
vt 0.625 0.49246543645858765
vt 0.6240854859352112 0.497772753238678
vt 0.625 0.5
vt 0.6240854859352112 0.497772753238678
vt 0.62404465675354 0.5010285377502441
vt 0.625 0.5017241537570953
vt 0.6240854859352112 0.497772753238678
vt 0.625 0.5017241537570953
vt 0.625 0.5
vt 0.3759145438671112 0.252227246761322
vt 0.37595537304878235 0.24897146224975586
vt 0.375 0.24827587604522705
vt 0.3759145438671112 0.252227246761322
vt 0.375 0.24827587604522705
vt 0.375 0.25
vt 0.12672413885593414 1
vt 0.12602853775024414 0.9875011444091797
vt 0.125 0.9924654383212328
vt 0.12672413885593414 1
vt 0.125 0.9924654383212328
vt 0.125 1
vt 0.375 0.25753456354141235
vt 0.37595537304878235 0.2624988555908203
vt 0.3759145438671112 0.252227246761322
vt 0.375 0.25753456354141235
vt 0.3759145438671112 0.252227246761322
vt 0.375 0.25
vt 0.875 0.9924654383212328
vt 0.8739714622497559 0.9875011444091797
vt 0.873275876045227 1
vt 0.875 0.9924654383212328
vt 0.873275876045227 1
vt 0.875 1
vt 0.625 0.24827587604522705
vt 0.6240445971488953 0.24897146224975586
vt 0.6240854263305664 0.252227246761322
vt 0.625 0.24827587604522705
vt 0.6240854263305664 0.252227246761322
vt 0.625 0.25
vt 0.6240854263305664 0.252227246761322
vt 0.62404465675354 0.2624988555908203
vt 0.625 0.25753456354141235
vt 0.6240854263305664 0.252227246761322
vt 0.625 0.25753456354141235
vt 0.625 0.25
vn -0.00112371170756224 -0.9999986361611218 0.00121035031898464
vn -0.38259897257022246 -0.9239142091035089 0.0007486019288626609
vn -0.38259897256892206 -0.9239142091003686 -0.0007486064690577414
vn -0.00112371170756224 -0.9999986361611218 0.00121035031898464
vn -0.38259897256892206 -0.9239142091003686 -0.0007486064690577414
vn -0.00112371170756224 -0.9999986361611218 -0.00121035031898464
vn -0.9239123583687759 -0.3826034416801614 0.0007486440687864768
vn -0.99987700249709 -0.01563811529870506 0.0011955029647802505
vn -0.999877002526493 -0.01563811343651973 -0.0011955027319847562
vn -0.9239123583687759 -0.3826034416801614 0.0007486440687864768
vn -0.999877002526493 -0.01563811343651973 -0.0011955027319847562
vn -0.923912368905673 -0.3826034162412966 -0.0007486411669413835
vn -0.001110025792055433 -0.015638828194250932 0.9998770898942788
vn -0.0006950577444451175 -0.38260153336152036 0.9239131904914798
vn 0.0006950651950221926 -0.38260153335953895 0.9239131904866951
vn -0.001110025792055433 -0.015638828194250932 0.9998770898942788
vn 0.0006950651950221926 -0.38260153335953895 0.9239131904866951
vn 0.001110026141300966 -0.015638828194244867 0.999877089893891
vn -0.0006950290840479367 -0.9239083329677077 0.38261326324031647
vn -0.00112371170756224 -0.9999986361611218 0.00121035031898464
vn 0.00112371170756224 -0.9999986361611218 0.00121035031898464
vn -0.0006950290840479367 -0.9239083329677077 0.38261326324031647
vn 0.00112371170756224 -0.9999986361611218 0.00121035031898464
vn 0.0006950333332050395 -0.9239083329649792 0.3826132632391865
vn -0.99987700249709 -0.01563811529870506 0.0011955029647802505
vn -0.9242878612720573 -0.009761976137793112 0.38157129520839395
vn -0.9242878730600698 0.009761834701259596 0.3815712702724847
vn -0.99987700249709 -0.01563811529870506 0.0011955029647802505
vn -0.9242878730600698 0.009761834701259596 0.3815712702724847
vn -0.999877002526493 0.01563811343651973 0.0011955027319847562
vn -0.3815655927611432 -0.00976146830595045 0.9242902207409472
vn -0.001110025792055433 -0.015638828194250932 0.9998770898942788
vn -0.001110026141300966 0.015638828194244867 0.999877089893891
vn -0.3815655927611432 -0.00976146830595045 0.9242902207409472
vn -0.001110026141300966 0.015638828194244867 0.999877089893891
vn -0.3815656901827567 0.009761465717018811 0.924290180550682
vn 0.999877002526493 -0.01563811343651973 0.0011955027319847562
vn 0.923912368905673 -0.3826034162412966 0.0007486411669413835
vn 0.9239123583687759 -0.3826034416801614 -0.0007486440687864768
vn 0.999877002526493 -0.01563811343651973 0.0011955027319847562
vn 0.9239123583687759 -0.3826034416801614 -0.0007486440687864768
vn 0.99987700249709 -0.01563811529870506 -0.0011955029647802505
vn 0.38259897256892206 -0.9239142091003686 0.0007486064690577414
vn 0.00112371170756224 -0.9999986361611218 0.00121035031898464
vn 0.00112371170756224 -0.9999986361611218 -0.00121035031898464
vn 0.38259897256892206 -0.9239142091003686 0.0007486064690577414
vn 0.00112371170756224 -0.9999986361611218 -0.00121035031898464
vn 0.38259897257022246 -0.9239142091035089 -0.0007486019288626609
vn 0.001110026141300966 -0.015638828194244867 0.999877089893891
vn 0.3815656901827567 -0.009761465717018811 0.924290180550682
vn 0.3815655927611432 0.00976146830595045 0.9242902207409472
vn 0.001110026141300966 -0.015638828194244867 0.999877089893891
vn 0.3815655927611432 0.00976146830595045 0.9242902207409472
vn 0.001110025792055433 0.015638828194250932 0.9998770898942788
vn 0.9242878730600698 -0.009761834701259596 0.3815712702724847
vn 0.999877002526493 -0.01563811343651973 0.0011955027319847562
vn 0.99987700249709 0.01563811529870506 0.0011955029647802505
vn 0.9242878730600698 -0.009761834701259596 0.3815712702724847
vn 0.99987700249709 0.01563811529870506 0.0011955029647802505
vn 0.9242878612720573 0.009761976137793112 0.38157129520839395
vn -0.999877002526493 0.01563811343651973 0.0011955027319847562
vn -0.923912368905673 0.3826034162412966 0.0007486411669413835
vn -0.9239123583687759 0.3826034416801614 -0.0007486440687864768
vn -0.999877002526493 0.01563811343651973 0.0011955027319847562
vn -0.9239123583687759 0.3826034416801614 -0.0007486440687864768
vn -0.99987700249709 0.01563811529870506 -0.0011955029647802505
vn -0.38259897256892206 0.9239142091003686 0.0007486064690577414
vn -0.0011237117077031518 0.9999986362865201 0.0012102467094992446
vn -0.0011237117077031518 0.9999986362865201 -0.0012102467094992446
vn -0.38259897256892206 0.9239142091003686 0.0007486064690577414
vn -0.0011237117077031518 0.9999986362865201 -0.0012102467094992446
vn -0.38259897257022246 0.9239142091035089 -0.0007486019288626609
vn -0.0011237117077031518 0.9999986362865201 0.0012102467094992446
vn -0.0006950420144163703 0.9239199072591897 0.3825853132136262
vn 0.0006950378234668494 0.9239199072618809 0.3825853132147406
vn -0.0011237117077031518 0.9999986362865201 0.0012102467094992446
vn 0.0006950378234668494 0.9239199072618809 0.3825853132147406
vn 0.0011237117077031518 0.9999986362865201 0.0012102467094992446
vn -0.0006950651950221926 0.38260153335953895 0.9239131904866951
vn -0.001110026141300966 0.015638828194244867 0.999877089893891
vn 0.001110025792055433 0.015638828194250932 0.9998770898942788
vn -0.0006950651950221926 0.38260153335953895 0.9239131904866951
vn 0.001110025792055433 0.015638828194250932 0.9998770898942788
vn 0.0006950577444451175 0.38260153336152036 0.9239131904914798
vn 0.0011237117077031518 0.9999986362865201 0.0012102467094992446
vn 0.38259897257022246 0.9239142091035089 0.0007486019288626609
vn 0.38259897256892206 0.9239142091003686 -0.0007486064690577414
vn 0.0011237117077031518 0.9999986362865201 0.0012102467094992446
vn 0.38259897256892206 0.9239142091003686 -0.0007486064690577414
vn 0.0011237117077031518 0.9999986362865201 -0.0012102467094992446
vn 0.9239123583687759 0.3826034416801614 0.0007486440687864768
vn 0.99987700249709 0.01563811529870506 0.0011955029647802505
vn 0.999877002526493 0.01563811343651973 -0.0011955027319847562
vn 0.9239123583687759 0.3826034416801614 0.0007486440687864768
vn 0.999877002526493 0.01563811343651973 -0.0011955027319847562
vn 0.923912368905673 0.3826034162412966 -0.0007486411669413835
vn -0.99987700249709 0.01563811529870506 -0.0011955029647802505
vn -0.9242878612720573 0.009761976137793112 -0.38157129520839395
vn -0.9242878730600698 -0.009761834701259596 -0.3815712702724847
vn -0.99987700249709 0.01563811529870506 -0.0011955029647802505
vn -0.9242878730600698 -0.009761834701259596 -0.3815712702724847
vn -0.999877002526493 -0.01563811343651973 -0.0011955027319847562
vn -0.3815655927611432 0.00976146830595045 -0.9242902207409472
vn -0.001110025792055433 0.015638828194250932 -0.9998770898942788
vn -0.001110026141300966 -0.015638828194244867 -0.999877089893891
vn -0.3815655927611432 0.00976146830595045 -0.9242902207409472
vn -0.001110026141300966 -0.015638828194244867 -0.999877089893891
vn -0.3815656901827567 -0.009761465717018811 -0.924290180550682
vn -0.001110025792055433 0.015638828194250932 -0.9998770898942788
vn -0.0006950577444451175 0.38260153336152036 -0.9239131904914798
vn 0.0006950651950221926 0.38260153335953895 -0.9239131904866951
vn -0.001110025792055433 0.015638828194250932 -0.9998770898942788
vn 0.0006950651950221926 0.38260153335953895 -0.9239131904866951
vn 0.001110026141300966 0.015638828194244867 -0.999877089893891
vn -0.0006950378234668494 0.9239199072618809 -0.3825853132147406
vn -0.0011237117077031518 0.9999986362865201 -0.0012102467094992446
vn 0.0011237117077031518 0.9999986362865201 -0.0012102467094992446
vn -0.0006950378234668494 0.9239199072618809 -0.3825853132147406
vn 0.0011237117077031518 0.9999986362865201 -0.0012102467094992446
vn 0.0006950420144163703 0.9239199072591897 -0.3825853132136262
vn 0.001110026141300966 0.015638828194244867 -0.999877089893891
vn 0.3815656901827567 0.009761465717018811 -0.924290180550682
vn 0.3815655927611432 -0.00976146830595045 -0.9242902207409472
vn 0.001110026141300966 0.015638828194244867 -0.999877089893891
vn 0.3815655927611432 -0.00976146830595045 -0.9242902207409472
vn 0.001110025792055433 -0.015638828194250932 -0.9998770898942788
vn 0.9242878730600698 0.009761834701259596 -0.3815712702724847
vn 0.999877002526493 0.01563811343651973 -0.0011955027319847562
vn 0.99987700249709 -0.01563811529870506 -0.0011955029647802505
vn 0.9242878730600698 0.009761834701259596 -0.3815712702724847
vn 0.99987700249709 -0.01563811529870506 -0.0011955029647802505
vn 0.9242878612720573 -0.009761976137793112 -0.38157129520839395
vn -0.00112371170756224 -0.9999986361611218 -0.00121035031898464
vn -0.0006950333332050395 -0.9239083329649792 -0.3826132632391865
vn 0.0006950290840479367 -0.9239083329677077 -0.38261326324031647
vn -0.00112371170756224 -0.9999986361611218 -0.00121035031898464
vn 0.0006950290840479367 -0.9239083329677077 -0.38261326324031647
vn 0.00112371170756224 -0.9999986361611218 -0.00121035031898464
vn -0.0006950651950221926 -0.38260153335953895 -0.9239131904866951
vn -0.001110026141300966 -0.015638828194244867 -0.999877089893891
vn 0.001110025792055433 -0.015638828194250932 -0.9998770898942788
vn -0.0006950651950221926 -0.38260153335953895 -0.9239131904866951
vn 0.001110025792055433 -0.015638828194250932 -0.9998770898942788
vn 0.0006950577444451175 -0.38260153336152036 -0.9239131904914798
vn -0.001110025792055433 -0.015638828194250932 0.9998770898942788
vn 0.001110026141300966 -0.015638828194244867 0.999877089893891
vn 0.001110025792055433 0.015638828194250932 0.9998770898942788
vn -0.001110025792055433 -0.015638828194250932 0.9998770898942788
vn 0.001110025792055433 0.015638828194250932 0.9998770898942788
vn -0.001110026141300966 0.015638828194244867 0.999877089893891
vn -0.0011237117077031518 0.9999986362865201 0.0012102467094992446
vn 0.0011237117077031518 0.9999986362865201 0.0012102467094992446
vn 0.0011237117077031518 0.9999986362865201 -0.0012102467094992446
vn -0.0011237117077031518 0.9999986362865201 0.0012102467094992446
vn 0.0011237117077031518 0.9999986362865201 -0.0012102467094992446
vn -0.0011237117077031518 0.9999986362865201 -0.0012102467094992446
vn -0.001110025792055433 0.015638828194250932 -0.9998770898942788
vn 0.001110026141300966 0.015638828194244867 -0.999877089893891
vn 0.001110025792055433 -0.015638828194250932 -0.9998770898942788
vn -0.001110025792055433 0.015638828194250932 -0.9998770898942788
vn 0.001110025792055433 -0.015638828194250932 -0.9998770898942788
vn -0.001110026141300966 -0.015638828194244867 -0.999877089893891
vn -0.00112371170756224 -0.9999986361611218 -0.00121035031898464
vn 0.00112371170756224 -0.9999986361611218 -0.00121035031898464
vn 0.00112371170756224 -0.9999986361611218 0.00121035031898464
vn -0.00112371170756224 -0.9999986361611218 -0.00121035031898464
vn 0.00112371170756224 -0.9999986361611218 0.00121035031898464
vn -0.00112371170756224 -0.9999986361611218 0.00121035031898464
vn 0.999877002526493 -0.01563811343651973 0.0011955027319847562
vn 0.99987700249709 -0.01563811529870506 -0.0011955029647802505
vn 0.999877002526493 0.01563811343651973 -0.0011955027319847562
vn 0.999877002526493 -0.01563811343651973 0.0011955027319847562
vn 0.999877002526493 0.01563811343651973 -0.0011955027319847562
vn 0.99987700249709 0.01563811529870506 0.0011955029647802505
vn -0.999877002526493 -0.01563811343651973 -0.0011955027319847562
vn -0.99987700249709 -0.01563811529870506 0.0011955029647802505
vn -0.999877002526493 0.01563811343651973 0.0011955027319847562
vn -0.999877002526493 -0.01563811343651973 -0.0011955027319847562
vn -0.999877002526493 0.01563811343651973 0.0011955027319847562
vn -0.99987700249709 0.01563811529870506 -0.0011955029647802505
vn -0.9242878612720573 -0.009761976137793112 0.38157129520839395
vn -0.99987700249709 -0.01563811529870506 0.0011955029647802505
vn -0.9239123583687759 -0.3826034416801614 0.0007486440687864768
vn -0.9242878612720573 -0.009761976137793112 0.38157129520839395
vn -0.9239123583687759 -0.3826034416801614 0.0007486440687864768
vn -0.8879158956645875 -0.3252818832548452 0.32526459790812556
vn -0.38259897257022246 -0.9239142091035089 0.0007486019288626609
vn -0.00112371170756224 -0.9999986361611218 0.00121035031898464
vn -0.0006950290840479367 -0.9239083329677077 0.38261326324031647
vn -0.38259897257022246 -0.9239142091035089 0.0007486019288626609
vn -0.0006950290840479367 -0.9239083329677077 0.38261326324031647
vn -0.3252573047937542 -0.8879250382551752 0.3252642189326217
vn -0.0006950577444451175 -0.38260153336152036 0.9239131904914798
vn -0.001110025792055433 -0.015638828194250932 0.9998770898942788
vn -0.3815655927611432 -0.00976146830595045 0.9242902207409472
vn -0.0006950577444451175 -0.38260153336152036 0.9239131904914798
vn -0.3815655927611432 -0.00976146830595045 0.9242902207409472
vn -0.32525492402720263 -0.32527226897919925 0.8879229614269372
vn 0.0006950333332050395 -0.9239083329649792 0.3826132632391865
vn 0.00112371170756224 -0.9999986361611218 0.00121035031898464
vn 0.38259897256892206 -0.9239142091003686 0.0007486064690577414
vn 0.0006950333332050395 -0.9239083329649792 0.3826132632391865
vn 0.38259897256892206 -0.9239142091003686 0.0007486064690577414
vn 0.3252582867480429 -0.8879243188435301 0.3252652008868781
vn 0.923912368905673 -0.3826034162412966 0.0007486411669413835
vn 0.999877002526493 -0.01563811343651973 0.0011955027319847562
vn 0.9242878730600698 -0.009761834701259596 0.3815712702724847
vn 0.923912368905673 -0.3826034162412966 0.0007486411669413835
vn 0.9242878730600698 -0.009761834701259596 0.3815712702724847
vn 0.8879176214132397 -0.3252777993161163 0.325263971038784
vn 0.3815656901827567 -0.009761465717018811 0.924290180550682
vn 0.001110026141300966 -0.015638828194244867 0.999877089893891
vn 0.0006950651950221926 -0.38260153335953895 0.9239131904866951
vn 0.3815656901827567 -0.009761465717018811 0.924290180550682
vn 0.0006950651950221926 -0.38260153335953895 0.9239131904866951
vn 0.32525807934572276 -0.32527190762344477 0.8879219379716534
vn -0.0006950420144163703 0.9239199072591897 0.3825853132136262
vn -0.0011237117077031518 0.9999986362865201 0.0012102467094992446
vn -0.38259897256892206 0.9239142091003686 0.0007486064690577414
vn -0.0006950420144163703 0.9239199072591897 0.3825853132136262
vn -0.38259897256892206 0.9239142091003686 0.0007486064690577414
vn -0.3252582867480429 0.8879243188435301 0.3252652008868781
vn -0.923912368905673 0.3826034162412966 0.0007486411669413835
vn -0.999877002526493 0.01563811343651973 0.0011955027319847562
vn -0.9242878730600698 0.009761834701259596 0.3815712702724847
vn -0.923912368905673 0.3826034162412966 0.0007486411669413835
vn -0.9242878730600698 0.009761834701259596 0.3815712702724847
vn -0.8879176214132397 0.3252777993161163 0.325263971038784
vn -0.3815656901827567 0.009761465717018811 0.924290180550682
vn -0.001110026141300966 0.015638828194244867 0.999877089893891
vn -0.0006950651950221926 0.38260153335953895 0.9239131904866951
vn -0.3815656901827567 0.009761465717018811 0.924290180550682
vn -0.0006950651950221926 0.38260153335953895 0.9239131904866951
vn -0.32525807934572276 0.32527190762344477 0.8879219379716534
vn 0.9242878612720573 0.009761976137793112 0.38157129520839395
vn 0.99987700249709 0.01563811529870506 0.0011955029647802505
vn 0.9239123583687759 0.3826034416801614 0.0007486440687864768
vn 0.9242878612720573 0.009761976137793112 0.38157129520839395
vn 0.9239123583687759 0.3826034416801614 0.0007486440687864768
vn 0.8879158956645875 0.3252818832548452 0.32526459790812556
vn 0.38259897257022246 0.9239142091035089 0.0007486019288626609
vn 0.0011237117077031518 0.9999986362865201 0.0012102467094992446
vn 0.0006950378234668494 0.9239199072618809 0.3825853132147406
vn 0.38259897257022246 0.9239142091035089 0.0007486019288626609
vn 0.0006950378234668494 0.9239199072618809 0.3825853132147406
vn 0.3252573047937542 0.8879250382551752 0.3252642189326217
vn 0.0006950577444451175 0.38260153336152036 0.9239131904914798
vn 0.001110025792055433 0.015638828194250932 0.9998770898942788
vn 0.3815655927611432 0.00976146830595045 0.9242902207409472
vn 0.0006950577444451175 0.38260153336152036 0.9239131904914798
vn 0.3815655927611432 0.00976146830595045 0.9242902207409472
vn 0.32525492402720263 0.32527226897919925 0.8879229614269372
vn -0.0006950577444451175 0.38260153336152036 -0.9239131904914798
vn -0.001110025792055433 0.015638828194250932 -0.9998770898942788
vn -0.3815655927611432 0.00976146830595045 -0.9242902207409472
vn -0.0006950577444451175 0.38260153336152036 -0.9239131904914798
vn -0.3815655927611432 0.00976146830595045 -0.9242902207409472
vn -0.32525492402720263 0.32527226897919925 -0.8879229614269372
vn -0.9242878612720573 0.009761976137793112 -0.38157129520839395
vn -0.99987700249709 0.01563811529870506 -0.0011955029647802505
vn -0.9239123583687759 0.3826034416801614 -0.0007486440687864768
vn -0.9242878612720573 0.009761976137793112 -0.38157129520839395
vn -0.9239123583687759 0.3826034416801614 -0.0007486440687864768
vn -0.8879158956645875 0.3252818832548452 -0.32526459790812556
vn -0.38259897257022246 0.9239142091035089 -0.0007486019288626609
vn -0.0011237117077031518 0.9999986362865201 -0.0012102467094992446
vn -0.0006950378234668494 0.9239199072618809 -0.3825853132147406
vn -0.38259897257022246 0.9239142091035089 -0.0007486019288626609
vn -0.0006950378234668494 0.9239199072618809 -0.3825853132147406
vn -0.3252573047937542 0.8879250382551752 -0.3252642189326217
vn 0.923912368905673 0.3826034162412966 -0.0007486411669413835
vn 0.999877002526493 0.01563811343651973 -0.0011955027319847562
vn 0.9242878730600698 0.009761834701259596 -0.3815712702724847
vn 0.923912368905673 0.3826034162412966 -0.0007486411669413835
vn 0.9242878730600698 0.009761834701259596 -0.3815712702724847
vn 0.8879176214132397 0.3252777993161163 -0.325263971038784
vn 0.3815656901827567 0.009761465717018811 -0.924290180550682
vn 0.001110026141300966 0.015638828194244867 -0.999877089893891
vn 0.0006950651950221926 0.38260153335953895 -0.9239131904866951
vn 0.3815656901827567 0.009761465717018811 -0.924290180550682
vn 0.0006950651950221926 0.38260153335953895 -0.9239131904866951
vn 0.32525807934572276 0.32527190762344477 -0.8879219379716534
vn 0.0006950420144163703 0.9239199072591897 -0.3825853132136262
vn 0.0011237117077031518 0.9999986362865201 -0.0012102467094992446
vn 0.38259897256892206 0.9239142091003686 -0.0007486064690577414
vn 0.0006950420144163703 0.9239199072591897 -0.3825853132136262
vn 0.38259897256892206 0.9239142091003686 -0.0007486064690577414
vn 0.3252582867480429 0.8879243188435301 -0.3252652008868781
vn -0.0006950333332050395 -0.9239083329649792 -0.3826132632391865
vn -0.00112371170756224 -0.9999986361611218 -0.00121035031898464
vn -0.38259897256892206 -0.9239142091003686 -0.0007486064690577414
vn -0.0006950333332050395 -0.9239083329649792 -0.3826132632391865
vn -0.38259897256892206 -0.9239142091003686 -0.0007486064690577414
vn -0.3252582867480429 -0.8879243188435301 -0.3252652008868781
vn -0.923912368905673 -0.3826034162412966 -0.0007486411669413835
vn -0.999877002526493 -0.01563811343651973 -0.0011955027319847562
vn -0.9242878730600698 -0.009761834701259596 -0.3815712702724847
vn -0.923912368905673 -0.3826034162412966 -0.0007486411669413835
vn -0.9242878730600698 -0.009761834701259596 -0.3815712702724847
vn -0.8879176214132397 -0.3252777993161163 -0.325263971038784
vn -0.3815656901827567 -0.009761465717018811 -0.924290180550682
vn -0.001110026141300966 -0.015638828194244867 -0.999877089893891
vn -0.0006950651950221926 -0.38260153335953895 -0.9239131904866951
vn -0.3815656901827567 -0.009761465717018811 -0.924290180550682
vn -0.0006950651950221926 -0.38260153335953895 -0.9239131904866951
vn -0.32525807934572276 -0.32527190762344477 -0.8879219379716534
vn 0.9242878612720573 -0.009761976137793112 -0.38157129520839395
vn 0.99987700249709 -0.01563811529870506 -0.0011955029647802505
vn 0.9239123583687759 -0.3826034416801614 -0.0007486440687864768
vn 0.9242878612720573 -0.009761976137793112 -0.38157129520839395
vn 0.9239123583687759 -0.3826034416801614 -0.0007486440687864768
vn 0.8879158956645875 -0.3252818832548452 -0.32526459790812556
vn 0.38259897257022246 -0.9239142091035089 -0.0007486019288626609
vn 0.00112371170756224 -0.9999986361611218 -0.00121035031898464
vn 0.0006950290840479367 -0.9239083329677077 -0.38261326324031647
vn 0.38259897257022246 -0.9239142091035089 -0.0007486019288626609
vn 0.0006950290840479367 -0.9239083329677077 -0.38261326324031647
vn 0.3252573047937542 -0.8879250382551752 -0.3252642189326217
vn 0.0006950577444451175 -0.38260153336152036 -0.9239131904914798
vn 0.001110025792055433 -0.015638828194250932 -0.9998770898942788
vn 0.3815655927611432 -0.00976146830595045 -0.9242902207409472
vn 0.0006950577444451175 -0.38260153336152036 -0.9239131904914798
vn 0.3815655927611432 -0.00976146830595045 -0.9242902207409472
vn 0.32525492402720263 -0.32527226897919925 -0.8879229614269372
f 529/529/529 530/530/530 531/531/531
f 532/532/532 533/533/533 534/534/534
f 535/535/535 536/536/536 537/537/537
f 538/538/538 539/539/539 540/540/540
f 541/541/541 542/542/542 543/543/543
f 544/544/544 545/545/545 546/546/546
f 547/547/547 548/548/548 549/549/549
f 550/550/550 551/551/551 552/552/552
f 553/553/553 554/554/554 555/555/555
f 556/556/556 557/557/557 558/558/558
f 559/559/559 560/560/560 561/561/561
f 562/562/562 563/563/563 564/564/564
f 565/565/565 566/566/566 567/567/567
f 568/568/568 569/569/569 570/570/570
f 571/571/571 572/572/572 573/573/573
f 574/574/574 575/575/575 576/576/576
f 577/577/577 578/578/578 579/579/579
f 580/580/580 581/581/581 582/582/582
f 583/583/583 584/584/584 585/585/585
f 586/586/586 587/587/587 588/588/588
f 589/589/589 590/590/590 591/591/591
f 592/592/592 593/593/593 594/594/594
f 595/595/595 596/596/596 597/597/597
f 598/598/598 599/599/599 600/600/600
f 601/601/601 602/602/602 603/603/603
f 604/604/604 605/605/605 606/606/606
f 607/607/607 608/608/608 609/609/609
f 610/610/610 611/611/611 612/612/612
f 613/613/613 614/614/614 615/615/615
f 616/616/616 617/617/617 618/618/618
f 619/619/619 620/620/620 621/621/621
f 622/622/622 623/623/623 624/624/624
f 625/625/625 626/626/626 627/627/627
f 628/628/628 629/629/629 630/630/630
f 631/631/631 632/632/632 633/633/633
f 634/634/634 635/635/635 636/636/636
f 637/637/637 638/638/638 639/639/639
f 640/640/640 641/641/641 642/642/642
f 643/643/643 644/644/644 645/645/645
f 646/646/646 647/647/647 648/648/648
f 649/649/649 650/650/650 651/651/651
f 652/652/652 653/653/653 654/654/654
f 655/655/655 656/656/656 657/657/657
f 658/658/658 659/659/659 660/660/660
f 661/661/661 662/662/662 663/663/663
f 664/664/664 665/665/665 666/666/666
f 667/667/667 668/668/668 669/669/669
f 670/670/670 671/671/671 672/672/672
f 673/673/673 674/674/674 675/675/675
f 676/676/676 677/677/677 678/678/678
f 679/679/679 680/680/680 681/681/681
f 682/682/682 683/683/683 684/684/684
f 685/685/685 686/686/686 687/687/687
f 688/688/688 689/689/689 690/690/690
f 691/691/691 692/692/692 693/693/693
f 694/694/694 695/695/695 696/696/696
f 697/697/697 698/698/698 699/699/699
f 700/700/700 701/701/701 702/702/702
f 703/703/703 704/704/704 705/705/705
f 706/706/706 707/707/707 708/708/708
f 709/709/709 710/710/710 711/711/711
f 712/712/712 713/713/713 714/714/714
f 715/715/715 716/716/716 717/717/717
f 718/718/718 719/719/719 720/720/720
f 721/721/721 722/722/722 723/723/723
f 724/724/724 725/725/725 726/726/726
f 727/727/727 728/728/728 729/729/729
f 730/730/730 731/731/731 732/732/732
f 733/733/733 734/734/734 735/735/735
f 736/736/736 737/737/737 738/738/738
f 739/739/739 740/740/740 741/741/741
f 742/742/742 743/743/743 744/744/744
f 745/745/745 746/746/746 747/747/747
f 748/748/748 749/749/749 750/750/750
f 751/751/751 752/752/752 753/753/753
f 754/754/754 755/755/755 756/756/756
f 757/757/757 758/758/758 759/759/759
f 760/760/760 761/761/761 762/762/762
f 763/763/763 764/764/764 765/765/765
f 766/766/766 767/767/767 768/768/768
f 769/769/769 770/770/770 771/771/771
f 772/772/772 773/773/773 774/774/774
f 775/775/775 776/776/776 777/777/777
f 778/778/778 779/779/779 780/780/780
f 781/781/781 782/782/782 783/783/783
f 784/784/784 785/785/785 786/786/786
f 787/787/787 788/788/788 789/789/789
f 790/790/790 791/791/791 792/792/792
f 793/793/793 794/794/794 795/795/795
f 796/796/796 797/797/797 798/798/798
f 799/799/799 800/800/800 801/801/801
f 802/802/802 803/803/803 804/804/804
f 805/805/805 806/806/806 807/807/807
f 808/808/808 809/809/809 810/810/810
f 811/811/811 812/812/812 813/813/813
f 814/814/814 815/815/815 816/816/816
f 817/817/817 818/818/818 819/819/819
f 820/820/820 821/821/821 822/822/822
f 823/823/823 824/824/824 825/825/825
f 826/826/826 827/827/827 828/828/828
f 829/829/829 830/830/830 831/831/831
f 832/832/832 833/833/833 834/834/834
f 835/835/835 836/836/836 837/837/837
f 838/838/838 839/839/839 840/840/840
f 841/841/841 842/842/842 843/843/843
f 844/844/844 845/845/845 846/846/846
f 847/847/847 848/848/848 849/849/849
f 850/850/850 851/851/851 852/852/852
o polySurface6
usemtl chair
v 2.606662774565507 -0.45890555630167285 -2.412509895780488
v 2.602214683757552 -0.458913082913611 -2.423259539798039
v 2.602214683757552 4.267496439171396 -2.241212692612635
v 2.606662774565507 -0.45890555630167285 -2.412509895780488
v 2.602214683757552 4.267496439171396 -2.241212692612635
v 2.606662774565507 4.267508481750497 -2.230454564050717
v 2.602214683757552 -0.458913082913611 -2.423259539798039
v 2.5914759875391837 -0.45892054110180425 -2.4277122834206466
v 2.5914759875391837 4.267484396592295 -2.245668994269977
v 2.602214683757552 -0.458913082913611 -2.423259539798039
v 2.5914759875391837 4.267484396592295 -2.245668994269977
v 2.602214683757552 4.267496439171396 -2.241212692612635
v 2.5914759875391837 -0.4740922749042511 -2.4131998808239814
v 2.602214683757552 -0.4696444577912757 -2.412998715013998
v 2.60231102439036 -0.46964172084148004 -2.1324725824499637
v 2.5914759875391837 -0.4740922749042511 -2.4131998808239814
v 2.60231102439036 -0.46964172084148004 -2.1324725824499637
v 2.5918025056498095 -0.4740922749042511 -2.132504057372614
v 2.602214683757552 -0.4696444577912757 -2.412998715013998
v 2.606662774565507 -0.45890555630167285 -2.412509895780488
v 2.606662774565507 -0.45890555630167285 -2.1321704231925196
v 2.602214683757552 -0.4696444577912757 -2.412998715013998
v 2.606662774565507 -0.45890555630167285 -2.1321704231925196
v 2.60231102439036 -0.46964172084148004 -2.1324725824499637
v 2.5914759875391837 -0.45892054110180425 -2.4277122834206466
v 2.5914724295044493 -0.4696068931553299 -2.4236974517653493
v 2.311284036545203 -0.4696076458165237 -2.4235950898429905
v 2.5914759875391837 -0.45892054110180425 -2.4277122834206466
v 2.311284036545203 -0.4696076458165237 -2.4235950898429905
v 2.3111066821984423 -0.45892054110180425 -2.4277122834206466
v 2.5914724295044493 -0.4696068931553299 -2.4236974517653493
v 2.5914759875391837 -0.4740922749042511 -2.4131998808239814
v 2.311455369602413 -0.4740922749042511 -2.4128511934200105
v 2.5914724295044493 -0.4696068931553299 -2.4236974517653493
v 2.311455369602413 -0.4740922749042511 -2.4128511934200105
v 2.311284036545203 -0.4696076458165237 -2.4235950898429905
v 2.5918025056498095 -0.4740922749042511 -2.132504057372614
v 2.5918063373795235 -0.4697832895696621 -2.121765361154246
v 2.3111028504687283 -0.4696886595304761 -2.1218559541924833
v 2.5918025056498095 -0.4740922749042511 -2.132504057372614
v 2.3111028504687283 -0.4696886595304761 -2.1218559541924833
v 2.3111066821984423 -0.4740922749042511 -2.13283057548324
v 2.5918063373795235 -0.4697832895696621 -2.121765361154246
v 2.5918025056498095 -0.4592466486699607 -2.1169837730136862
v 2.3111066821984423 -0.45892054110180425 -2.116969267179769
v 2.5918063373795235 -0.4697832895696621 -2.121765361154246
v 2.3111066821984423 -0.45892054110180425 -2.116969267179769
v 2.3111028504687283 -0.4696886595304761 -2.1218559541924833
v 2.5918025056498095 -0.4592466486699607 -2.1169837730136862
v 2.60231102439036 -0.4590805158173623 -2.121431453279172
v 2.6022174207073476 4.267502460460946 -1.9393798164316252
v 2.5918025056498095 -0.4592466486699607 -2.1169837730136862
v 2.6022174207073476 4.267502460460946 -1.9393798164316252
v 2.5914855668634686 4.267491512661763 -1.9349258411816095
v 2.60231102439036 -0.4590805158173623 -2.121431453279172
v 2.606662774565507 -0.45890555630167285 -2.1321704231925196
v 2.606662774565507 4.26751286087017 -1.9501321973989718
v 2.60231102439036 -0.4590805158173623 -2.121431453279172
v 2.606662774565507 4.26751286087017 -1.9501321973989718
v 2.6022174207073476 4.267502460460946 -1.9393798164316252
v 2.3111066821984423 -0.45892054110180425 -2.4277122834206466
v 2.300367985980074 -0.458913082913611 -2.423259539798039
v 2.300367985980074 4.267496439171396 -2.241212692612635
v 2.3111066821984423 -0.45892054110180425 -2.4277122834206466
v 2.300367985980074 4.267496439171396 -2.241212692612635
v 2.3111066821984423 4.267484396592295 -2.245668994269977
v 2.300367985980074 -0.458913082913611 -2.423259539798039
v 2.295919895172119 -0.45890555630167285 -2.412509895780488
v 2.295919895172119 4.267508481750497 -2.230454564050717
v 2.300367985980074 -0.458913082913611 -2.423259539798039
v 2.295919895172119 4.267508481750497 -2.230454564050717
v 2.300367985980074 4.267496439171396 -2.241212692612635
v 2.295919895172119 -0.45890555630167285 -2.412509895780488
v 2.300469526817494 -0.46964172084148004 -2.4128169815475644
v 2.300367985980074 -0.46964418409629616 -2.132643915507174
v 2.295919895172119 -0.45890555630167285 -2.412509895780488
v 2.300367985980074 -0.46964418409629616 -2.132643915507174
v 2.295919895172119 -0.45890555630167285 -2.1321704231925196
v 2.300469526817494 -0.46964172084148004 -2.4128169815475644
v 2.311455369602413 -0.4740922749042511 -2.4128511934200105
v 2.3111066821984423 -0.4740922749042511 -2.13283057548324
v 2.300469526817494 -0.46964172084148004 -2.4128169815475644
v 2.3111066821984423 -0.4740922749042511 -2.13283057548324
v 2.300367985980074 -0.46964418409629616 -2.132643915507174
v 2.606662774565507 4.267508481750497 -2.230454564050717
v 2.606662774565507 4.278395520647791 -2.2304072148192517
v 2.606662774565507 4.2780829609811235 -1.9501851573775184
v 2.606662774565507 4.267508481750497 -2.230454564050717
v 2.606662774565507 4.2780829609811235 -1.9501851573775184
v 2.606662774565507 4.26751286087017 -1.9501321973989718
v 2.606662774565507 4.278395520647791 -2.2304072148192517
v 2.606662774565507 4.288985874187233 -2.2313249140857465
v 2.606662774565507 4.289009411955476 -1.95124463064343
v 2.606662774565507 4.278395520647791 -2.2304072148192517
v 2.606662774565507 4.289009411955476 -1.95124463064343
v 2.606662774565507 4.2780829609811235 -1.9501851573775184
v 2.591464492350042 4.288948104280053 -2.2466324005980596
v 2.591470239944613 4.278236230169682 -2.245671457524793
v 2.311111882403054 4.278236230169682 -2.245671457524793
v 2.591464492350042 4.288948104280053 -2.2466324005980596
v 2.311111882403054 4.278236230169682 -2.245671457524793
v 2.311118177387584 4.288948104280053 -2.2466324005980596
v 2.591470239944613 4.278236230169682 -2.245671457524793
v 2.5914759875391837 4.267484396592295 -2.245668994269977
v 2.3111066821984423 4.267484396592295 -2.245668994269977
v 2.591470239944613 4.278236230169682 -2.245671457524793
v 2.3111066821984423 4.267484396592295 -2.245668994269977
v 2.311111882403054 4.278236230169682 -2.245671457524793
v 2.606662774565507 4.288985874187233 -2.2313249140857465
v 2.6022111257228175 4.288966715538663 -2.2421490031377402
v 2.602214136367593 9.68277768199664 -3.054908414261149
v 2.606662774565507 4.288985874187233 -2.2313249140857465
v 2.602214136367593 9.68277768199664 -3.054908414261149
v 2.606662774565507 9.682696668282688 -3.0440564083212394
v 2.6022111257228175 4.288966715538663 -2.2421490031377402
v 2.591464492350042 4.288948104280053 -2.2466324005980596
v 2.5914759875391837 9.682833515772472 -3.0593989277909373
v 2.6022111257228175 4.288966715538663 -2.2421490031377402
v 2.5914759875391837 9.682833515772472 -3.0593989277909373
v 2.602214136367593 9.68277768199664 -3.054908414261149
v 2.295919895172119 -0.45890555630167285 -2.1321704231925196
v 2.300367985980074 -0.4589094564551317 -2.1214213265649278
v 2.300364975335299 4.267502460460946 -1.9393798164316252
v 2.295919895172119 -0.45890555630167285 -2.1321704231925196
v 2.300364975335299 4.267502460460946 -1.9393798164316252
v 2.295919895172119 4.26751286087017 -1.9501321973989718
v 2.300367985980074 -0.4589094564551317 -2.1214213265649278
v 2.3111066821984423 -0.45892054110180425 -2.116969267179769
v 2.311096829179178 4.267491512661763 -1.9349258411816095
v 2.300367985980074 -0.4589094564551317 -2.1214213265649278
v 2.311096829179178 4.267491512661763 -1.9349258411816095
v 2.300364975335299 4.267502460460946 -1.9393798164316252
v 2.295919895172119 4.288985874187233 -2.2313249140857465
v 2.295919895172119 4.278395520647791 -2.2304072148192517
v 2.295919895172119 4.2780829609811235 -1.9501851573775184
v 2.295919895172119 4.288985874187233 -2.2313249140857465
v 2.295919895172119 4.2780829609811235 -1.9501851573775184
v 2.295919895172119 4.289009411955476 -1.95124463064343
v 2.295919895172119 4.278395520647791 -2.2304072148192517
v 2.295919895172119 4.267508481750497 -2.230454564050717
v 2.295919895172119 4.26751286087017 -1.9501321973989718
v 2.295919895172119 4.278395520647791 -2.2304072148192517
v 2.295919895172119 4.26751286087017 -1.9501321973989718
v 2.295919895172119 4.2780829609811235 -1.9501851573775184
v 2.311118177387584 4.288948104280053 -2.2466324005980596
v 2.300371270319829 4.288966715538663 -2.2421490031377402
v 2.300693135615802 9.68219963819979 -3.054801946914097
v 2.311118177387584 4.288948104280053 -2.2466324005980596
v 2.300693135615802 9.68219963819979 -3.054801946914097
v 2.3122362213791234 9.681713555916076 -3.0592481218571947
v 2.300371270319829 4.288966715538663 -2.2421490031377402
v 2.295919895172119 4.288985874187233 -2.2313249140857465
v 2.295919895172119 9.682696668282688 -3.0440564083212394
v 2.300371270319829 4.288966715538663 -2.2421490031377402
v 2.295919895172119 9.682696668282688 -3.0440564083212394
v 2.300693135615802 9.68219963819979 -3.054801946914097
v 2.606662774565507 9.682696668282688 -3.0440564083212394
v 2.602214683757552 9.69343974362073 -3.045574320677929
v 2.6024919367718553 9.69341346890269 -2.764870560072154
v 2.606662774565507 9.682696668282688 -3.0440564083212394
v 2.6024919367718553 9.69341346890269 -2.764870560072154
v 2.606662774565507 9.682696668282688 -2.7639621664349647
v 2.602214683757552 9.69343974362073 -3.045574320677929
v 2.5914759875391837 9.697883455309011 -3.0462424101230567
v 2.5923994344002494 9.697883455309011 -2.764949931616229
v 2.602214683757552 9.69343974362073 -3.045574320677929
v 2.5923994344002494 9.697883455309011 -2.764949931616229
v 2.6024919367718553 9.69341346890269 -2.764870560072154
v 2.5914759875391837 9.697883455309011 -3.0462424101230567
v 2.5914661345199193 9.693345592547757 -3.056237477081936
v 2.3116743255860683 9.69301387423252 -3.056200801954674
v 2.5914759875391837 9.697883455309011 -3.0462424101230567
v 2.3116743255860683 9.69301387423252 -3.056200801954674
v 2.3111066821984423 9.697883455309011 -3.0462424101230567
v 2.5914661345199193 9.693345592547757 -3.056237477081936
v 2.5914759875391837 9.682833515772472 -3.0593989277909373
v 2.3122362213791234 9.681713555916076 -3.0592481218571947
v 2.5914661345199193 9.693345592547757 -3.056237477081936
v 2.3122362213791234 9.681713555916076 -3.0592481218571947
v 2.3116743255860683 9.69301387423252 -3.056200801954674
v 2.3111066821984423 9.697883455309011 -3.0462424101230567
v 2.300367985980074 9.69343974362073 -3.045574320677929
v 2.3000907329657707 9.69341346890269 -2.764870560072154
v 2.3111066821984423 9.697883455309011 -3.0462424101230567
v 2.3000907329657707 9.69341346890269 -2.764870560072154
v 2.3101832353373766 9.697883455309011 -2.764949931616229
v 2.300367985980074 9.69343974362073 -3.045574320677929
v 2.295919895172119 9.682696668282688 -3.0440564083212394
v 2.295919895172119 9.682696668282688 -2.7639621664349647
v 2.300367985980074 9.69343974362073 -3.045574320677929
v 2.295919895172119 9.682696668282688 -2.7639621664349647
v 2.3000907329657707 9.69341346890269 -2.764870560072154
v 2.5923994344002494 9.683748751784151 -2.7487797585283147
v 2.592409834809473 9.69385138087 -2.754211235397861
v 2.310627989679176 9.693596297149043 -2.7541715496258234
v 2.5923994344002494 9.683748751784151 -2.7487797585283147
v 2.310627989679176 9.693596297149043 -2.7541715496258234
v 2.3111066821984423 9.682833515772472 -2.748656322092529
v 2.592409834809473 9.69385138087 -2.754211235397861
v 2.5923994344002494 9.697883455309011 -2.764949931616229
v 2.3101832353373766 9.697883455309011 -2.764949931616229
v 2.592409834809473 9.69385138087 -2.754211235397861
v 2.3101832353373766 9.697883455309011 -2.764949931616229
v 2.310627989679176 9.693596297149043 -2.7541715496258234
v 2.606662774565507 9.682696668282688 -2.7639621664349647
v 2.602492210466835 9.683239679122153 -2.753221828046719
v 2.6022174207073476 4.288972189438255 -1.9403856454815411
v 2.606662774565507 9.682696668282688 -2.7639621664349647
v 2.6022174207073476 4.288972189438255 -1.9403856454815411
v 2.606662774565507 4.289009411955476 -1.95124463064343
v 2.602492210466835 9.683239679122153 -2.753221828046719
v 2.5923994344002494 9.683748751784151 -2.7487797585283147
v 2.59148474577853 4.288933872141115 -1.9358878790347944
v 2.602492210466835 9.683239679122153 -2.753221828046719
v 2.59148474577853 4.288933872141115 -1.9358878790347944
v 2.6022174207073476 4.288972189438255 -1.9403856454815411
v 2.3111066821984423 9.682833515772472 -2.748656322092529
v 2.300367985980074 9.682754691618356 -2.7531369826030527
v 2.3003625120804827 4.2889689050985 -1.9403852349390718
v 2.3111066821984423 9.682833515772472 -2.748656322092529
v 2.3003625120804827 4.2889689050985 -1.9403852349390718
v 2.3110886183297907 4.288927303461605 -1.9358870579498557
v 2.300367985980074 9.682754691618356 -2.7531369826030527
v 2.295919895172119 9.682696668282688 -2.7639621664349647
v 2.295919895172119 4.289009411955476 -1.95124463064343
v 2.300367985980074 9.682754691618356 -2.7531369826030527
v 2.295919895172119 4.289009411955476 -1.95124463064343
v 2.3003625120804827 4.2889689050985 -1.9403852349390718
v 2.5914855668634686 4.267491512661763 -1.9349258411816095
v 2.59148474577853 4.278234040609846 -1.9349281675889358
v 2.3110927237544843 4.278232398439968 -1.9349278938939563
v 2.5914855668634686 4.267491512661763 -1.9349258411816095
v 2.3110927237544843 4.278232398439968 -1.9349278938939563
v 2.311096829179178 4.267491512661763 -1.9349258411816095
v 2.59148474577853 4.278234040609846 -1.9349281675889358
v 2.59148474577853 4.288933872141115 -1.9358878790347944
v 2.3110886183297907 4.288927303461605 -1.9358870579498557
v 2.59148474577853 4.278234040609846 -1.9349281675889358
v 2.3110886183297907 4.288927303461605 -1.9358870579498557
v 2.3110927237544843 4.278232398439968 -1.9349278938939563
v 2.5914759875391837 -0.45892054110180425 -2.4277122834206466
v 2.3111066821984423 -0.45892054110180425 -2.4277122834206466
v 2.3111066821984423 4.267484396592295 -2.245668994269977
v 2.5914759875391837 -0.45892054110180425 -2.4277122834206466
v 2.3111066821984423 4.267484396592295 -2.245668994269977
v 2.5914759875391837 4.267484396592295 -2.245668994269977
v 2.5914759875391837 9.697883455309011 -3.0462424101230567
v 2.3111066821984423 9.697883455309011 -3.0462424101230567
v 2.3101832353373766 9.697883455309011 -2.764949931616229
v 2.5914759875391837 9.697883455309011 -3.0462424101230567
v 2.3101832353373766 9.697883455309011 -2.764949931616229
v 2.5923994344002494 9.697883455309011 -2.764949931616229
v 2.5914855668634686 4.267491512661763 -1.9349258411816095
v 2.311096829179178 4.267491512661763 -1.9349258411816095
v 2.3111066821984423 -0.45892054110180425 -2.116969267179769
v 2.5914855668634686 4.267491512661763 -1.9349258411816095
v 2.3111066821984423 -0.45892054110180425 -2.116969267179769
v 2.5918025056498095 -0.4592466486699607 -2.1169837730136862
v 2.5918025056498095 -0.4740922749042511 -2.132504057372614
v 2.3111066821984423 -0.4740922749042511 -2.13283057548324
v 2.311455369602413 -0.4740922749042511 -2.4128511934200105
v 2.5918025056498095 -0.4740922749042511 -2.132504057372614
v 2.311455369602413 -0.4740922749042511 -2.4128511934200105
v 2.5914759875391837 -0.4740922749042511 -2.4131998808239814
v 2.295919895172119 -0.45890555630167285 -2.412509895780488
v 2.295919895172119 -0.45890555630167285 -2.1321704231925196
v 2.295919895172119 4.26751286087017 -1.9501321973989718
v 2.295919895172119 -0.45890555630167285 -2.412509895780488
v 2.295919895172119 4.26751286087017 -1.9501321973989718
v 2.295919895172119 4.267508481750497 -2.230454564050717
v 2.606662774565507 -0.45890555630167285 -2.1321704231925196
v 2.606662774565507 -0.45890555630167285 -2.412509895780488
v 2.606662774565507 4.267508481750497 -2.230454564050717
v 2.606662774565507 -0.45890555630167285 -2.1321704231925196
v 2.606662774565507 4.267508481750497 -2.230454564050717
v 2.606662774565507 4.26751286087017 -1.9501321973989718
v 2.606662774565507 4.289009411955476 -1.95124463064343
v 2.606662774565507 4.288985874187233 -2.2313249140857465
v 2.606662774565507 9.682696668282688 -3.0440564083212394
v 2.606662774565507 4.289009411955476 -1.95124463064343
v 2.606662774565507 9.682696668282688 -3.0440564083212394
v 2.606662774565507 9.682696668282688 -2.7639621664349647
v 2.5923994344002494 9.683748751784151 -2.7487797585283147
v 2.3111066821984423 9.682833515772472 -2.748656322092529
v 2.3110886183297907 4.288927303461605 -1.9358870579498557
v 2.5923994344002494 9.683748751784151 -2.7487797585283147
v 2.3110886183297907 4.288927303461605 -1.9358870579498557
v 2.59148474577853 4.288933872141115 -1.9358878790347944
v 2.295919895172119 4.288985874187233 -2.2313249140857465
v 2.295919895172119 4.289009411955476 -1.95124463064343
v 2.295919895172119 9.682696668282688 -2.7639621664349647
v 2.295919895172119 4.288985874187233 -2.2313249140857465
v 2.295919895172119 9.682696668282688 -2.7639621664349647
v 2.295919895172119 9.682696668282688 -3.0440564083212394
v 2.591464492350042 4.288948104280053 -2.2466324005980596
v 2.311118177387584 4.288948104280053 -2.2466324005980596
v 2.3122362213791234 9.681713555916076 -3.0592481218571947
v 2.591464492350042 4.288948104280053 -2.2466324005980596
v 2.3122362213791234 9.681713555916076 -3.0592481218571947
v 2.5914759875391837 9.682833515772472 -3.0593989277909373
v 2.5914724295044493 -0.4696068931553299 -2.4236974517653493
v 2.5914759875391837 -0.45892054110180425 -2.4277122834206466
v 2.602214683757552 -0.458913082913611 -2.423259539798039
v 2.5914724295044493 -0.4696068931553299 -2.4236974517653493
v 2.602214683757552 -0.458913082913611 -2.423259539798039
v 2.6002394270900027 -0.46764710025412626 -2.4216502133181734
v 2.602214683757552 -0.458913082913611 -2.423259539798039
v 2.606662774565507 -0.45890555630167285 -2.412509895780488
v 2.602214683757552 -0.4696444577912757 -2.412998715013998
v 2.602214683757552 -0.458913082913611 -2.423259539798039
v 2.602214683757552 -0.4696444577912757 -2.412998715013998
v 2.6002394270900027 -0.46764710025412626 -2.4216502133181734
v 2.602214683757552 -0.4696444577912757 -2.412998715013998
v 2.5914759875391837 -0.4740922749042511 -2.4131998808239814
v 2.5914724295044493 -0.4696068931553299 -2.4236974517653493
v 2.602214683757552 -0.4696444577912757 -2.412998715013998
v 2.5914724295044493 -0.4696068931553299 -2.4236974517653493
v 2.6002394270900027 -0.46764710025412626 -2.4216502133181734
v 2.60231102439036 -0.4590805158173623 -2.121431453279172
v 2.5918025056498095 -0.4592466486699607 -2.1169837730136862
v 2.5918063373795235 -0.4697832895696621 -2.121765361154246
v 2.60231102439036 -0.4590805158173623 -2.121431453279172
v 2.5918063373795235 -0.4697832895696621 -2.121765361154246
v 2.6003812010894194 -0.46776793658760596 -2.12369326859033
v 2.5918063373795235 -0.4697832895696621 -2.121765361154246
v 2.5918025056498095 -0.4740922749042511 -2.132504057372614
v 2.60231102439036 -0.46964172084148004 -2.1324725824499637
v 2.5918063373795235 -0.4697832895696621 -2.121765361154246
v 2.60231102439036 -0.46964172084148004 -2.1324725824499637
v 2.6003812010894194 -0.46776793658760596 -2.12369326859033
v 2.60231102439036 -0.46964172084148004 -2.1324725824499637
v 2.606662774565507 -0.45890555630167285 -2.1321704231925196
v 2.60231102439036 -0.4590805158173623 -2.121431453279172
v 2.60231102439036 -0.46964172084148004 -2.1324725824499637
v 2.60231102439036 -0.4590805158173623 -2.121431453279172
v 2.6003812010894194 -0.46776793658760596 -2.12369326859033
v 2.300469526817494 -0.46964172084148004 -2.4128169815475644
v 2.295919895172119 -0.45890555630167285 -2.412509895780488
v 2.300367985980074 -0.458913082913611 -2.423259539798039
v 2.300469526817494 -0.46964172084148004 -2.4128169815475644
v 2.300367985980074 -0.458913082913611 -2.423259539798039
v 2.3024163192071683 -0.4676459370504631 -2.4215733050289145
v 2.300367985980074 -0.458913082913611 -2.423259539798039
v 2.3111066821984423 -0.45892054110180425 -2.4277122834206466
v 2.311284036545203 -0.4696076458165237 -2.4235950898429905
v 2.300367985980074 -0.458913082913611 -2.423259539798039
v 2.311284036545203 -0.4696076458165237 -2.4235950898429905
v 2.3024163192071683 -0.4676459370504631 -2.4215733050289145
v 2.311284036545203 -0.4696076458165237 -2.4235950898429905
v 2.311455369602413 -0.4740922749042511 -2.4128511934200105
v 2.300469526817494 -0.46964172084148004 -2.4128169815475644
v 2.311284036545203 -0.4696076458165237 -2.4235950898429905
v 2.300469526817494 -0.46964172084148004 -2.4128169815475644
v 2.3024163192071683 -0.4676459370504631 -2.4215733050289145
v 2.6022111257228175 4.288966715538663 -2.2421490031377402
v 2.606662774565507 4.288985874187233 -2.2313249140857465
v 2.606662774565507 4.278395520647791 -2.2304072148192517
v 2.6022111257228175 4.288966715538663 -2.2421490031377402
v 2.606662774565507 4.278395520647791 -2.2304072148192517
v 2.602212767892695 4.278304653914574 -2.2412006500335337
v 2.606662774565507 4.278395520647791 -2.2304072148192517
v 2.606662774565507 4.267508481750497 -2.230454564050717
v 2.602214683757552 4.267496439171396 -2.241212692612635
v 2.606662774565507 4.278395520647791 -2.2304072148192517
v 2.602214683757552 4.267496439171396 -2.241212692612635
v 2.602212767892695 4.278304653914574 -2.2412006500335337
v 2.602214683757552 4.267496439171396 -2.241212692612635
v 2.5914759875391837 4.267484396592295 -2.245668994269977
v 2.591470239944613 4.278236230169682 -2.245671457524793
v 2.602214683757552 4.267496439171396 -2.241212692612635
v 2.591470239944613 4.278236230169682 -2.245671457524793
v 2.602212767892695 4.278304653914574 -2.2412006500335337
v 2.591470239944613 4.278236230169682 -2.245671457524793
v 2.591464492350042 4.288948104280053 -2.2466324005980596
v 2.6022111257228175 4.288966715538663 -2.2421490031377402
v 2.591470239944613 4.278236230169682 -2.245671457524793
v 2.6022111257228175 4.288966715538663 -2.2421490031377402
v 2.602212767892695 4.278304653914574 -2.2412006500335337
v 2.3111028504687283 -0.4696886595304761 -2.1218559541924833
v 2.3111066821984423 -0.45892054110180425 -2.116969267179769
v 2.300367985980074 -0.4589094564551317 -2.1214213265649278
v 2.3111028504687283 -0.4696886595304761 -2.1218559541924833
v 2.300367985980074 -0.4589094564551317 -2.1214213265649278
v 2.3023399583078685 -0.4676978022490914 -2.123760323860324
v 2.300367985980074 -0.4589094564551317 -2.1214213265649278
v 2.295919895172119 -0.45890555630167285 -2.1321704231925196
v 2.300367985980074 -0.46964418409629616 -2.132643915507174
v 2.300367985980074 -0.4589094564551317 -2.1214213265649278
v 2.300367985980074 -0.46964418409629616 -2.132643915507174
v 2.3023399583078685 -0.4676978022490914 -2.123760323860324
v 2.300367985980074 -0.46964418409629616 -2.132643915507174
v 2.3111066821984423 -0.4740922749042511 -2.13283057548324
v 2.3111028504687283 -0.4696886595304761 -2.1218559541924833
v 2.300367985980074 -0.46964418409629616 -2.132643915507174
v 2.3111028504687283 -0.4696886595304761 -2.1218559541924833
v 2.3023399583078685 -0.4676978022490914 -2.123760323860324
v 2.300367985980074 4.267496439171396 -2.241212692612635
v 2.295919895172119 4.267508481750497 -2.230454564050717
v 2.295919895172119 4.278395520647791 -2.2304072148192517
v 2.300367985980074 4.267496439171396 -2.241212692612635
v 2.295919895172119 4.278395520647791 -2.2304072148192517
v 2.3003696281499515 4.278304653914574 -2.2412006500335337
v 2.295919895172119 4.278395520647791 -2.2304072148192517
v 2.295919895172119 4.288985874187233 -2.2313249140857465
v 2.300371270319829 4.288966715538663 -2.2421490031377402
v 2.295919895172119 4.278395520647791 -2.2304072148192517
v 2.300371270319829 4.288966715538663 -2.2421490031377402
v 2.3003696281499515 4.278304653914574 -2.2412006500335337
v 2.300371270319829 4.288966715538663 -2.2421490031377402
v 2.311118177387584 4.288948104280053 -2.2466324005980596
v 2.311111882403054 4.278236230169682 -2.245671457524793
v 2.300371270319829 4.288966715538663 -2.2421490031377402
v 2.311111882403054 4.278236230169682 -2.245671457524793
v 2.3003696281499515 4.278304653914574 -2.2412006500335337
v 2.311111882403054 4.278236230169682 -2.245671457524793
v 2.3111066821984423 4.267484396592295 -2.245668994269977
v 2.300367985980074 4.267496439171396 -2.241212692612635
v 2.311111882403054 4.278236230169682 -2.245671457524793
v 2.300367985980074 4.267496439171396 -2.241212692612635
v 2.3003696281499515 4.278304653914574 -2.2412006500335337
v 2.5914661345199193 9.693345592547757 -3.056237477081936
v 2.5914759875391837 9.697883455309011 -3.0462424101230567
v 2.602214683757552 9.69343974362073 -3.045574320677929
v 2.5914661345199193 9.693345592547757 -3.056237477081936
v 2.602214683757552 9.69343974362073 -3.045574320677929
v 2.600236690140207 9.691413305992 -3.054022737307264
v 2.602214683757552 9.69343974362073 -3.045574320677929
v 2.606662774565507 9.682696668282688 -3.0440564083212394
v 2.602214136367593 9.68277768199664 -3.054908414261149
v 2.602214683757552 9.69343974362073 -3.045574320677929
v 2.602214136367593 9.68277768199664 -3.054908414261149
v 2.600236690140207 9.691413305992 -3.054022737307264
v 2.602214136367593 9.68277768199664 -3.054908414261149
v 2.5914759875391837 9.682833515772472 -3.0593989277909373
v 2.5914661345199193 9.693345592547757 -3.056237477081936
v 2.602214136367593 9.68277768199664 -3.054908414261149
v 2.5914661345199193 9.693345592547757 -3.056237477081936
v 2.600236690140207 9.691413305992 -3.054022737307264
v 2.300693135615802 9.68219963819979 -3.054801946914097
v 2.295919895172119 9.682696668282688 -3.0440564083212394
v 2.300367985980074 9.69343974362073 -3.045574320677929
v 2.300693135615802 9.68219963819979 -3.054801946914097
v 2.300367985980074 9.69343974362073 -3.045574320677929
v 2.3025788940250322 9.691166980510388 -3.0539783987205738
v 2.300367985980074 9.69343974362073 -3.045574320677929
v 2.3111066821984423 9.697883455309011 -3.0462424101230567
v 2.3116743255860683 9.69301387423252 -3.056200801954674
v 2.300367985980074 9.69343974362073 -3.045574320677929
v 2.3116743255860683 9.69301387423252 -3.056200801954674
v 2.3025788940250322 9.691166980510388 -3.0539783987205738
v 2.3116743255860683 9.69301387423252 -3.056200801954674
v 2.3122362213791234 9.681713555916076 -3.0592481218571947
v 2.300693135615802 9.68219963819979 -3.054801946914097
v 2.3116743255860683 9.69301387423252 -3.056200801954674
v 2.300693135615802 9.68219963819979 -3.054801946914097
v 2.3025788940250322 9.691166980510388 -3.0539783987205738
v 2.6024919367718553 9.69341346890269 -2.764870560072154
v 2.5923994344002494 9.697883455309011 -2.764949931616229
v 2.592409834809473 9.69385138087 -2.754211235397861
v 2.6024919367718553 9.69341346890269 -2.764870560072154
v 2.592409834809473 9.69385138087 -2.754211235397861
v 2.6006428534898873 9.691746119087156 -2.756055118475217
v 2.592409834809473 9.69385138087 -2.754211235397861
v 2.5923994344002494 9.683748751784151 -2.7487797585283147
v 2.602492210466835 9.683239679122153 -2.753221828046719
v 2.592409834809473 9.69385138087 -2.754211235397861
v 2.602492210466835 9.683239679122153 -2.753221828046719
v 2.6006428534898873 9.691746119087156 -2.756055118475217
v 2.602492210466835 9.683239679122153 -2.753221828046719
v 2.606662774565507 9.682696668282688 -2.7639621664349647
v 2.6024919367718553 9.69341346890269 -2.764870560072154
v 2.602492210466835 9.683239679122153 -2.753221828046719
v 2.6024919367718553 9.69341346890269 -2.764870560072154
v 2.6006428534898873 9.691746119087156 -2.756055118475217
v 2.3000907329657707 9.69341346890269 -2.764870560072154
v 2.295919895172119 9.682696668282688 -2.7639621664349647
v 2.300367985980074 9.682754691618356 -2.7531369826030527
v 2.3000907329657707 9.69341346890269 -2.764870560072154
v 2.300367985980074 9.682754691618356 -2.7531369826030527
v 2.3021368766330284 9.691550153481785 -2.756015706398159
v 2.300367985980074 9.682754691618356 -2.7531369826030527
v 2.3111066821984423 9.682833515772472 -2.748656322092529
v 2.310627989679176 9.693596297149043 -2.7541715496258234
v 2.300367985980074 9.682754691618356 -2.7531369826030527
v 2.310627989679176 9.693596297149043 -2.7541715496258234
v 2.3021368766330284 9.691550153481785 -2.756015706398159
v 2.310627989679176 9.693596297149043 -2.7541715496258234
v 2.3101832353373766 9.697883455309011 -2.764949931616229
v 2.3000907329657707 9.69341346890269 -2.764870560072154
v 2.310627989679176 9.693596297149043 -2.7541715496258234
v 2.3000907329657707 9.69341346890269 -2.764870560072154
v 2.3021368766330284 9.691550153481785 -2.756015706398159
v 2.6022174207073476 4.267502460460946 -1.9393798164316252
v 2.606662774565507 4.26751286087017 -1.9501321973989718
v 2.606662774565507 4.2780829609811235 -1.9501851573775184
v 2.6022174207073476 4.267502460460946 -1.9393798164316252
v 2.606662774565507 4.2780829609811235 -1.9501851573775184
v 2.6022174207073476 4.278177659444054 -1.9393967855203584
v 2.606662774565507 4.2780829609811235 -1.9501851573775184
v 2.606662774565507 4.289009411955476 -1.95124463064343
v 2.6022174207073476 4.288972189438255 -1.9403856454815411
v 2.606662774565507 4.2780829609811235 -1.9501851573775184
v 2.6022174207073476 4.288972189438255 -1.9403856454815411
v 2.6022174207073476 4.278177659444054 -1.9393967855203584
v 2.6022174207073476 4.288972189438255 -1.9403856454815411
v 2.59148474577853 4.288933872141115 -1.9358878790347944
v 2.59148474577853 4.278234040609846 -1.9349281675889358
v 2.6022174207073476 4.288972189438255 -1.9403856454815411
v 2.59148474577853 4.278234040609846 -1.9349281675889358
v 2.6022174207073476 4.278177659444054 -1.9393967855203584
v 2.59148474577853 4.278234040609846 -1.9349281675889358
v 2.5914855668634686 4.267491512661763 -1.9349258411816095
v 2.6022174207073476 4.267502460460946 -1.9393798164316252
v 2.59148474577853 4.278234040609846 -1.9349281675889358
v 2.6022174207073476 4.267502460460946 -1.9393798164316252
v 2.6022174207073476 4.278177659444054 -1.9393967855203584
v 2.3003625120804827 4.2889689050985 -1.9403852349390718
v 2.295919895172119 4.289009411955476 -1.95124463064343
v 2.295919895172119 4.2780829609811235 -1.9501851573775184
v 2.3003625120804827 4.2889689050985 -1.9403852349390718
v 2.295919895172119 4.2780829609811235 -1.9501851573775184
v 2.3003638805553805 4.278176564664136 -1.9393965118253789
v 2.295919895172119 4.2780829609811235 -1.9501851573775184
v 2.295919895172119 4.26751286087017 -1.9501321973989718
v 2.300364975335299 4.267502460460946 -1.9393798164316252
v 2.295919895172119 4.2780829609811235 -1.9501851573775184
v 2.300364975335299 4.267502460460946 -1.9393798164316252
v 2.3003638805553805 4.278176564664136 -1.9393965118253789
v 2.300364975335299 4.267502460460946 -1.9393798164316252
v 2.311096829179178 4.267491512661763 -1.9349258411816095
v 2.3110927237544843 4.278232398439968 -1.9349278938939563
v 2.300364975335299 4.267502460460946 -1.9393798164316252
v 2.3110927237544843 4.278232398439968 -1.9349278938939563
v 2.3003638805553805 4.278176564664136 -1.9393965118253789
v 2.3110927237544843 4.278232398439968 -1.9349278938939563
v 2.3110886183297907 4.288927303461605 -1.9358870579498557
v 2.3003625120804827 4.2889689050985 -1.9403852349390718
v 2.3110927237544843 4.278232398439968 -1.9349278938939563
v 2.3003625120804827 4.2889689050985 -1.9403852349390718
v 2.3003638805553805 4.278176564664136 -1.9393965118253789
vt 0.3627700209617615 0.9990861135884188
vt 0.37489771842956543 0.9993094773963094
vt 0.3748553991317749 0.7528881281614304
vt 0.3627700209617615 0.9990861135884188
vt 0.3748553991317749 0.7528881281614304
vt 0.3627605736255646 0.7526680380105972
vt 0.37489771842956543 0.9993094773963094
vt 0.38721805810928345 0.9990869623725303
vt 0.38721805810928345 0.752669483423233
vt 0.37489771842956543 0.9993094773963094
vt 0.38721805810928345 0.752669483423233
vt 0.3748553991317749 0.7528881281614304
vt 0.3872181177139282 0.012218058109283447
vt 0.3750000596046448 0.007441103458404541
vt 0.37500008940696716 0.2424635887145996
vt 0.3872181177139282 0.012218058109283447
vt 0.37500008940696716 0.2424635887145996
vt 0.38695549964904785 0.23804455995559692
vt 0.36755895614624023 0.9999999972639821
vt 0.3627700209617615 0.9990861135884188
vt 0.1372302770614624 0.9990861170226708
vt 0.36755895614624023 0.9999999972639821
vt 0.1372302770614624 0.9990861170226708
vt 0.13253644108772278 0.9999999999149904
vt 0.38721805810928345 0.9990869623725303
vt 0.38255131244659424 0.9999999972652243
vt 0.6173713207244873 0.9999999999139502
vt 0.38721805810928345 0.9990869623725303
vt 0.6173713207244873 0.9999999999139502
vt 0.6127817630767822 0.99908696860075
vt 0.38255128264427185 0
vt 0.3872181177139282 0.012218058109283447
vt 0.6125014424324036 0.012498557567596436
vt 0.38255128264427185 0
vt 0.6125014424324036 0.012498557567596436
vt 0.6173713207244873 0
vt 0.38695549964904785 0.23804455995559692
vt 0.3868468999862671 0.24683094024658203
vt 0.612895131111145 0.2467632293701172
vt 0.38695549964904785 0.23804455995559692
vt 0.612895131111145 0.2467632293701172
vt 0.6127819418907166 0.23778194189071655
vt 0.3868468999862671 0.24683094024658203
vt 0.38695552945137024 0.25089335441589355
vt 0.6127819418907166 0.25091296434402466
vt 0.3868468999862671 0.24683094024658203
vt 0.6127819418907166 0.25091296434402466
vt 0.612895131111145 0.2467632293701172
vt 0.38695552945137024 0.25089335441589355
vt 0.37500008940696716 0.2510707974433899
vt 0.37500008940696716 0.49735450744628906
vt 0.38695552945137024 0.25089335441589355
vt 0.37500008940696716 0.49735450744628906
vt 0.38721027970314026 0.4973309636116028
vt 0.125 0.9989292318932712
vt 0.1372302770614624 0.9990861170226708
vt 0.13723459839820862 0.7526677697896957
vt 0.125 0.9989292318932712
vt 0.13723459839820862 0.7526677697896957
vt 0.1250000298023224 0.7526455074548721
vt 0.6127817630767822 0.99908696860075
vt 0.6251099705696106 0.9993084134766832
vt 0.6251404881477356 0.7528881430625916
vt 0.6127817630767822 0.99908696860075
vt 0.6251404881477356 0.7528881430625916
vt 0.6127819418907166 0.752669483423233
vt 0.6251099705696106 0.9993084134766832
vt 0.6372300982475281 0.9990862398408353
vt 0.637239396572113 0.7526680380105972
vt 0.6251099705696106 0.9993084134766832
vt 0.637239396572113 0.7526680380105972
vt 0.6251404881477356 0.7528881430625916
vt 0.6372300982475281 0.9990862398408353
vt 0.6325250864028931 1
vt 0.86736661195755 1
vt 0.6372300982475281 0.9990862398408353
vt 0.86736661195755 1
vt 0.8627697825431824 0.9990860985126346
vt 0.625 0.007525086402893066
vt 0.6125014424324036 0.012498557567596436
vt 0.6127819418907166 0.23778194189071655
vt 0.625 0.007525086402893066
vt 0.6127819418907166 0.23778194189071655
vt 0.625 0.24236661195755005
vt 0.3627605736255646 0.7526680380105972
vt 0.3623269498348236 0.7523386776447296
vt 0.13688597083091736 0.7523473650217056
vt 0.3627605736255646 0.7526680380105972
vt 0.13688597083091736 0.7523473650217056
vt 0.13723459839820862 0.7526677697896957
vt 0.3623269498348236 0.7523386776447296
vt 0.3626804053783417 0.7520177364349365
vt 0.13734664022922516 0.7520177364349365
vt 0.3623269498348236 0.7523386776447296
vt 0.13734664022922516 0.7520177364349365
vt 0.13688597083091736 0.7523473650217056
vt 0.387226939201355 0.7520177513360977
vt 0.387211412191391 0.7523592710494995
vt 0.6127884387969971 0.7523592710494995
vt 0.387226939201355 0.7520177513360977
vt 0.6127884387969971 0.7523592710494995
vt 0.61277174949646 0.7520177513360977
vt 0.387211412191391 0.7523592710494995
vt 0.38721805810928345 0.752669483423233
vt 0.6127819418907166 0.752669483423233
vt 0.387211412191391 0.7523592710494995
vt 0.6127819418907166 0.752669483423233
vt 0.6127884387969971 0.7523592710494995
vt 0.3626804053783417 0.7520177364349365
vt 0.37408918142318726 0.7520146667957306
vt 0.37410688400268555 0.7500018626451492
vt 0.3626804053783417 0.7520177364349365
vt 0.37410688400268555 0.7500018626451492
vt 0.3626713156700134 0.7500050365924835
vt 0.37408918142318726 0.7520146667957306
vt 0.387226939201355 0.7520177513360977
vt 0.38721802830696106 0.7500049918889999
vt 0.37408918142318726 0.7520146667957306
vt 0.38721802830696106 0.7500049918889999
vt 0.37410688400268555 0.7500018626451492
vt 0.8627697825431824 0.9990860985126346
vt 0.875 0.9989024013048038
vt 0.8749999403953552 0.7526454031467438
vt 0.8627697825431824 0.9990860985126346
vt 0.8749999403953552 0.7526454031467438
vt 0.8627654314041138 0.7526677697896957
vt 0.625 0.2510976195335388
vt 0.6127819418907166 0.25091296434402466
vt 0.6127899289131165 0.4973309636116028
vt 0.625 0.2510976195335388
vt 0.6127899289131165 0.4973309636116028
vt 0.625 0.4973546266555786
vt 0.6373193264007568 0.7520177513360977
vt 0.6376729607582092 0.7523383498191833
vt 0.863114058971405 0.7523473650217056
vt 0.6373193264007568 0.7520177513360977
vt 0.863114058971405 0.7523473650217056
vt 0.8626533150672913 0.7520177364349365
vt 0.6376729607582092 0.7523383498191833
vt 0.637239396572113 0.7526680380105972
vt 0.8627654314041138 0.7526677697896957
vt 0.6376729607582092 0.7523383498191833
vt 0.8627654314041138 0.7526677697896957
vt 0.863114058971405 0.7523473650217056
vt 0.61277174949646 0.7520177513360977
vt 0.6259092092514038 0.7520146816968918
vt 0.6257951855659485 0.750001922249794
vt 0.61277174949646 0.7520177513360977
vt 0.6257951855659485 0.750001922249794
vt 0.6118731498718262 0.750005379319191
vt 0.6259092092514038 0.7520146816968918
vt 0.6373193264007568 0.7520177513360977
vt 0.6373287439346313 0.7500050365924835
vt 0.6259092092514038 0.7520146816968918
vt 0.6373287439346313 0.7500050365924835
vt 0.6257951855659485 0.750001922249794
vt 0.3626713156700134 0.7500050365924835
vt 0.3677237331867218 0.7499999701976776
vt 0.13255062699317932 0.75
vt 0.3626713156700134 0.7500050365924835
vt 0.13255062699317932 0.75
vt 0.13732871413230896 0.7500050663948059
vt 0.375 0.7427237033843994
vt 0.38721808791160583 0.7377819716930389
vt 0.38647517561912537 0.5114753544330597
vt 0.375 0.7427237033843994
vt 0.38647517561912537 0.5114753544330597
vt 0.3750000298023224 0.5075505673885345
vt 0.38721808791160583 0.7377819716930389
vt 0.38715848326683044 0.7467760443687439
vt 0.6123971939086914 0.7467823922634125
vt 0.38721808791160583 0.7377819716930389
vt 0.6123971939086914 0.7467823922634125
vt 0.6127819418907166 0.7377819120883942
vt 0.38715848326683044 0.7467760443687439
vt 0.38721802830696106 0.7500049918889999
vt 0.6118731498718262 0.750005379319191
vt 0.38715848326683044 0.7467760443687439
vt 0.6118731498718262 0.750005379319191
vt 0.6123971939086914 0.7467823922634125
vt 0.6127819418907166 0.7377819120883942
vt 0.625 0.7427132427692413
vt 0.625 0.5076170563697815
vt 0.6127819418907166 0.7377819120883942
vt 0.625 0.5076170563697815
vt 0.613524854183197 0.5114753246307373
vt 0.6322867274284363 0.7499999701976776
vt 0.6373287439346313 0.7500050365924835
vt 0.8626713156700134 0.7500050663948059
vt 0.6322867274284363 0.7499999701976776
vt 0.8626713156700134 0.7500050663948059
vt 0.8673829436302185 0.75
vt 0.386475145816803 0.49999529123306274
vt 0.38634899258613586 0.5038596987724304
vt 0.6132914423942566 0.503898948431015
vt 0.386475145816803 0.49999529123306274
vt 0.6132914423942566 0.503898948431015
vt 0.6127817034721375 0.49999499320983887
vt 0.38634899258613586 0.5038596987724304
vt 0.38647517561912537 0.5114753544330597
vt 0.613524854183197 0.5114753246307373
vt 0.38634899258613586 0.5038596987724304
vt 0.613524854183197 0.5114753246307373
vt 0.6132914423942566 0.503898948431015
vt 0.13732871413230896 0.7500050663948059
vt 0.12500007450580597 0.750005453824997
vt 0.1250000298023224 0.752018079161644
vt 0.13732871413230896 0.7500050663948059
vt 0.1250000298023224 0.752018079161644
vt 0.13734664022922516 0.7520177364349365
vt 0.3750000298023224 0.49999457597732544
vt 0.386475145816803 0.49999529123306274
vt 0.38721099495887756 0.4979822635650635
vt 0.3750000298023224 0.49999457597732544
vt 0.38721099495887756 0.4979822635650635
vt 0.37500008940696716 0.4979819655418396
vt 0.6127817034721375 0.49999499320983887
vt 0.625 0.49999457597732544
vt 0.625 0.4979819655418396
vt 0.6127817034721375 0.49999499320983887
vt 0.625 0.4979819655418396
vt 0.6127963662147522 0.4979822635650635
vt 0.8749999403953552 0.7500054836273193
vt 0.8626713156700134 0.7500050663948059
vt 0.8626533150672913 0.7520177364349365
vt 0.8749999403953552 0.7500054836273193
vt 0.8626533150672913 0.7520177364349365
vt 0.8749999403953552 0.752018079161644
vt 0.38721027970314026 0.4973309636116028
vt 0.3872147798538208 0.49764031171798706
vt 0.612789511680603 0.49764013290405273
vt 0.38721027970314026 0.4973309636116028
vt 0.612789511680603 0.49764013290405273
vt 0.6127899289131165 0.4973309636116028
vt 0.3872147798538208 0.49764031171798706
vt 0.38721099495887756 0.4979822635650635
vt 0.6127963662147522 0.4979822635650635
vt 0.3872147798538208 0.49764031171798706
vt 0.6127963662147522 0.4979822635650635
vt 0.612789511680603 0.49764013290405273
vt 0.38721805810928345 0.9990869623725303
vt 0.6127817630767822 0.99908696860075
vt 0.6127819418907166 0.752669483423233
vt 0.38721805810928345 0.9990869623725303
vt 0.6127819418907166 0.752669483423233
vt 0.38721805810928345 0.752669483423233
vt 0.38721808791160583 0.7377819716930389
vt 0.6127819418907166 0.7377819120883942
vt 0.613524854183197 0.5114753246307373
vt 0.38721808791160583 0.7377819716930389
vt 0.613524854183197 0.5114753246307373
vt 0.38647517561912537 0.5114753544330597
vt 0.38721027970314026 0.4973309636116028
vt 0.6127899289131165 0.4973309636116028
vt 0.6127819418907166 0.25091296434402466
vt 0.38721027970314026 0.4973309636116028
vt 0.6127819418907166 0.25091296434402466
vt 0.38695552945137024 0.25089335441589355
vt 0.38695549964904785 0.23804455995559692
vt 0.6127819418907166 0.23778194189071655
vt 0.6125014424324036 0.012498557567596436
vt 0.38695549964904785 0.23804455995559692
vt 0.6125014424324036 0.012498557567596436
vt 0.3872181177139282 0.012218058109283447
vt 0.6372300982475281 0.9990862398408353
vt 0.8627697825431824 0.9990860985126346
vt 0.8627654314041138 0.7526677697896957
vt 0.6372300982475281 0.9990862398408353
vt 0.8627654314041138 0.7526677697896957
vt 0.637239396572113 0.7526680380105972
vt 0.1372302770614624 0.9990861170226708
vt 0.3627700209617615 0.9990861135884188
vt 0.3627605736255646 0.7526680380105972
vt 0.1372302770614624 0.9990861170226708
vt 0.3627605736255646 0.7526680380105972
vt 0.13723459839820862 0.7526677697896957
vt 0.13734664022922516 0.7520177364349365
vt 0.3626804053783417 0.7520177364349365
vt 0.3626713156700134 0.7500050365924835
vt 0.13734664022922516 0.7520177364349365
vt 0.3626713156700134 0.7500050365924835
vt 0.13732871413230896 0.7500050663948059
vt 0.386475145816803 0.49999529123306274
vt 0.6127817034721375 0.49999499320983887
vt 0.6127963662147522 0.4979822635650635
vt 0.386475145816803 0.49999529123306274
vt 0.6127963662147522 0.4979822635650635
vt 0.38721099495887756 0.4979822635650635
vt 0.6373193264007568 0.7520177513360977
vt 0.8626533150672913 0.7520177364349365
vt 0.8626713156700134 0.7500050663948059
vt 0.6373193264007568 0.7520177513360977
vt 0.8626713156700134 0.7500050663948059
vt 0.6373287439346313 0.7500050365924835
vt 0.387226939201355 0.7520177513360977
vt 0.61277174949646 0.7520177513360977
vt 0.6118731498718262 0.750005379319191
vt 0.387226939201355 0.7520177513360977
vt 0.6118731498718262 0.750005379319191
vt 0.38721802830696106 0.7500049918889999
vt 0.38255131244659424 0.9999999972652243
vt 0.38721805810928345 0.9990869623725303
vt 0.37489771842956543 0.9993094773963094
vt 0.38255131244659424 0.9999999972652243
vt 0.37489771842956543 0.9993094773963094
vt 0.37500008940696716 0.9999999971800477
vt 0.37489771842956543 0.9993094773963094
vt 0.3627700209617615 0.9990861135884188
vt 0.36755895614624023 0.9999999972639821
vt 0.37489771842956543 0.9993094773963094
vt 0.36755895614624023 0.9999999972639821
vt 0.37500008940696716 0.9999999971800477
vt 0.3750000596046448 0.007441103458404541
vt 0.3872181177139282 0.012218058109283447
vt 0.38255128264427185 0
vt 0.3750000596046448 0.007441103458404541
vt 0.38255128264427185 0
vt 0.3750000596046448 0
vt 0.37500008940696716 0.2510707974433899
vt 0.38695552945137024 0.25089335441589355
vt 0.3868468999862671 0.24683094024658203
vt 0.37500008940696716 0.2510707974433899
vt 0.3868468999862671 0.24683094024658203
vt 0.37500008940696716 0.25
vt 0.3868468999862671 0.24683094024658203
vt 0.38695549964904785 0.23804455995559692
vt 0.37500008940696716 0.2424635887145996
vt 0.3868468999862671 0.24683094024658203
vt 0.37500008940696716 0.2424635887145996
vt 0.37500008940696716 0.25
vt 0.13253644108772278 0.9999999999149904
vt 0.1372302770614624 0.9990861170226708
vt 0.125 0.9989292318932712
vt 0.13253644108772278 0.9999999999149904
vt 0.125 0.9989292318932712
vt 0.125 1
vt 0.6325250864028931 1
vt 0.6372300982475281 0.9990862398408353
vt 0.6251099705696106 0.9993084134766832
vt 0.6325250864028931 1
vt 0.6251099705696106 0.9993084134766832
vt 0.625 1
vt 0.6251099705696106 0.9993084134766832
vt 0.6127817630767822 0.99908696860075
vt 0.6173713207244873 0.9999999999139502
vt 0.6251099705696106 0.9993084134766832
vt 0.6173713207244873 0.9999999999139502
vt 0.625 1
vt 0.6173713207244873 0
vt 0.6125014424324036 0.012498557567596436
vt 0.625 0.007525086402893066
vt 0.6173713207244873 0
vt 0.625 0.007525086402893066
vt 0.625 0
vt 0.37408918142318726 0.7520146667957306
vt 0.3626804053783417 0.7520177364349365
vt 0.3623269498348236 0.7523386776447296
vt 0.37408918142318726 0.7520146667957306
vt 0.3623269498348236 0.7523386776447296
vt 0.375 0.7520213276147842
vt 0.3623269498348236 0.7523386776447296
vt 0.3627605736255646 0.7526680380105972
vt 0.3748553991317749 0.7528881281614304
vt 0.3623269498348236 0.7523386776447296
vt 0.3748553991317749 0.7528881281614304
vt 0.375 0.7520213276147842
vt 0.3748553991317749 0.7528881281614304
vt 0.38721805810928345 0.752669483423233
vt 0.387211412191391 0.7523592710494995
vt 0.3748553991317749 0.7528881281614304
vt 0.387211412191391 0.7523592710494995
vt 0.375 0.7520213276147842
vt 0.387211412191391 0.7523592710494995
vt 0.387226939201355 0.7520177513360977
vt 0.37408918142318726 0.7520146667957306
vt 0.387211412191391 0.7523592710494995
vt 0.37408918142318726 0.7520146667957306
vt 0.375 0.7520213276147842
vt 0.612895131111145 0.2467632293701172
vt 0.6127819418907166 0.25091296434402466
vt 0.625 0.2510976195335388
vt 0.612895131111145 0.2467632293701172
vt 0.625 0.2510976195335388
vt 0.625 0.25
vt 0.875 0.9989024013048038
vt 0.8627697825431824 0.9990860985126346
vt 0.86736661195755 1
vt 0.875 0.9989024013048038
vt 0.86736661195755 1
vt 0.875 1
vt 0.625 0.24236661195755005
vt 0.6127819418907166 0.23778194189071655
vt 0.612895131111145 0.2467632293701172
vt 0.625 0.24236661195755005
vt 0.612895131111145 0.2467632293701172
vt 0.625 0.25
vt 0.6251404881477356 0.7528881430625916
vt 0.637239396572113 0.7526680380105972
vt 0.6376729607582092 0.7523383498191833
vt 0.6251404881477356 0.7528881430625916
vt 0.6376729607582092 0.7523383498191833
vt 0.625 0.7520213276147842
vt 0.6376729607582092 0.7523383498191833
vt 0.6373193264007568 0.7520177513360977
vt 0.6259092092514038 0.7520146816968918
vt 0.6376729607582092 0.7523383498191833
vt 0.6259092092514038 0.7520146816968918
vt 0.625 0.7520213276147842
vt 0.6259092092514038 0.7520146816968918
vt 0.61277174949646 0.7520177513360977
vt 0.6127884387969971 0.7523592710494995
vt 0.6259092092514038 0.7520146816968918
vt 0.6127884387969971 0.7523592710494995
vt 0.625 0.7520213276147842
vt 0.6127884387969971 0.7523592710494995
vt 0.6127819418907166 0.752669483423233
vt 0.6251404881477356 0.7528881430625916
vt 0.6127884387969971 0.7523592710494995
vt 0.6251404881477356 0.7528881430625916
vt 0.625 0.7520213276147842
vt 0.38715848326683044 0.7467760443687439
vt 0.38721808791160583 0.7377819716930389
vt 0.375 0.7427237033843994
vt 0.38715848326683044 0.7467760443687439
vt 0.375 0.7427237033843994
vt 0.375 0.7499999701976776
vt 0.3677237331867218 0.7499999701976776
vt 0.3626713156700134 0.7500050365924835
vt 0.37410688400268555 0.7500018626451492
vt 0.3677237331867218 0.7499999701976776
vt 0.37410688400268555 0.7500018626451492
vt 0.375 0.7499999701976776
vt 0.37410688400268555 0.7500018626451492
vt 0.38721802830696106 0.7500049918889999
vt 0.38715848326683044 0.7467760443687439
vt 0.37410688400268555 0.7500018626451492
vt 0.38715848326683044 0.7467760443687439
vt 0.375 0.7499999701976776
vt 0.6257951855659485 0.750001922249794
vt 0.6373287439346313 0.7500050365924835
vt 0.6322867274284363 0.7499999701976776
vt 0.6257951855659485 0.750001922249794
vt 0.6322867274284363 0.7499999701976776
vt 0.625 0.7499999701976776
vt 0.625 0.7427132427692413
vt 0.6127819418907166 0.7377819120883942
vt 0.6123971939086914 0.7467823922634125
vt 0.625 0.7427132427692413
vt 0.6123971939086914 0.7467823922634125
vt 0.625 0.7499999701976776
vt 0.6123971939086914 0.7467823922634125
vt 0.6118731498718262 0.750005379319191
vt 0.6257951855659485 0.750001922249794
vt 0.6123971939086914 0.7467823922634125
vt 0.6257951855659485 0.750001922249794
vt 0.625 0.7499999701976776
vt 0.3750000298023224 0.5075505673885345
vt 0.38647517561912537 0.5114753544330597
vt 0.38634899258613586 0.5038596987724304
vt 0.3750000298023224 0.5075505673885345
vt 0.38634899258613586 0.5038596987724304
vt 0.3750000298023224 0.5000000298023224
vt 0.38634899258613586 0.5038596987724304
vt 0.386475145816803 0.49999529123306274
vt 0.3750000298023224 0.49999457597732544
vt 0.38634899258613586 0.5038596987724304
vt 0.3750000298023224 0.49999457597732544
vt 0.3750000298023224 0.5000000298023224
vt 0.12500007450580597 0.750005453824997
vt 0.13732871413230896 0.7500050663948059
vt 0.13255062699317932 0.75
vt 0.12500007450580597 0.750005453824997
vt 0.13255062699317932 0.75
vt 0.12500007450580597 0.75
vt 0.8673829436302185 0.75
vt 0.8626713156700134 0.7500050663948059
vt 0.8749999403953552 0.7500054836273193
vt 0.8673829436302185 0.75
vt 0.8749999403953552 0.7500054836273193
vt 0.8749999403953552 0.75
vt 0.625 0.49999457597732544
vt 0.6127817034721375 0.49999499320983887
vt 0.6132914423942566 0.503898948431015
vt 0.625 0.49999457597732544
vt 0.6132914423942566 0.503898948431015
vt 0.625 0.5000000298023224
vt 0.6132914423942566 0.503898948431015
vt 0.613524854183197 0.5114753246307373
vt 0.625 0.5076170563697815
vt 0.6132914423942566 0.503898948431015
vt 0.625 0.5076170563697815
vt 0.625 0.5000000298023224
vt 0.1250000298023224 0.7526455074548721
vt 0.13723459839820862 0.7526677697896957
vt 0.13688597083091736 0.7523473650217056
vt 0.1250000298023224 0.7526455074548721
vt 0.13688597083091736 0.7523473650217056
vt 0.1250000298023224 0.7520213276147842
vt 0.13688597083091736 0.7523473650217056
vt 0.13734664022922516 0.7520177364349365
vt 0.1250000298023224 0.752018079161644
vt 0.13688597083091736 0.7523473650217056
vt 0.1250000298023224 0.752018079161644
vt 0.1250000298023224 0.7520213276147842
vt 0.37500008940696716 0.4979819655418396
vt 0.38721099495887756 0.4979822635650635
vt 0.3872147798538208 0.49764031171798706
vt 0.37500008940696716 0.4979819655418396
vt 0.3872147798538208 0.49764031171798706
vt 0.37500008940696716 0.49797868728637695
vt 0.3872147798538208 0.49764031171798706
vt 0.38721027970314026 0.4973309636116028
vt 0.37500008940696716 0.49735450744628906
vt 0.3872147798538208 0.49764031171798706
vt 0.37500008940696716 0.49735450744628906
vt 0.37500008940696716 0.49797868728637695
vt 0.8749999403953552 0.752018079161644
vt 0.8626533150672913 0.7520177364349365
vt 0.863114058971405 0.7523473650217056
vt 0.8749999403953552 0.752018079161644
vt 0.863114058971405 0.7523473650217056
vt 0.8749999403953552 0.7520213276147842
vt 0.863114058971405 0.7523473650217056
vt 0.8627654314041138 0.7526677697896957
vt 0.8749999403953552 0.7526454031467438
vt 0.863114058971405 0.7523473650217056
vt 0.8749999403953552 0.7526454031467438
vt 0.8749999403953552 0.7520213276147842
vt 0.625 0.4973546266555786
vt 0.6127899289131165 0.4973309636116028
vt 0.612789511680603 0.49764013290405273
vt 0.625 0.4973546266555786
vt 0.612789511680603 0.49764013290405273
vt 0.625 0.49797868728637695
vt 0.612789511680603 0.49764013290405273
vt 0.6127963662147522 0.4979822635650635
vt 0.625 0.4979819655418396
vt 0.612789511680603 0.49764013290405273
vt 0.625 0.4979819655418396
vt 0.625 0.49797868728637695
vn 0.9998722406430396 -0.0003468233534057936 -0.015980679116634616
vn 0.923999742735635 0.014114620407885626 -0.38213250701192825
vn 0.9239654036536967 0.01469102795825231 -0.3821938075748887
vn 0.9998722406430396 -0.0003468233534057936 -0.015980679116634616
vn 0.9239654036536967 0.01469102795825231 -0.3821938075748887
vn 0.9998933522089064 0.0005609218994300914 -0.014593477140787897
vn 0.38282677063873344 0.03499358104661283 -0.9231571442435208
vn 0.015132374076930997 0.0375524832476748 -0.9991800749898534
vn 0.015435297651512154 0.038395523224128446 -0.9991434008102914
vn 0.38282677063873344 0.03499358104661283 -0.9231571442435208
vn 0.015435297651512154 0.038395523224128446 -0.9991434008102914
vn 0.38288556468009655 0.0354747948646948 -0.9231143933927751
vn 0.014939962781540346 -0.9997722436436169 -0.01524002466842961
vn 0.3852784067524364 -0.9227488112617355 -0.009756054805023251
vn 0.3852987361554281 -0.9227494174121604 0.008854184465452337
vn 0.014939962781540346 -0.9997722436436169 -0.01524002466842961
vn 0.3852987361554281 -0.9227494174121604 0.008854184465452337
vn 0.015141318384572984 -0.9997758158629104 0.014800624758066545
vn 0.9258386436969203 -0.3777818061010661 -0.010183948962150862
vn 0.9998722406430396 -0.0003468233534057936 -0.015980679116634616
vn 0.9998928906119856 -0.0014424201801845214 0.014564570973144174
vn 0.9258386436969203 -0.3777818061010661 -0.010183948962150862
vn 0.9998928906119856 -0.0014424201801845214 0.014564570973144174
vn 0.9256380999626699 -0.378308513124422 0.008762236876907628
vn 0.015132374076930997 0.0375524832476748 -0.9991800749898534
vn 0.009440001016813488 -0.3543621568334103 -0.9350606120381586
vn -0.009595052162557221 -0.3546881312423131 -0.934935433348118
vn 0.015132374076930997 0.0375524832476748 -0.9991800749898534
vn -0.009595052162557221 -0.3546881312423131 -0.934935433348118
vn -0.015133619140249813 0.03756011235686244 -0.999179769376591
vn 0.009234849192011039 -0.9216054506757997 -0.3880181836525928
vn 0.014939962781540346 -0.9997722436436169 -0.01524002466842961
vn -0.015025947465073184 -0.9997698216394366 -0.015314197394112735
vn 0.009234849192011039 -0.9216054506757997 -0.3880181836525928
vn -0.015025947465073184 -0.9997698216394366 -0.015314197394112735
vn -0.01009593067982978 -0.9217365403775574 -0.38768521034019265
vn 0.015141318384572984 -0.9997758158629104 0.014800624758066545
vn 0.00905163221914157 -0.9284520830448886 0.37134188754270187
vn -0.009961250407061509 -0.9284441032515798 0.37133855257392523
vn 0.015141318384572984 -0.9997758158629104 0.014800624758066545
vn -0.009961250407061509 -0.9284441032515798 0.37133855257392523
vn -0.015237560214630162 -0.999774974022023 0.014758661117081616
vn 0.009051223094925244 -0.4122102173799882 0.9110438035835757
vn 0.01529193095378929 -0.039404101273346634 0.9991063375089482
vn -0.015378554072557464 -0.03940233144187339 0.999105077732859
vn 0.009051223094925244 -0.4122102173799882 0.9110438035835757
vn -0.015378554072557464 -0.03940233144187339 0.999105077732859
vn -0.00996156762431498 -0.41220726756812087 0.911035639113251
vn 0.01529193095378929 -0.039404101273346634 0.9991063375089482
vn 0.38647306679867166 -0.036045212964972304 0.9215960672993019
vn 0.3865267730874551 -0.03539784341001807 0.9215986362666336
vn 0.01529193095378929 -0.039404101273346634 0.9991063375089482
vn 0.3865267730874551 -0.03539784341001807 0.9215986362666336
vn 0.015158214650207853 -0.038395170233488686 0.9991476564709341
vn 0.9254339251571705 -0.015121285663458873 0.3786071801855802
vn 0.9998928906119856 -0.0014424201801845214 0.014564570973144174
vn 0.9998749561821363 -0.0006067567778593935 0.01580202031335897
vn 0.9254339251571705 -0.015121285663458873 0.3786071801855802
vn 0.9998749561821363 -0.0006067567778593935 0.01580202031335897
vn 0.9254095800777314 -0.01453997699146506 0.3786894481886767
vn -0.015133619140249813 0.03756011235686244 -0.999179769376591
vn -0.3828246412886034 0.03497179704894428 -0.9231588527623076
vn -0.38288553965163374 0.035474765504676486 -0.9231144049022664
vn -0.015133619140249813 0.03756011235686244 -0.999179769376591
vn -0.38288553965163374 0.035474765504676486 -0.9231144049022664
vn -0.015435294860417925 0.038395519505985944 -0.9991434009962921
vn -0.924001271354992 0.014090610589709712 -0.3821296968668724
vn -0.9998722275735017 -0.0003591859784798494 -0.015981223752786683
vn -0.9998933522685023 0.0005608640992571049 -0.01459347527901258
vn -0.924001271354992 0.014090610589709712 -0.3821296968668724
vn -0.9998933522685023 0.0005608640992571049 -0.01459347527901258
vn -0.9239654332380469 0.014690265659081526 -0.38219376535481825
vn -0.9998722275735017 -0.0003591859784798494 -0.015981223752786683
vn -0.922785494136638 -0.3851850518584373 -0.00997033779837879
vn -0.9226095832893688 -0.3856326407031063 0.00888950206514503
vn -0.9998722275735017 -0.0003591859784798494 -0.015981223752786683
vn -0.9226095832893688 -0.3856326407031063 0.00888950206514503
vn -0.9998924948107952 -0.0014557454583708177 0.0145903949982223
vn -0.37794024869691584 -0.9257775222804097 -0.009856351011357505
vn -0.015025947465073184 -0.9997698216394366 -0.015314197394112735
vn -0.015237560214630162 -0.999774974022023 0.014758661117081616
vn -0.37794024869691584 -0.9257775222804097 -0.009856351011357505
vn -0.015237560214630162 -0.999774974022023 0.014758661117081616
vn -0.37793102104341114 -0.9257876687798173 0.009237730690796173
vn 0.9998933522089064 0.0005609218994300914 -0.014593477140787897
vn 0.9998948833566207 -0.0005938357944117352 -0.014486876692342616
vn 0.999869661258588 0.0008123828000356171 0.01612453189467298
vn 0.9998933522089064 0.0005609218994300914 -0.014593477140787897
vn 0.999869661258588 0.0008123828000356171 0.01612453189467298
vn 0.9998749561821363 -0.0006067567778593935 0.01580202031335897
vn 0.9998948833566207 -0.0005938357944117352 -0.014486876692342616
vn 0.9999157201349216 -0.0019327199573520807 -0.012838115929813026
vn 0.9998399210032043 0.002663097395156453 0.01769294437255303
vn 0.9998948833566207 -0.0005938357944117352 -0.014486876692342616
vn 0.9998399210032043 0.002663097395156453 0.01769294437255303
vn 0.999869661258588 0.0008123828000356171 0.01612453189467298
vn 0.015810323681166312 -0.1488669496016873 -0.9887308354559321
vn 0.01550865972757178 -0.04480123035361503 -0.9988755334035649
vn -0.01550891013875436 -0.04480129976818961 -0.9988755264022584
vn 0.015810323681166312 -0.1488669496016873 -0.9887308354559321
vn -0.01550891013875436 -0.04480129976818961 -0.9988755264022584
vn -0.015796161737505202 -0.14886499516747054 -0.9887313560761344
vn 0.01550865972757178 -0.04480123035361503 -0.9988755334035649
vn 0.015435297651512154 0.038395523224128446 -0.9991434008102914
vn -0.015435294860417925 0.038395519505985944 -0.9991434009962921
vn 0.01550865972757178 -0.04480123035361503 -0.9988755334035649
vn -0.015435294860417925 0.038395519505985944 -0.9991434009962921
vn -0.01550891013875436 -0.04480129976818961 -0.9988755264022584
vn 0.9999157201349216 -0.0019327199573520807 -0.012838115929813026
vn 0.9234916180565848 -0.05712122599296752 -0.3793420579375447
vn 0.923548598121045 -0.05654380213730441 -0.37928984345551586
vn 0.9999157201349216 -0.0019327199573520807 -0.012838115929813026
vn 0.923548598121045 -0.05654380213730441 -0.37928984345551586
vn 0.9998308225065634 -0.0018256131669005698 -0.018302827716324365
vn 0.38154106111000996 -0.1376150504410563 -0.9140506094189497
vn 0.015810323681166312 -0.1488669496016873 -0.9887308354559321
vn 0.014734164767161348 -0.1481429482991663 -0.9888561934163352
vn 0.38154106111000996 -0.1376150504410563 -0.9140506094189497
vn 0.014734164767161348 -0.1481429482991663 -0.9888561934163352
vn 0.38151024776455034 -0.1372438484376127 -0.914119279370403
vn -0.9998924948107952 -0.0014557454583708177 0.0145903949982223
vn -0.9240001407463986 -0.015273220783256273 0.3820869909163903
vn -0.9239828985865332 -0.014682605549955654 0.3821518339794968
vn -0.9998924948107952 -0.0014557454583708177 0.0145903949982223
vn -0.9239828985865332 -0.014682605549955654 0.3821518339794968
vn -0.9998722231743395 -0.0006137836703454 0.015973747024728546
vn -0.3828452865904038 -0.036150310569611675 0.9231048919712387
vn -0.015378554072557464 -0.03940233144187339 0.999105077732859
vn -0.015142650885546465 -0.03839585086351389 0.9991478663144037
vn -0.3828452865904038 -0.036150310569611675 0.9231048919712387
vn -0.015142650885546465 -0.03839585086351389 0.9991478663144037
vn -0.3829213752814204 -0.03547333621965098 0.9230995952604644
vn -0.9999094885915204 -0.0020019109922399182 -0.013304396905657271
vn -0.9998948922776663 -0.0005937138192642393 -0.01448626594174711
vn -0.9998697707473807 0.0008099894095198753 0.016117861605588674
vn -0.9999094885915204 -0.0020019109922399182 -0.013304396905657271
vn -0.9998697707473807 0.0008099894095198753 0.016117861605588674
vn -0.9998295302590398 0.0027493254734677858 0.018257919690610115
vn -0.9998948922776663 -0.0005937138192642393 -0.01448626594174711
vn -0.9998933522685023 0.0005608640992571049 -0.01459347527901258
vn -0.9998722231743395 -0.0006137836703454 0.015973747024728546
vn -0.9998948922776663 -0.0005937138192642393 -0.01448626594174711
vn -0.9998722231743395 -0.0006137836703454 0.015973747024728546
vn -0.9998697707473807 0.0008099894095198753 0.016117861605588674
vn -0.015796161737505202 -0.14886499516747054 -0.9887313560761344
vn -0.37102105194687324 -0.13820592679527688 -0.9182823644233262
vn -0.37093766696502933 -0.1378057568334343 -0.9183761868701221
vn -0.015796161737505202 -0.14886499516747054 -0.9887313560761344
vn -0.37093766696502933 -0.1378057568334343 -0.9183761868701221
vn -0.015085788014672074 -0.1481256293849492 -0.9888534860732854
vn -0.9183687739762475 -0.05889460182257312 -0.39131856697775563
vn -0.9999094885915204 -0.0020019109922399182 -0.013304396905657271
vn -0.9998283542355564 -0.0018423829748208172 -0.018435500850064856
vn -0.9183687739762475 -0.05889460182257312 -0.39131856697775563
vn -0.9998283542355564 -0.0018423829748208172 -0.018435500850064856
vn -0.9183984572918299 -0.05836758873229998 -0.391327865388556
vn 0.9998308225065634 -0.0018256131669005698 -0.018302827716324365
vn 0.9287693816371363 0.3704774864009933 -0.01157012546920161
vn 0.9281426113633959 0.3721518235162642 0.007369750677974552
vn 0.9998308225065634 -0.0018256131669005698 -0.018302827716324365
vn 0.9281426113633959 0.3721518235162642 0.007369750677974552
vn 0.9999148384628854 0.0026126695218272235 0.012786312201399041
vn 0.3925707014842864 0.9196672375445778 -0.010020804521600734
vn 0.014520983594084349 0.9997680450499176 -0.015905883582071182
vn 0.015175738327456828 0.9997857183735219 0.014078860129900313
vn 0.3925707014842864 0.9196672375445778 -0.010020804521600734
vn 0.015175738327456828 0.9997857183735219 0.014078860129900313
vn 0.39260507447837334 0.919675905790136 0.007581807365263963
vn 0.014520983594084349 0.9997680450499176 -0.015905883582071182
vn 0.009280180470727432 0.9052012477076481 -0.4248818416912494
vn -0.009790427803418125 0.9047005010776817 -0.42593561822559234
vn 0.014520983594084349 0.9997680450499176 -0.015905883582071182
vn -0.009790427803418125 0.9047005010776817 -0.42593561822559234
vn -0.014584287323818645 0.9997736985813845 -0.015487097473540613
vn 0.008585741568755988 0.27289911549353657 -0.9620043439634561
vn 0.014734164767161348 -0.1481429482991663 -0.9888561934163352
vn -0.015085788014672074 -0.1481256293849492 -0.9888534860732854
vn 0.008585741568755988 0.27289911549353657 -0.9620043439634561
vn -0.015085788014672074 -0.1481256293849492 -0.9888534860732854
vn -0.011488360429133914 0.27167067112201376 -0.9623217050585345
vn -0.014584287323818645 0.9997736985813845 -0.015487097473540613
vn -0.3925043084327033 0.9196826904298099 -0.011140771317633701
vn -0.39247842837873115 0.9197217042006455 0.008524674751662395
vn -0.014584287323818645 0.9997736985813845 -0.015487097473540613
vn -0.39247842837873115 0.9197217042006455 0.008524674751662395
vn -0.015226605684463048 0.999788962026259 0.013790645009766362
vn -0.9288883367643139 0.37013441955469245 -0.01292165949625817
vn -0.9998283542355564 -0.0018423829748208172 -0.018435500850064856
vn -0.9999141056976943 0.0026225952792067143 0.012841464900146185
vn -0.9288883367643139 0.37013441955469245 -0.01292165949625817
vn -0.9999141056976943 0.0026225952792067143 0.012841464900146185
vn -0.9281555341767628 0.3721010059882254 0.008255042071294075
vn 0.015425277613889808 0.14967314646702537 0.9886151981621538
vn 0.008770540473488768 0.46379328391974495 0.885900032402495
vn -0.010815855246560957 0.46302235686910914 0.8862806069832854
vn 0.015425277613889808 0.14967314646702537 0.9886151981621538
vn -0.010815855246560957 0.46302235686910914 0.8862806069832854
vn -0.015686409269485918 0.1496834132328087 0.9886095348352687
vn 0.009249210142942338 0.9331708333814285 0.35931413531607986
vn 0.015175738327456828 0.9997857183735219 0.014078860129900313
vn -0.015226605684463048 0.999788962026259 0.013790645009766362
vn 0.009249210142942338 0.9331708333814285 0.35931413531607986
vn -0.015226605684463048 0.999788962026259 0.013790645009766362
vn -0.009605454979302397 0.9328800213552554 0.3600591631813565
vn 0.9999148384628854 0.0026126695218272235 0.012786312201399041
vn 0.927849877313521 0.05594402854913652 0.3687341465595199
vn 0.9278341206860615 0.05550412995897875 0.3688402581717725
vn 0.9999148384628854 0.0026126695218272235 0.012786312201399041
vn 0.9278341206860615 0.05550412995897875 0.3688402581717725
vn 0.9998399210032043 0.002663097395156453 0.01769294437255303
vn 0.39333373537144806 0.13736684700342858 0.9090758615006123
vn 0.015425277613889808 0.14967314646702537 0.9886151981621538
vn 0.014696099721494098 0.14886507317065065 0.9887483070240236
vn 0.39333373537144806 0.13736684700342858 0.9090758615006123
vn 0.014696099721494098 0.14886507317065065 0.9887483070240236
vn 0.3933625621660475 0.13684374450187697 0.9091422794463292
vn -0.015686409269485918 0.1496834132328087 0.9886095348352687
vn -0.3823425353669183 0.13811327090372222 0.9136404708907503
vn -0.3824196070491766 0.13757507181604636 0.9136894131810673
vn -0.015686409269485918 0.1496834132328087 0.9886095348352687
vn -0.3824196070491766 0.13757507181604636 0.9136894131810673
vn -0.01468705734845602 0.14886682986354954 0.9887481768948148
vn -0.9237585524854213 0.057435202479754824 0.3786440732748218
vn -0.9999141056976943 0.0026225952792067143 0.012841464900146185
vn -0.9998295302590398 0.0027493254734677858 0.018257919690610115
vn -0.9237585524854213 0.057435202479754824 0.3786440732748218
vn -0.9998295302590398 0.0027493254734677858 0.018257919690610115
vn -0.9237615658944622 0.0570129466036825 0.3787005324735844
vn 0.015158214650207853 -0.038395170233488686 0.9991476564709341
vn 0.01519564218207661 0.0448261449883324 0.9988792265254891
vn -0.015192238448670181 0.04483224402764008 0.9988790045778141
vn 0.015158214650207853 -0.038395170233488686 0.9991476564709341
vn -0.015192238448670181 0.04483224402764008 0.9988790045778141
vn -0.015142650885546465 -0.03839585086351389 0.9991478663144037
vn 0.01519564218207661 0.0448261449883324 0.9988792265254891
vn 0.014696099721494098 0.14886507317065065 0.9887483070240236
vn -0.01468705734845602 0.14886682986354954 0.9887481768948148
vn 0.01519564218207661 0.0448261449883324 0.9988792265254891
vn -0.01468705734845602 0.14886682986354954 0.9887481768948148
vn -0.015192238448670181 0.04483224402764008 0.9988790045778141
vn 0.015132374076930997 0.0375524832476748 -0.9991800749898534
vn -0.015133619140249813 0.03756011235686244 -0.999179769376591
vn -0.015435294860417925 0.038395519505985944 -0.9991434009962921
vn 0.015132374076930997 0.0375524832476748 -0.9991800749898534
vn -0.015435294860417925 0.038395519505985944 -0.9991434009962921
vn 0.015435297651512154 0.038395523224128446 -0.9991434008102914
vn 0.014520983594084349 0.9997680450499176 -0.015905883582071182
vn -0.014584287323818645 0.9997736985813845 -0.015487097473540613
vn -0.015226605684463048 0.999788962026259 0.013790645009766362
vn 0.014520983594084349 0.9997680450499176 -0.015905883582071182
vn -0.015226605684463048 0.999788962026259 0.013790645009766362
vn 0.015175738327456828 0.9997857183735219 0.014078860129900313
vn 0.015158214650207853 -0.038395170233488686 0.9991476564709341
vn -0.015142650885546465 -0.03839585086351389 0.9991478663144037
vn -0.015378554072557464 -0.03940233144187339 0.999105077732859
vn 0.015158214650207853 -0.038395170233488686 0.9991476564709341
vn -0.015378554072557464 -0.03940233144187339 0.999105077732859
vn 0.01529193095378929 -0.039404101273346634 0.9991063375089482
vn 0.015141318384572984 -0.9997758158629104 0.014800624758066545
vn -0.015237560214630162 -0.999774974022023 0.014758661117081616
vn -0.015025947465073184 -0.9997698216394366 -0.015314197394112735
vn 0.015141318384572984 -0.9997758158629104 0.014800624758066545
vn -0.015025947465073184 -0.9997698216394366 -0.015314197394112735
vn 0.014939962781540346 -0.9997722436436169 -0.01524002466842961
vn -0.9998722275735017 -0.0003591859784798494 -0.015981223752786683
vn -0.9998924948107952 -0.0014557454583708177 0.0145903949982223
vn -0.9998722231743395 -0.0006137836703454 0.015973747024728546
vn -0.9998722275735017 -0.0003591859784798494 -0.015981223752786683
vn -0.9998722231743395 -0.0006137836703454 0.015973747024728546
vn -0.9998933522685023 0.0005608640992571049 -0.01459347527901258
vn 0.9998928906119856 -0.0014424201801845214 0.014564570973144174
vn 0.9998722406430396 -0.0003468233534057936 -0.015980679116634616
vn 0.9998933522089064 0.0005609218994300914 -0.014593477140787897
vn 0.9998928906119856 -0.0014424201801845214 0.014564570973144174
vn 0.9998933522089064 0.0005609218994300914 -0.014593477140787897
vn 0.9998749561821363 -0.0006067567778593935 0.01580202031335897
vn 0.9998399210032043 0.002663097395156453 0.01769294437255303
vn 0.9999157201349216 -0.0019327199573520807 -0.012838115929813026
vn 0.9998308225065634 -0.0018256131669005698 -0.018302827716324365
vn 0.9998399210032043 0.002663097395156453 0.01769294437255303
vn 0.9998308225065634 -0.0018256131669005698 -0.018302827716324365
vn 0.9999148384628854 0.0026126695218272235 0.012786312201399041
vn 0.015425277613889808 0.14967314646702537 0.9886151981621538
vn -0.015686409269485918 0.1496834132328087 0.9886095348352687
vn -0.01468705734845602 0.14886682986354954 0.9887481768948148
vn 0.015425277613889808 0.14967314646702537 0.9886151981621538
vn -0.01468705734845602 0.14886682986354954 0.9887481768948148
vn 0.014696099721494098 0.14886507317065065 0.9887483070240236
vn -0.9999094885915204 -0.0020019109922399182 -0.013304396905657271
vn -0.9998295302590398 0.0027493254734677858 0.018257919690610115
vn -0.9999141056976943 0.0026225952792067143 0.012841464900146185
vn -0.9999094885915204 -0.0020019109922399182 -0.013304396905657271
vn -0.9999141056976943 0.0026225952792067143 0.012841464900146185
vn -0.9998283542355564 -0.0018423829748208172 -0.018435500850064856
vn 0.015810323681166312 -0.1488669496016873 -0.9887308354559321
vn -0.015796161737505202 -0.14886499516747054 -0.9887313560761344
vn -0.015085788014672074 -0.1481256293849492 -0.9888534860732854
vn 0.015810323681166312 -0.1488669496016873 -0.9887308354559321
vn -0.015085788014672074 -0.1481256293849492 -0.9888534860732854
vn 0.014734164767161348 -0.1481429482991663 -0.9888561934163352
vn 0.009440001016813488 -0.3543621568334103 -0.9350606120381586
vn 0.015132374076930997 0.0375524832476748 -0.9991800749898534
vn 0.38282677063873344 0.03499358104661283 -0.9231571442435208
vn 0.009440001016813488 -0.3543621568334103 -0.9350606120381586
vn 0.38282677063873344 0.03499358104661283 -0.9231571442435208
vn 0.3287365485211598 -0.29345885353527035 -0.8976715339967954
vn 0.923999742735635 0.014114620407885626 -0.38213250701192825
vn 0.9998722406430396 -0.0003468233534057936 -0.015980679116634616
vn 0.9258386436969203 -0.3777818061010661 -0.010183948962150862
vn 0.923999742735635 0.014114620407885626 -0.38213250701192825
vn 0.9258386436969203 -0.3777818061010661 -0.010183948962150862
vn 0.8915999979480643 -0.31294053272397776 -0.3272883539593867
vn 0.3852784067524364 -0.9227488112617355 -0.009756054805023251
vn 0.014939962781540346 -0.9997722436436169 -0.01524002466842961
vn 0.009234849192011039 -0.9216054506757997 -0.3880181836525928
vn 0.3852784067524364 -0.9227488112617355 -0.009756054805023251
vn 0.009234849192011039 -0.9216054506757997 -0.3880181836525928
vn 0.3287177332491085 -0.8837197284775159 -0.33314275220570766
vn 0.38647306679867166 -0.036045212964972304 0.9215960672993019
vn 0.01529193095378929 -0.039404101273346634 0.9991063375089482
vn 0.009051223094925244 -0.4122102173799882 0.9110438035835757
vn 0.38647306679867166 -0.036045212964972304 0.9215960672993019
vn 0.009051223094925244 -0.4122102173799882 0.9110438035835757
vn 0.3325066356557423 -0.35363228066098545 0.8742903106631169
vn 0.00905163221914157 -0.9284520830448886 0.37134188754270187
vn 0.015141318384572984 -0.9997758158629104 0.014800624758066545
vn 0.3852987361554281 -0.9227494174121604 0.008854184465452337
vn 0.00905163221914157 -0.9284520830448886 0.37134188754270187
vn 0.3852987361554281 -0.9227494174121604 0.008854184465452337
vn 0.332520041104144 -0.8891236271984246 0.3144671649339804
vn 0.9256380999626699 -0.378308513124422 0.008762236876907628
vn 0.9998928906119856 -0.0014424201801845214 0.014564570973144174
vn 0.9254339251571705 -0.015121285663458873 0.3786071801855802
vn 0.9256380999626699 -0.378308513124422 0.008762236876907628
vn 0.9254339251571705 -0.015121285663458873 0.3786071801855802
vn 0.8900351472955101 -0.32944920468814265 0.31512006935295267
vn -0.922785494136638 -0.3851850518584373 -0.00997033779837879
vn -0.9998722275735017 -0.0003591859784798494 -0.015981223752786683
vn -0.924001271354992 0.014090610589709712 -0.3821296968668724
vn -0.922785494136638 -0.3851850518584373 -0.00997033779837879
vn -0.924001271354992 0.014090610589709712 -0.3821296968668724
vn -0.8886519936955664 -0.3241508104248703 -0.3243823148721197
vn -0.3828246412886034 0.03497179704894428 -0.9231588527623076
vn -0.015133619140249813 0.03756011235686244 -0.999179769376591
vn -0.009595052162557221 -0.3546881312423131 -0.934935433348118
vn -0.3828246412886034 0.03497179704894428 -0.9231588527623076
vn -0.009595052162557221 -0.3546881312423131 -0.934935433348118
vn -0.32611453217213143 -0.30479278865197906 -0.8948467287149804
vn -0.01009593067982978 -0.9217365403775574 -0.38768521034019265
vn -0.015025947465073184 -0.9997698216394366 -0.015314197394112735
vn -0.37794024869691584 -0.9257775222804097 -0.009856351011357505
vn -0.01009593067982978 -0.9217365403775574 -0.38768521034019265
vn -0.37794024869691584 -0.9257775222804097 -0.009856351011357505
vn -0.3209772048409665 -0.8896249362035544 -0.3248709079885451
vn 0.9234916180565848 -0.05712122599296752 -0.3793420579375447
vn 0.9999157201349216 -0.0019327199573520807 -0.012838115929813026
vn 0.9998948833566207 -0.0005938357944117352 -0.014486876692342616
vn 0.9234916180565848 -0.05712122599296752 -0.3793420579375447
vn 0.9998948833566207 -0.0005938357944117352 -0.014486876692342616
vn 0.9244028711230773 -0.01631166375547439 -0.3810685784539837
vn 0.9998948833566207 -0.0005938357944117352 -0.014486876692342616
vn 0.9998933522089064 0.0005609218994300914 -0.014593477140787897
vn 0.9239654036536967 0.01469102795825231 -0.3821938075748887
vn 0.9998948833566207 -0.0005938357944117352 -0.014486876692342616
vn 0.9239654036536967 0.01469102795825231 -0.3821938075748887
vn 0.9244028711230773 -0.01631166375547439 -0.3810685784539837
vn 0.38288556468009655 0.0354747948646948 -0.9231143933927751
vn 0.015435297651512154 0.038395523224128446 -0.9991434008102914
vn 0.01550865972757178 -0.04480123035361503 -0.9988755334035649
vn 0.38288556468009655 0.0354747948646948 -0.9231143933927751
vn 0.01550865972757178 -0.04480123035361503 -0.9988755334035649
vn 0.38401282091598193 -0.0403953532607793 -0.9224436941120508
vn 0.01550865972757178 -0.04480123035361503 -0.9988755334035649
vn 0.015810323681166312 -0.1488669496016873 -0.9887308354559321
vn 0.38154106111000996 -0.1376150504410563 -0.9140506094189497
vn 0.01550865972757178 -0.04480123035361503 -0.9988755334035649
vn 0.38154106111000996 -0.1376150504410563 -0.9140506094189497
vn 0.38401282091598193 -0.0403953532607793 -0.9224436941120508
vn -0.00996156762431498 -0.41220726756812087 0.911035639113251
vn -0.015378554072557464 -0.03940233144187339 0.999105077732859
vn -0.3828452865904038 -0.036150310569611675 0.9231048919712387
vn -0.00996156762431498 -0.41220726756812087 0.911035639113251
vn -0.3828452865904038 -0.036150310569611675 0.9231048919712387
vn -0.3224090905328752 -0.3564580945485285 0.8769207519340596
vn -0.9240001407463986 -0.015273220783256273 0.3820869909163903
vn -0.9998924948107952 -0.0014557454583708177 0.0145903949982223
vn -0.9226095832893688 -0.3856326407031063 0.00888950206514503
vn -0.9240001407463986 -0.015273220783256273 0.3820869909163903
vn -0.9226095832893688 -0.3856326407031063 0.00888950206514503
vn -0.884427497477485 -0.33723548421787486 0.3225836788959552
vn -0.37793102104341114 -0.9257876687798173 0.009237730690796173
vn -0.015237560214630162 -0.999774974022023 0.014758661117081616
vn -0.009961250407061509 -0.9284441032515798 0.37133855257392523
vn -0.37793102104341114 -0.9257876687798173 0.009237730690796173
vn -0.009961250407061509 -0.9284441032515798 0.37133855257392523
vn -0.3224093588364798 -0.8918913526356606 0.31714668598044937
vn -0.9239654332380469 0.014690265659081526 -0.38219376535481825
vn -0.9998933522685023 0.0005608640992571049 -0.01459347527901258
vn -0.9998948922776663 -0.0005937138192642393 -0.01448626594174711
vn -0.9239654332380469 0.014690265659081526 -0.38219376535481825
vn -0.9998948922776663 -0.0005937138192642393 -0.01448626594174711
vn -0.9244088517943885 -0.016307417281102222 -0.3810542518668444
vn -0.9998948922776663 -0.0005937138192642393 -0.01448626594174711
vn -0.9999094885915204 -0.0020019109922399182 -0.013304396905657271
vn -0.9183687739762475 -0.05889460182257312 -0.39131856697775563
vn -0.9998948922776663 -0.0005937138192642393 -0.01448626594174711
vn -0.9183687739762475 -0.05889460182257312 -0.39131856697775563
vn -0.9244088517943885 -0.016307417281102222 -0.3810542518668444
vn -0.37102105194687324 -0.13820592679527688 -0.9182823644233262
vn -0.015796161737505202 -0.14886499516747054 -0.9887313560761344
vn -0.01550891013875436 -0.04480129976818961 -0.9988755264022584
vn -0.37102105194687324 -0.13820592679527688 -0.9182823644233262
vn -0.01550891013875436 -0.04480129976818961 -0.9988755264022584
vn -0.384005306160319 -0.04039762520707045 -0.9224467229701391
vn -0.01550891013875436 -0.04480129976818961 -0.9988755264022584
vn -0.015435294860417925 0.038395519505985944 -0.9991434009962921
vn -0.38288553965163374 0.035474765504676486 -0.9231144049022664
vn -0.01550891013875436 -0.04480129976818961 -0.9988755264022584
vn -0.38288553965163374 0.035474765504676486 -0.9231144049022664
vn -0.384005306160319 -0.04039762520707045 -0.9224467229701391
vn 0.009280180470727432 0.9052012477076481 -0.4248818416912494
vn 0.014520983594084349 0.9997680450499176 -0.015905883582071182
vn 0.3925707014842864 0.9196672375445778 -0.010020804521600734
vn 0.009280180470727432 0.9052012477076481 -0.4248818416912494
vn 0.3925707014842864 0.9196672375445778 -0.010020804521600734
vn 0.3372959732620876 0.87484334343314 -0.34767880417406266
vn 0.9287693816371363 0.3704774864009933 -0.01157012546920161
vn 0.9998308225065634 -0.0018256131669005698 -0.018302827716324365
vn 0.923548598121045 -0.05654380213730441 -0.37928984345551586
vn 0.9287693816371363 0.3704774864009933 -0.01157012546920161
vn 0.923548598121045 -0.05654380213730441 -0.37928984345551586
vn 0.8996442581470003 0.28757450064747647 -0.3285439321620289
vn 0.38151024776455034 -0.1372438484376127 -0.914119279370403
vn 0.014734164767161348 -0.1481429482991663 -0.9888561934163352
vn 0.008585741568755988 0.27289911549353657 -0.9620043439634561
vn 0.38151024776455034 -0.1372438484376127 -0.914119279370403
vn 0.008585741568755988 0.27289911549353657 -0.9620043439634561
vn 0.3371716399825031 0.22802665559824983 -0.9134107124006082
vn -0.9183984572918299 -0.05836758873229998 -0.391327865388556
vn -0.9998283542355564 -0.0018423829748208172 -0.018435500850064856
vn -0.9288883367643139 0.37013441955469245 -0.01292165949625817
vn -0.9183984572918299 -0.05836758873229998 -0.391327865388556
vn -0.9288883367643139 0.37013441955469245 -0.01292165949625817
vn -0.8903060048532928 0.2732535628015427 -0.3642632401690181
vn -0.3925043084327033 0.9196826904298099 -0.011140771317633701
vn -0.014584287323818645 0.9997736985813845 -0.015487097473540613
vn -0.009790427803418125 0.9047005010776817 -0.42593561822559234
vn -0.3925043084327033 0.9196826904298099 -0.011140771317633701
vn -0.009790427803418125 0.9047005010776817 -0.42593561822559234
vn -0.32954430003168295 0.8620276300185812 -0.38510897081368584
vn -0.011488360429133914 0.27167067112201376 -0.9623217050585345
vn -0.015085788014672074 -0.1481256293849492 -0.9888534860732854
vn -0.37093766696502933 -0.1378057568334343 -0.9183761868701221
vn -0.011488360429133914 0.27167067112201376 -0.9623217050585345
vn -0.37093766696502933 -0.1378057568334343 -0.9183761868701221
vn -0.31317243063047473 0.1978478436948003 -0.9288591171099728
vn 0.39260507447837334 0.919675905790136 0.007581807365263963
vn 0.015175738327456828 0.9997857183735219 0.014078860129900313
vn 0.009249210142942338 0.9331708333814285 0.35931413531607986
vn 0.39260507447837334 0.919675905790136 0.007581807365263963
vn 0.009249210142942338 0.9331708333814285 0.35931413531607986
vn 0.3477843189934501 0.8908067561137308 0.2924198877032718
vn 0.008770540473488768 0.46379328391974495 0.885900032402495
vn 0.015425277613889808 0.14967314646702537 0.9886151981621538
vn 0.39333373537144806 0.13736684700342858 0.9090758615006123
vn 0.008770540473488768 0.46379328391974495 0.885900032402495
vn 0.39333373537144806 0.13736684700342858 0.9090758615006123
vn 0.34778511107854765 0.40912812458445397 0.8435992497543425
vn 0.927849877313521 0.05594402854913652 0.3687341465595199
vn 0.9999148384628854 0.0026126695218272235 0.012786312201399041
vn 0.9281426113633959 0.3721518235162642 0.007369750677974552
vn 0.927849877313521 0.05594402854913652 0.3687341465595199
vn 0.9281426113633959 0.3721518235162642 0.007369750677974552
vn 0.8940830944287667 0.337368373537227 0.2946150043591245
vn -0.9281555341767628 0.3721010059882254 0.008255042071294075
vn -0.9999141056976943 0.0026225952792067143 0.012841464900146185
vn -0.9237585524854213 0.057435202479754824 0.3786440732748218
vn -0.9281555341767628 0.3721010059882254 0.008255042071294075
vn -0.9237585524854213 0.057435202479754824 0.3786440732748218
vn -0.8861385234184918 0.3324338886173935 0.3228718430157911
vn -0.3823425353669183 0.13811327090372222 0.9136404708907503
vn -0.015686409269485918 0.1496834132328087 0.9886095348352687
vn -0.010815855246560957 0.46302235686910914 0.8862806069832854
vn -0.3823425353669183 0.13811327090372222 0.9136404708907503
vn -0.010815855246560957 0.46302235686910914 0.8862806069832854
vn -0.32630276133833036 0.39092501343624503 0.860641703505502
vn -0.009605454979302397 0.9328800213552554 0.3600591631813565
vn -0.015226605684463048 0.999788962026259 0.013790645009766362
vn -0.39247842837873115 0.9197217042006455 0.008524674751662395
vn -0.009605454979302397 0.9328800213552554 0.3600591631813565
vn -0.39247842837873115 0.9197217042006455 0.008524674751662395
vn -0.3403841356079753 0.8840596932959204 0.3202765975152331
vn 0.9254095800777314 -0.01453997699146506 0.3786894481886767
vn 0.9998749561821363 -0.0006067567778593935 0.01580202031335897
vn 0.999869661258588 0.0008123828000356171 0.01612453189467298
vn 0.9254095800777314 -0.01453997699146506 0.3786894481886767
vn 0.999869661258588 0.0008123828000356171 0.01612453189467298
vn 0.9245504349538299 0.018364629191424186 0.3806169118961284
vn 0.999869661258588 0.0008123828000356171 0.01612453189467298
vn 0.9998399210032043 0.002663097395156453 0.01769294437255303
vn 0.9278341206860615 0.05550412995897875 0.3688402581717725
vn 0.999869661258588 0.0008123828000356171 0.01612453189467298
vn 0.9278341206860615 0.05550412995897875 0.3688402581717725
vn 0.9245504349538299 0.018364629191424186 0.3806169118961284
vn 0.3933625621660475 0.13684374450187697 0.9091422794463292
vn 0.014696099721494098 0.14886507317065065 0.9887483070240236
vn 0.01519564218207661 0.0448261449883324 0.9988792265254891
vn 0.3933625621660475 0.13684374450187697 0.9091422794463292
vn 0.01519564218207661 0.0448261449883324 0.9988792265254891
vn 0.3843402816782561 0.04263579049600788 0.9222064504481952
vn 0.01519564218207661 0.0448261449883324 0.9988792265254891
vn 0.015158214650207853 -0.038395170233488686 0.9991476564709341
vn 0.3865267730874551 -0.03539784341001807 0.9215986362666336
vn 0.01519564218207661 0.0448261449883324 0.9988792265254891
vn 0.3865267730874551 -0.03539784341001807 0.9215986362666336
vn 0.3843402816782561 0.04263579049600788 0.9222064504481952
vn -0.9237615658944622 0.0570129466036825 0.3787005324735844
vn -0.9998295302590398 0.0027493254734677858 0.018257919690610115
vn -0.9998697707473807 0.0008099894095198753 0.016117861605588674
vn -0.9237615658944622 0.0570129466036825 0.3787005324735844
vn -0.9998697707473807 0.0008099894095198753 0.016117861605588674
vn -0.9245974993430476 0.0183080993115192 0.38050529261520466
vn -0.9998697707473807 0.0008099894095198753 0.016117861605588674
vn -0.9998722231743395 -0.0006137836703454 0.015973747024728546
vn -0.9239828985865332 -0.014682605549955654 0.3821518339794968
vn -0.9998697707473807 0.0008099894095198753 0.016117861605588674
vn -0.9239828985865332 -0.014682605549955654 0.3821518339794968
vn -0.9245974993430476 0.0183080993115192 0.38050529261520466
vn -0.3829213752814204 -0.03547333621965098 0.9230995952604644
vn -0.015142650885546465 -0.03839585086351389 0.9991478663144037
vn -0.015192238448670181 0.04483224402764008 0.9988790045778141
vn -0.3829213752814204 -0.03547333621965098 0.9230995952604644
vn -0.015192238448670181 0.04483224402764008 0.9988790045778141
vn -0.38443779166683373 0.042521192762263404 0.9221710971963948
vn -0.015192238448670181 0.04483224402764008 0.9988790045778141
vn -0.01468705734845602 0.14886682986354954 0.9887481768948148
vn -0.3824196070491766 0.13757507181604636 0.9136894131810673
vn -0.015192238448670181 0.04483224402764008 0.9988790045778141
vn -0.3824196070491766 0.13757507181604636 0.9136894131810673
vn -0.38443779166683373 0.042521192762263404 0.9221710971963948
f 853/853/853 854/854/854 855/855/855
f 856/856/856 857/857/857 858/858/858
f 859/859/859 860/860/860 861/861/861
f 862/862/862 863/863/863 864/864/864
f 865/865/865 866/866/866 867/867/867
f 868/868/868 869/869/869 870/870/870
f 871/871/871 872/872/872 873/873/873
f 874/874/874 875/875/875 876/876/876
f 877/877/877 878/878/878 879/879/879
f 880/880/880 881/881/881 882/882/882
f 883/883/883 884/884/884 885/885/885
f 886/886/886 887/887/887 888/888/888
f 889/889/889 890/890/890 891/891/891
f 892/892/892 893/893/893 894/894/894
f 895/895/895 896/896/896 897/897/897
f 898/898/898 899/899/899 900/900/900
f 901/901/901 902/902/902 903/903/903
f 904/904/904 905/905/905 906/906/906
f 907/907/907 908/908/908 909/909/909
f 910/910/910 911/911/911 912/912/912
f 913/913/913 914/914/914 915/915/915
f 916/916/916 917/917/917 918/918/918
f 919/919/919 920/920/920 921/921/921
f 922/922/922 923/923/923 924/924/924
f 925/925/925 926/926/926 927/927/927
f 928/928/928 929/929/929 930/930/930
f 931/931/931 932/932/932 933/933/933
f 934/934/934 935/935/935 936/936/936
f 937/937/937 938/938/938 939/939/939
f 940/940/940 941/941/941 942/942/942
f 943/943/943 944/944/944 945/945/945
f 946/946/946 947/947/947 948/948/948
f 949/949/949 950/950/950 951/951/951
f 952/952/952 953/953/953 954/954/954
f 955/955/955 956/956/956 957/957/957
f 958/958/958 959/959/959 960/960/960
f 961/961/961 962/962/962 963/963/963
f 964/964/964 965/965/965 966/966/966
f 967/967/967 968/968/968 969/969/969
f 970/970/970 971/971/971 972/972/972
f 973/973/973 974/974/974 975/975/975
f 976/976/976 977/977/977 978/978/978
f 979/979/979 980/980/980 981/981/981
f 982/982/982 983/983/983 984/984/984
f 985/985/985 986/986/986 987/987/987
f 988/988/988 989/989/989 990/990/990
f 991/991/991 992/992/992 993/993/993
f 994/994/994 995/995/995 996/996/996
f 997/997/997 998/998/998 999/999/999
f 1000/1000/1000 1001/1001/1001 1002/1002/1002
f 1003/1003/1003 1004/1004/1004 1005/1005/1005
f 1006/1006/1006 1007/1007/1007 1008/1008/1008
f 1009/1009/1009 1010/1010/1010 1011/1011/1011
f 1012/1012/1012 1013/1013/1013 1014/1014/1014
f 1015/1015/1015 1016/1016/1016 1017/1017/1017
f 1018/1018/1018 1019/1019/1019 1020/1020/1020
f 1021/1021/1021 1022/1022/1022 1023/1023/1023
f 1024/1024/1024 1025/1025/1025 1026/1026/1026
f 1027/1027/1027 1028/1028/1028 1029/1029/1029
f 1030/1030/1030 1031/1031/1031 1032/1032/1032
f 1033/1033/1033 1034/1034/1034 1035/1035/1035
f 1036/1036/1036 1037/1037/1037 1038/1038/1038
f 1039/1039/1039 1040/1040/1040 1041/1041/1041
f 1042/1042/1042 1043/1043/1043 1044/1044/1044
f 1045/1045/1045 1046/1046/1046 1047/1047/1047
f 1048/1048/1048 1049/1049/1049 1050/1050/1050
f 1051/1051/1051 1052/1052/1052 1053/1053/1053
f 1054/1054/1054 1055/1055/1055 1056/1056/1056
f 1057/1057/1057 1058/1058/1058 1059/1059/1059
f 1060/1060/1060 1061/1061/1061 1062/1062/1062
f 1063/1063/1063 1064/1064/1064 1065/1065/1065
f 1066/1066/1066 1067/1067/1067 1068/1068/1068
f 1069/1069/1069 1070/1070/1070 1071/1071/1071
f 1072/1072/1072 1073/1073/1073 1074/1074/1074
f 1075/1075/1075 1076/1076/1076 1077/1077/1077
f 1078/1078/1078 1079/1079/1079 1080/1080/1080
f 1081/1081/1081 1082/1082/1082 1083/1083/1083
f 1084/1084/1084 1085/1085/1085 1086/1086/1086
f 1087/1087/1087 1088/1088/1088 1089/1089/1089
f 1090/1090/1090 1091/1091/1091 1092/1092/1092
f 1093/1093/1093 1094/1094/1094 1095/1095/1095
f 1096/1096/1096 1097/1097/1097 1098/1098/1098
f 1099/1099/1099 1100/1100/1100 1101/1101/1101
f 1102/1102/1102 1103/1103/1103 1104/1104/1104
f 1105/1105/1105 1106/1106/1106 1107/1107/1107
f 1108/1108/1108 1109/1109/1109 1110/1110/1110
f 1111/1111/1111 1112/1112/1112 1113/1113/1113
f 1114/1114/1114 1115/1115/1115 1116/1116/1116
f 1117/1117/1117 1118/1118/1118 1119/1119/1119
f 1120/1120/1120 1121/1121/1121 1122/1122/1122
f 1123/1123/1123 1124/1124/1124 1125/1125/1125
f 1126/1126/1126 1127/1127/1127 1128/1128/1128
f 1129/1129/1129 1130/1130/1130 1131/1131/1131
f 1132/1132/1132 1133/1133/1133 1134/1134/1134
f 1135/1135/1135 1136/1136/1136 1137/1137/1137
f 1138/1138/1138 1139/1139/1139 1140/1140/1140
f 1141/1141/1141 1142/1142/1142 1143/1143/1143
f 1144/1144/1144 1145/1145/1145 1146/1146/1146
f 1147/1147/1147 1148/1148/1148 1149/1149/1149
f 1150/1150/1150 1151/1151/1151 1152/1152/1152
f 1153/1153/1153 1154/1154/1154 1155/1155/1155
f 1156/1156/1156 1157/1157/1157 1158/1158/1158
f 1159/1159/1159 1160/1160/1160 1161/1161/1161
f 1162/1162/1162 1163/1163/1163 1164/1164/1164
f 1165/1165/1165 1166/1166/1166 1167/1167/1167
f 1168/1168/1168 1169/1169/1169 1170/1170/1170
f 1171/1171/1171 1172/1172/1172 1173/1173/1173
f 1174/1174/1174 1175/1175/1175 1176/1176/1176
f 1177/1177/1177 1178/1178/1178 1179/1179/1179
f 1180/1180/1180 1181/1181/1181 1182/1182/1182
f 1183/1183/1183 1184/1184/1184 1185/1185/1185
f 1186/1186/1186 1187/1187/1187 1188/1188/1188
f 1189/1189/1189 1190/1190/1190 1191/1191/1191
f 1192/1192/1192 1193/1193/1193 1194/1194/1194
f 1195/1195/1195 1196/1196/1196 1197/1197/1197
f 1198/1198/1198 1199/1199/1199 1200/1200/1200
f 1201/1201/1201 1202/1202/1202 1203/1203/1203
f 1204/1204/1204 1205/1205/1205 1206/1206/1206
f 1207/1207/1207 1208/1208/1208 1209/1209/1209
f 1210/1210/1210 1211/1211/1211 1212/1212/1212
f 1213/1213/1213 1214/1214/1214 1215/1215/1215
f 1216/1216/1216 1217/1217/1217 1218/1218/1218
f 1219/1219/1219 1220/1220/1220 1221/1221/1221
f 1222/1222/1222 1223/1223/1223 1224/1224/1224
f 1225/1225/1225 1226/1226/1226 1227/1227/1227
f 1228/1228/1228 1229/1229/1229 1230/1230/1230
f 1231/1231/1231 1232/1232/1232 1233/1233/1233
f 1234/1234/1234 1235/1235/1235 1236/1236/1236
f 1237/1237/1237 1238/1238/1238 1239/1239/1239
f 1240/1240/1240 1241/1241/1241 1242/1242/1242
f 1243/1243/1243 1244/1244/1244 1245/1245/1245
f 1246/1246/1246 1247/1247/1247 1248/1248/1248
f 1249/1249/1249 1250/1250/1250 1251/1251/1251
f 1252/1252/1252 1253/1253/1253 1254/1254/1254
f 1255/1255/1255 1256/1256/1256 1257/1257/1257
f 1258/1258/1258 1259/1259/1259 1260/1260/1260
f 1261/1261/1261 1262/1262/1262 1263/1263/1263
f 1264/1264/1264 1265/1265/1265 1266/1266/1266
f 1267/1267/1267 1268/1268/1268 1269/1269/1269
f 1270/1270/1270 1271/1271/1271 1272/1272/1272
f 1273/1273/1273 1274/1274/1274 1275/1275/1275
f 1276/1276/1276 1277/1277/1277 1278/1278/1278
f 1279/1279/1279 1280/1280/1280 1281/1281/1281
f 1282/1282/1282 1283/1283/1283 1284/1284/1284
f 1285/1285/1285 1286/1286/1286 1287/1287/1287
f 1288/1288/1288 1289/1289/1289 1290/1290/1290
f 1291/1291/1291 1292/1292/1292 1293/1293/1293
f 1294/1294/1294 1295/1295/1295 1296/1296/1296
f 1297/1297/1297 1298/1298/1298 1299/1299/1299
f 1300/1300/1300 1301/1301/1301 1302/1302/1302
f 1303/1303/1303 1304/1304/1304 1305/1305/1305
f 1306/1306/1306 1307/1307/1307 1308/1308/1308
f 1309/1309/1309 1310/1310/1310 1311/1311/1311
f 1312/1312/1312 1313/1313/1313 1314/1314/1314
f 1315/1315/1315 1316/1316/1316 1317/1317/1317
f 1318/1318/1318 1319/1319/1319 1320/1320/1320
f 1321/1321/1321 1322/1322/1322 1323/1323/1323
f 1324/1324/1324 1325/1325/1325 1326/1326/1326
f 1327/1327/1327 1328/1328/1328 1329/1329/1329
f 1330/1330/1330 1331/1331/1331 1332/1332/1332
f 1333/1333/1333 1334/1334/1334 1335/1335/1335
f 1336/1336/1336 1337/1337/1337 1338/1338/1338
f 1339/1339/1339 1340/1340/1340 1341/1341/1341
f 1342/1342/1342 1343/1343/1343 1344/1344/1344
f 1345/1345/1345 1346/1346/1346 1347/1347/1347
f 1348/1348/1348 1349/1349/1349 1350/1350/1350
f 1351/1351/1351 1352/1352/1352 1353/1353/1353
f 1354/1354/1354 1355/1355/1355 1356/1356/1356
f 1357/1357/1357 1358/1358/1358 1359/1359/1359
f 1360/1360/1360 1361/1361/1361 1362/1362/1362
f 1363/1363/1363 1364/1364/1364 1365/1365/1365
f 1366/1366/1366 1367/1367/1367 1368/1368/1368
f 1369/1369/1369 1370/1370/1370 1371/1371/1371
f 1372/1372/1372 1373/1373/1373 1374/1374/1374
f 1375/1375/1375 1376/1376/1376 1377/1377/1377
f 1378/1378/1378 1379/1379/1379 1380/1380/1380
f 1381/1381/1381 1382/1382/1382 1383/1383/1383
f 1384/1384/1384 1385/1385/1385 1386/1386/1386
f 1387/1387/1387 1388/1388/1388 1389/1389/1389
f 1390/1390/1390 1391/1391/1391 1392/1392/1392
o polySurface7
usemtl chair
v -2.3409558566702344 1.2891818833742832 2.4877827680630844
v -2.3590235570515006 1.301648005456201 2.4753178776085747
v -2.5473174921455666 1.301648005456201 2.4753178776085747
v -2.3409558566702344 1.2891818833742832 2.4877827680630844
v -2.5473174921455666 1.301648005456201 2.4753178776085747
v -2.565384918831853 1.2891818833742832 2.4877827680630844
v -2.565384918831853 1.2891818833742832 2.4877827680630844
v -2.5778511777612607 1.271114182993017 2.4753178776085747
v -2.5778511777612607 1.082820247898951 2.4753178776085747
v -2.565384918831853 1.2891818833742832 2.4877827680630844
v -2.5778511777612607 1.082820247898951 2.4753178776085747
v -2.565384918831853 1.0647525475176849 2.4877827680630844
v -2.3409558566702344 1.0647525475176849 -2.1312305546326797
v -2.3590235570515006 1.0522864254357671 -2.11876566417817
v -2.5473174921455666 1.0522864254357671 -2.11876566417817
v -2.3409558566702344 1.0647525475176849 -2.1312305546326797
v -2.5473174921455666 1.0522864254357671 -2.11876566417817
v -2.565384918831853 1.0647525475176849 -2.1312305546326797
v -2.565384918831853 1.0647525475176849 -2.1312305546326797
v -2.5778511777612607 1.082820247898951 -2.11876566417817
v -2.5778511777612607 1.271114182993017 -2.11876566417817
v -2.565384918831853 1.0647525475176849 -2.1312305546326797
v -2.5778511777612607 1.271114182993017 -2.11876566417817
v -2.565384918831853 1.2891818833742832 -2.1312305546326797
v -2.3409558566702344 1.2891818833742832 2.4877827680630844
v -2.565384918831853 1.2891818833742832 2.4877827680630844
v -2.565384918831853 1.0647525475176849 2.4877827680630844
v -2.3409558566702344 1.2891818833742832 2.4877827680630844
v -2.565384918831853 1.0647525475176849 2.4877827680630844
v -2.3409558566702344 1.0647525475176849 2.4877827680630844
v -2.3590235570515006 1.0522864254357671 -2.11876566417817
v -2.3590235570515006 1.0522864254357671 2.4753178776085747
v -2.5473174921455666 1.0522864254357671 2.4753178776085747
v -2.3590235570515006 1.0522864254357671 -2.11876566417817
v -2.5473174921455666 1.0522864254357671 2.4753178776085747
v -2.5473174921455666 1.0522864254357671 -2.11876566417817
v -2.3409558566702344 1.0647525475176849 -2.1312305546326797
v -2.565384918831853 1.0647525475176849 -2.1312305546326797
v -2.565384918831853 1.2891818833742832 -2.1312305546326797
v -2.3409558566702344 1.0647525475176849 -2.1312305546326797
v -2.565384918831853 1.2891818833742832 -2.1312305546326797
v -2.3409558566702344 1.2891818833742832 -2.1312305546326797
v -2.3590235570515006 1.301648005456201 2.4753178776085747
v -2.3590235570515006 1.301648005456201 -2.11876566417817
v -2.5473174921455666 1.301648005456201 -2.11876566417817
v -2.3590235570515006 1.301648005456201 2.4753178776085747
v -2.5473174921455666 1.301648005456201 -2.11876566417817
v -2.5473174921455666 1.301648005456201 2.4753178776085747
v -2.5778511777612607 1.271114182993017 2.4753178776085747
v -2.5778511777612607 1.271114182993017 -2.11876566417817
v -2.5778511777612607 1.082820247898951 -2.11876566417817
v -2.5778511777612607 1.271114182993017 2.4753178776085747
v -2.5778511777612607 1.082820247898951 -2.11876566417817
v -2.5778511777612607 1.082820247898951 2.4753178776085747
v -2.3284898714358064 1.271114182993017 -2.11876566417817
v -2.3284898714358064 1.271114182993017 2.4753178776085747
v -2.3284898714358064 1.082820247898951 2.4753178776085747
v -2.3284898714358064 1.271114182993017 -2.11876566417817
v -2.3284898714358064 1.082820247898951 2.4753178776085747
v -2.3284898714358064 1.082820247898951 -2.11876566417817
v -2.3590235570515006 1.0522864254357671 2.4753178776085747
v -2.3409558566702344 1.0647525475176849 2.4877827680630844
v -2.565384918831853 1.0647525475176849 2.4877827680630844
v -2.3590235570515006 1.0522864254357671 2.4753178776085747
v -2.565384918831853 1.0647525475176849 2.4877827680630844
v -2.5473174921455666 1.0522864254357671 2.4753178776085747
v -2.3284898714358064 1.082820247898951 -2.11876566417817
v -2.3409558566702344 1.0647525475176849 -2.1312305546326797
v -2.3409558566702344 1.2891818833742832 -2.1312305546326797
v -2.3284898714358064 1.082820247898951 -2.11876566417817
v -2.3409558566702344 1.2891818833742832 -2.1312305546326797
v -2.3284898714358064 1.271114182993017 -2.11876566417817
v -2.3284898714358064 1.271114182993017 2.4753178776085747
v -2.3409558566702344 1.2891818833742832 2.4877827680630844
v -2.3409558566702344 1.0647525475176849 2.4877827680630844
v -2.3284898714358064 1.271114182993017 2.4753178776085747
v -2.3409558566702344 1.0647525475176849 2.4877827680630844
v -2.3284898714358064 1.082820247898951 2.4753178776085747
v -2.3590235570515006 1.301648005456201 -2.11876566417817
v -2.3409558566702344 1.2891818833742832 -2.1312305546326797
v -2.565384918831853 1.2891818833742832 -2.1312305546326797
v -2.3590235570515006 1.301648005456201 -2.11876566417817
v -2.565384918831853 1.2891818833742832 -2.1312305546326797
v -2.5473174921455666 1.301648005456201 -2.11876566417817
v -2.5473174921455666 1.0522864254357671 2.4753178776085747
v -2.5778511777612607 1.082820247898951 2.4753178776085747
v -2.5778511777612607 1.082820247898951 -2.11876566417817
v -2.5473174921455666 1.0522864254357671 2.4753178776085747
v -2.5778511777612607 1.082820247898951 -2.11876566417817
v -2.5473174921455666 1.0522864254357671 -2.11876566417817
v -2.3284898714358064 1.082820247898951 2.4753178776085747
v -2.3590235570515006 1.0522864254357671 2.4753178776085747
v -2.3590235570515006 1.0522864254357671 -2.11876566417817
v -2.3284898714358064 1.082820247898951 2.4753178776085747
v -2.3590235570515006 1.0522864254357671 -2.11876566417817
v -2.3284898714358064 1.082820247898951 -2.11876566417817
v -2.5778511777612607 1.271114182993017 2.4753178776085747
v -2.5473174921455666 1.301648005456201 2.4753178776085747
v -2.5473174921455666 1.301648005456201 -2.11876566417817
v -2.5778511777612607 1.271114182993017 2.4753178776085747
v -2.5473174921455666 1.301648005456201 -2.11876566417817
v -2.5778511777612607 1.271114182993017 -2.11876566417817
v -2.3590235570515006 1.301648005456201 2.4753178776085747
v -2.3284898714358064 1.271114182993017 2.4753178776085747
v -2.3284898714358064 1.271114182993017 -2.11876566417817
v -2.3590235570515006 1.301648005456201 2.4753178776085747
v -2.3284898714358064 1.271114182993017 -2.11876566417817
v -2.3590235570515006 1.301648005456201 -2.11876566417817
v -2.5473174921455666 1.0522864254357671 2.4753178776085747
v -2.565384918831853 1.0647525475176849 2.4877827680630844
v -2.5778511777612607 1.082820247898951 2.4753178776085747
v -2.5778511777612607 1.082820247898951 -2.11876566417817
v -2.565384918831853 1.0647525475176849 -2.1312305546326797
v -2.5473174921455666 1.0522864254357671 -2.11876566417817
v -2.3284898714358064 1.082820247898951 2.4753178776085747
v -2.3409558566702344 1.0647525475176849 2.4877827680630844
v -2.3590235570515006 1.0522864254357671 2.4753178776085747
v -2.3590235570515006 1.0522864254357671 -2.11876566417817
v -2.3409558566702344 1.0647525475176849 -2.1312305546326797
v -2.3284898714358064 1.082820247898951 -2.11876566417817
v -2.5778511777612607 1.271114182993017 2.4753178776085747
v -2.565384918831853 1.2891818833742832 2.4877827680630844
v -2.5473174921455666 1.301648005456201 2.4753178776085747
v -2.5473174921455666 1.301648005456201 -2.11876566417817
v -2.565384918831853 1.2891818833742832 -2.1312305546326797
v -2.5778511777612607 1.271114182993017 -2.11876566417817
v -2.3590235570515006 1.301648005456201 2.4753178776085747
v -2.3409558566702344 1.2891818833742832 2.4877827680630844
v -2.3284898714358064 1.271114182993017 2.4753178776085747
v -2.3284898714358064 1.271114182993017 -2.11876566417817
v -2.3409558566702344 1.2891818833742832 -2.1312305546326797
v -2.3590235570515006 1.301648005456201 -2.11876566417817
vt 0.38749808073043823 0.9875020105391741
vt 0.4051024615764618 1
vt 0.5948976874351501 0.9999999976782199
vt 0.38749808073043823 0.9875020105391741
vt 0.5948976874351501 0.9999999976782199
vt 0.6125017404556274 0.9875019192695618
vt 0.6125017404556274 0.9875019192695618
vt 0.6256747245788574 0.969388023018837
vt 0.6256747245788574 0.7806120067834854
vt 0.6125017404556274 0.9875019192695618
vt 0.6256747245788574 0.7806120067834854
vt 0.6125017404556274 0.762498140335083
vt 0.38749825954437256 0.487501859664917
vt 0.40561196208000183 0.5006747543811798
vt 0.5943880081176758 0.5006747543811798
vt 0.38749825954437256 0.487501859664917
vt 0.5943880081176758 0.5006747543811798
vt 0.6125017404556274 0.487501859664917
vt 0.6125017404556274 0.487501859664917
vt 0.6249997615814209 0.4698975086212158
vt 0.6249997019767761 0.2801024913787842
vt 0.6125017404556274 0.487501859664917
vt 0.6249997019767761 0.2801024913787842
vt 0.6125017404556274 0.262498140335083
vt 0.38749808073043823 0.9875020105391741
vt 0.6125017404556274 0.9875019192695618
vt 0.6125017404556274 0.762498140335083
vt 0.38749808073043823 0.9875020105391741
vt 0.6125017404556274 0.762498140335083
vt 0.3875010907649994 0.7624979615211487
vt 0.40561196208000183 0.5006747543811798
vt 0.4056119918823242 0.7493252456188202
vt 0.5943880081176758 0.7493252456188202
vt 0.40561196208000183 0.5006747543811798
vt 0.5943880081176758 0.7493252456188202
vt 0.5943880081176758 0.5006747543811798
vt 0.38749825954437256 0.487501859664917
vt 0.6125017404556274 0.487501859664917
vt 0.6125017404556274 0.262498140335083
vt 0.38749825954437256 0.487501859664917
vt 0.6125017404556274 0.262498140335083
vt 0.38750094175338745 0.26249778270721436
vt 0.40561196208000183 0.0006747841835021973
vt 0.4056119918823242 0.24932527542114258
vt 0.5943880081176758 0.24932527542114258
vt 0.40561196208000183 0.0006747841835021973
vt 0.5943880081176758 0.24932527542114258
vt 0.5943880081176758 0.0006747841835021973
vt 0.6256747245788574 0.969388023018837
vt 0.8743252754211426 0.9693879783153534
vt 0.8743252158164978 0.7806119918823242
vt 0.6256747245788574 0.969388023018837
vt 0.8743252158164978 0.7806119918823242
vt 0.6256747245788574 0.7806120067834854
vt 0.1256747543811798 0.969388023018837
vt 0.3743252456188202 0.9693879783153534
vt 0.3743251860141754 0.7806119918823242
vt 0.1256747543811798 0.969388023018837
vt 0.3743251860141754 0.7806119918823242
vt 0.1256747543811798 0.7806120067834854
vt 0.4056950807571411 0.7494078576564789
vt 0.3875010907649994 0.7624979615211487
vt 0.6125017404556274 0.762498140335083
vt 0.4056950807571411 0.7494078576564789
vt 0.6125017404556274 0.762498140335083
vt 0.5949811339378357 0.7499173581600189
vt 0.3749999701976776 0.46990227699279785
vt 0.38749825954437256 0.487501859664917
vt 0.38750094175338745 0.26249778270721436
vt 0.3749999701976776 0.46990227699279785
vt 0.38750094175338745 0.26249778270721436
vt 0.375 0.2801029682159424
vt 0.3744078576564789 0.9693101216107607
vt 0.38749808073043823 0.9875020105391741
vt 0.3875010907649994 0.7624979615211487
vt 0.3744078576564789 0.9693101216107607
vt 0.3875010907649994 0.7624979615211487
vt 0.3749173879623413 0.7800203412771225
vt 0.4056119918823242 0.24932527542114258
vt 0.38750094175338745 0.26249778270721436
vt 0.6125017404556274 0.262498140335083
vt 0.4056119918823242 0.24932527542114258
vt 0.6125017404556274 0.262498140335083
vt 0.5943880081176758 0.24932527542114258
vt 0.5943880081176758 0.7493252456188202
vt 0.6249997615814209 0.7493252456188202
vt 0.6249997615814209 0.5006747543811798
vt 0.5943880081176758 0.7493252456188202
vt 0.6249997615814209 0.5006747543811798
vt 0.5943880081176758 0.5006747543811798
vt 0.375 0.7493252456188202
vt 0.4056119918823242 0.7493252456188202
vt 0.40561196208000183 0.5006747543811798
vt 0.375 0.7493252456188202
vt 0.40561196208000183 0.5006747543811798
vt 0.3749999701976776 0.46990227699279785
vt 0.6249997615814209 0.0006747841835021973
vt 0.5943880081176758 0.0006747841835021973
vt 0.5943880081176758 0.24932527542114258
vt 0.6249997615814209 0.0006747841835021973
vt 0.5943880081176758 0.24932527542114258
vt 0.6249997019767761 0.2801024913787842
vt 0.40561196208000183 0.0006747841835021973
vt 0.375 0.0006747841835021973
vt 0.375 0.24932527542114258
vt 0.40561196208000183 0.0006747841835021973
vt 0.375 0.24932527542114258
vt 0.4056119918823242 0.24932527542114258
vt 0.5949811339378357 0.7499173581600189
vt 0.6125017404556274 0.762498140335083
vt 0.6256747245788574 0.7806120067834854
vt 0.6249997615814209 0.4698975086212158
vt 0.6125017404556274 0.487501859664917
vt 0.5943880081176758 0.5006747543811798
vt 0.3749173879623413 0.7800203412771225
vt 0.3875010907649994 0.7624979615211487
vt 0.4056950807571411 0.7494078576564789
vt 0.40561196208000183 0.5006747543811798
vt 0.38749825954437256 0.487501859664917
vt 0.3749999701976776 0.46990227699279785
vt 0.6256747245788574 0.969388023018837
vt 0.6125017404556274 0.9875019192695618
vt 0.5948976874351501 0.9999999976782199
vt 0.5943880081176758 0.24932527542114258
vt 0.6125017404556274 0.262498140335083
vt 0.6249997019767761 0.2801024913787842
vt 0.4051024615764618 1
vt 0.38749808073043823 0.9875020105391741
vt 0.3744078576564789 0.9693101216107607
vt 0.375 0.2801029682159424
vt 0.38750094175338745 0.26249778270721436
vt 0.4056119918823242 0.24932527542114258
vn 0 0.707068007303134 0.707145552943929
vn 0 0.707068007303134 0.707145552943929
vn 0 0.7070679774975421 0.7071455827462511
vn 0 0.707068007303134 0.707145552943929
vn 0 0.7070679774975421 0.7071455827462511
vn 0 0.707068007303134 0.707145552943929
vn -0.7070686629898546 0 0.7071448973285033
vn -0.707068633184318 0 0.7071449271308252
vn -0.707068633184318 0 0.7071449271308252
vn -0.7070686629898546 0 0.7071448973285033
vn -0.707068633184318 0 0.7071449271308252
vn -0.7070686629898546 0 0.7071448973285033
vn 0 -0.7070679774975421 -0.7071455827462511
vn 0 -0.7070679476952202 -0.7071456125453012
vn 0 -0.7070679774975421 -0.7071455827462511
vn 0 -0.7070679774975421 -0.7071455827462511
vn 0 -0.7070679774975421 -0.7071455827462511
vn 0 -0.7070679774975421 -0.7071455827462511
vn -0.7070686629898546 0 -0.7071448973285033
vn -0.707068633184318 0 -0.7071449271308252
vn -0.707068633184318 0 -0.7071449271308252
vn -0.7070686629898546 0 -0.7071448973285033
vn -0.707068633184318 0 -0.7071449271308252
vn -0.7070686629898546 0 -0.7071448973285033
vn 0 0 1
vn 0 0 1
vn 0 0 1
vn 0 0 1
vn 0 0 1
vn 0 0 1
vn 0 -1 0
vn 0 -1 0
vn 0 -1 0
vn 0 -1 0
vn 0 -1 0
vn 0 -1 0
vn 0 0 -1
vn 0 0 -1
vn 0 0 -1
vn 0 0 -1
vn 0 0 -1
vn 0 0 -1
vn 0 1 0
vn 0 1 0
vn 0 1 0
vn 0 1 0
vn 0 1 0
vn 0 1 0
vn -1 0 0
vn -1 0 0
vn -1 0 0
vn -1 0 0
vn -1 0 0
vn -1 0 0
vn 1 0 0
vn 1 0 0
vn 1 0 0
vn 1 0 0
vn 1 0 0
vn 1 0 0
vn 0 -0.7070679476952202 0.7071456125453012
vn 0 -0.7070679774975421 0.7071455827462511
vn 0 -0.7070679774975421 0.7071455827462511
vn 0 -0.7070679476952202 0.7071456125453012
vn 0 -0.7070679774975421 0.7071455827462511
vn 0 -0.7070679774975421 0.7071455827462511
vn 0.70707659079028 0 -0.707136970293871
vn 0.70707659079028 0 -0.707136970293871
vn 0.70707659079028 0 -0.707136970293871
vn 0.70707659079028 0 -0.707136970293871
vn 0.70707659079028 0 -0.707136970293871
vn 0.70707659079028 0 -0.707136970293871
vn 0.70707659079028 0 0.707136970293871
vn 0.70707659079028 0 0.707136970293871
vn 0.70707659079028 0 0.707136970293871
vn 0.70707659079028 0 0.707136970293871
vn 0.70707659079028 0 0.707136970293871
vn 0.70707659079028 0 0.707136970293871
vn 0 0.707068007303134 -0.707145552943929
vn 0 0.707068007303134 -0.707145552943929
vn 0 0.707068007303134 -0.707145552943929
vn 0 0.707068007303134 -0.707145552943929
vn 0 0.707068007303134 -0.707145552943929
vn 0 0.7070679774975421 -0.7071455827462511
vn -0.707109991938858 -0.707103554637184 -0.00014939774789709162
vn -0.7071099919390395 -0.7071035546373654 -0.0001493960307711228
vn -0.7071099919389456 -0.7071035546372716 0.00014939691843793718
vn -0.707109991938858 -0.707103554637184 -0.00014939774789709162
vn -0.7071099919389456 -0.7071035546372716 0.00014939691843793718
vn -0.7071099919387658 -0.7071035546370917 0.00014939862101199104
vn 0.7071068925037073 -0.7071066540851267 -0.00014940644994380136
vn 0.7071068925037535 -0.7071066540851729 -0.00014940601338635166
vn 0.7071068925038656 -0.7071066540852852 0.00014940495109655734
vn 0.7071068925037073 -0.7071066540851267 -0.00014940644994380136
vn 0.7071068925038656 -0.7071066540852852 0.00014940495109655734
vn 0.7071068925038195 -0.707106654085239 0.00014940538765400706
vn -0.7071099919389873 0.7071035546373132 -0.00014939652553623247
vn -0.7071099919388057 0.7071035546371317 -0.00014939824266220128
vn -0.7071099919389011 0.7071035546372271 0.0001493973404434719
vn -0.7071099919389873 0.7071035546373132 -0.00014939652553623247
vn -0.7071099919389011 0.7071035546372271 0.0001493973404434719
vn -0.7071099919390794 0.7071035546374054 0.00014939565242133305
vn 0.7071068925047542 0.7071066540861737 -0.00014939654008969304
vn 0.7071068925047065 0.7071066540861259 -0.00014939699119905772
vn 0.7071068925046113 0.7071066540860308 0.00014939789341778713
vn 0.7071068925047542 0.7071066540861737 -0.00014939654008969304
vn 0.7071068925046113 0.7071066540860308 0.00014939789341778713
vn 0.7071068925046604 0.7071066540860799 0.0001493974277565074
vn -0.707109991938858 -0.707103554637184 -0.00014939774789709162
vn -0.6738901444183685 -0.6739161916470139 -0.3028350044030176
vn -0.7071099919390395 -0.7071035546373654 -0.0001493960307711228
vn -0.7071099919389456 -0.7071035546372716 0.00014939691843793718
vn -0.6738901389510372 -0.673916186181775 0.3028350287314253
vn -0.7071099919387658 -0.7071035546370917 0.00014939862101199104
vn 0.7071068925037073 -0.7071066540851267 -0.00014940644994380136
vn 0.6738826332660398 -0.6739173827754712 -0.3028490676483703
vn 0.7071068925037535 -0.7071066540851729 -0.00014940601338635166
vn 0.7071068925038656 -0.7071066540852852 0.00014940495109655734
vn 0.6738826658031537 -0.6739173557065443 0.3028490554839723
vn 0.7071068925038195 -0.707106654085239 0.00014940538765400706
vn -0.7071099919389873 0.7071035546373132 -0.00014939652553623247
vn -0.6738901389510372 0.673916186181775 -0.3028350287314253
vn -0.7071099919388057 0.7071035546371317 -0.00014939824266220128
vn -0.7071099919389011 0.7071035546372271 0.0001493973404434719
vn -0.6738901389510372 0.673916186181775 0.3028350287314253
vn -0.7071099919390794 0.7071035546374054 0.00014939565242133305
vn 0.7071068925047542 0.7071066540861737 -0.00014939654008969304
vn 0.6738861787481498 0.6739209282559933 -0.30283328837959217
vn 0.7071068925047065 0.7071066540861259 -0.00014939699119905772
vn 0.7071068925046113 0.7071066540860308 0.00014939789341778713
vn 0.6738861787481498 0.6739209282559933 0.30283328837959217
vn 0.7071068925046604 0.7071066540860799 0.0001493974277565074
f 1393/1393/1393 1394/1394/1394 1395/1395/1395
f 1396/1396/1396 1397/1397/1397 1398/1398/1398
f 1399/1399/1399 1400/1400/1400 1401/1401/1401
f 1402/1402/1402 1403/1403/1403 1404/1404/1404
f 1405/1405/1405 1406/1406/1406 1407/1407/1407
f 1408/1408/1408 1409/1409/1409 1410/1410/1410
f 1411/1411/1411 1412/1412/1412 1413/1413/1413
f 1414/1414/1414 1415/1415/1415 1416/1416/1416
f 1417/1417/1417 1418/1418/1418 1419/1419/1419
f 1420/1420/1420 1421/1421/1421 1422/1422/1422
f 1423/1423/1423 1424/1424/1424 1425/1425/1425
f 1426/1426/1426 1427/1427/1427 1428/1428/1428
f 1429/1429/1429 1430/1430/1430 1431/1431/1431
f 1432/1432/1432 1433/1433/1433 1434/1434/1434
f 1435/1435/1435 1436/1436/1436 1437/1437/1437
f 1438/1438/1438 1439/1439/1439 1440/1440/1440
f 1441/1441/1441 1442/1442/1442 1443/1443/1443
f 1444/1444/1444 1445/1445/1445 1446/1446/1446
f 1447/1447/1447 1448/1448/1448 1449/1449/1449
f 1450/1450/1450 1451/1451/1451 1452/1452/1452
f 1453/1453/1453 1454/1454/1454 1455/1455/1455
f 1456/1456/1456 1457/1457/1457 1458/1458/1458
f 1459/1459/1459 1460/1460/1460 1461/1461/1461
f 1462/1462/1462 1463/1463/1463 1464/1464/1464
f 1465/1465/1465 1466/1466/1466 1467/1467/1467
f 1468/1468/1468 1469/1469/1469 1470/1470/1470
f 1471/1471/1471 1472/1472/1472 1473/1473/1473
f 1474/1474/1474 1475/1475/1475 1476/1476/1476
f 1477/1477/1477 1478/1478/1478 1479/1479/1479
f 1480/1480/1480 1481/1481/1481 1482/1482/1482
f 1483/1483/1483 1484/1484/1484 1485/1485/1485
f 1486/1486/1486 1487/1487/1487 1488/1488/1488
f 1489/1489/1489 1490/1490/1490 1491/1491/1491
f 1492/1492/1492 1493/1493/1493 1494/1494/1494
f 1495/1495/1495 1496/1496/1496 1497/1497/1497
f 1498/1498/1498 1499/1499/1499 1500/1500/1500
f 1501/1501/1501 1502/1502/1502 1503/1503/1503
f 1504/1504/1504 1505/1505/1505 1506/1506/1506
f 1507/1507/1507 1508/1508/1508 1509/1509/1509
f 1510/1510/1510 1511/1511/1511 1512/1512/1512
f 1513/1513/1513 1514/1514/1514 1515/1515/1515
f 1516/1516/1516 1517/1517/1517 1518/1518/1518
f 1519/1519/1519 1520/1520/1520 1521/1521/1521
f 1522/1522/1522 1523/1523/1523 1524/1524/1524
o polySurface9
usemtl chair
v -2.591476534929143 -0.4740922749042511 2.769752094254386
v -2.606662774565507 -0.45890562472541774 2.7690621092108927
v -2.606662774565507 -0.45890562472541774 2.4887226366229243
v -2.591476534929143 -0.4740922749042511 2.769752094254386
v -2.606662774565507 -0.45890562472541774 2.4887226366229243
v -2.591476534929143 -0.4740922749042511 2.4893827889136446
v -2.591127847525172 -0.45857205896906805 2.784248896237216
v -2.591476534929143 -0.4740922749042511 2.769752094254386
v -2.311107503283381 -0.4740922749042511 2.769752094254386
v -2.591127847525172 -0.45857205896906805 2.784248896237216
v -2.311107503283381 -0.4740922749042511 2.769752094254386
v -2.311107503283381 -0.45892060952554914 2.7842644968510513
v -2.606662774565507 -0.45890562472541774 2.7690621092108927
v -2.591127847525172 -0.45857205896906805 2.784248896237216
v -2.591476534929143 3.665185476958243 2.6009233461072654
v -2.606662774565507 -0.45890562472541774 2.7690621092108927
v -2.591476534929143 3.665185476958243 2.6009233461072654
v -2.606662774565507 3.6651704237343665 2.5857223269420047
v -2.2959201688670987 -0.45890562472541774 2.7690621092108927
v -2.311107503283381 -0.4740922749042511 2.769752094254386
v -2.311107503283381 -0.4740922749042511 2.4893827889136446
v -2.2959201688670987 -0.45890562472541774 2.7690621092108927
v -2.311107503283381 -0.4740922749042511 2.4893827889136446
v -2.2959201688670987 -0.45890562472541774 2.4887226366229243
v -2.311107503283381 -0.45892060952554914 2.7842644968510513
v -2.2959201688670987 -0.45890562472541774 2.7690621092108927
v -2.2959201688670987 3.6651704237343665 2.5857223269420047
v -2.311107503283381 -0.45892060952554914 2.7842644968510513
v -2.2959201688670987 3.6651704237343665 2.5857223269420047
v -2.310780437782796 3.665511721373889 2.6009088402733482
v -2.606662774565507 3.6651704237343665 2.5857223269420047
v -2.591476534929143 3.6803572107606897 2.5850621746512843
v -2.591476534929143 3.6803572107606897 2.3046930061580326
v -2.606662774565507 3.6651704237343665 2.5857223269420047
v -2.591476534929143 3.6803572107606897 2.3046930061580326
v -2.606662774565507 3.6651704237343665 2.3053832648965056
v -2.591476534929143 3.6803572107606897 2.5850621746512843
v -2.591476534929143 3.665185476958243 2.6009233461072654
v -2.310780437782796 3.665511721373889 2.6009088402733482
v -2.591476534929143 3.6803572107606897 2.5850621746512843
v -2.310780437782796 3.665511721373889 2.6009088402733482
v -2.311107503283381 3.6803572107606897 2.5850621746512843
v -2.311107503283381 3.6803572107606897 2.5850621746512843
v -2.2959201688670987 3.6651704237343665 2.5857223269420047
v -2.2959201688670987 3.6651704237343665 2.3053832648965056
v -2.311107503283381 3.6803572107606897 2.5850621746512843
v -2.2959201688670987 3.6651704237343665 2.3053832648965056
v -2.3114559169923723 3.6803572107606897 2.305042104104473
v -2.606662774565507 3.6651704237343665 2.3053832648965056
v -2.591476534929143 3.665185476958243 2.290181014103837
v -2.591476534929143 -0.45892060952554914 2.4735214806101737
v -2.606662774565507 3.6651704237343665 2.3053832648965056
v -2.591476534929143 -0.45892060952554914 2.4735214806101737
v -2.606662774565507 -0.45890562472541774 2.4887226366229243
v -2.591476534929143 3.665185476958243 2.290181014103837
v -2.591476534929143 3.6803572107606897 2.3046930061580326
v -2.3114559169923723 3.6803572107606897 2.305042104104473
v -2.591476534929143 3.665185476958243 2.290181014103837
v -2.3114559169923723 3.6803572107606897 2.305042104104473
v -2.311107503283381 3.665185476958243 2.290181014103837
v -2.311107503283381 3.665185476958243 2.290181014103837
v -2.2959201688670987 3.6651704237343665 2.3053832648965056
v -2.2959201688670987 -0.45890562472541774 2.4887226366229243
v -2.311107503283381 3.665185476958243 2.290181014103837
v -2.2959201688670987 -0.45890562472541774 2.4887226366229243
v -2.310780437782796 -0.4592466486699607 2.473535986444091
v -2.591476534929143 -0.4740922749042511 2.4893827889136446
v -2.591476534929143 -0.45892060952554914 2.4735214806101737
v -2.310780437782796 -0.4592466486699607 2.473535986444091
v -2.591476534929143 -0.4740922749042511 2.4893827889136446
v -2.310780437782796 -0.4592466486699607 2.473535986444091
v -2.311107503283381 -0.4740922749042511 2.4893827889136446
v -2.591127847525172 -0.45857205896906805 2.784248896237216
v -2.311107503283381 -0.45892060952554914 2.7842644968510513
v -2.310780437782796 3.665511721373889 2.6009088402733482
v -2.591127847525172 -0.45857205896906805 2.784248896237216
v -2.310780437782796 3.665511721373889 2.6009088402733482
v -2.591476534929143 3.665185476958243 2.6009233461072654
v -2.591476534929143 3.6803572107606897 2.5850621746512843
v -2.311107503283381 3.6803572107606897 2.5850621746512843
v -2.3114559169923723 3.6803572107606897 2.305042104104473
v -2.591476534929143 3.6803572107606897 2.5850621746512843
v -2.3114559169923723 3.6803572107606897 2.305042104104473
v -2.591476534929143 3.6803572107606897 2.3046930061580326
v -2.591476534929143 3.665185476958243 2.290181014103837
v -2.311107503283381 3.665185476958243 2.290181014103837
v -2.310780437782796 -0.4592466486699607 2.473535986444091
v -2.591476534929143 3.665185476958243 2.290181014103837
v -2.310780437782796 -0.4592466486699607 2.473535986444091
v -2.591476534929143 -0.45892060952554914 2.4735214806101737
v -2.591476534929143 -0.4740922749042511 2.4893827889136446
v -2.311107503283381 -0.4740922749042511 2.4893827889136446
v -2.311107503283381 -0.4740922749042511 2.769752094254386
v -2.591476534929143 -0.4740922749042511 2.4893827889136446
v -2.311107503283381 -0.4740922749042511 2.769752094254386
v -2.591476534929143 -0.4740922749042511 2.769752094254386
v -2.2959201688670987 -0.45890562472541774 2.7690621092108927
v -2.2959201688670987 -0.45890562472541774 2.4887226366229243
v -2.2959201688670987 3.6651704237343665 2.3053832648965056
v -2.2959201688670987 -0.45890562472541774 2.7690621092108927
v -2.2959201688670987 3.6651704237343665 2.3053832648965056
v -2.2959201688670987 3.6651704237343665 2.5857223269420047
v -2.606662774565507 -0.45890562472541774 2.4887226366229243
v -2.606662774565507 -0.45890562472541774 2.7690621092108927
v -2.606662774565507 3.6651704237343665 2.5857223269420047
v -2.606662774565507 -0.45890562472541774 2.4887226366229243
v -2.606662774565507 3.6651704237343665 2.5857223269420047
v -2.606662774565507 3.6651704237343665 2.3053832648965056
v -2.591476534929143 -0.4740922749042511 2.769752094254386
v -2.591127847525172 -0.45857205896906805 2.784248896237216
v -2.606662774565507 -0.45890562472541774 2.7690621092108927
v -2.2959201688670987 -0.45890562472541774 2.7690621092108927
v -2.311107503283381 -0.45892060952554914 2.7842644968510513
v -2.311107503283381 -0.4740922749042511 2.769752094254386
v -2.606662774565507 3.6651704237343665 2.5857223269420047
v -2.591476534929143 3.665185476958243 2.6009233461072654
v -2.591476534929143 3.6803572107606897 2.5850621746512843
v -2.311107503283381 3.6803572107606897 2.5850621746512843
v -2.310780437782796 3.665511721373889 2.6009088402733482
v -2.2959201688670987 3.6651704237343665 2.5857223269420047
v -2.606662774565507 3.6651704237343665 2.3053832648965056
v -2.591476534929143 3.6803572107606897 2.3046930061580326
v -2.591476534929143 3.665185476958243 2.290181014103837
v -2.311107503283381 3.665185476958243 2.290181014103837
v -2.3114559169923723 3.6803572107606897 2.305042104104473
v -2.2959201688670987 3.6651704237343665 2.3053832648965056
v -2.606662774565507 -0.45890562472541774 2.4887226366229243
v -2.591476534929143 -0.45892060952554914 2.4735214806101737
v -2.591476534929143 -0.4740922749042511 2.4893827889136446
v -2.311107503283381 -0.4740922749042511 2.4893827889136446
v -2.310780437782796 -0.4592466486699607 2.473535986444091
v -2.2959201688670987 -0.45890562472541774 2.4887226366229243
vt 0.38721799850463867 0.012218058109283447
vt 0.3749999701976776 0.012773334980010986
vt 0.375 0.23831290006637573
vt 0.38721799850463867 0.012218058109283447
vt 0.375 0.23831290006637573
vt 0.38721799850463867 0.23778194189071655
vt 0.38749849796295166 0.9990661069750786
vt 0.3872179687023163 0.9988708961755037
vt 0.6127814054489136 0.9988709036260843
vt 0.38749849796295166 0.9990661069750786
vt 0.6127814054489136 0.9988709036260843
vt 0.6127815246582031 0.9990870710462332
vt 0.3627699315547943 0.9990861208061688
vt 0.38749849796295166 0.9990661069750786
vt 0.3872179388999939 0.7509129643440247
vt 0.3627699315547943 0.9990861208061688
vt 0.3872179388999939 0.7509129643440247
vt 0.36276975274086 0.7509138882160187
vt 0.6249998211860657 0.012773215770721436
vt 0.6127815842628479 0.012218058109283447
vt 0.6127816438674927 0.23778194189071655
vt 0.6249998211860657 0.012773215770721436
vt 0.6127816438674927 0.23778194189071655
vt 0.6249998211860657 0.23831290006637573
vt 0.6127815246582031 0.9990870710462332
vt 0.6372300982475281 0.999086057767272
vt 0.6372302174568176 0.7509138882160187
vt 0.6127815246582031 0.9990870710462332
vt 0.6372302174568176 0.7509138882160187
vt 0.6130443811416626 0.7508933395147324
vt 0.375 0.7383129000663757
vt 0.38721799850463867 0.7377817928791046
vt 0.38721799850463867 0.5122180283069611
vt 0.375 0.7383129000663757
vt 0.38721799850463867 0.5122180283069611
vt 0.3749999701976776 0.5127734839916229
vt 0.38721799850463867 0.7377817928791046
vt 0.3872179388999939 0.7509129643440247
vt 0.6130443811416626 0.7508933395147324
vt 0.38721799850463867 0.7377817928791046
vt 0.6130443811416626 0.7508933395147324
vt 0.6127817034721375 0.7377817928791046
vt 0.6127817034721375 0.7377817928791046
vt 0.6249998211860657 0.7383129298686981
vt 0.6249998211860657 0.5127733647823334
vt 0.6127817034721375 0.7377817928791046
vt 0.6249998211860657 0.5127733647823334
vt 0.6125010848045349 0.5124988853931427
vt 0.375 0.49795591831207275
vt 0.3872179687023163 0.4990869164466858
vt 0.3872179687023163 0.25091296434402466
vt 0.375 0.49795591831207275
vt 0.3872179687023163 0.25091296434402466
vt 0.375 0.25
vt 0.3872179687023163 0.4990869164466858
vt 0.38721799850463867 0.5122180283069611
vt 0.6125010848045349 0.5124988853931427
vt 0.3872179687023163 0.4990869164466858
vt 0.6125010848045349 0.5124988853931427
vt 0.6127814054489136 0.4990869164466858
vt 0.6127814054489136 0.4990869164466858
vt 0.6249998211860657 0.49795591831207275
vt 0.6249998211860657 0.25
vt 0.6127814054489136 0.4990869164466858
vt 0.6249998211860657 0.25
vt 0.6130443811416626 0.25089335441589355
vt 0.38721799850463867 0.23778194189071655
vt 0.3872179687023163 0.25091296434402466
vt 0.6130443811416626 0.25089335441589355
vt 0.38721799850463867 0.23778194189071655
vt 0.6130443811416626 0.25089335441589355
vt 0.6127816438674927 0.23778194189071655
vt 0.38749849796295166 0.9990661069750786
vt 0.6127815246582031 0.9990870710462332
vt 0.6130443811416626 0.7508933395147324
vt 0.38749849796295166 0.9990661069750786
vt 0.6130443811416626 0.7508933395147324
vt 0.3872179388999939 0.7509129643440247
vt 0.38721799850463867 0.7377817928791046
vt 0.6127817034721375 0.7377817928791046
vt 0.6125010848045349 0.5124988853931427
vt 0.38721799850463867 0.7377817928791046
vt 0.6125010848045349 0.5124988853931427
vt 0.38721799850463867 0.5122180283069611
vt 0.3872179687023163 0.4990869164466858
vt 0.6127814054489136 0.4990869164466858
vt 0.6130443811416626 0.25089335441589355
vt 0.3872179687023163 0.4990869164466858
vt 0.6130443811416626 0.25089335441589355
vt 0.3872179687023163 0.25091296434402466
vt 0.38721799850463867 0.23778194189071655
vt 0.6127816438674927 0.23778194189071655
vt 0.6127815842628479 0.012218058109283447
vt 0.38721799850463867 0.23778194189071655
vt 0.6127815842628479 0.012218058109283447
vt 0.38721799850463867 0.012218058109283447
vt 0.6372300982475281 0.999086057767272
vt 0.8627697825431824 0.9990861946716905
vt 0.8627698421478271 0.7509138882160187
vt 0.6372300982475281 0.999086057767272
vt 0.8627698421478271 0.7509138882160187
vt 0.6372302174568176 0.7509138882160187
vt 0.13723023235797882 0.999086121446453
vt 0.3627699315547943 0.9990861208061688
vt 0.36276975274086 0.7509138882160187
vt 0.13723023235797882 0.999086121446453
vt 0.36276975274086 0.7509138882160187
vt 0.13723020255565643 0.7509138882160187
vt 0.3872179687023163 0.9988708961755037
vt 0.38749849796295166 0.9990661069750786
vt 0.3627699315547943 0.9990861208061688
vt 0.6372300982475281 0.999086057767272
vt 0.6127815246582031 0.9990870710462332
vt 0.6127814054489136 0.9988709036260843
vt 0.36276975274086 0.7509138882160187
vt 0.3872179388999939 0.7509129643440247
vt 0.38721799850463867 0.7377817928791046
vt 0.6127817034721375 0.7377817928791046
vt 0.6130443811416626 0.7508933395147324
vt 0.6372302174568176 0.7509138882160187
vt 0.3749999701976776 0.5127734839916229
vt 0.38721799850463867 0.5122180283069611
vt 0.3872179687023163 0.4990869164466858
vt 0.6127814054489136 0.4990869164466858
vt 0.6125010848045349 0.5124988853931427
vt 0.6249998211860657 0.5127733647823334
vt 0.375 0.25
vt 0.3872179687023163 0.25091296434402466
vt 0.38721799850463867 0.23778194189071655
vt 0.6127816438674927 0.23778194189071655
vt 0.6130443811416626 0.25089335441589355
vt 0.6249998211860657 0.25
vn -0.707117152318857 -0.7070964099021224 0
vn -0.7071172119226261 -0.7070963502965999 0
vn -0.7071172119226261 -0.7070963502965999 0
vn -0.707117152318857 -0.7070964099021224 0
vn -0.7071172119226261 -0.7070963502965999 0
vn -0.707117152318857 -0.7070964099021224 0
vn -0.00044723038137597535 -0.6869012070137074 0.7267506668645707
vn -0.00044723039968670654 -0.6869011755325152 0.7267506966195619
vn -0.00044723037058288075 -0.6869011755325239 0.7267506966195713
vn -0.00044723038137597535 -0.6869012070137074 0.7267506668645707
vn -0.00044723037058288075 -0.6869011755325239 0.7267506966195713
vn -0.00044723035227215086 -0.6869012070137163 0.7267506668645801
vn -0.7030706532393639 0.031552374931791576 0.7104196676540832
vn -0.7030705933267457 0.03155237491797041 0.7104197269475374
vn -0.7030706233856808 0.03155237731730946 0.7104196970929906
vn -0.7030706532393639 0.031552374931791576 0.7104196676540832
vn -0.7030706233856808 0.03155237731730946 0.7104196970929906
vn -0.7030706531567237 0.031552378653373216 0.7104196675705791
vn 0.7070877968528307 -0.7071257650105884 0
vn 0.7070878564590717 -0.707125705407543 0
vn 0.7070878564590717 -0.707125705407543 0
vn 0.7070877968528307 -0.7071257650105884 0
vn 0.7070878564590717 -0.707125705407543 0
vn 0.7070878266551529 -0.7071257352098652 0
vn 0.7109088823371881 0.031206873850558304 0.7025914118736192
vn 0.7109089120671022 0.031206877018262014 0.7025913816510534
vn 0.7109089713193036 0.03120687700279068 0.7025913216980852
vn 0.7109088823371881 0.031206873850558304 0.7025914118736192
vn 0.7109089713193036 0.03120687700279068 0.7025913216980852
vn 0.7109089121084256 0.03120687515743078 0.7025913816918932
vn -0.7071198046811671 0.7070937574520567 0
vn -0.7071198046811671 0.7070937574520567 0
vn -0.7071197748799414 0.7070937872543791 0
vn -0.7071198046811671 0.7070937574520567 0
vn -0.7071197748799414 0.7070937872543791 0
vn -0.7071197748799414 0.7070937872543791 0
vn -0.0004043977828068279 0.7261961705766311 0.6874874241048121
vn -0.00040439775370300216 0.7261961705766397 0.6874874241048202
vn -0.00040439781097761695 0.7261962285057694 0.6874873629139714
vn -0.0004043977828068279 0.7261961705766311 0.6874874241048121
vn -0.00040439781097761695 0.7261962285057694 0.6874873629139714
vn -0.00040439772459917637 0.7261961705766481 0.6874874241048282
vn 0.7030507935595934 0.7111395014989264 -0.00043713051210731433
vn 0.7030507935596112 0.7111395014989444 -0.00043713045389966437
vn 0.7030507935596112 0.7111395014989444 -0.00043713045389966437
vn 0.7030507935595934 0.7111395014989264 -0.00043713051210731433
vn 0.7030507935596112 0.7111395014989444 -0.00043713045389966437
vn 0.703050763759236 0.7111395309603538 -0.00043713046447474495
vn -0.707116457892905 -0.03140354782757428 -0.7063994140433817
vn -0.707116517550047 -0.031403544104615655 -0.7063993544911854
vn -0.707116457892905 -0.03140354782757428 -0.7063994140433817
vn -0.707116457892905 -0.03140354782757428 -0.7063994140433817
vn -0.707116457892905 -0.03140354782757428 -0.7063994140433817
vn -0.7071164578101812 -0.03140355154919061 -0.7063994139607418
vn 0.0004476456484444504 0.6955235764223332 -0.7185031344775472
vn 0.00044764565837734633 0.695523546635745 -0.7185031633114769
vn 0.00044764562927352233 0.6955235466357542 -0.7185031633114863
vn 0.0004476456484444504 0.6955235764223332 -0.7185031344775472
vn 0.00044764562927352233 0.6955235466357542 -0.7185031633114863
vn 0.00044764564783131375 0.6955235158650341 -0.7185031930980653
vn 0.7109089216530137 -0.03120642965040884 -0.7025913918221768
vn 0.7109089514655736 -0.0312064290964314 -0.7025913616812891
vn 0.7109088624008113 -0.03120642966587973 -0.7025914517751358
vn 0.7109089216530137 -0.03120642965040884 -0.7025913918221768
vn 0.7109088624008113 -0.03120642966587973 -0.7025914517751358
vn 0.7109089216943362 -0.03120642778957768 -0.7025913918630159
vn -0.00040479823780171516 -0.7262015626062941 -0.6874817281983309
vn -0.0004047982077636604 -0.7262016205349594 -0.6874816670070627
vn -0.0004047981921104296 -0.7262015328486647 -0.6874817596319726
vn -0.00040479823780171516 -0.7262015626062941 -0.6874817281983309
vn -0.0004047981921104296 -0.7262015328486647 -0.6874817596319726
vn -0.00040479822028002875 -0.7262015907773135 -0.6874816984406932
vn 0 0.044412057538774606 0.9990132977819527
vn 0 0.04441205010288981 0.9990132981125217
vn 0 0.04441205010288981 0.9990132981125217
vn 0 0.044412057538774606 0.9990132977819527
vn 0 0.04441205010288981 0.9990132981125217
vn 0 0.044412057538774606 0.9990132977819527
vn 0 1 0
vn 0 1 0
vn 0 1 0
vn 0 1 0
vn 0 1 0
vn 0 1 0
vn 0 -0.04441191253901979 -0.99901330422804
vn 0 -0.044411916256962246 -0.9990133040627559
vn 0 -0.044411916256962246 -0.9990133040627559
vn 0 -0.04441191253901979 -0.99901330422804
vn 0 -0.044411916256962246 -0.9990133040627559
vn 0 -0.04441191997490472 -0.9990133038974719
vn 0 -1 0
vn 0 -1 0
vn 0 -1 0
vn 0 -1 0
vn 0 -1 0
vn 0 -1 0
vn 0.9999999999999994 -3.396981185233015e-8 0
vn 0.9999999999999994 -3.396980829961647e-8 0
vn 0.9999999999999994 -3.396980829961647e-8 0
vn 0.9999999999999994 -3.396981185233015e-8 0
vn 0.9999999999999994 -3.396980829961647e-8 0
vn 0.9999999999999994 -3.396981185233015e-8 0
vn -0.9999999999999994 3.396980829961647e-8 0
vn -0.9999999999999994 3.396981185233015e-8 0
vn -0.9999999999999994 3.396981185233015e-8 0
vn -0.9999999999999994 3.396980829961647e-8 0
vn -0.9999999999999994 3.396981185233015e-8 0
vn -0.9999999999999994 3.396980829961647e-8 0
vn -0.577642413282666 -0.5502332186882085 0.6029698561528526
vn -0.5776424322272887 -0.550233177129263 0.6029698759281257
vn -0.577642413282666 -0.5502332186882085 0.6029698561528526
vn 0.5864398408817691 -0.5598972372319337 0.5853233266892862
vn 0.5864397813161502 -0.5598972372691926 0.5853233863328812
vn 0.5864398204220628 -0.5598972176982454 0.5853233658731748
vn -0.5693854499995366 0.5940614740916244 0.5682351399983211
vn -0.5693854097187044 0.5940614942528922 0.5682351592830945
vn -0.5693853895574366 0.594061532822516 0.5682351391625557
vn 0.5776296659235052 0.6016517674694062 0.5516875200202007
vn 0.5776296452005845 0.6016518079681213 0.5516874975510482
vn 0.5776296262063088 0.6016517881839215 0.5516875390144765
vn -0.586488980984563 0.5598641813558776 -0.5853057095385297
vn -0.5864890191976642 0.5598641013308 -0.5853057477947893
vn -0.5864889996262319 0.5598641422524971 -0.5853057282628434
vn 0.57763139826136 0.5779645882166127 -0.5764537297218464
vn 0.577631438059439 0.5779645088283535 -0.5764537694387855
vn 0.57763139826136 0.5779645882166127 -0.5764537297218464
vn -0.5693727466803173 -0.5940730295353442 -0.5682357881341239
vn -0.5693727466803173 -0.5940730295353442 -0.5682357881341239
vn -0.5693727063986236 -0.5940730496965545 -0.5682358074184889
vn 0.5776254709978029 -0.6016474548733186 -0.5516966152687768
vn 0.5776254900010689 -0.6016474721880757 -0.5516965764899432
vn 0.5776254709978029 -0.6016474548733186 -0.5516966152687768
f 1525/1525/1525 1526/1526/1526 1527/1527/1527
f 1528/1528/1528 1529/1529/1529 1530/1530/1530
f 1531/1531/1531 1532/1532/1532 1533/1533/1533
f 1534/1534/1534 1535/1535/1535 1536/1536/1536
f 1537/1537/1537 1538/1538/1538 1539/1539/1539
f 1540/1540/1540 1541/1541/1541 1542/1542/1542
f 1543/1543/1543 1544/1544/1544 1545/1545/1545
f 1546/1546/1546 1547/1547/1547 1548/1548/1548
f 1549/1549/1549 1550/1550/1550 1551/1551/1551
f 1552/1552/1552 1553/1553/1553 1554/1554/1554
f 1555/1555/1555 1556/1556/1556 1557/1557/1557
f 1558/1558/1558 1559/1559/1559 1560/1560/1560
f 1561/1561/1561 1562/1562/1562 1563/1563/1563
f 1564/1564/1564 1565/1565/1565 1566/1566/1566
f 1567/1567/1567 1568/1568/1568 1569/1569/1569
f 1570/1570/1570 1571/1571/1571 1572/1572/1572
f 1573/1573/1573 1574/1574/1574 1575/1575/1575
f 1576/1576/1576 1577/1577/1577 1578/1578/1578
f 1579/1579/1579 1580/1580/1580 1581/1581/1581
f 1582/1582/1582 1583/1583/1583 1584/1584/1584
f 1585/1585/1585 1586/1586/1586 1587/1587/1587
f 1588/1588/1588 1589/1589/1589 1590/1590/1590
f 1591/1591/1591 1592/1592/1592 1593/1593/1593
f 1594/1594/1594 1595/1595/1595 1596/1596/1596
f 1597/1597/1597 1598/1598/1598 1599/1599/1599
f 1600/1600/1600 1601/1601/1601 1602/1602/1602
f 1603/1603/1603 1604/1604/1604 1605/1605/1605
f 1606/1606/1606 1607/1607/1607 1608/1608/1608
f 1609/1609/1609 1610/1610/1610 1611/1611/1611
f 1612/1612/1612 1613/1613/1613 1614/1614/1614
f 1615/1615/1615 1616/1616/1616 1617/1617/1617
f 1618/1618/1618 1619/1619/1619 1620/1620/1620
f 1621/1621/1621 1622/1622/1622 1623/1623/1623
f 1624/1624/1624 1625/1625/1625 1626/1626/1626
f 1627/1627/1627 1628/1628/1628 1629/1629/1629
f 1630/1630/1630 1631/1631/1631 1632/1632/1632
f 1633/1633/1633 1634/1634/1634 1635/1635/1635
f 1636/1636/1636 1637/1637/1637 1638/1638/1638
f 1639/1639/1639 1640/1640/1640 1641/1641/1641
f 1642/1642/1642 1643/1643/1643 1644/1644/1644
f 1645/1645/1645 1646/1646/1646 1647/1647/1647
f 1648/1648/1648 1649/1649/1649 1650/1650/1650
f 1651/1651/1651 1652/1652/1652 1653/1653/1653
f 1654/1654/1654 1655/1655/1655 1656/1656/1656
o polySurface12
usemtl chair
v -2.295919895172119 -0.45890555630167285 -2.412509895780488
v -2.300367985980074 -0.458913082913611 -2.423259539798039
v -2.300367985980074 4.267496439171396 -2.241212692612635
v -2.295919895172119 -0.45890555630167285 -2.412509895780488
v -2.300367985980074 4.267496439171396 -2.241212692612635
v -2.295919895172119 4.267508481750497 -2.230454564050717
v -2.300367985980074 -0.458913082913611 -2.423259539798039
v -2.3111066821984423 -0.45892054110180425 -2.4277122834206466
v -2.3111066821984423 4.267484396592295 -2.245668994269977
v -2.300367985980074 -0.458913082913611 -2.423259539798039
v -2.3111066821984423 4.267484396592295 -2.245668994269977
v -2.300367985980074 4.267496439171396 -2.241212692612635
v -2.3111066821984423 -0.4740922749042511 -2.4131998808239814
v -2.300367985980074 -0.4696444577912757 -2.412998715013998
v -2.300271645347266 -0.46964172084148004 -2.1324725824499637
v -2.3111066821984423 -0.4740922749042511 -2.4131998808239814
v -2.300271645347266 -0.46964172084148004 -2.1324725824499637
v -2.3107801640878165 -0.4740922749042511 -2.132504057372614
v -2.300367985980074 -0.4696444577912757 -2.412998715013998
v -2.295919895172119 -0.45890555630167285 -2.412509895780488
v -2.295919895172119 -0.45890555630167285 -2.1321704231925196
v -2.300367985980074 -0.4696444577912757 -2.412998715013998
v -2.295919895172119 -0.45890555630167285 -2.1321704231925196
v -2.300271645347266 -0.46964172084148004 -2.1324725824499637
v -2.3111066821984423 -0.45892054110180425 -2.4277122834206466
v -2.3111102402331767 -0.4696068931553299 -2.4236974517653493
v -2.591298633192423 -0.4696076458165237 -2.4235950898429905
v -2.3111066821984423 -0.45892054110180425 -2.4277122834206466
v -2.591298633192423 -0.4696076458165237 -2.4235950898429905
v -2.5914759875391837 -0.45892054110180425 -2.4277122834206466
v -2.3111102402331767 -0.4696068931553299 -2.4236974517653493
v -2.3111066821984423 -0.4740922749042511 -2.4131998808239814
v -2.591127300135213 -0.4740922749042511 -2.4128511934200105
v -2.3111102402331767 -0.4696068931553299 -2.4236974517653493
v -2.591127300135213 -0.4740922749042511 -2.4128511934200105
v -2.591298633192423 -0.4696076458165237 -2.4235950898429905
v -2.3107801640878165 -0.4740922749042511 -2.132504057372614
v -2.3107763323581025 -0.4697832895696621 -2.121765361154246
v -2.5914798192688977 -0.4696886595304761 -2.1218559541924833
v -2.3107801640878165 -0.4740922749042511 -2.132504057372614
v -2.5914798192688977 -0.4696886595304761 -2.1218559541924833
v -2.5914759875391837 -0.4740922749042511 -2.13283057548324
v -2.3107763323581025 -0.4697832895696621 -2.121765361154246
v -2.3107801640878165 -0.4592466486699607 -2.1169837730136862
v -2.5914759875391837 -0.45892054110180425 -2.116969267179769
v -2.3107763323581025 -0.4697832895696621 -2.121765361154246
v -2.5914759875391837 -0.45892054110180425 -2.116969267179769
v -2.5914798192688977 -0.4696886595304761 -2.1218559541924833
v -2.3107801640878165 -0.4592466486699607 -2.1169837730136862
v -2.300271645347266 -0.4590805158173623 -2.121431453279172
v -2.3003652490302784 4.267502460460946 -1.9393798164316252
v -2.3107801640878165 -0.4592466486699607 -2.1169837730136862
v -2.3003652490302784 4.267502460460946 -1.9393798164316252
v -2.3110971028741574 4.267491512661763 -1.9349258411816095
v -2.300271645347266 -0.4590805158173623 -2.121431453279172
v -2.295919895172119 -0.45890555630167285 -2.1321704231925196
v -2.295919895172119 4.26751286087017 -1.9501321973989718
v -2.300271645347266 -0.4590805158173623 -2.121431453279172
v -2.295919895172119 4.26751286087017 -1.9501321973989718
v -2.3003652490302784 4.267502460460946 -1.9393798164316252
v -2.5914759875391837 -0.45892054110180425 -2.4277122834206466
v -2.602214683757552 -0.458913082913611 -2.423259539798039
v -2.602214683757552 4.267496439171396 -2.241212692612635
v -2.5914759875391837 -0.45892054110180425 -2.4277122834206466
v -2.602214683757552 4.267496439171396 -2.241212692612635
v -2.5914759875391837 4.267484396592295 -2.245668994269977
v -2.602214683757552 -0.458913082913611 -2.423259539798039
v -2.606662774565507 -0.45890555630167285 -2.412509895780488
v -2.606662774565507 4.267508481750497 -2.230454564050717
v -2.602214683757552 -0.458913082913611 -2.423259539798039
v -2.606662774565507 4.267508481750497 -2.230454564050717
v -2.602214683757552 4.267496439171396 -2.241212692612635
v -2.606662774565507 -0.45890555630167285 -2.412509895780488
v -2.602113142920132 -0.46964172084148004 -2.4128169815475644
v -2.602214683757552 -0.46964418409629616 -2.132643915507174
v -2.606662774565507 -0.45890555630167285 -2.412509895780488
v -2.602214683757552 -0.46964418409629616 -2.132643915507174
v -2.606662774565507 -0.45890555630167285 -2.1321704231925196
v -2.602113142920132 -0.46964172084148004 -2.4128169815475644
v -2.591127300135213 -0.4740922749042511 -2.4128511934200105
v -2.5914759875391837 -0.4740922749042511 -2.13283057548324
v -2.602113142920132 -0.46964172084148004 -2.4128169815475644
v -2.5914759875391837 -0.4740922749042511 -2.13283057548324
v -2.602214683757552 -0.46964418409629616 -2.132643915507174
v -2.295919895172119 4.267508481750497 -2.230454564050717
v -2.295919895172119 4.278395520647791 -2.2304072148192517
v -2.295919895172119 4.2780829609811235 -1.9501851573775184
v -2.295919895172119 4.267508481750497 -2.230454564050717
v -2.295919895172119 4.2780829609811235 -1.9501851573775184
v -2.295919895172119 4.26751286087017 -1.9501321973989718
v -2.295919895172119 4.278395520647791 -2.2304072148192517
v -2.295919895172119 4.288985874187233 -2.2313249140857465
v -2.295919895172119 4.289009411955476 -1.95124463064343
v -2.295919895172119 4.278395520647791 -2.2304072148192517
v -2.295919895172119 4.289009411955476 -1.95124463064343
v -2.295919895172119 4.2780829609811235 -1.9501851573775184
v -2.311118177387584 4.288948104280053 -2.2466324005980596
v -2.3111124297930132 4.278236230169682 -2.245671457524793
v -2.591470787334572 4.278236230169682 -2.245671457524793
v -2.311118177387584 4.288948104280053 -2.2466324005980596
v -2.591470787334572 4.278236230169682 -2.245671457524793
v -2.591464492350042 4.288948104280053 -2.2466324005980596
v -2.3111124297930132 4.278236230169682 -2.245671457524793
v -2.3111066821984423 4.267484396592295 -2.245668994269977
v -2.5914759875391837 4.267484396592295 -2.245668994269977
v -2.3111124297930132 4.278236230169682 -2.245671457524793
v -2.5914759875391837 4.267484396592295 -2.245668994269977
v -2.591470787334572 4.278236230169682 -2.245671457524793
v -2.295919895172119 4.288985874187233 -2.2313249140857465
v -2.3003715440148085 4.288966715538663 -2.2421490031377402
v -2.300368533370033 9.68277768199664 -3.054908414261149
v -2.295919895172119 4.288985874187233 -2.2313249140857465
v -2.300368533370033 9.68277768199664 -3.054908414261149
v -2.295919895172119 9.682696668282688 -3.0440564083212394
v -2.3003715440148085 4.288966715538663 -2.2421490031377402
v -2.311118177387584 4.288948104280053 -2.2466324005980596
v -2.3111066821984423 9.682833515772472 -3.0593989277909373
v -2.3003715440148085 4.288966715538663 -2.2421490031377402
v -2.3111066821984423 9.682833515772472 -3.0593989277909373
v -2.300368533370033 9.68277768199664 -3.054908414261149
v -2.606662774565507 -0.45890555630167285 -2.1321704231925196
v -2.602214683757552 -0.4589094564551317 -2.1214213265649278
v -2.602217694402327 4.267502460460946 -1.9393798164316252
v -2.606662774565507 -0.45890555630167285 -2.1321704231925196
v -2.602217694402327 4.267502460460946 -1.9393798164316252
v -2.606662774565507 4.26751286087017 -1.9501321973989718
v -2.602214683757552 -0.4589094564551317 -2.1214213265649278
v -2.5914759875391837 -0.45892054110180425 -2.116969267179769
v -2.591485840558448 4.267491512661763 -1.9349258411816095
v -2.602214683757552 -0.4589094564551317 -2.1214213265649278
v -2.591485840558448 4.267491512661763 -1.9349258411816095
v -2.602217694402327 4.267502460460946 -1.9393798164316252
v -2.606662774565507 4.288985874187233 -2.2313249140857465
v -2.606662774565507 4.278395520647791 -2.2304072148192517
v -2.606662774565507 4.2780829609811235 -1.9501851573775184
v -2.606662774565507 4.288985874187233 -2.2313249140857465
v -2.606662774565507 4.2780829609811235 -1.9501851573775184
v -2.606662774565507 4.289009411955476 -1.95124463064343
v -2.606662774565507 4.278395520647791 -2.2304072148192517
v -2.606662774565507 4.267508481750497 -2.230454564050717
v -2.606662774565507 4.26751286087017 -1.9501321973989718
v -2.606662774565507 4.278395520647791 -2.2304072148192517
v -2.606662774565507 4.26751286087017 -1.9501321973989718
v -2.606662774565507 4.2780829609811235 -1.9501851573775184
v -2.591464492350042 4.288948104280053 -2.2466324005980596
v -2.602211399417797 4.288966715538663 -2.2421490031377402
v -2.601889534121824 9.68219963819979 -3.054801946914097
v -2.591464492350042 4.288948104280053 -2.2466324005980596
v -2.601889534121824 9.68219963819979 -3.054801946914097
v -2.5903464483585026 9.681713555916076 -3.0592481218571947
v -2.602211399417797 4.288966715538663 -2.2421490031377402
v -2.606662774565507 4.288985874187233 -2.2313249140857465
v -2.606662774565507 9.682696668282688 -3.0440564083212394
v -2.602211399417797 4.288966715538663 -2.2421490031377402
v -2.606662774565507 9.682696668282688 -3.0440564083212394
v -2.601889534121824 9.68219963819979 -3.054801946914097
v -2.295919895172119 9.682696668282688 -3.0440564083212394
v -2.300367985980074 9.69343974362073 -3.045574320677929
v -2.3000907329657707 9.69341346890269 -2.764870560072154
v -2.295919895172119 9.682696668282688 -3.0440564083212394
v -2.3000907329657707 9.69341346890269 -2.764870560072154
v -2.295919895172119 9.682696668282688 -2.7639621664349647
v -2.300367985980074 9.69343974362073 -3.045574320677929
v -2.3111066821984423 9.697883455309011 -3.0462424101230567
v -2.3101832353373766 9.697883455309011 -2.764949931616229
v -2.300367985980074 9.69343974362073 -3.045574320677929
v -2.3101832353373766 9.697883455309011 -2.764949931616229
v -2.3000907329657707 9.69341346890269 -2.764870560072154
v -2.3111066821984423 9.697883455309011 -3.0462424101230567
v -2.3111165352177068 9.693345592547757 -3.056237477081936
v -2.5909083441515577 9.69301387423252 -3.056200801954674
v -2.3111066821984423 9.697883455309011 -3.0462424101230567
v -2.5909083441515577 9.69301387423252 -3.056200801954674
v -2.5914759875391837 9.697883455309011 -3.0462424101230567
v -2.3111165352177068 9.693345592547757 -3.056237477081936
v -2.3111066821984423 9.682833515772472 -3.0593989277909373
v -2.5903464483585026 9.681713555916076 -3.0592481218571947
v -2.3111165352177068 9.693345592547757 -3.056237477081936
v -2.5903464483585026 9.681713555916076 -3.0592481218571947
v -2.5909083441515577 9.69301387423252 -3.056200801954674
v -2.5914759875391837 9.697883455309011 -3.0462424101230567
v -2.602214683757552 9.69343974362073 -3.045574320677929
v -2.6024919367718553 9.69341346890269 -2.764870560072154
v -2.5914759875391837 9.697883455309011 -3.0462424101230567
v -2.6024919367718553 9.69341346890269 -2.764870560072154
v -2.5923994344002494 9.697883455309011 -2.764949931616229
v -2.602214683757552 9.69343974362073 -3.045574320677929
v -2.606662774565507 9.682696668282688 -3.0440564083212394
v -2.606662774565507 9.682696668282688 -2.7639621664349647
v -2.602214683757552 9.69343974362073 -3.045574320677929
v -2.606662774565507 9.682696668282688 -2.7639621664349647
v -2.6024919367718553 9.69341346890269 -2.764870560072154
v -2.3101832353373766 9.683748751784151 -2.7487797585283147
v -2.310172834928153 9.69385138087 -2.754211235397861
v -2.59195468005845 9.693596297149043 -2.7541715496258234
v -2.3101832353373766 9.683748751784151 -2.7487797585283147
v -2.59195468005845 9.693596297149043 -2.7541715496258234
v -2.5914759875391837 9.682833515772472 -2.748656322092529
v -2.310172834928153 9.69385138087 -2.754211235397861
v -2.3101832353373766 9.697883455309011 -2.764949931616229
v -2.5923994344002494 9.697883455309011 -2.764949931616229
v -2.310172834928153 9.69385138087 -2.754211235397861
v -2.5923994344002494 9.697883455309011 -2.764949931616229
v -2.59195468005845 9.693596297149043 -2.7541715496258234
v -2.295919895172119 9.682696668282688 -2.7639621664349647
v -2.300090459270791 9.683239679122153 -2.753221828046719
v -2.3003652490302784 4.288972189438255 -1.9403856454815411
v -2.295919895172119 9.682696668282688 -2.7639621664349647
v -2.3003652490302784 4.288972189438255 -1.9403856454815411
v -2.295919895172119 4.289009411955476 -1.95124463064343
v -2.300090459270791 9.683239679122153 -2.753221828046719
v -2.3101832353373766 9.683748751784151 -2.7487797585283147
v -2.311097923959096 4.288933872141115 -1.9358878790347944
v -2.300090459270791 9.683239679122153 -2.753221828046719
v -2.311097923959096 4.288933872141115 -1.9358878790347944
v -2.3003652490302784 4.288972189438255 -1.9403856454815411
v -2.5914759875391837 9.682833515772472 -2.748656322092529
v -2.602214683757552 9.682754691618356 -2.7531369826030527
v -2.6022201576571433 4.2889689050985 -1.9403852349390718
v -2.5914759875391837 9.682833515772472 -2.748656322092529
v -2.6022201576571433 4.2889689050985 -1.9403852349390718
v -2.5914940514078353 4.288927303461605 -1.9358870579498557
v -2.602214683757552 9.682754691618356 -2.7531369826030527
v -2.606662774565507 9.682696668282688 -2.7639621664349647
v -2.606662774565507 4.289009411955476 -1.95124463064343
v -2.602214683757552 9.682754691618356 -2.7531369826030527
v -2.606662774565507 4.289009411955476 -1.95124463064343
v -2.6022201576571433 4.2889689050985 -1.9403852349390718
v -2.3110971028741574 4.267491512661763 -1.9349258411816095
v -2.311097923959096 4.278234040609846 -1.9349281675889358
v -2.5914899459831418 4.278232398439968 -1.9349278938939563
v -2.3110971028741574 4.267491512661763 -1.9349258411816095
v -2.5914899459831418 4.278232398439968 -1.9349278938939563
v -2.591485840558448 4.267491512661763 -1.9349258411816095
v -2.311097923959096 4.278234040609846 -1.9349281675889358
v -2.311097923959096 4.288933872141115 -1.9358878790347944
v -2.5914940514078353 4.288927303461605 -1.9358870579498557
v -2.311097923959096 4.278234040609846 -1.9349281675889358
v -2.5914940514078353 4.288927303461605 -1.9358870579498557
v -2.5914899459831418 4.278232398439968 -1.9349278938939563
v -2.3111066821984423 -0.45892054110180425 -2.4277122834206466
v -2.5914759875391837 -0.45892054110180425 -2.4277122834206466
v -2.5914759875391837 4.267484396592295 -2.245668994269977
v -2.3111066821984423 -0.45892054110180425 -2.4277122834206466
v -2.5914759875391837 4.267484396592295 -2.245668994269977
v -2.3111066821984423 4.267484396592295 -2.245668994269977
v -2.3111066821984423 9.697883455309011 -3.0462424101230567
v -2.5914759875391837 9.697883455309011 -3.0462424101230567
v -2.5923994344002494 9.697883455309011 -2.764949931616229
v -2.3111066821984423 9.697883455309011 -3.0462424101230567
v -2.5923994344002494 9.697883455309011 -2.764949931616229
v -2.3101832353373766 9.697883455309011 -2.764949931616229
v -2.3110971028741574 4.267491512661763 -1.9349258411816095
v -2.591485840558448 4.267491512661763 -1.9349258411816095
v -2.5914759875391837 -0.45892054110180425 -2.116969267179769
v -2.3110971028741574 4.267491512661763 -1.9349258411816095
v -2.5914759875391837 -0.45892054110180425 -2.116969267179769
v -2.3107801640878165 -0.4592466486699607 -2.1169837730136862
v -2.3107801640878165 -0.4740922749042511 -2.132504057372614
v -2.5914759875391837 -0.4740922749042511 -2.13283057548324
v -2.591127300135213 -0.4740922749042511 -2.4128511934200105
v -2.3107801640878165 -0.4740922749042511 -2.132504057372614
v -2.591127300135213 -0.4740922749042511 -2.4128511934200105
v -2.3111066821984423 -0.4740922749042511 -2.4131998808239814
v -2.606662774565507 -0.45890555630167285 -2.412509895780488
v -2.606662774565507 -0.45890555630167285 -2.1321704231925196
v -2.606662774565507 4.26751286087017 -1.9501321973989718
v -2.606662774565507 -0.45890555630167285 -2.412509895780488
v -2.606662774565507 4.26751286087017 -1.9501321973989718
v -2.606662774565507 4.267508481750497 -2.230454564050717
v -2.295919895172119 -0.45890555630167285 -2.1321704231925196
v -2.295919895172119 -0.45890555630167285 -2.412509895780488
v -2.295919895172119 4.267508481750497 -2.230454564050717
v -2.295919895172119 -0.45890555630167285 -2.1321704231925196
v -2.295919895172119 4.267508481750497 -2.230454564050717
v -2.295919895172119 4.26751286087017 -1.9501321973989718
v -2.295919895172119 4.289009411955476 -1.95124463064343
v -2.295919895172119 4.288985874187233 -2.2313249140857465
v -2.295919895172119 9.682696668282688 -3.0440564083212394
v -2.295919895172119 4.289009411955476 -1.95124463064343
v -2.295919895172119 9.682696668282688 -3.0440564083212394
v -2.295919895172119 9.682696668282688 -2.7639621664349647
v -2.3101832353373766 9.683748751784151 -2.7487797585283147
v -2.5914759875391837 9.682833515772472 -2.748656322092529
v -2.5914940514078353 4.288927303461605 -1.9358870579498557
v -2.3101832353373766 9.683748751784151 -2.7487797585283147
v -2.5914940514078353 4.288927303461605 -1.9358870579498557
v -2.311097923959096 4.288933872141115 -1.9358878790347944
v -2.606662774565507 4.288985874187233 -2.2313249140857465
v -2.606662774565507 4.289009411955476 -1.95124463064343
v -2.606662774565507 9.682696668282688 -2.7639621664349647
v -2.606662774565507 4.288985874187233 -2.2313249140857465
v -2.606662774565507 9.682696668282688 -2.7639621664349647
v -2.606662774565507 9.682696668282688 -3.0440564083212394
v -2.311118177387584 4.288948104280053 -2.2466324005980596
v -2.591464492350042 4.288948104280053 -2.2466324005980596
v -2.5903464483585026 9.681713555916076 -3.0592481218571947
v -2.311118177387584 4.288948104280053 -2.2466324005980596
v -2.5903464483585026 9.681713555916076 -3.0592481218571947
v -2.3111066821984423 9.682833515772472 -3.0593989277909373
v -2.3111102402331767 -0.4696068931553299 -2.4236974517653493
v -2.3111066821984423 -0.45892054110180425 -2.4277122834206466
v -2.300367985980074 -0.458913082913611 -2.423259539798039
v -2.3111102402331767 -0.4696068931553299 -2.4236974517653493
v -2.300367985980074 -0.458913082913611 -2.423259539798039
v -2.3023432426476234 -0.46764710025412626 -2.4216502133181734
v -2.300367985980074 -0.458913082913611 -2.423259539798039
v -2.295919895172119 -0.45890555630167285 -2.412509895780488
v -2.300367985980074 -0.4696444577912757 -2.412998715013998
v -2.300367985980074 -0.458913082913611 -2.423259539798039
v -2.300367985980074 -0.4696444577912757 -2.412998715013998
v -2.3023432426476234 -0.46764710025412626 -2.4216502133181734
v -2.300367985980074 -0.4696444577912757 -2.412998715013998
v -2.3111066821984423 -0.4740922749042511 -2.4131998808239814
v -2.3111102402331767 -0.4696068931553299 -2.4236974517653493
v -2.300367985980074 -0.4696444577912757 -2.412998715013998
v -2.3111102402331767 -0.4696068931553299 -2.4236974517653493
v -2.3023432426476234 -0.46764710025412626 -2.4216502133181734
v -2.300271645347266 -0.4590805158173623 -2.121431453279172
v -2.3107801640878165 -0.4592466486699607 -2.1169837730136862
v -2.3107763323581025 -0.4697832895696621 -2.121765361154246
v -2.300271645347266 -0.4590805158173623 -2.121431453279172
v -2.3107763323581025 -0.4697832895696621 -2.121765361154246
v -2.3022014686482066 -0.46776793658760596 -2.12369326859033
v -2.3107763323581025 -0.4697832895696621 -2.121765361154246
v -2.3107801640878165 -0.4740922749042511 -2.132504057372614
v -2.300271645347266 -0.46964172084148004 -2.1324725824499637
v -2.3107763323581025 -0.4697832895696621 -2.121765361154246
v -2.300271645347266 -0.46964172084148004 -2.1324725824499637
v -2.3022014686482066 -0.46776793658760596 -2.12369326859033
v -2.300271645347266 -0.46964172084148004 -2.1324725824499637
v -2.295919895172119 -0.45890555630167285 -2.1321704231925196
v -2.300271645347266 -0.4590805158173623 -2.121431453279172
v -2.300271645347266 -0.46964172084148004 -2.1324725824499637
v -2.300271645347266 -0.4590805158173623 -2.121431453279172
v -2.3022014686482066 -0.46776793658760596 -2.12369326859033
v -2.602113142920132 -0.46964172084148004 -2.4128169815475644
v -2.606662774565507 -0.45890555630167285 -2.412509895780488
v -2.602214683757552 -0.458913082913611 -2.423259539798039
v -2.602113142920132 -0.46964172084148004 -2.4128169815475644
v -2.602214683757552 -0.458913082913611 -2.423259539798039
v -2.6001663505304577 -0.4676459370504631 -2.4215733050289145
v -2.602214683757552 -0.458913082913611 -2.423259539798039
v -2.5914759875391837 -0.45892054110180425 -2.4277122834206466
v -2.591298633192423 -0.4696076458165237 -2.4235950898429905
v -2.602214683757552 -0.458913082913611 -2.423259539798039
v -2.591298633192423 -0.4696076458165237 -2.4235950898429905
v -2.6001663505304577 -0.4676459370504631 -2.4215733050289145
v -2.591298633192423 -0.4696076458165237 -2.4235950898429905
v -2.591127300135213 -0.4740922749042511 -2.4128511934200105
v -2.602113142920132 -0.46964172084148004 -2.4128169815475644
v -2.591298633192423 -0.4696076458165237 -2.4235950898429905
v -2.602113142920132 -0.46964172084148004 -2.4128169815475644
v -2.6001663505304577 -0.4676459370504631 -2.4215733050289145
v -2.3003715440148085 4.288966715538663 -2.2421490031377402
v -2.295919895172119 4.288985874187233 -2.2313249140857465
v -2.295919895172119 4.278395520647791 -2.2304072148192517
v -2.3003715440148085 4.288966715538663 -2.2421490031377402
v -2.295919895172119 4.278395520647791 -2.2304072148192517
v -2.300369901844931 4.278304653914574 -2.2412006500335337
v -2.295919895172119 4.278395520647791 -2.2304072148192517
v -2.295919895172119 4.267508481750497 -2.230454564050717
v -2.300367985980074 4.267496439171396 -2.241212692612635
v -2.295919895172119 4.278395520647791 -2.2304072148192517
v -2.300367985980074 4.267496439171396 -2.241212692612635
v -2.300369901844931 4.278304653914574 -2.2412006500335337
v -2.300367985980074 4.267496439171396 -2.241212692612635
v -2.3111066821984423 4.267484396592295 -2.245668994269977
v -2.3111124297930132 4.278236230169682 -2.245671457524793
v -2.300367985980074 4.267496439171396 -2.241212692612635
v -2.3111124297930132 4.278236230169682 -2.245671457524793
v -2.300369901844931 4.278304653914574 -2.2412006500335337
v -2.3111124297930132 4.278236230169682 -2.245671457524793
v -2.311118177387584 4.288948104280053 -2.2466324005980596
v -2.3003715440148085 4.288966715538663 -2.2421490031377402
v -2.3111124297930132 4.278236230169682 -2.245671457524793
v -2.3003715440148085 4.288966715538663 -2.2421490031377402
v -2.300369901844931 4.278304653914574 -2.2412006500335337
v -2.5914798192688977 -0.4696886595304761 -2.1218559541924833
v -2.5914759875391837 -0.45892054110180425 -2.116969267179769
v -2.602214683757552 -0.4589094564551317 -2.1214213265649278
v -2.5914798192688977 -0.4696886595304761 -2.1218559541924833
v -2.602214683757552 -0.4589094564551317 -2.1214213265649278
v -2.6002427114297575 -0.4676978022490914 -2.123760323860324
v -2.602214683757552 -0.4589094564551317 -2.1214213265649278
v -2.606662774565507 -0.45890555630167285 -2.1321704231925196
v -2.602214683757552 -0.46964418409629616 -2.132643915507174
v -2.602214683757552 -0.4589094564551317 -2.1214213265649278
v -2.602214683757552 -0.46964418409629616 -2.132643915507174
v -2.6002427114297575 -0.4676978022490914 -2.123760323860324
v -2.602214683757552 -0.46964418409629616 -2.132643915507174
v -2.5914759875391837 -0.4740922749042511 -2.13283057548324
v -2.5914798192688977 -0.4696886595304761 -2.1218559541924833
v -2.602214683757552 -0.46964418409629616 -2.132643915507174
v -2.5914798192688977 -0.4696886595304761 -2.1218559541924833
v -2.6002427114297575 -0.4676978022490914 -2.123760323860324
v -2.602214683757552 4.267496439171396 -2.241212692612635
v -2.606662774565507 4.267508481750497 -2.230454564050717
v -2.606662774565507 4.278395520647791 -2.2304072148192517
v -2.602214683757552 4.267496439171396 -2.241212692612635
v -2.606662774565507 4.278395520647791 -2.2304072148192517
v -2.6022130415876745 4.278304653914574 -2.2412006500335337
v -2.606662774565507 4.278395520647791 -2.2304072148192517
v -2.606662774565507 4.288985874187233 -2.2313249140857465
v -2.602211399417797 4.288966715538663 -2.2421490031377402
v -2.606662774565507 4.278395520647791 -2.2304072148192517
v -2.602211399417797 4.288966715538663 -2.2421490031377402
v -2.6022130415876745 4.278304653914574 -2.2412006500335337
v -2.602211399417797 4.288966715538663 -2.2421490031377402
v -2.591464492350042 4.288948104280053 -2.2466324005980596
v -2.591470787334572 4.278236230169682 -2.245671457524793
v -2.602211399417797 4.288966715538663 -2.2421490031377402
v -2.591470787334572 4.278236230169682 -2.245671457524793
v -2.6022130415876745 4.278304653914574 -2.2412006500335337
v -2.591470787334572 4.278236230169682 -2.245671457524793
v -2.5914759875391837 4.267484396592295 -2.245668994269977
v -2.602214683757552 4.267496439171396 -2.241212692612635
v -2.591470787334572 4.278236230169682 -2.245671457524793
v -2.602214683757552 4.267496439171396 -2.241212692612635
v -2.6022130415876745 4.278304653914574 -2.2412006500335337
v -2.3111165352177068 9.693345592547757 -3.056237477081936
v -2.3111066821984423 9.697883455309011 -3.0462424101230567
v -2.300367985980074 9.69343974362073 -3.045574320677929
v -2.3111165352177068 9.693345592547757 -3.056237477081936
v -2.300367985980074 9.69343974362073 -3.045574320677929
v -2.302345979597419 9.691413305992 -3.054022737307264
v -2.300367985980074 9.69343974362073 -3.045574320677929
v -2.295919895172119 9.682696668282688 -3.0440564083212394
v -2.300368533370033 9.68277768199664 -3.054908414261149
v -2.300367985980074 9.69343974362073 -3.045574320677929
v -2.300368533370033 9.68277768199664 -3.054908414261149
v -2.302345979597419 9.691413305992 -3.054022737307264
v -2.300368533370033 9.68277768199664 -3.054908414261149
v -2.3111066821984423 9.682833515772472 -3.0593989277909373
v -2.3111165352177068 9.693345592547757 -3.056237477081936
v -2.300368533370033 9.68277768199664 -3.054908414261149
v -2.3111165352177068 9.693345592547757 -3.056237477081936
v -2.302345979597419 9.691413305992 -3.054022737307264
v -2.601889534121824 9.68219963819979 -3.054801946914097
v -2.606662774565507 9.682696668282688 -3.0440564083212394
v -2.602214683757552 9.69343974362073 -3.045574320677929
v -2.601889534121824 9.68219963819979 -3.054801946914097
v -2.602214683757552 9.69343974362073 -3.045574320677929
v -2.600003775712594 9.691166980510388 -3.0539783987205738
v -2.602214683757552 9.69343974362073 -3.045574320677929
v -2.5914759875391837 9.697883455309011 -3.0462424101230567
v -2.5909083441515577 9.69301387423252 -3.056200801954674
v -2.602214683757552 9.69343974362073 -3.045574320677929
v -2.5909083441515577 9.69301387423252 -3.056200801954674
v -2.600003775712594 9.691166980510388 -3.0539783987205738
v -2.5909083441515577 9.69301387423252 -3.056200801954674
v -2.5903464483585026 9.681713555916076 -3.0592481218571947
v -2.601889534121824 9.68219963819979 -3.054801946914097
v -2.5909083441515577 9.69301387423252 -3.056200801954674
v -2.601889534121824 9.68219963819979 -3.054801946914097
v -2.600003775712594 9.691166980510388 -3.0539783987205738
v -2.3000907329657707 9.69341346890269 -2.764870560072154
v -2.3101832353373766 9.697883455309011 -2.764949931616229
v -2.310172834928153 9.69385138087 -2.754211235397861
v -2.3000907329657707 9.69341346890269 -2.764870560072154
v -2.310172834928153 9.69385138087 -2.754211235397861
v -2.3019398162477387 9.691746119087156 -2.756055118475217
v -2.310172834928153 9.69385138087 -2.754211235397861
v -2.3101832353373766 9.683748751784151 -2.7487797585283147
v -2.300090459270791 9.683239679122153 -2.753221828046719
v -2.310172834928153 9.69385138087 -2.754211235397861
v -2.300090459270791 9.683239679122153 -2.753221828046719
v -2.3019398162477387 9.691746119087156 -2.756055118475217
v -2.300090459270791 9.683239679122153 -2.753221828046719
v -2.295919895172119 9.682696668282688 -2.7639621664349647
v -2.3000907329657707 9.69341346890269 -2.764870560072154
v -2.300090459270791 9.683239679122153 -2.753221828046719
v -2.3000907329657707 9.69341346890269 -2.764870560072154
v -2.3019398162477387 9.691746119087156 -2.756055118475217
v -2.6024919367718553 9.69341346890269 -2.764870560072154
v -2.606662774565507 9.682696668282688 -2.7639621664349647
v -2.602214683757552 9.682754691618356 -2.7531369826030527
v -2.6024919367718553 9.69341346890269 -2.764870560072154
v -2.602214683757552 9.682754691618356 -2.7531369826030527
v -2.6004457931045977 9.691550153481785 -2.756015706398159
v -2.602214683757552 9.682754691618356 -2.7531369826030527
v -2.5914759875391837 9.682833515772472 -2.748656322092529
v -2.59195468005845 9.693596297149043 -2.7541715496258234
v -2.602214683757552 9.682754691618356 -2.7531369826030527
v -2.59195468005845 9.693596297149043 -2.7541715496258234
v -2.6004457931045977 9.691550153481785 -2.756015706398159
v -2.59195468005845 9.693596297149043 -2.7541715496258234
v -2.5923994344002494 9.697883455309011 -2.764949931616229
v -2.6024919367718553 9.69341346890269 -2.764870560072154
v -2.59195468005845 9.693596297149043 -2.7541715496258234
v -2.6024919367718553 9.69341346890269 -2.764870560072154
v -2.6004457931045977 9.691550153481785 -2.756015706398159
v -2.3003652490302784 4.267502460460946 -1.9393798164316252
v -2.295919895172119 4.26751286087017 -1.9501321973989718
v -2.295919895172119 4.2780829609811235 -1.9501851573775184
v -2.3003652490302784 4.267502460460946 -1.9393798164316252
v -2.295919895172119 4.2780829609811235 -1.9501851573775184
v -2.3003652490302784 4.278177659444054 -1.9393967855203584
v -2.295919895172119 4.2780829609811235 -1.9501851573775184
v -2.295919895172119 4.289009411955476 -1.95124463064343
v -2.3003652490302784 4.288972189438255 -1.9403856454815411
v -2.295919895172119 4.2780829609811235 -1.9501851573775184
v -2.3003652490302784 4.288972189438255 -1.9403856454815411
v -2.3003652490302784 4.278177659444054 -1.9393967855203584
v -2.3003652490302784 4.288972189438255 -1.9403856454815411
v -2.311097923959096 4.288933872141115 -1.9358878790347944
v -2.311097923959096 4.278234040609846 -1.9349281675889358
v -2.3003652490302784 4.288972189438255 -1.9403856454815411
v -2.311097923959096 4.278234040609846 -1.9349281675889358
v -2.3003652490302784 4.278177659444054 -1.9393967855203584
v -2.311097923959096 4.278234040609846 -1.9349281675889358
v -2.3110971028741574 4.267491512661763 -1.9349258411816095
v -2.3003652490302784 4.267502460460946 -1.9393798164316252
v -2.311097923959096 4.278234040609846 -1.9349281675889358
v -2.3003652490302784 4.267502460460946 -1.9393798164316252
v -2.3003652490302784 4.278177659444054 -1.9393967855203584
v -2.6022201576571433 4.2889689050985 -1.9403852349390718
v -2.606662774565507 4.289009411955476 -1.95124463064343
v -2.606662774565507 4.2780829609811235 -1.9501851573775184
v -2.6022201576571433 4.2889689050985 -1.9403852349390718
v -2.606662774565507 4.2780829609811235 -1.9501851573775184
v -2.6022187891822455 4.278176564664136 -1.9393965118253789
v -2.606662774565507 4.2780829609811235 -1.9501851573775184
v -2.606662774565507 4.26751286087017 -1.9501321973989718
v -2.602217694402327 4.267502460460946 -1.9393798164316252
v -2.606662774565507 4.2780829609811235 -1.9501851573775184
v -2.602217694402327 4.267502460460946 -1.9393798164316252
v -2.6022187891822455 4.278176564664136 -1.9393965118253789
v -2.602217694402327 4.267502460460946 -1.9393798164316252
v -2.591485840558448 4.267491512661763 -1.9349258411816095
v -2.5914899459831418 4.278232398439968 -1.9349278938939563
v -2.602217694402327 4.267502460460946 -1.9393798164316252
v -2.5914899459831418 4.278232398439968 -1.9349278938939563
v -2.6022187891822455 4.278176564664136 -1.9393965118253789
v -2.5914899459831418 4.278232398439968 -1.9349278938939563
v -2.5914940514078353 4.288927303461605 -1.9358870579498557
v -2.6022201576571433 4.2889689050985 -1.9403852349390718
v -2.5914899459831418 4.278232398439968 -1.9349278938939563
v -2.6022201576571433 4.2889689050985 -1.9403852349390718
v -2.6022187891822455 4.278176564664136 -1.9393965118253789
vt 0.3627700209617615 0.9990861135884188
vt 0.37489771842956543 0.9993094773963094
vt 0.3748553991317749 0.7528881281614304
vt 0.3627700209617615 0.9990861135884188
vt 0.3748553991317749 0.7528881281614304
vt 0.3627605736255646 0.7526680380105972
vt 0.37489771842956543 0.9993094773963094
vt 0.38721805810928345 0.9990869623725303
vt 0.38721805810928345 0.752669483423233
vt 0.37489771842956543 0.9993094773963094
vt 0.38721805810928345 0.752669483423233
vt 0.3748553991317749 0.7528881281614304
vt 0.3872181177139282 0.012218058109283447
vt 0.3750000596046448 0.007441103458404541
vt 0.37500008940696716 0.2424635887145996
vt 0.3872181177139282 0.012218058109283447
vt 0.37500008940696716 0.2424635887145996
vt 0.38695549964904785 0.23804455995559692
vt 0.36755895614624023 0.9999999972639821
vt 0.3627700209617615 0.9990861135884188
vt 0.1372302770614624 0.9990861170226708
vt 0.36755895614624023 0.9999999972639821
vt 0.1372302770614624 0.9990861170226708
vt 0.13253644108772278 0.9999999999149904
vt 0.38721805810928345 0.9990869623725303
vt 0.38255131244659424 0.9999999972652243
vt 0.6173713207244873 0.9999999999139502
vt 0.38721805810928345 0.9990869623725303
vt 0.6173713207244873 0.9999999999139502
vt 0.6127817630767822 0.99908696860075
vt 0.38255128264427185 0
vt 0.3872181177139282 0.012218058109283447
vt 0.6125014424324036 0.012498557567596436
vt 0.38255128264427185 0
vt 0.6125014424324036 0.012498557567596436
vt 0.6173713207244873 0
vt 0.38695549964904785 0.23804455995559692
vt 0.3868468999862671 0.24683094024658203
vt 0.612895131111145 0.2467632293701172
vt 0.38695549964904785 0.23804455995559692
vt 0.612895131111145 0.2467632293701172
vt 0.6127819418907166 0.23778194189071655
vt 0.3868468999862671 0.24683094024658203
vt 0.38695552945137024 0.25089335441589355
vt 0.6127819418907166 0.25091296434402466
vt 0.3868468999862671 0.24683094024658203
vt 0.6127819418907166 0.25091296434402466
vt 0.612895131111145 0.2467632293701172
vt 0.38695552945137024 0.25089335441589355
vt 0.37500008940696716 0.2510707974433899
vt 0.37500008940696716 0.49735450744628906
vt 0.38695552945137024 0.25089335441589355
vt 0.37500008940696716 0.49735450744628906
vt 0.38721027970314026 0.4973309636116028
vt 0.125 0.9989292318932712
vt 0.1372302770614624 0.9990861170226708
vt 0.13723459839820862 0.7526677697896957
vt 0.125 0.9989292318932712
vt 0.13723459839820862 0.7526677697896957
vt 0.1250000298023224 0.7526455074548721
vt 0.6127817630767822 0.99908696860075
vt 0.6251099705696106 0.9993084134766832
vt 0.6251404881477356 0.7528881430625916
vt 0.6127817630767822 0.99908696860075
vt 0.6251404881477356 0.7528881430625916
vt 0.6127819418907166 0.752669483423233
vt 0.6251099705696106 0.9993084134766832
vt 0.6372300982475281 0.9990862398408353
vt 0.637239396572113 0.7526680380105972
vt 0.6251099705696106 0.9993084134766832
vt 0.637239396572113 0.7526680380105972
vt 0.6251404881477356 0.7528881430625916
vt 0.6372300982475281 0.9990862398408353
vt 0.6325250864028931 1
vt 0.86736661195755 1
vt 0.6372300982475281 0.9990862398408353
vt 0.86736661195755 1
vt 0.8627697825431824 0.9990860985126346
vt 0.625 0.007525086402893066
vt 0.6125014424324036 0.012498557567596436
vt 0.6127819418907166 0.23778194189071655
vt 0.625 0.007525086402893066
vt 0.6127819418907166 0.23778194189071655
vt 0.625 0.24236661195755005
vt 0.3627605736255646 0.7526680380105972
vt 0.3623269498348236 0.7523386776447296
vt 0.13688597083091736 0.7523473650217056
vt 0.3627605736255646 0.7526680380105972
vt 0.13688597083091736 0.7523473650217056
vt 0.13723459839820862 0.7526677697896957
vt 0.3623269498348236 0.7523386776447296
vt 0.3626804053783417 0.7520177364349365
vt 0.13734664022922516 0.7520177364349365
vt 0.3623269498348236 0.7523386776447296
vt 0.13734664022922516 0.7520177364349365
vt 0.13688597083091736 0.7523473650217056
vt 0.387226939201355 0.7520177513360977
vt 0.387211412191391 0.7523592710494995
vt 0.6127884387969971 0.7523592710494995
vt 0.387226939201355 0.7520177513360977
vt 0.6127884387969971 0.7523592710494995
vt 0.61277174949646 0.7520177513360977
vt 0.387211412191391 0.7523592710494995
vt 0.38721805810928345 0.752669483423233
vt 0.6127819418907166 0.752669483423233
vt 0.387211412191391 0.7523592710494995
vt 0.6127819418907166 0.752669483423233
vt 0.6127884387969971 0.7523592710494995
vt 0.3626804053783417 0.7520177364349365
vt 0.37408918142318726 0.7520146667957306
vt 0.37410688400268555 0.7500018626451492
vt 0.3626804053783417 0.7520177364349365
vt 0.37410688400268555 0.7500018626451492
vt 0.3626713156700134 0.7500050365924835
vt 0.37408918142318726 0.7520146667957306
vt 0.387226939201355 0.7520177513360977
vt 0.38721802830696106 0.7500049918889999
vt 0.37408918142318726 0.7520146667957306
vt 0.38721802830696106 0.7500049918889999
vt 0.37410688400268555 0.7500018626451492
vt 0.8627697825431824 0.9990860985126346
vt 0.875 0.9989024013048038
vt 0.8749999403953552 0.7526454031467438
vt 0.8627697825431824 0.9990860985126346
vt 0.8749999403953552 0.7526454031467438
vt 0.8627654314041138 0.7526677697896957
vt 0.625 0.2510976195335388
vt 0.6127819418907166 0.25091296434402466
vt 0.6127899289131165 0.4973309636116028
vt 0.625 0.2510976195335388
vt 0.6127899289131165 0.4973309636116028
vt 0.625 0.4973546266555786
vt 0.6373193264007568 0.7520177513360977
vt 0.6376729607582092 0.7523383498191833
vt 0.863114058971405 0.7523473650217056
vt 0.6373193264007568 0.7520177513360977
vt 0.863114058971405 0.7523473650217056
vt 0.8626533150672913 0.7520177364349365
vt 0.6376729607582092 0.7523383498191833
vt 0.637239396572113 0.7526680380105972
vt 0.8627654314041138 0.7526677697896957
vt 0.6376729607582092 0.7523383498191833
vt 0.8627654314041138 0.7526677697896957
vt 0.863114058971405 0.7523473650217056
vt 0.61277174949646 0.7520177513360977
vt 0.6259092092514038 0.7520146816968918
vt 0.6257951855659485 0.750001922249794
vt 0.61277174949646 0.7520177513360977
vt 0.6257951855659485 0.750001922249794
vt 0.6118731498718262 0.750005379319191
vt 0.6259092092514038 0.7520146816968918
vt 0.6373193264007568 0.7520177513360977
vt 0.6373287439346313 0.7500050365924835
vt 0.6259092092514038 0.7520146816968918
vt 0.6373287439346313 0.7500050365924835
vt 0.6257951855659485 0.750001922249794
vt 0.3626713156700134 0.7500050365924835
vt 0.3677237331867218 0.7499999701976776
vt 0.13255062699317932 0.75
vt 0.3626713156700134 0.7500050365924835
vt 0.13255062699317932 0.75
vt 0.13732871413230896 0.7500050663948059
vt 0.375 0.7427237033843994
vt 0.38721808791160583 0.7377819716930389
vt 0.38647517561912537 0.5114753544330597
vt 0.375 0.7427237033843994
vt 0.38647517561912537 0.5114753544330597
vt 0.3750000298023224 0.5075505673885345
vt 0.38721808791160583 0.7377819716930389
vt 0.38715848326683044 0.7467760443687439
vt 0.6123971939086914 0.7467823922634125
vt 0.38721808791160583 0.7377819716930389
vt 0.6123971939086914 0.7467823922634125
vt 0.6127819418907166 0.7377819120883942
vt 0.38715848326683044 0.7467760443687439
vt 0.38721802830696106 0.7500049918889999
vt 0.6118731498718262 0.750005379319191
vt 0.38715848326683044 0.7467760443687439
vt 0.6118731498718262 0.750005379319191
vt 0.6123971939086914 0.7467823922634125
vt 0.6127819418907166 0.7377819120883942
vt 0.625 0.7427132427692413
vt 0.625 0.5076170563697815
vt 0.6127819418907166 0.7377819120883942
vt 0.625 0.5076170563697815
vt 0.613524854183197 0.5114753246307373
vt 0.6322867274284363 0.7499999701976776
vt 0.6373287439346313 0.7500050365924835
vt 0.8626713156700134 0.7500050663948059
vt 0.6322867274284363 0.7499999701976776
vt 0.8626713156700134 0.7500050663948059
vt 0.8673829436302185 0.75
vt 0.386475145816803 0.49999529123306274
vt 0.38634899258613586 0.5038596987724304
vt 0.6132914423942566 0.503898948431015
vt 0.386475145816803 0.49999529123306274
vt 0.6132914423942566 0.503898948431015
vt 0.6127817034721375 0.49999499320983887
vt 0.38634899258613586 0.5038596987724304
vt 0.38647517561912537 0.5114753544330597
vt 0.613524854183197 0.5114753246307373
vt 0.38634899258613586 0.5038596987724304
vt 0.613524854183197 0.5114753246307373
vt 0.6132914423942566 0.503898948431015
vt 0.13732871413230896 0.7500050663948059
vt 0.12500007450580597 0.750005453824997
vt 0.1250000298023224 0.752018079161644
vt 0.13732871413230896 0.7500050663948059
vt 0.1250000298023224 0.752018079161644
vt 0.13734664022922516 0.7520177364349365
vt 0.3750000298023224 0.49999457597732544
vt 0.386475145816803 0.49999529123306274
vt 0.38721099495887756 0.4979822635650635
vt 0.3750000298023224 0.49999457597732544
vt 0.38721099495887756 0.4979822635650635
vt 0.37500008940696716 0.4979819655418396
vt 0.6127817034721375 0.49999499320983887
vt 0.625 0.49999457597732544
vt 0.625 0.4979819655418396
vt 0.6127817034721375 0.49999499320983887
vt 0.625 0.4979819655418396
vt 0.6127963662147522 0.4979822635650635
vt 0.8749999403953552 0.7500054836273193
vt 0.8626713156700134 0.7500050663948059
vt 0.8626533150672913 0.7520177364349365
vt 0.8749999403953552 0.7500054836273193
vt 0.8626533150672913 0.7520177364349365
vt 0.8749999403953552 0.752018079161644
vt 0.38721027970314026 0.4973309636116028
vt 0.3872147798538208 0.49764031171798706
vt 0.612789511680603 0.49764013290405273
vt 0.38721027970314026 0.4973309636116028
vt 0.612789511680603 0.49764013290405273
vt 0.6127899289131165 0.4973309636116028
vt 0.3872147798538208 0.49764031171798706
vt 0.38721099495887756 0.4979822635650635
vt 0.6127963662147522 0.4979822635650635
vt 0.3872147798538208 0.49764031171798706
vt 0.6127963662147522 0.4979822635650635
vt 0.612789511680603 0.49764013290405273
vt 0.38721805810928345 0.9990869623725303
vt 0.6127817630767822 0.99908696860075
vt 0.6127819418907166 0.752669483423233
vt 0.38721805810928345 0.9990869623725303
vt 0.6127819418907166 0.752669483423233
vt 0.38721805810928345 0.752669483423233
vt 0.38721808791160583 0.7377819716930389
vt 0.6127819418907166 0.7377819120883942
vt 0.613524854183197 0.5114753246307373
vt 0.38721808791160583 0.7377819716930389
vt 0.613524854183197 0.5114753246307373
vt 0.38647517561912537 0.5114753544330597
vt 0.38721027970314026 0.4973309636116028
vt 0.6127899289131165 0.4973309636116028
vt 0.6127819418907166 0.25091296434402466
vt 0.38721027970314026 0.4973309636116028
vt 0.6127819418907166 0.25091296434402466
vt 0.38695552945137024 0.25089335441589355
vt 0.38695549964904785 0.23804455995559692
vt 0.6127819418907166 0.23778194189071655
vt 0.6125014424324036 0.012498557567596436
vt 0.38695549964904785 0.23804455995559692
vt 0.6125014424324036 0.012498557567596436
vt 0.3872181177139282 0.012218058109283447
vt 0.6372300982475281 0.9990862398408353
vt 0.8627697825431824 0.9990860985126346
vt 0.8627654314041138 0.7526677697896957
vt 0.6372300982475281 0.9990862398408353
vt 0.8627654314041138 0.7526677697896957
vt 0.637239396572113 0.7526680380105972
vt 0.1372302770614624 0.9990861170226708
vt 0.3627700209617615 0.9990861135884188
vt 0.3627605736255646 0.7526680380105972
vt 0.1372302770614624 0.9990861170226708
vt 0.3627605736255646 0.7526680380105972
vt 0.13723459839820862 0.7526677697896957
vt 0.13734664022922516 0.7520177364349365
vt 0.3626804053783417 0.7520177364349365
vt 0.3626713156700134 0.7500050365924835
vt 0.13734664022922516 0.7520177364349365
vt 0.3626713156700134 0.7500050365924835
vt 0.13732871413230896 0.7500050663948059
vt 0.386475145816803 0.49999529123306274
vt 0.6127817034721375 0.49999499320983887
vt 0.6127963662147522 0.4979822635650635
vt 0.386475145816803 0.49999529123306274
vt 0.6127963662147522 0.4979822635650635
vt 0.38721099495887756 0.4979822635650635
vt 0.6373193264007568 0.7520177513360977
vt 0.8626533150672913 0.7520177364349365
vt 0.8626713156700134 0.7500050663948059
vt 0.6373193264007568 0.7520177513360977
vt 0.8626713156700134 0.7500050663948059
vt 0.6373287439346313 0.7500050365924835
vt 0.387226939201355 0.7520177513360977
vt 0.61277174949646 0.7520177513360977
vt 0.6118731498718262 0.750005379319191
vt 0.387226939201355 0.7520177513360977
vt 0.6118731498718262 0.750005379319191
vt 0.38721802830696106 0.7500049918889999
vt 0.38255131244659424 0.9999999972652243
vt 0.38721805810928345 0.9990869623725303
vt 0.37489771842956543 0.9993094773963094
vt 0.38255131244659424 0.9999999972652243
vt 0.37489771842956543 0.9993094773963094
vt 0.37500008940696716 0.9999999971800477
vt 0.37489771842956543 0.9993094773963094
vt 0.3627700209617615 0.9990861135884188
vt 0.36755895614624023 0.9999999972639821
vt 0.37489771842956543 0.9993094773963094
vt 0.36755895614624023 0.9999999972639821
vt 0.37500008940696716 0.9999999971800477
vt 0.3750000596046448 0.007441103458404541
vt 0.3872181177139282 0.012218058109283447
vt 0.38255128264427185 0
vt 0.3750000596046448 0.007441103458404541
vt 0.38255128264427185 0
vt 0.3750000596046448 0
vt 0.37500008940696716 0.2510707974433899
vt 0.38695552945137024 0.25089335441589355
vt 0.3868468999862671 0.24683094024658203
vt 0.37500008940696716 0.2510707974433899
vt 0.3868468999862671 0.24683094024658203
vt 0.37500008940696716 0.25
vt 0.3868468999862671 0.24683094024658203
vt 0.38695549964904785 0.23804455995559692
vt 0.37500008940696716 0.2424635887145996
vt 0.3868468999862671 0.24683094024658203
vt 0.37500008940696716 0.2424635887145996
vt 0.37500008940696716 0.25
vt 0.13253644108772278 0.9999999999149904
vt 0.1372302770614624 0.9990861170226708
vt 0.125 0.9989292318932712
vt 0.13253644108772278 0.9999999999149904
vt 0.125 0.9989292318932712
vt 0.125 1
vt 0.6325250864028931 1
vt 0.6372300982475281 0.9990862398408353
vt 0.6251099705696106 0.9993084134766832
vt 0.6325250864028931 1
vt 0.6251099705696106 0.9993084134766832
vt 0.625 1
vt 0.6251099705696106 0.9993084134766832
vt 0.6127817630767822 0.99908696860075
vt 0.6173713207244873 0.9999999999139502
vt 0.6251099705696106 0.9993084134766832
vt 0.6173713207244873 0.9999999999139502
vt 0.625 1
vt 0.6173713207244873 0
vt 0.6125014424324036 0.012498557567596436
vt 0.625 0.007525086402893066
vt 0.6173713207244873 0
vt 0.625 0.007525086402893066
vt 0.625 0
vt 0.37408918142318726 0.7520146667957306
vt 0.3626804053783417 0.7520177364349365
vt 0.3623269498348236 0.7523386776447296
vt 0.37408918142318726 0.7520146667957306
vt 0.3623269498348236 0.7523386776447296
vt 0.375 0.7520213276147842
vt 0.3623269498348236 0.7523386776447296
vt 0.3627605736255646 0.7526680380105972
vt 0.3748553991317749 0.7528881281614304
vt 0.3623269498348236 0.7523386776447296
vt 0.3748553991317749 0.7528881281614304
vt 0.375 0.7520213276147842
vt 0.3748553991317749 0.7528881281614304
vt 0.38721805810928345 0.752669483423233
vt 0.387211412191391 0.7523592710494995
vt 0.3748553991317749 0.7528881281614304
vt 0.387211412191391 0.7523592710494995
vt 0.375 0.7520213276147842
vt 0.387211412191391 0.7523592710494995
vt 0.387226939201355 0.7520177513360977
vt 0.37408918142318726 0.7520146667957306
vt 0.387211412191391 0.7523592710494995
vt 0.37408918142318726 0.7520146667957306
vt 0.375 0.7520213276147842
vt 0.612895131111145 0.2467632293701172
vt 0.6127819418907166 0.25091296434402466
vt 0.625 0.2510976195335388
vt 0.612895131111145 0.2467632293701172
vt 0.625 0.2510976195335388
vt 0.625 0.25
vt 0.875 0.9989024013048038
vt 0.8627697825431824 0.9990860985126346
vt 0.86736661195755 1
vt 0.875 0.9989024013048038
vt 0.86736661195755 1
vt 0.875 1
vt 0.625 0.24236661195755005
vt 0.6127819418907166 0.23778194189071655
vt 0.612895131111145 0.2467632293701172
vt 0.625 0.24236661195755005
vt 0.612895131111145 0.2467632293701172
vt 0.625 0.25
vt 0.6251404881477356 0.7528881430625916
vt 0.637239396572113 0.7526680380105972
vt 0.6376729607582092 0.7523383498191833
vt 0.6251404881477356 0.7528881430625916
vt 0.6376729607582092 0.7523383498191833
vt 0.625 0.7520213276147842
vt 0.6376729607582092 0.7523383498191833
vt 0.6373193264007568 0.7520177513360977
vt 0.6259092092514038 0.7520146816968918
vt 0.6376729607582092 0.7523383498191833
vt 0.6259092092514038 0.7520146816968918
vt 0.625 0.7520213276147842
vt 0.6259092092514038 0.7520146816968918
vt 0.61277174949646 0.7520177513360977
vt 0.6127884387969971 0.7523592710494995
vt 0.6259092092514038 0.7520146816968918
vt 0.6127884387969971 0.7523592710494995
vt 0.625 0.7520213276147842
vt 0.6127884387969971 0.7523592710494995
vt 0.6127819418907166 0.752669483423233
vt 0.6251404881477356 0.7528881430625916
vt 0.6127884387969971 0.7523592710494995
vt 0.6251404881477356 0.7528881430625916
vt 0.625 0.7520213276147842
vt 0.38715848326683044 0.7467760443687439
vt 0.38721808791160583 0.7377819716930389
vt 0.375 0.7427237033843994
vt 0.38715848326683044 0.7467760443687439
vt 0.375 0.7427237033843994
vt 0.375 0.7499999701976776
vt 0.3677237331867218 0.7499999701976776
vt 0.3626713156700134 0.7500050365924835
vt 0.37410688400268555 0.7500018626451492
vt 0.3677237331867218 0.7499999701976776
vt 0.37410688400268555 0.7500018626451492
vt 0.375 0.7499999701976776
vt 0.37410688400268555 0.7500018626451492
vt 0.38721802830696106 0.7500049918889999
vt 0.38715848326683044 0.7467760443687439
vt 0.37410688400268555 0.7500018626451492
vt 0.38715848326683044 0.7467760443687439
vt 0.375 0.7499999701976776
vt 0.6257951855659485 0.750001922249794
vt 0.6373287439346313 0.7500050365924835
vt 0.6322867274284363 0.7499999701976776
vt 0.6257951855659485 0.750001922249794
vt 0.6322867274284363 0.7499999701976776
vt 0.625 0.7499999701976776
vt 0.625 0.7427132427692413
vt 0.6127819418907166 0.7377819120883942
vt 0.6123971939086914 0.7467823922634125
vt 0.625 0.7427132427692413
vt 0.6123971939086914 0.7467823922634125
vt 0.625 0.7499999701976776
vt 0.6123971939086914 0.7467823922634125
vt 0.6118731498718262 0.750005379319191
vt 0.6257951855659485 0.750001922249794
vt 0.6123971939086914 0.7467823922634125
vt 0.6257951855659485 0.750001922249794
vt 0.625 0.7499999701976776
vt 0.3750000298023224 0.5075505673885345
vt 0.38647517561912537 0.5114753544330597
vt 0.38634899258613586 0.5038596987724304
vt 0.3750000298023224 0.5075505673885345
vt 0.38634899258613586 0.5038596987724304
vt 0.3750000298023224 0.5000000298023224
vt 0.38634899258613586 0.5038596987724304
vt 0.386475145816803 0.49999529123306274
vt 0.3750000298023224 0.49999457597732544
vt 0.38634899258613586 0.5038596987724304
vt 0.3750000298023224 0.49999457597732544
vt 0.3750000298023224 0.5000000298023224
vt 0.12500007450580597 0.750005453824997
vt 0.13732871413230896 0.7500050663948059
vt 0.13255062699317932 0.75
vt 0.12500007450580597 0.750005453824997
vt 0.13255062699317932 0.75
vt 0.12500007450580597 0.75
vt 0.8673829436302185 0.75
vt 0.8626713156700134 0.7500050663948059
vt 0.8749999403953552 0.7500054836273193
vt 0.8673829436302185 0.75
vt 0.8749999403953552 0.7500054836273193
vt 0.8749999403953552 0.75
vt 0.625 0.49999457597732544
vt 0.6127817034721375 0.49999499320983887
vt 0.6132914423942566 0.503898948431015
vt 0.625 0.49999457597732544
vt 0.6132914423942566 0.503898948431015
vt 0.625 0.5000000298023224
vt 0.6132914423942566 0.503898948431015
vt 0.613524854183197 0.5114753246307373
vt 0.625 0.5076170563697815
vt 0.6132914423942566 0.503898948431015
vt 0.625 0.5076170563697815
vt 0.625 0.5000000298023224
vt 0.1250000298023224 0.7526455074548721
vt 0.13723459839820862 0.7526677697896957
vt 0.13688597083091736 0.7523473650217056
vt 0.1250000298023224 0.7526455074548721
vt 0.13688597083091736 0.7523473650217056
vt 0.1250000298023224 0.7520213276147842
vt 0.13688597083091736 0.7523473650217056
vt 0.13734664022922516 0.7520177364349365
vt 0.1250000298023224 0.752018079161644
vt 0.13688597083091736 0.7523473650217056
vt 0.1250000298023224 0.752018079161644
vt 0.1250000298023224 0.7520213276147842
vt 0.37500008940696716 0.4979819655418396
vt 0.38721099495887756 0.4979822635650635
vt 0.3872147798538208 0.49764031171798706
vt 0.37500008940696716 0.4979819655418396
vt 0.3872147798538208 0.49764031171798706
vt 0.37500008940696716 0.49797868728637695
vt 0.3872147798538208 0.49764031171798706
vt 0.38721027970314026 0.4973309636116028
vt 0.37500008940696716 0.49735450744628906
vt 0.3872147798538208 0.49764031171798706
vt 0.37500008940696716 0.49735450744628906
vt 0.37500008940696716 0.49797868728637695
vt 0.8749999403953552 0.752018079161644
vt 0.8626533150672913 0.7520177364349365
vt 0.863114058971405 0.7523473650217056
vt 0.8749999403953552 0.752018079161644
vt 0.863114058971405 0.7523473650217056
vt 0.8749999403953552 0.7520213276147842
vt 0.863114058971405 0.7523473650217056
vt 0.8627654314041138 0.7526677697896957
vt 0.8749999403953552 0.7526454031467438
vt 0.863114058971405 0.7523473650217056
vt 0.8749999403953552 0.7526454031467438
vt 0.8749999403953552 0.7520213276147842
vt 0.625 0.4973546266555786
vt 0.6127899289131165 0.4973309636116028
vt 0.612789511680603 0.49764013290405273
vt 0.625 0.4973546266555786
vt 0.612789511680603 0.49764013290405273
vt 0.625 0.49797868728637695
vt 0.612789511680603 0.49764013290405273
vt 0.6127963662147522 0.4979822635650635
vt 0.625 0.4979819655418396
vt 0.612789511680603 0.49764013290405273
vt 0.625 0.4979819655418396
vt 0.625 0.49797868728637695
vn 0.9998722406340469 -0.0003468492849149211 -0.015980679116490887
vn 0.923999740994231 0.01411394703505288 -0.38213253609407
vn 0.9239654133117785 0.014690316581354085 -0.38219381156990734
vn 0.9998722406340469 -0.0003468492849149211 -0.015980679116490887
vn 0.9239654133117785 0.014690316581354085 -0.38219381156990734
vn 0.9998933522401801 0.0005608661365093196 -0.014593477141244338
vn 0.38282677063873344 0.03499358104661283 -0.9231571442435208
vn 0.015132374076930997 0.0375524832476748 -0.9991800749898534
vn 0.015435297651512154 0.038395523224128446 -0.9991434008102914
vn 0.38282677063873344 0.03499358104661283 -0.9231571442435208
vn 0.015435297651512154 0.038395523224128446 -0.9991434008102914
vn 0.3828855643764976 0.03547481718830716 -0.9231143926608161
vn 0.014939795181106741 -0.9997722461617291 -0.015240023775491874
vn 0.3852697557118011 -0.9227524271052676 -0.009755696033960422
vn 0.3852902068804134 -0.9227529797746591 0.008854083749081875
vn 0.014939795181106741 -0.9997722461617291 -0.015240023775491874
vn 0.3852902068804134 -0.9227529797746591 0.008854083749081875
vn 0.015141159165551022 -0.9997758183150484 0.014800622000400157
vn 0.9258429461376972 -0.3777712605291291 -0.010183997510891383
vn 0.9998722406340469 -0.0003468492849149211 -0.015980679116490887
vn 0.9998928906500989 -0.001442393753961443 0.014564570973699337
vn 0.9258429461376972 -0.3777712605291291 -0.010183997510891383
vn 0.9998928906500989 -0.001442393753961443 0.014564570973699337
vn 0.9256421236932346 -0.3782986663483756 0.008762298997354177
vn 0.015132374076930997 0.0375524832476748 -0.9991800749898534
vn 0.009440026032929358 -0.35436203275941186 -0.9350606588062162
vn -0.009595027922825279 -0.3546879812937888 -0.934935490483112
vn 0.015132374076930997 0.0375524832476748 -0.9991800749898534
vn -0.009595027922825279 -0.3546879812937888 -0.934935490483112
vn -0.015133619140249813 0.03756011235686244 -0.999179769376591
vn 0.009234594298291305 -0.9216055986932359 -0.3880178381536454
vn 0.014939795181106741 -0.9997722461617291 -0.015240023775491874
vn -0.01502596236158438 -0.999769821330029 -0.015314202977308842
vn 0.009234594298291305 -0.9216055986932359 -0.3880178381536454
vn -0.01502596236158438 -0.999769821330029 -0.015314202977308842
vn -0.01009585071089852 -0.9217365517725596 -0.38768518533064267
vn 0.015141159165551022 -0.9997758183150484 0.014800622000400157
vn 0.009051635743780465 -0.928452062463499 0.3713419389156534
vn -0.009961303487239535 -0.9284440431613703 0.3713387013913346
vn 0.015141159165551022 -0.9997758183150484 0.014800622000400157
vn -0.009961303487239535 -0.9284440431613703 0.3713387013913346
vn -0.01523758256118183 -0.9997749736815135 0.01475866111205502
vn 0.009051242791294814 -0.4122105813197674 0.9110436387198763
vn 0.015291930969502389 -0.03940407523680414 0.9991063385355717
vn -0.015378554086101517 -0.039402309124834035 0.9991050786127813
vn 0.009051242791294814 -0.4122105813197674 0.9110436387198763
vn -0.015378554086101517 -0.039402309124834035 0.9991050786127813
vn -0.009961548222776288 -0.4122076316609672 0.9110354745878241
vn 0.015291930969502389 -0.03940407523680414 0.9991063385355717
vn 0.3864730669024619 -0.03604520552407178 0.9215960675468036
vn 0.3865267733423061 -0.03539782480690518 0.9215986368742769
vn 0.015291930969502389 -0.03940407523680414 0.9991063385355717
vn 0.3865267733423061 -0.03539782480690518 0.9215986368742769
vn 0.015158214665384737 -0.038395144194898964 0.9991476574713124
vn 0.9254339348402424 -0.015120593849003312 0.37860718414705213
vn 0.9998928906500989 -0.001442393753961443 0.014564570973699337
vn 0.9998749561831604 -0.0006067550898378371 0.015802020313375156
vn 0.9254339348402424 -0.015120593849003312 0.37860718414705213
vn 0.9998749561831604 -0.0006067550898378371 0.015802020313375156
vn 0.9254095879055214 -0.014539254402976246 0.37868945680324717
vn -0.015133619140249813 0.03756011235686244 -0.999179769376591
vn -0.3828246412387289 0.034971800769678554 -0.9231588526420381
vn -0.3828855400058321 0.03547473946046164 -0.9231144057562176
vn -0.015133619140249813 0.03756011235686244 -0.999179769376591
vn -0.3828855400058321 0.03547473946046164 -0.9231144057562176
vn -0.015435294862625704 0.0383955157861876 -0.999143401139204
vn -0.9240012623575913 0.014091301493843123 -0.38212969314591005
vn -0.9998722275931505 -0.0003591312632845574 -0.015981223753100737
vn -0.9998933522368042 0.0005609206188772208 -0.014593475278549945
vn -0.9240012623575913 0.014091301493843123 -0.38212969314591005
vn -0.9998933522368042 0.0005609206188772208 -0.014593475278549945
vn -0.923965433826088 0.014690997687958464 -0.3821937357957368
vn -0.9998722275931505 -0.0003591312632845574 -0.015981223753100737
vn -0.9227853618553804 -0.385185369305134 -0.009970316880726594
vn -0.9226095940989217 -0.38563261541896343 0.008889477023586697
vn -0.9998722275931505 -0.0003591312632845574 -0.015981223753100737
vn -0.9226095940989217 -0.38563261541896343 0.008889477023586697
vn -0.9998924948625088 -0.0014557192649981296 0.014590394067654305
vn -0.3779362168263927 -0.9257791702498781 -0.009856162661037761
vn -0.01502596236158438 -0.999769821330029 -0.015314202977308842
vn -0.01523758256118183 -0.9997749736815135 0.01475866111205502
vn -0.3779362168263927 -0.9257791702498781 -0.009856162661037761
vn -0.01523758256118183 -0.9997749736815135 0.01475866111205502
vn -0.3779268864936792 -0.925789357240906 0.009237666624423773
vn 0.9998933522401801 0.0005608661365093196 -0.014593477141244338
vn 0.9998948833431067 -0.0005938585535997168 -0.01448687669214682
vn 0.999869660875634 0.00081289106902782 0.01612453002585204
vn 0.9998933522401801 0.0005608661365093196 -0.014593477141244338
vn 0.999869660875634 0.00081289106902782 0.01612453002585204
vn 0.9998749561831604 -0.0006067550898378371 0.015802020313375156
vn 0.9998948833431067 -0.0005938585535997168 -0.01448687669214682
vn 0.9999157202844978 -0.0019326363714400178 -0.012838116863056038
vn 0.9998399209659141 0.0026630990248716663 0.017692946234538338
vn 0.9998948833431067 -0.0005938585535997168 -0.01448687669214682
vn 0.9998399209659141 0.0026630990248716663 0.017692946234538338
vn 0.999869660875634 0.00081289106902782 0.01612453002585204
vn 0.01581032557841773 -0.14886693502637235 -0.9887308376201069
vn 0.01550866544099241 -0.04480104817689386 -0.9988755414857704
vn -0.015508906326354157 -0.04480142617642441 -0.9988755207918145
vn 0.01581032557841773 -0.14886693502637235 -0.9887308376201069
vn -0.015508906326354157 -0.04480142617642441 -0.9988755207918145
vn -0.015796163599685532 -0.1488649951630905 -0.9887313560470432
vn 0.01550866544099241 -0.04480104817689386 -0.9988755414857704
vn 0.015435297651512154 0.038395523224128446 -0.9991434008102914
vn -0.015435294862625704 0.0383955157861876 -0.999143401139204
vn 0.01550866544099241 -0.04480104817689386 -0.9988755414857704
vn -0.015435294862625704 0.0383955157861876 -0.999143401139204
vn -0.015508906326354157 -0.04480142617642441 -0.9988755207918145
vn 0.9999157202844978 -0.0019326363714400178 -0.012838116863056038
vn 0.9234917535793424 -0.05711875717313751 -0.37934209975950106
vn 0.9235487026750553 -0.05654133509785328 -0.379289956646066
vn 0.9999157202844978 -0.0019326363714400178 -0.012838116863056038
vn 0.9235487026750553 -0.05654133509785328 -0.379289956646066
vn 0.9998308226862391 -0.0018254960534171503 -0.01830282958225861
vn 0.38154118656022973 -0.13761262380281253 -0.9140509223934504
vn 0.01581032557841773 -0.14886693502637235 -0.9887308376201069
vn 0.014734167593048207 -0.1481429337189324 -0.9888561955585291
vn 0.38154118656022973 -0.13761262380281253 -0.9140509223934504
vn 0.014734167593048207 -0.1481429337189324 -0.9888561955585291
vn 0.3815103728638876 -0.13724142166724018 -0.9141195915065011
vn -0.9998924948625088 -0.0014557192649981296 0.014590394067654305
vn -0.9240001407463986 -0.015273220783256273 0.3820869909163903
vn -0.9239828985865332 -0.014682605549955654 0.3821518339794968
vn -0.9998924948625088 -0.0014557192649981296 0.014590394067654305
vn -0.9239828985865332 -0.014682605549955654 0.3821518339794968
vn -0.9998722231917717 -0.0006137552650171336 0.015973747025007038
vn -0.3828452867450775 -0.03615029940834578 0.9231048923441834
vn -0.015378554086101517 -0.039402309124834035 0.9991050786127813
vn -0.015142650905039912 -0.038395817385329795 0.9991478676006273
vn -0.3828452867450775 -0.03615029940834578 0.9231048923441834
vn -0.015142650905039912 -0.038395817385329795 0.9991478676006273
vn -0.38292137518021546 -0.03547334366085623 0.9230995950164921
vn -0.9999094883984885 -0.002001995043718151 -0.013304398765734067
vn -0.9998948923960843 -0.0005935370426727107 -0.014486265012140176
vn -0.999869770670096 0.00081012189009441 0.016117859741697688
vn -0.9999094883984885 -0.002001995043718151 -0.013304398765734067
vn -0.999869770670096 0.00081012189009441 0.016117859741697688
vn -0.9998295302571197 0.0027493261719544367 0.018257919690575053
vn -0.9998948923960843 -0.0005935370426727107 -0.014486265012140176
vn -0.9998933522368042 0.0005609206188772208 -0.014593475278549945
vn -0.9998722231917717 -0.0006137552650171336 0.015973747025007038
vn -0.9998948923960843 -0.0005935370426727107 -0.014486265012140176
vn -0.9998722231917717 -0.0006137552650171336 0.015973747025007038
vn -0.999869770670096 0.00081012189009441 0.016117859741697688
vn -0.015796163599685532 -0.1488649951630905 -0.9887313560470432
vn -0.37102112329888953 -0.13820356188655142 -0.9182826915214619
vn -0.37093773795418544 -0.13780339177820447 -0.9183765130793878
vn -0.015796163599685532 -0.1488649951630905 -0.9887313560470432
vn -0.37093773795418544 -0.13780339177820447 -0.9183765130793878
vn -0.015085790874599896 -0.14812560023028284 -0.9888534903968871
vn -0.9183686544528731 -0.05889706049407334 -0.3913184774369556
vn -0.9999094883984885 -0.002001995043718151 -0.013304398765734067
vn -0.9998283539586582 -0.001842496013589805 -0.01843550457024958
vn -0.9183686544528731 -0.05889706049407334 -0.3913184774369556
vn -0.9998283539586582 -0.001842496013589805 -0.01843550457024958
vn -0.918398318938795 -0.058370020130205064 -0.3913278274291195
vn 0.9998308226862391 -0.0018254960534171503 -0.01830282958225861
vn 0.9287693919217856 0.37047746070112264 -0.011570122803354746
vn 0.928142601136266 0.37215184921787486 0.007369740817880883
vn 0.9998308226862391 -0.0018254960534171503 -0.01830282958225861
vn 0.928142601136266 0.37215184921787486 0.007369740817880883
vn 0.9999148384558442 0.002612667659163651 0.012786313132631587
vn 0.3925706508602486 0.9196672585832618 -0.010020856904905766
vn 0.014520828094714217 0.9997680472189824 -0.015905889204515685
vn 0.015175580967603056 0.9997857205911413 0.014078872268322018
vn 0.3925706508602486 0.9196672585832618 -0.010020856904905766
vn 0.015175580967603056 0.9997857205911413 0.014078872268322018
vn 0.39260502720773843 0.9196759244753216 0.007581988635821741
vn 0.014520828094714217 0.9997680472189824 -0.015905889204515685
vn 0.00928013490118087 0.9052011348638564 -0.4248820830976546
vn -0.009790477593277218 0.9047004215811922 -0.4259357859341109
vn 0.014520828094714217 0.9997680472189824 -0.015905889204515685
vn -0.009790477593277218 0.9047004215811922 -0.4259357859341109
vn -0.01458444375357507 0.9997736963576799 -0.015487093713803732
vn 0.008585742716512204 0.27289945019846085 -0.9620042490048492
vn 0.014734167593048207 -0.1481429337189324 -0.9888561955585291
vn -0.015085790874599896 -0.14812560023028284 -0.9888534903968871
vn 0.008585742716512204 0.27289945019846085 -0.9620042490048492
vn -0.015085790874599896 -0.14812560023028284 -0.9888534903968871
vn -0.011488349906894166 0.27167075396227514 -0.9623216817977167
vn -0.01458444375357507 0.9997736963576799 -0.015487093713803732
vn -0.3925041863577727 0.919682743319929 -0.011140706043715497
vn -0.3924784032730811 0.9197217152066804 0.00852464318870735
vn -0.01458444375357507 0.9997736963576799 -0.015487093713803732
vn -0.3924784032730811 0.9197217152066804 0.00852464318870735
vn -0.015226768628716124 0.9997889595836377 0.013790642182106147
vn -0.9288881284045725 0.3701349442233597 -0.012921608793831498
vn -0.9998283539586582 -0.001842496013589805 -0.01843550457024958
vn -0.9999141056903676 0.0026225980731552096 0.012841464900052092
vn -0.9288881284045725 0.3701349442233597 -0.012921608793831498
vn -0.9999141056903676 0.0026225980731552096 0.012841464900052092
vn -0.9281554353922903 0.3721012525951937 0.008255032939727123
vn 0.015425277613889808 0.14967314646702537 0.9886151981621538
vn 0.008770542357782848 0.46379316585526503 0.8859000941938663
vn -0.010815865016526802 0.4630225451686907 0.8862805084900898
vn 0.015425277613889808 0.14967314646702537 0.9886151981621538
vn -0.010815865016526802 0.4630225451686907 0.8862805084900898
vn -0.01568640740729913 0.14968341323718218 0.9886095348641541
vn 0.009249319136823607 0.9331707171123571 0.35931443447141753
vn 0.015175580967603056 0.9997857205911413 0.014078872268322018
vn -0.015226768628716124 0.9997889595836377 0.013790642182106147
vn 0.009249319136823607 0.9331707171123571 0.35931443447141753
vn -0.015226768628716124 0.9997889595836377 0.013790642182106147
vn -0.009605532309422108 0.9328799050933264 0.36005946234215147
vn 0.9999148384558442 0.002612667659163651 0.012786313132631587
vn 0.9278498777002631 0.05594402112187434 0.3687341467132139
vn 0.9278341078011696 0.055504181342254315 0.368840282851987
vn 0.9999148384558442 0.002612667659163651 0.012786313132631587
vn 0.9278341078011696 0.055504181342254315 0.368840282851987
vn 0.9998399209659141 0.0026630990248716663 0.017692946234538338
vn 0.39333373617657286 0.13736683238344696 0.9090758633614228
vn 0.015425277613889808 0.14967314646702537 0.9886151981621538
vn 0.014696099721494098 0.14886507317065065 0.9887483070240236
vn 0.39333373617657286 0.13736683238344696 0.9090758633614228
vn 0.014696099721494098 0.14886507317065065 0.9887483070240236
vn 0.3933625621660475 0.13684374450187697 0.9091422794463292
vn -0.01568640740729913 0.14968341323718218 0.9886095348641541
vn -0.3823425554013491 0.13811329304190423 0.913640459160105
vn -0.3824195831732295 0.1375750441457317 0.9136894273405561
vn -0.01568640740729913 0.14968341323718218 0.9886095348641541
vn -0.3824195831732295 0.1375750441457317 0.9136894273405561
vn -0.014687054555091027 0.14886682986965832 0.9887481769353883
vn -0.9237585516948214 0.05743521733175978 0.37864407295075875
vn -0.9999141056903676 0.0026225980731552096 0.012841464900052092
vn -0.9998295302571197 0.0027493261719544367 0.018257919690575053
vn -0.9237585516948214 0.05743521733175978 0.37864407295075875
vn -0.9998295302571197 0.0027493261719544367 0.018257919690575053
vn -0.9237615651096721 0.05701296145640812 0.3787005321518559
vn 0.015158214665384737 -0.038395144194898964 0.9991476574713124
vn 0.015195641998357762 0.04482637816171784 0.9988792160642649
vn -0.015192236741230042 0.04483201724294148 0.9988790147824345
vn 0.015158214665384737 -0.038395144194898964 0.9991476574713124
vn -0.015192236741230042 0.04483201724294148 0.9988790147824345
vn -0.015142650905039912 -0.038395817385329795 0.9991478676006273
vn 0.015195641998357762 0.04482637816171784 0.9988792160642649
vn 0.014696099721494098 0.14886507317065065 0.9887483070240236
vn -0.014687054555091027 0.14886682986965832 0.9887481769353883
vn 0.015195641998357762 0.04482637816171784 0.9988792160642649
vn -0.014687054555091027 0.14886682986965832 0.9887481769353883
vn -0.015192236741230042 0.04483201724294148 0.9988790147824345
vn 0.015132374076930997 0.0375524832476748 -0.9991800749898534
vn -0.015133619140249813 0.03756011235686244 -0.999179769376591
vn -0.015435294862625704 0.0383955157861876 -0.999143401139204
vn 0.015132374076930997 0.0375524832476748 -0.9991800749898534
vn -0.015435294862625704 0.0383955157861876 -0.999143401139204
vn 0.015435297651512154 0.038395523224128446 -0.9991434008102914
vn 0.014520828094714217 0.9997680472189824 -0.015905889204515685
vn -0.01458444375357507 0.9997736963576799 -0.015487093713803732
vn -0.015226768628716124 0.9997889595836377 0.013790642182106147
vn 0.014520828094714217 0.9997680472189824 -0.015905889204515685
vn -0.015226768628716124 0.9997889595836377 0.013790642182106147
vn 0.015175580967603056 0.9997857205911413 0.014078872268322018
vn 0.015158214665384737 -0.038395144194898964 0.9991476574713124
vn -0.015142650905039912 -0.038395817385329795 0.9991478676006273
vn -0.015378554086101517 -0.039402309124834035 0.9991050786127813
vn 0.015158214665384737 -0.038395144194898964 0.9991476574713124
vn -0.015378554086101517 -0.039402309124834035 0.9991050786127813
vn 0.015291930969502389 -0.03940407523680414 0.9991063385355717
vn 0.015141159165551022 -0.9997758183150484 0.014800622000400157
vn -0.01523758256118183 -0.9997749736815135 0.01475866111205502
vn -0.01502596236158438 -0.999769821330029 -0.015314202977308842
vn 0.015141159165551022 -0.9997758183150484 0.014800622000400157
vn -0.01502596236158438 -0.999769821330029 -0.015314202977308842
vn 0.014939795181106741 -0.9997722461617291 -0.015240023775491874
vn -0.9998722275931505 -0.0003591312632845574 -0.015981223753100737
vn -0.9998924948625088 -0.0014557192649981296 0.014590394067654305
vn -0.9998722231917717 -0.0006137552650171336 0.015973747025007038
vn -0.9998722275931505 -0.0003591312632845574 -0.015981223753100737
vn -0.9998722231917717 -0.0006137552650171336 0.015973747025007038
vn -0.9998933522368042 0.0005609206188772208 -0.014593475278549945
vn 0.9998928906500989 -0.001442393753961443 0.014564570973699337
vn 0.9998722406340469 -0.0003468492849149211 -0.015980679116490887
vn 0.9998933522401801 0.0005608661365093196 -0.014593477141244338
vn 0.9998928906500989 -0.001442393753961443 0.014564570973699337
vn 0.9998933522401801 0.0005608661365093196 -0.014593477141244338
vn 0.9998749561831604 -0.0006067550898378371 0.015802020313375156
vn 0.9998399209659141 0.0026630990248716663 0.017692946234538338
vn 0.9999157202844978 -0.0019326363714400178 -0.012838116863056038
vn 0.9998308226862391 -0.0018254960534171503 -0.01830282958225861
vn 0.9998399209659141 0.0026630990248716663 0.017692946234538338
vn 0.9998308226862391 -0.0018254960534171503 -0.01830282958225861
vn 0.9999148384558442 0.002612667659163651 0.012786313132631587
vn 0.015425277613889808 0.14967314646702537 0.9886151981621538
vn -0.01568640740729913 0.14968341323718218 0.9886095348641541
vn -0.014687054555091027 0.14886682986965832 0.9887481769353883
vn 0.015425277613889808 0.14967314646702537 0.9886151981621538
vn -0.014687054555091027 0.14886682986965832 0.9887481769353883
vn 0.014696099721494098 0.14886507317065065 0.9887483070240236
vn -0.9999094883984885 -0.002001995043718151 -0.013304398765734067
vn -0.9998295302571197 0.0027493261719544367 0.018257919690575053
vn -0.9999141056903676 0.0026225980731552096 0.012841464900052092
vn -0.9999094883984885 -0.002001995043718151 -0.013304398765734067
vn -0.9999141056903676 0.0026225980731552096 0.012841464900052092
vn -0.9998283539586582 -0.001842496013589805 -0.01843550457024958
vn 0.01581032557841773 -0.14886693502637235 -0.9887308376201069
vn -0.015796163599685532 -0.1488649951630905 -0.9887313560470432
vn -0.015085790874599896 -0.14812560023028284 -0.9888534903968871
vn 0.01581032557841773 -0.14886693502637235 -0.9887308376201069
vn -0.015085790874599896 -0.14812560023028284 -0.9888534903968871
vn 0.014734167593048207 -0.1481429337189324 -0.9888561955585291
vn 0.009440026032929358 -0.35436203275941186 -0.9350606588062162
vn 0.015132374076930997 0.0375524832476748 -0.9991800749898534
vn 0.38282677063873344 0.03499358104661283 -0.9231571442435208
vn 0.009440026032929358 -0.35436203275941186 -0.9350606588062162
vn 0.38282677063873344 0.03499358104661283 -0.9231571442435208
vn 0.32873652193950564 -0.29345885641031977 -0.8976715427913844
vn 0.923999740994231 0.01411394703505288 -0.38213253609407
vn 0.9998722406340469 -0.0003468492849149211 -0.015980679116490887
vn 0.9258429461376972 -0.3777712605291291 -0.010183997510891383
vn 0.923999740994231 0.01411394703505288 -0.38213253609407
vn 0.9258429461376972 -0.3777712605291291 -0.010183997510891383
vn 0.8916056893826716 -0.31292215486704816 -0.3272904209625057
vn 0.3852697557118011 -0.9227524271052676 -0.009755696033960422
vn 0.014939795181106741 -0.9997722461617291 -0.015240023775491874
vn 0.009234594298291305 -0.9216055986932359 -0.3880178381536454
vn 0.3852697557118011 -0.9227524271052676 -0.009755696033960422
vn 0.009234594298291305 -0.9216055986932359 -0.3880178381536454
vn 0.3287108435603523 -0.8837248996918546 -0.3331358326425775
vn 0.3864730669024619 -0.03604520552407178 0.9215960675468036
vn 0.015291930969502389 -0.03940407523680414 0.9991063385355717
vn 0.009051242791294814 -0.4122105813197674 0.9110436387198763
vn 0.3864730669024619 -0.03604520552407178 0.9215960675468036
vn 0.009051242791294814 -0.4122105813197674 0.9110436387198763
vn 0.33250731791681964 -0.3536270916616289 0.8742921500131985
vn 0.009051635743780465 -0.928452062463499 0.3713419389156534
vn 0.015141159165551022 -0.9997758183150484 0.014800622000400157
vn 0.3852902068804134 -0.9227529797746591 0.008854083749081875
vn 0.009051635743780465 -0.928452062463499 0.3713419389156534
vn 0.3852902068804134 -0.9227529797746591 0.008854083749081875
vn 0.3325165455496797 -0.8891261073765636 0.3144638486648463
vn 0.9256421236932346 -0.3782986663483756 0.008762298997354177
vn 0.9998928906500989 -0.001442393753961443 0.014564570973699337
vn 0.9254339348402424 -0.015120593849003312 0.37860718414705213
vn 0.9256421236932346 -0.3782986663483756 0.008762298997354177
vn 0.9254339348402424 -0.015120593849003312 0.37860718414705213
vn 0.8900317427640662 -0.3294595732804168 0.315118844955748
vn -0.9227853618553804 -0.385185369305134 -0.009970316880726594
vn -0.9998722275931505 -0.0003591312632845574 -0.015981223753100737
vn -0.9240012623575913 0.014091301493843123 -0.38212969314591005
vn -0.9227853618553804 -0.385185369305134 -0.009970316880726594
vn -0.9240012623575913 0.014091301493843123 -0.38212969314591005
vn -0.888648677537549 -0.32416110820267424 -0.32438110894375366
vn -0.3828246412387289 0.034971800769678554 -0.9231588526420381
vn -0.015133619140249813 0.03756011235686244 -0.999179769376591
vn -0.009595027922825279 -0.3546879812937888 -0.934935490483112
vn -0.3828246412387289 0.034971800769678554 -0.9231588526420381
vn -0.009595027922825279 -0.3546879812937888 -0.934935490483112
vn -0.32611453217213143 -0.30479278865197906 -0.8948467287149804
vn -0.01009585071089852 -0.9217365517725596 -0.38768518533064267
vn -0.01502596236158438 -0.999769821330029 -0.015314202977308842
vn -0.3779362168263927 -0.9257791702498781 -0.009856162661037761
vn -0.01009585071089852 -0.9217365517725596 -0.38768518533064267
vn -0.3779362168263927 -0.9257791702498781 -0.009856162661037761
vn -0.32097802059248676 -0.8896243112863356 -0.3248718132815498
vn 0.9234917535793424 -0.05711875717313751 -0.37934209975950106
vn 0.9999157202844978 -0.0019326363714400178 -0.012838116863056038
vn 0.9998948833431067 -0.0005938585535997168 -0.01448687669214682
vn 0.9234917535793424 -0.05711875717313751 -0.37934209975950106
vn 0.9998948833431067 -0.0005938585535997168 -0.01448687669214682
vn 0.9244028722122841 -0.01631228776080536 -0.38106854910066806
vn 0.9998948833431067 -0.0005938585535997168 -0.01448687669214682
vn 0.9998933522401801 0.0005608661365093196 -0.014593477141244338
vn 0.9239654133117785 0.014690316581354085 -0.38219381156990734
vn 0.9998948833431067 -0.0005938585535997168 -0.01448687669214682
vn 0.9239654133117785 0.014690316581354085 -0.38219381156990734
vn 0.9244028722122841 -0.01631228776080536 -0.38106854910066806
vn 0.3828855643764976 0.03547481718830716 -0.9231143926608161
vn 0.015435297651512154 0.038395523224128446 -0.9991434008102914
vn 0.01550866544099241 -0.04480104817689386 -0.9988755414857704
vn 0.3828855643764976 0.03547481718830716 -0.9231143926608161
vn 0.01550866544099241 -0.04480104817689386 -0.9988755414857704
vn 0.38401287946481594 -0.04039077104263038 -0.9224438703898045
vn 0.01550866544099241 -0.04480104817689386 -0.9988755414857704
vn 0.01581032557841773 -0.14886693502637235 -0.9887308376201069
vn 0.38154118656022973 -0.13761262380281253 -0.9140509223934504
vn 0.01550866544099241 -0.04480104817689386 -0.9988755414857704
vn 0.38154118656022973 -0.13761262380281253 -0.9140509223934504
vn 0.38401287946481594 -0.04039077104263038 -0.9224438703898045
vn -0.009961548222776288 -0.4122076316609672 0.9110354745878241
vn -0.015378554086101517 -0.039402309124834035 0.9991050786127813
vn -0.3828452867450775 -0.03615029940834578 0.9231048923441834
vn -0.009961548222776288 -0.4122076316609672 0.9110354745878241
vn -0.3828452867450775 -0.03615029940834578 0.9231048923441834
vn -0.3224097444523098 -0.3564531156462357 0.8769225353634649
vn -0.9240001407463986 -0.015273220783256273 0.3820869909163903
vn -0.9998924948625088 -0.0014557192649981296 0.014590394067654305
vn -0.9226095940989217 -0.38563261541896343 0.008889477023586697
vn -0.9240001407463986 -0.015273220783256273 0.3820869909163903
vn -0.9226095940989217 -0.38563261541896343 0.008889477023586697
vn -0.884427497477485 -0.33723548421787486 0.3225836788959552
vn -0.3779268864936792 -0.925789357240906 0.009237666624423773
vn -0.01523758256118183 -0.9997749736815135 0.01475866111205502
vn -0.009961303487239535 -0.9284440431613703 0.3713387013913346
vn -0.3779268864936792 -0.925789357240906 0.009237666624423773
vn -0.009961303487239535 -0.9284440431613703 0.3713387013913346
vn -0.3224093351793617 -0.8918913696353371 0.31714666222302335
vn -0.923965433826088 0.014690997687958464 -0.3821937357957368
vn -0.9998933522368042 0.0005609206188772208 -0.014593475278549945
vn -0.9998948923960843 -0.0005935370426727107 -0.014486265012140176
vn -0.923965433826088 0.014690997687958464 -0.3821937357957368
vn -0.9998948923960843 -0.0005935370426727107 -0.014486265012140176
vn -0.9244089173190516 -0.01630294889980122 -0.38105428410948117
vn -0.9998948923960843 -0.0005935370426727107 -0.014486265012140176
vn -0.9999094883984885 -0.002001995043718151 -0.013304398765734067
vn -0.9183686544528731 -0.05889706049407334 -0.3913184774369556
vn -0.9998948923960843 -0.0005935370426727107 -0.014486265012140176
vn -0.9183686544528731 -0.05889706049407334 -0.3913184774369556
vn -0.9244089173190516 -0.01630294889980122 -0.38105428410948117
vn -0.37102112329888953 -0.13820356188655142 -0.9182826915214619
vn -0.015796163599685532 -0.1488649951630905 -0.9887313560470432
vn -0.015508906326354157 -0.04480142617642441 -0.9988755207918145
vn -0.37102112329888953 -0.13820356188655142 -0.9182826915214619
vn -0.015508906326354157 -0.04480142617642441 -0.9988755207918145
vn -0.3840052494308466 -0.04040072867636635 -0.9224466106675073
vn -0.015508906326354157 -0.04480142617642441 -0.9988755207918145
vn -0.015435294862625704 0.0383955157861876 -0.999143401139204
vn -0.3828855400058321 0.03547473946046164 -0.9231144057562176
vn -0.015508906326354157 -0.04480142617642441 -0.9988755207918145
vn -0.3828855400058321 0.03547473946046164 -0.9231144057562176
vn -0.3840052494308466 -0.04040072867636635 -0.9224466106675073
vn 0.00928013490118087 0.9052011348638564 -0.4248820830976546
vn 0.014520828094714217 0.9997680472189824 -0.015905889204515685
vn 0.3925706508602486 0.9196672585832618 -0.010020856904905766
vn 0.00928013490118087 0.9052011348638564 -0.4248820830976546
vn 0.3925706508602486 0.9196672585832618 -0.010020856904905766
vn 0.33729419721783555 0.8748447457110723 -0.3476769986998064
vn 0.9287693919217856 0.37047746070112264 -0.011570122803354746
vn 0.9998308226862391 -0.0018254960534171503 -0.01830282958225861
vn 0.9235487026750553 -0.05654133509785328 -0.379289956646066
vn 0.9287693919217856 0.37047746070112264 -0.011570122803354746
vn 0.9235487026750553 -0.05654133509785328 -0.379289956646066
vn 0.8996442504366997 0.28757452798517363 -0.3285439293462798
vn 0.3815103728638876 -0.13724142166724018 -0.9141195915065011
vn 0.014734167593048207 -0.1481429337189324 -0.9888561955585291
vn 0.008585742716512204 0.27289945019846085 -0.9620042490048492
vn 0.3815103728638876 -0.13724142166724018 -0.9141195915065011
vn 0.008585742716512204 0.27289945019846085 -0.9620042490048492
vn 0.3371708326593837 0.22803671208262782 -0.9134084998215873
vn -0.918398318938795 -0.058370020130205064 -0.3913278274291195
vn -0.9998283539586582 -0.001842496013589805 -0.01843550457024958
vn -0.9288881284045725 0.3701349442233597 -0.012921608793831498
vn -0.918398318938795 -0.058370020130205064 -0.3913278274291195
vn -0.9288881284045725 0.3701349442233597 -0.012921608793831498
vn -0.8903021588595522 0.27326821593821565 -0.3642616478411714
vn -0.3925041863577727 0.919682743319929 -0.011140706043715497
vn -0.01458444375357507 0.9997736963576799 -0.015487093713803732
vn -0.009790477593277218 0.9047004215811922 -0.4259357859341109
vn -0.3925041863577727 0.919682743319929 -0.011140706043715497
vn -0.009790477593277218 0.9047004215811922 -0.4259357859341109
vn -0.3295409147963794 0.8620307018457 -0.38510499159394906
vn -0.011488349906894166 0.27167075396227514 -0.9623216817977167
vn -0.015085790874599896 -0.14812560023028284 -0.9888534903968871
vn -0.37093773795418544 -0.13780339177820447 -0.9183765130793878
vn -0.011488349906894166 0.27167075396227514 -0.9623216817977167
vn -0.37093773795418544 -0.13780339177820447 -0.9183765130793878
vn -0.31317243063047473 0.1978478436948003 -0.9288591171099728
vn 0.39260502720773843 0.9196759244753216 0.007581988635821741
vn 0.015175580967603056 0.9997857205911413 0.014078872268322018
vn 0.009249319136823607 0.9331707171123571 0.35931443447141753
vn 0.39260502720773843 0.9196759244753216 0.007581988635821741
vn 0.009249319136823607 0.9331707171123571 0.35931443447141753
vn 0.3477843189934501 0.8908067561137308 0.2924198877032718
vn 0.008770542357782848 0.46379316585526503 0.8859000941938663
vn 0.015425277613889808 0.14967314646702537 0.9886151981621538
vn 0.39333373617657286 0.13736683238344696 0.9090758633614228
vn 0.008770542357782848 0.46379316585526503 0.8859000941938663
vn 0.39333373617657286 0.13736683238344696 0.9090758633614228
vn 0.34778603626790405 0.40912302993709754 0.8436013391123492
vn 0.9278498777002631 0.05594402112187434 0.3687341467132139
vn 0.9999148384558442 0.002612667659163651 0.012786313132631587
vn 0.928142601136266 0.37215184921787486 0.007369740817880883
vn 0.9278498777002631 0.05594402112187434 0.3687341467132139
vn 0.928142601136266 0.37215184921787486 0.007369740817880883
vn 0.8940831232260479 0.33736833211022543 0.294614964405273
vn -0.9281554353922903 0.3721012525951937 0.008255032939727123
vn -0.9999141056903676 0.0026225980731552096 0.012841464900052092
vn -0.9237585516948214 0.05743521733175978 0.37864407295075875
vn -0.9281554353922903 0.3721012525951937 0.008255032939727123
vn -0.9237585516948214 0.05743521733175978 0.37864407295075875
vn -0.8861351619015414 0.3324441019391466 0.32287055289636346
vn -0.3823425554013491 0.13811329304190423 0.913640459160105
vn -0.01568640740729913 0.14968341323718218 0.9886095348641541
vn -0.010815865016526802 0.4630225451686907 0.8862805084900898
vn -0.3823425554013491 0.13811329304190423 0.913640459160105
vn -0.010815865016526802 0.4630225451686907 0.8862805084900898
vn -0.32630205875664214 0.3909298565966639 0.8606397699807329
vn -0.009605532309422108 0.9328799050933264 0.36005946234215147
vn -0.015226768628716124 0.9997889595836377 0.013790642182106147
vn -0.3924784032730811 0.9197217152066804 0.00852464318870735
vn -0.009605532309422108 0.9328799050933264 0.36005946234215147
vn -0.3924784032730811 0.9197217152066804 0.00852464318870735
vn -0.3403832504607197 0.8840603543214097 0.32027571360141943
vn 0.9254095879055214 -0.014539254402976246 0.37868945680324717
vn 0.9998749561831604 -0.0006067550898378371 0.015802020313375156
vn 0.999869660875634 0.00081289106902782 0.01612453002585204
vn 0.9254095879055214 -0.014539254402976246 0.37868945680324717
vn 0.999869660875634 0.00081289106902782 0.01612453002585204
vn 0.9245502532456733 0.018376268803699265 0.3806167914953508
vn 0.999869660875634 0.00081289106902782 0.01612453002585204
vn 0.9998399209659141 0.0026630990248716663 0.017692946234538338
vn 0.9278341078011696 0.055504181342254315 0.368840282851987
vn 0.999869660875634 0.00081289106902782 0.01612453002585204
vn 0.9278341078011696 0.055504181342254315 0.368840282851987
vn 0.9245502532456733 0.018376268803699265 0.3806167914953508
vn 0.3933625621660475 0.13684374450187697 0.9091422794463292
vn 0.014696099721494098 0.14886507317065065 0.9887483070240236
vn 0.015195641998357762 0.04482637816171784 0.9988792160642649
vn 0.3933625621660475 0.13684374450187697 0.9091422794463292
vn 0.015195641998357762 0.04482637816171784 0.9988792160642649
vn 0.3843402145278941 0.04264065488791947 0.9222062535286678
vn 0.015195641998357762 0.04482637816171784 0.9988792160642649
vn 0.015158214665384737 -0.038395144194898964 0.9991476574713124
vn 0.3865267733423061 -0.03539782480690518 0.9215986368742769
vn 0.015195641998357762 0.04482637816171784 0.9988792160642649
vn 0.3865267733423061 -0.03539782480690518 0.9215986368742769
vn 0.3843402145278941 0.04264065488791947 0.9222062535286678
vn -0.9237615651096721 0.05701296145640812 0.3787005321518559
vn -0.9998295302571197 0.0027493261719544367 0.018257919690575053
vn -0.999869770670096 0.00081012189009441 0.016117859741697688
vn -0.9237615651096721 0.05701296145640812 0.3787005321518559
vn -0.999869770670096 0.00081012189009441 0.016117859741697688
vn -0.9245974506311734 0.018311085347410265 0.380505267295651
vn -0.999869770670096 0.00081012189009441 0.016117859741697688
vn -0.9998722231917717 -0.0006137552650171336 0.015973747025007038
vn -0.9239828985865332 -0.014682605549955654 0.3821518339794968
vn -0.999869770670096 0.00081012189009441 0.016117859741697688
vn -0.9239828985865332 -0.014682605549955654 0.3821518339794968
vn -0.9245974506311734 0.018311085347410265 0.380505267295651
vn -0.38292137518021546 -0.03547334366085623 0.9230995950164921
vn -0.015142650905039912 -0.038395817385329795 0.9991478676006273
vn -0.015192236741230042 0.04483201724294148 0.9988790147824345
vn -0.38292137518021546 -0.03547334366085623 0.9230995950164921
vn -0.015192236741230042 0.04483201724294148 0.9988790147824345
vn -0.3844378947680613 0.04251437699558204 0.922171368464115
vn -0.015192236741230042 0.04483201724294148 0.9988790147824345
vn -0.014687054555091027 0.14886682986965832 0.9887481769353883
vn -0.3824195831732295 0.1375750441457317 0.9136894273405561
vn -0.015192236741230042 0.04483201724294148 0.9988790147824345
vn -0.3824195831732295 0.1375750441457317 0.9136894273405561
vn -0.3844378947680613 0.04251437699558204 0.922171368464115
f 1657/1657/1657 1658/1658/1658 1659/1659/1659
f 1660/1660/1660 1661/1661/1661 1662/1662/1662
f 1663/1663/1663 1664/1664/1664 1665/1665/1665
f 1666/1666/1666 1667/1667/1667 1668/1668/1668
f 1669/1669/1669 1670/1670/1670 1671/1671/1671
f 1672/1672/1672 1673/1673/1673 1674/1674/1674
f 1675/1675/1675 1676/1676/1676 1677/1677/1677
f 1678/1678/1678 1679/1679/1679 1680/1680/1680
f 1681/1681/1681 1682/1682/1682 1683/1683/1683
f 1684/1684/1684 1685/1685/1685 1686/1686/1686
f 1687/1687/1687 1688/1688/1688 1689/1689/1689
f 1690/1690/1690 1691/1691/1691 1692/1692/1692
f 1693/1693/1693 1694/1694/1694 1695/1695/1695
f 1696/1696/1696 1697/1697/1697 1698/1698/1698
f 1699/1699/1699 1700/1700/1700 1701/1701/1701
f 1702/1702/1702 1703/1703/1703 1704/1704/1704
f 1705/1705/1705 1706/1706/1706 1707/1707/1707
f 1708/1708/1708 1709/1709/1709 1710/1710/1710
f 1711/1711/1711 1712/1712/1712 1713/1713/1713
f 1714/1714/1714 1715/1715/1715 1716/1716/1716
f 1717/1717/1717 1718/1718/1718 1719/1719/1719
f 1720/1720/1720 1721/1721/1721 1722/1722/1722
f 1723/1723/1723 1724/1724/1724 1725/1725/1725
f 1726/1726/1726 1727/1727/1727 1728/1728/1728
f 1729/1729/1729 1730/1730/1730 1731/1731/1731
f 1732/1732/1732 1733/1733/1733 1734/1734/1734
f 1735/1735/1735 1736/1736/1736 1737/1737/1737
f 1738/1738/1738 1739/1739/1739 1740/1740/1740
f 1741/1741/1741 1742/1742/1742 1743/1743/1743
f 1744/1744/1744 1745/1745/1745 1746/1746/1746
f 1747/1747/1747 1748/1748/1748 1749/1749/1749
f 1750/1750/1750 1751/1751/1751 1752/1752/1752
f 1753/1753/1753 1754/1754/1754 1755/1755/1755
f 1756/1756/1756 1757/1757/1757 1758/1758/1758
f 1759/1759/1759 1760/1760/1760 1761/1761/1761
f 1762/1762/1762 1763/1763/1763 1764/1764/1764
f 1765/1765/1765 1766/1766/1766 1767/1767/1767
f 1768/1768/1768 1769/1769/1769 1770/1770/1770
f 1771/1771/1771 1772/1772/1772 1773/1773/1773
f 1774/1774/1774 1775/1775/1775 1776/1776/1776
f 1777/1777/1777 1778/1778/1778 1779/1779/1779
f 1780/1780/1780 1781/1781/1781 1782/1782/1782
f 1783/1783/1783 1784/1784/1784 1785/1785/1785
f 1786/1786/1786 1787/1787/1787 1788/1788/1788
f 1789/1789/1789 1790/1790/1790 1791/1791/1791
f 1792/1792/1792 1793/1793/1793 1794/1794/1794
f 1795/1795/1795 1796/1796/1796 1797/1797/1797
f 1798/1798/1798 1799/1799/1799 1800/1800/1800
f 1801/1801/1801 1802/1802/1802 1803/1803/1803
f 1804/1804/1804 1805/1805/1805 1806/1806/1806
f 1807/1807/1807 1808/1808/1808 1809/1809/1809
f 1810/1810/1810 1811/1811/1811 1812/1812/1812
f 1813/1813/1813 1814/1814/1814 1815/1815/1815
f 1816/1816/1816 1817/1817/1817 1818/1818/1818
f 1819/1819/1819 1820/1820/1820 1821/1821/1821
f 1822/1822/1822 1823/1823/1823 1824/1824/1824
f 1825/1825/1825 1826/1826/1826 1827/1827/1827
f 1828/1828/1828 1829/1829/1829 1830/1830/1830
f 1831/1831/1831 1832/1832/1832 1833/1833/1833
f 1834/1834/1834 1835/1835/1835 1836/1836/1836
f 1837/1837/1837 1838/1838/1838 1839/1839/1839
f 1840/1840/1840 1841/1841/1841 1842/1842/1842
f 1843/1843/1843 1844/1844/1844 1845/1845/1845
f 1846/1846/1846 1847/1847/1847 1848/1848/1848
f 1849/1849/1849 1850/1850/1850 1851/1851/1851
f 1852/1852/1852 1853/1853/1853 1854/1854/1854
f 1855/1855/1855 1856/1856/1856 1857/1857/1857
f 1858/1858/1858 1859/1859/1859 1860/1860/1860
f 1861/1861/1861 1862/1862/1862 1863/1863/1863
f 1864/1864/1864 1865/1865/1865 1866/1866/1866
f 1867/1867/1867 1868/1868/1868 1869/1869/1869
f 1870/1870/1870 1871/1871/1871 1872/1872/1872
f 1873/1873/1873 1874/1874/1874 1875/1875/1875
f 1876/1876/1876 1877/1877/1877 1878/1878/1878
f 1879/1879/1879 1880/1880/1880 1881/1881/1881
f 1882/1882/1882 1883/1883/1883 1884/1884/1884
f 1885/1885/1885 1886/1886/1886 1887/1887/1887
f 1888/1888/1888 1889/1889/1889 1890/1890/1890
f 1891/1891/1891 1892/1892/1892 1893/1893/1893
f 1894/1894/1894 1895/1895/1895 1896/1896/1896
f 1897/1897/1897 1898/1898/1898 1899/1899/1899
f 1900/1900/1900 1901/1901/1901 1902/1902/1902
f 1903/1903/1903 1904/1904/1904 1905/1905/1905
f 1906/1906/1906 1907/1907/1907 1908/1908/1908
f 1909/1909/1909 1910/1910/1910 1911/1911/1911
f 1912/1912/1912 1913/1913/1913 1914/1914/1914
f 1915/1915/1915 1916/1916/1916 1917/1917/1917
f 1918/1918/1918 1919/1919/1919 1920/1920/1920
f 1921/1921/1921 1922/1922/1922 1923/1923/1923
f 1924/1924/1924 1925/1925/1925 1926/1926/1926
f 1927/1927/1927 1928/1928/1928 1929/1929/1929
f 1930/1930/1930 1931/1931/1931 1932/1932/1932
f 1933/1933/1933 1934/1934/1934 1935/1935/1935
f 1936/1936/1936 1937/1937/1937 1938/1938/1938
f 1939/1939/1939 1940/1940/1940 1941/1941/1941
f 1942/1942/1942 1943/1943/1943 1944/1944/1944
f 1945/1945/1945 1946/1946/1946 1947/1947/1947
f 1948/1948/1948 1949/1949/1949 1950/1950/1950
f 1951/1951/1951 1952/1952/1952 1953/1953/1953
f 1954/1954/1954 1955/1955/1955 1956/1956/1956
f 1957/1957/1957 1958/1958/1958 1959/1959/1959
f 1960/1960/1960 1961/1961/1961 1962/1962/1962
f 1963/1963/1963 1964/1964/1964 1965/1965/1965
f 1966/1966/1966 1967/1967/1967 1968/1968/1968
f 1969/1969/1969 1970/1970/1970 1971/1971/1971
f 1972/1972/1972 1973/1973/1973 1974/1974/1974
f 1975/1975/1975 1976/1976/1976 1977/1977/1977
f 1978/1978/1978 1979/1979/1979 1980/1980/1980
f 1981/1981/1981 1982/1982/1982 1983/1983/1983
f 1984/1984/1984 1985/1985/1985 1986/1986/1986
f 1987/1987/1987 1988/1988/1988 1989/1989/1989
f 1990/1990/1990 1991/1991/1991 1992/1992/1992
f 1993/1993/1993 1994/1994/1994 1995/1995/1995
f 1996/1996/1996 1997/1997/1997 1998/1998/1998
f 1999/1999/1999 2000/2000/2000 2001/2001/2001
f 2002/2002/2002 2003/2003/2003 2004/2004/2004
f 2005/2005/2005 2006/2006/2006 2007/2007/2007
f 2008/2008/2008 2009/2009/2009 2010/2010/2010
f 2011/2011/2011 2012/2012/2012 2013/2013/2013
f 2014/2014/2014 2015/2015/2015 2016/2016/2016
f 2017/2017/2017 2018/2018/2018 2019/2019/2019
f 2020/2020/2020 2021/2021/2021 2022/2022/2022
f 2023/2023/2023 2024/2024/2024 2025/2025/2025
f 2026/2026/2026 2027/2027/2027 2028/2028/2028
f 2029/2029/2029 2030/2030/2030 2031/2031/2031
f 2032/2032/2032 2033/2033/2033 2034/2034/2034
f 2035/2035/2035 2036/2036/2036 2037/2037/2037
f 2038/2038/2038 2039/2039/2039 2040/2040/2040
f 2041/2041/2041 2042/2042/2042 2043/2043/2043
f 2044/2044/2044 2045/2045/2045 2046/2046/2046
f 2047/2047/2047 2048/2048/2048 2049/2049/2049
f 2050/2050/2050 2051/2051/2051 2052/2052/2052
f 2053/2053/2053 2054/2054/2054 2055/2055/2055
f 2056/2056/2056 2057/2057/2057 2058/2058/2058
f 2059/2059/2059 2060/2060/2060 2061/2061/2061
f 2062/2062/2062 2063/2063/2063 2064/2064/2064
f 2065/2065/2065 2066/2066/2066 2067/2067/2067
f 2068/2068/2068 2069/2069/2069 2070/2070/2070
f 2071/2071/2071 2072/2072/2072 2073/2073/2073
f 2074/2074/2074 2075/2075/2075 2076/2076/2076
f 2077/2077/2077 2078/2078/2078 2079/2079/2079
f 2080/2080/2080 2081/2081/2081 2082/2082/2082
f 2083/2083/2083 2084/2084/2084 2085/2085/2085
f 2086/2086/2086 2087/2087/2087 2088/2088/2088
f 2089/2089/2089 2090/2090/2090 2091/2091/2091
f 2092/2092/2092 2093/2093/2093 2094/2094/2094
f 2095/2095/2095 2096/2096/2096 2097/2097/2097
f 2098/2098/2098 2099/2099/2099 2100/2100/2100
f 2101/2101/2101 2102/2102/2102 2103/2103/2103
f 2104/2104/2104 2105/2105/2105 2106/2106/2106
f 2107/2107/2107 2108/2108/2108 2109/2109/2109
f 2110/2110/2110 2111/2111/2111 2112/2112/2112
f 2113/2113/2113 2114/2114/2114 2115/2115/2115
f 2116/2116/2116 2117/2117/2117 2118/2118/2118
f 2119/2119/2119 2120/2120/2120 2121/2121/2121
f 2122/2122/2122 2123/2123/2123 2124/2124/2124
f 2125/2125/2125 2126/2126/2126 2127/2127/2127
f 2128/2128/2128 2129/2129/2129 2130/2130/2130
f 2131/2131/2131 2132/2132/2132 2133/2133/2133
f 2134/2134/2134 2135/2135/2135 2136/2136/2136
f 2137/2137/2137 2138/2138/2138 2139/2139/2139
f 2140/2140/2140 2141/2141/2141 2142/2142/2142
f 2143/2143/2143 2144/2144/2144 2145/2145/2145
f 2146/2146/2146 2147/2147/2147 2148/2148/2148
f 2149/2149/2149 2150/2150/2150 2151/2151/2151
f 2152/2152/2152 2153/2153/2153 2154/2154/2154
f 2155/2155/2155 2156/2156/2156 2157/2157/2157
f 2158/2158/2158 2159/2159/2159 2160/2160/2160
f 2161/2161/2161 2162/2162/2162 2163/2163/2163
f 2164/2164/2164 2165/2165/2165 2166/2166/2166
f 2167/2167/2167 2168/2168/2168 2169/2169/2169
f 2170/2170/2170 2171/2171/2171 2172/2172/2172
f 2173/2173/2173 2174/2174/2174 2175/2175/2175
f 2176/2176/2176 2177/2177/2177 2178/2178/2178
f 2179/2179/2179 2180/2180/2180 2181/2181/2181
f 2182/2182/2182 2183/2183/2183 2184/2184/2184
f 2185/2185/2185 2186/2186/2186 2187/2187/2187
f 2188/2188/2188 2189/2189/2189 2190/2190/2190
f 2191/2191/2191 2192/2192/2192 2193/2193/2193
f 2194/2194/2194 2195/2195/2195 2196/2196/2196
o pasted__polySurface10
usemtl pasted__chair
v -2.586551197082372 3.6350967442549518 2.610457325816242
v -2.625225574141041 3.6737725642124133 2.649131522512562
v -2.634328461897894 3.6828747305198704 2.6359369345050254
v -2.586551197082372 3.6350967442549518 2.610457325816242
v -2.634328461897894 3.6828747305198704 2.6359369345050254
v -2.634328461897894 3.6828747305198704 -2.2265733782796815
v -2.586551197082372 3.6350967442549518 2.610457325816242
v -2.634328461897894 3.6828747305198704 -2.2265733782796815
v -2.62522575450339 3.6737725642124133 -2.239768146649567
v -2.586551197082372 3.6350967442549518 2.610457325816242
v -2.62522575450339 3.6737725642124133 -2.239768146649567
v -2.586551197082372 3.6350967442549518 -2.2010932285038507
v -2.586551197082372 3.6350967442549518 -2.2010932285038507
v -2.62522575450339 3.6737725642124133 -2.239768146649567
v -2.6120311664958535 3.6828747305198704 -2.248870673681722
v -2.586551197082372 3.6350967442549518 -2.2010932285038507
v -2.6120311664958535 3.6828747305198704 -2.248870673681722
v 2.6120311664958535 3.6828747305198704 -2.248870673681722
v -2.586551197082372 3.6350967442549518 -2.2010932285038507
v 2.6120311664958535 3.6828747305198704 -2.248870673681722
v 2.62522575450339 3.6737725642124133 -2.239768146649567
v -2.586551197082372 3.6350967442549518 -2.2010932285038507
v 2.62522575450339 3.6737725642124133 -2.239768146649567
v 2.586551197082372 3.6350967442549518 -2.2010932285038507
v -2.586551197082372 3.6350967442549518 -2.2010932285038507
v 2.586551197082372 3.6350967442549518 -2.2010932285038507
v 2.586551197082372 3.6350967442549518 2.610457325816242
v -2.586551197082372 3.6350967442549518 -2.2010932285038507
v 2.586551197082372 3.6350967442549518 2.610457325816242
v -2.586551197082372 3.6350967442549518 2.610457325816242
v 2.634328461897894 3.6828747305198704 2.6359369345050254
v 2.625225574141041 3.6737725642124133 2.649131522512562
v 2.586551197082372 3.6350967442549518 2.610457325816242
v 2.634328461897894 3.6828747305198704 2.6359369345050254
v 2.586551197082372 3.6350967442549518 2.610457325816242
v 2.586551197082372 3.6350967442549518 -2.2010932285038507
v 2.634328461897894 3.6828747305198704 2.6359369345050254
v 2.586551197082372 3.6350967442549518 -2.2010932285038507
v 2.62522575450339 3.6737725642124133 -2.239768146649567
v 2.634328461897894 3.6828747305198704 2.6359369345050254
v 2.62522575450339 3.6737725642124133 -2.239768146649567
v 2.634328461897894 3.6828747305198704 -2.2265733782796815
v -2.6120311664958535 3.6828747305198704 2.658233688820019
v -2.625225574141041 3.6737725642124133 2.649131522512562
v -2.586551197082372 3.6350967442549518 2.610457325816242
v -2.6120311664958535 3.6828747305198704 2.658233688820019
v -2.586551197082372 3.6350967442549518 2.610457325816242
v 2.586551197082372 3.6350967442549518 2.610457325816242
v -2.6120311664958535 3.6828747305198704 2.658233688820019
v 2.586551197082372 3.6350967442549518 2.610457325816242
v 2.625225574141041 3.6737725642124133 2.649131522512562
v -2.6120311664958535 3.6828747305198704 2.658233688820019
v 2.625225574141041 3.6737725642124133 2.649131522512562
v 2.6120311664958535 3.6828747305198704 2.658233688820019
v -2.6120311664958535 3.8346478436269535 2.658233688820019
v -2.6277977216009276 3.8346478436269535 2.6517034896100995
v -2.6277977216009276 3.6828758126939647 2.6517034896100995
v -2.6120311664958535 3.8346478436269535 2.658233688820019
v -2.6277977216009276 3.6828758126939647 2.6517034896100995
v -2.6120311664958535 3.6828747305198704 2.658233688820019
v -2.6277977216009276 3.8346478436269535 2.6517034896100995
v -2.634328461897894 3.8346478436269535 2.6359369345050254
v -2.634328461897894 3.6828747305198704 2.6359369345050254
v -2.6277977216009276 3.8346478436269535 2.6517034896100995
v -2.634328461897894 3.6828747305198704 2.6359369345050254
v -2.6277977216009276 3.6828758126939647 2.6517034896100995
v -2.6120311664958535 3.856944958666645 2.6359369345050254
v -2.6120311664958535 3.8504140380073295 2.6517034896100995
v 2.6120311664958535 3.8504140380073295 2.6517034896100995
v -2.6120311664958535 3.856944958666645 2.6359369345050254
v 2.6120311664958535 3.8504140380073295 2.6517034896100995
v 2.6120311664958535 3.856944958666645 2.6359369345050254
v -2.6120311664958535 3.8504140380073295 2.6517034896100995
v -2.6120311664958535 3.8346478436269535 2.658233688820019
v 2.6120311664958535 3.8346478436269535 2.658233688820019
v -2.6120311664958535 3.8504140380073295 2.6517034896100995
v 2.6120311664958535 3.8346478436269535 2.658233688820019
v 2.6120311664958535 3.8504140380073295 2.6517034896100995
v -2.634328461897894 3.8346478436269535 2.6359369345050254
v -2.6277977216009276 3.8504140380073295 2.6359369345050254
v -2.6277977216009276 3.8504140380073295 -2.2265733782796815
v -2.634328461897894 3.8346478436269535 2.6359369345050254
v -2.6277977216009276 3.8504140380073295 -2.2265733782796815
v -2.634328461897894 3.8346478436269535 -2.2265733782796815
v -2.6277977216009276 3.8504140380073295 2.6359369345050254
v -2.6120311664958535 3.856944958666645 2.6359369345050254
v -2.6120311664958535 3.856944958666645 -2.2265733782796815
v -2.6277977216009276 3.8504140380073295 2.6359369345050254
v -2.6120311664958535 3.856944958666645 -2.2265733782796815
v -2.6277977216009276 3.8504140380073295 -2.2265733782796815
v 2.634328461897894 3.8346478436269535 2.6359369345050254
v 2.6277977216009276 3.8346478436269535 2.6517034896100995
v 2.6277977216009276 3.6828758126939647 2.6517034896100995
v 2.634328461897894 3.8346478436269535 2.6359369345050254
v 2.6277977216009276 3.6828758126939647 2.6517034896100995
v 2.634328461897894 3.6828747305198704 2.6359369345050254
v 2.6277977216009276 3.8346478436269535 2.6517034896100995
v 2.6120311664958535 3.8346478436269535 2.658233688820019
v 2.6120311664958535 3.6828747305198704 2.658233688820019
v 2.6277977216009276 3.8346478436269535 2.6517034896100995
v 2.6120311664958535 3.6828747305198704 2.658233688820019
v 2.6277977216009276 3.6828758126939647 2.6517034896100995
v 2.6120311664958535 3.856944958666645 2.6359369345050254
v 2.6277977216009276 3.8504140380073295 2.6359369345050254
v 2.6277977216009276 3.8504140380073295 -2.2265733782796815
v 2.6120311664958535 3.856944958666645 2.6359369345050254
v 2.6277977216009276 3.8504140380073295 -2.2265733782796815
v 2.6120311664958535 3.856944958666645 -2.2265733782796815
v 2.6277977216009276 3.8504140380073295 2.6359369345050254
v 2.634328461897894 3.8346478436269535 2.6359369345050254
v 2.634328461897894 3.8346478436269535 -2.2265733782796815
v 2.6277977216009276 3.8504140380073295 2.6359369345050254
v 2.634328461897894 3.8346478436269535 -2.2265733782796815
v 2.6277977216009276 3.8504140380073295 -2.2265733782796815
v -2.634328461897894 3.8346478436269535 -2.2265733782796815
v -2.6277977216009276 3.8346478436269535 -2.2423399333847556
v -2.6277977216009276 3.6828758126939647 -2.2423399333847556
v -2.634328461897894 3.8346478436269535 -2.2265733782796815
v -2.6277977216009276 3.6828758126939647 -2.2423399333847556
v -2.634328461897894 3.6828747305198704 -2.2265733782796815
v -2.6277977216009276 3.8346478436269535 -2.2423399333847556
v -2.6120311664958535 3.8346478436269535 -2.248870673681722
v -2.6120311664958535 3.6828747305198704 -2.248870673681722
v -2.6277977216009276 3.8346478436269535 -2.2423399333847556
v -2.6120311664958535 3.6828747305198704 -2.248870673681722
v -2.6277977216009276 3.6828758126939647 -2.2423399333847556
v -2.6120311664958535 3.8346478436269535 -2.248870673681722
v -2.6120311664958535 3.8504140380073295 -2.2423399333847556
v 2.6120311664958535 3.8504140380073295 -2.2423399333847556
v -2.6120311664958535 3.8346478436269535 -2.248870673681722
v 2.6120311664958535 3.8504140380073295 -2.2423399333847556
v 2.6120311664958535 3.8346478436269535 -2.248870673681722
v -2.6120311664958535 3.8504140380073295 -2.2423399333847556
v -2.6120311664958535 3.856944958666645 -2.2265733782796815
v 2.6120311664958535 3.856944958666645 -2.2265733782796815
v -2.6120311664958535 3.8504140380073295 -2.2423399333847556
v 2.6120311664958535 3.856944958666645 -2.2265733782796815
v 2.6120311664958535 3.8504140380073295 -2.2423399333847556
v 2.6120311664958535 3.8346478436269535 -2.248870673681722
v 2.6277977216009276 3.8346478436269535 -2.2423399333847556
v 2.6277977216009276 3.6828758126939647 -2.2423399333847556
v 2.6120311664958535 3.8346478436269535 -2.248870673681722
v 2.6277977216009276 3.6828758126939647 -2.2423399333847556
v 2.6120311664958535 3.6828747305198704 -2.248870673681722
v 2.6277977216009276 3.8346478436269535 -2.2423399333847556
v 2.634328461897894 3.8346478436269535 -2.2265733782796815
v 2.634328461897894 3.6828747305198704 -2.2265733782796815
v 2.6277977216009276 3.8346478436269535 -2.2423399333847556
v 2.634328461897894 3.6828747305198704 -2.2265733782796815
v 2.6277977216009276 3.6828758126939647 -2.2423399333847556
v -2.6120311664958535 3.856944958666645 2.6359369345050254
v 2.6120311664958535 3.856944958666645 2.6359369345050254
v 2.6120311664958535 3.856944958666645 -2.2265733782796815
v -2.6120311664958535 3.856944958666645 2.6359369345050254
v 2.6120311664958535 3.856944958666645 -2.2265733782796815
v -2.6120311664958535 3.856944958666645 -2.2265733782796815
v -2.6120311664958535 3.8346478436269535 2.658233688820019
v -2.6120311664958535 3.6828747305198704 2.658233688820019
v 2.6120311664958535 3.6828747305198704 2.658233688820019
v -2.6120311664958535 3.8346478436269535 2.658233688820019
v 2.6120311664958535 3.6828747305198704 2.658233688820019
v 2.6120311664958535 3.8346478436269535 2.658233688820019
v -2.6120311664958535 3.8346478436269535 -2.248870673681722
v 2.6120311664958535 3.8346478436269535 -2.248870673681722
v 2.6120311664958535 3.6828747305198704 -2.248870673681722
v -2.6120311664958535 3.8346478436269535 -2.248870673681722
v 2.6120311664958535 3.6828747305198704 -2.248870673681722
v -2.6120311664958535 3.6828747305198704 -2.248870673681722
v 2.634328461897894 3.8346478436269535 2.6359369345050254
v 2.634328461897894 3.6828747305198704 2.6359369345050254
v 2.634328461897894 3.6828747305198704 -2.2265733782796815
v 2.634328461897894 3.8346478436269535 2.6359369345050254
v 2.634328461897894 3.6828747305198704 -2.2265733782796815
v 2.634328461897894 3.8346478436269535 -2.2265733782796815
v -2.634328461897894 3.8346478436269535 -2.2265733782796815
v -2.634328461897894 3.6828747305198704 -2.2265733782796815
v -2.634328461897894 3.6828747305198704 2.6359369345050254
v -2.634328461897894 3.8346478436269535 -2.2265733782796815
v -2.634328461897894 3.6828747305198704 2.6359369345050254
v -2.634328461897894 3.8346478436269535 2.6359369345050254
v 2.625225574141041 3.6737725642124133 2.649131522512562
v 2.634328461897894 3.6828747305198704 2.6359369345050254
v 2.6277977216009276 3.6828758126939647 2.6517034896100995
v 2.625225574141041 3.6737725642124133 2.649131522512562
v 2.6277977216009276 3.6828758126939647 2.6517034896100995
v 2.6120311664958535 3.6828747305198704 2.658233688820019
v -2.625225574141041 3.6737725642124133 2.649131522512562
v -2.6120311664958535 3.6828747305198704 2.658233688820019
v -2.6277977216009276 3.6828758126939647 2.6517034896100995
v -2.625225574141041 3.6737725642124133 2.649131522512562
v -2.6277977216009276 3.6828758126939647 2.6517034896100995
v -2.634328461897894 3.6828747305198704 2.6359369345050254
v 2.62522575450339 3.6737725642124133 -2.239768146649567
v 2.6120311664958535 3.6828747305198704 -2.248870673681722
v 2.6277977216009276 3.6828758126939647 -2.2423399333847556
v 2.62522575450339 3.6737725642124133 -2.239768146649567
v 2.6277977216009276 3.6828758126939647 -2.2423399333847556
v 2.634328461897894 3.6828747305198704 -2.2265733782796815
v -2.62522575450339 3.6737725642124133 -2.239768146649567
v -2.634328461897894 3.6828747305198704 -2.2265733782796815
v -2.6277977216009276 3.6828758126939647 -2.2423399333847556
v -2.62522575450339 3.6737725642124133 -2.239768146649567
v -2.6277977216009276 3.6828758126939647 -2.2423399333847556
v -2.6120311664958535 3.6828747305198704 -2.248870673681722
v -2.6277977216009276 3.8504140380073295 2.6359369345050254
v -2.634328461897894 3.8346478436269535 2.6359369345050254
v -2.6277977216009276 3.8346478436269535 2.6517034896100995
v -2.6277977216009276 3.8504140380073295 2.6359369345050254
v -2.6277977216009276 3.8346478436269535 2.6517034896100995
v -2.624900020100995 3.8475159757826987 2.6488057881101668
v -2.6277977216009276 3.8346478436269535 2.6517034896100995
v -2.6120311664958535 3.8346478436269535 2.658233688820019
v -2.6120311664958535 3.8504140380073295 2.6517034896100995
v -2.6277977216009276 3.8346478436269535 2.6517034896100995
v -2.6120311664958535 3.8504140380073295 2.6517034896100995
v -2.624900020100995 3.8475159757826987 2.6488057881101668
v -2.6120311664958535 3.8504140380073295 2.6517034896100995
v -2.6120311664958535 3.856944958666645 2.6359369345050254
v -2.6277977216009276 3.8504140380073295 2.6359369345050254
v -2.6120311664958535 3.8504140380073295 2.6517034896100995
v -2.6277977216009276 3.8504140380073295 2.6359369345050254
v -2.624900020100995 3.8475159757826987 2.6488057881101668
v 2.6120311664958535 3.8504140380073295 2.6517034896100995
v 2.6120311664958535 3.8346478436269535 2.658233688820019
v 2.6277977216009276 3.8346478436269535 2.6517034896100995
v 2.6120311664958535 3.8504140380073295 2.6517034896100995
v 2.6277977216009276 3.8346478436269535 2.6517034896100995
v 2.624900020100995 3.8475159757826987 2.6488057881101668
v 2.6277977216009276 3.8346478436269535 2.6517034896100995
v 2.634328461897894 3.8346478436269535 2.6359369345050254
v 2.6277977216009276 3.8504140380073295 2.6359369345050254
v 2.6277977216009276 3.8346478436269535 2.6517034896100995
v 2.6277977216009276 3.8504140380073295 2.6359369345050254
v 2.624900020100995 3.8475159757826987 2.6488057881101668
v 2.6277977216009276 3.8504140380073295 2.6359369345050254
v 2.6120311664958535 3.856944958666645 2.6359369345050254
v 2.6120311664958535 3.8504140380073295 2.6517034896100995
v 2.6277977216009276 3.8504140380073295 2.6359369345050254
v 2.6120311664958535 3.8504140380073295 2.6517034896100995
v 2.624900020100995 3.8475159757826987 2.6488057881101668
v -2.6120311664958535 3.8504140380073295 -2.2423399333847556
v -2.6120311664958535 3.8346478436269535 -2.248870673681722
v -2.6277977216009276 3.8346478436269535 -2.2423399333847556
v -2.6120311664958535 3.8504140380073295 -2.2423399333847556
v -2.6277977216009276 3.8346478436269535 -2.2423399333847556
v -2.624900020100995 3.8475159757826987 -2.239442231884823
v -2.6277977216009276 3.8346478436269535 -2.2423399333847556
v -2.634328461897894 3.8346478436269535 -2.2265733782796815
v -2.6277977216009276 3.8504140380073295 -2.2265733782796815
v -2.6277977216009276 3.8346478436269535 -2.2423399333847556
v -2.6277977216009276 3.8504140380073295 -2.2265733782796815
v -2.624900020100995 3.8475159757826987 -2.239442231884823
v -2.6277977216009276 3.8504140380073295 -2.2265733782796815
v -2.6120311664958535 3.856944958666645 -2.2265733782796815
v -2.6120311664958535 3.8504140380073295 -2.2423399333847556
v -2.6277977216009276 3.8504140380073295 -2.2265733782796815
v -2.6120311664958535 3.8504140380073295 -2.2423399333847556
v -2.624900020100995 3.8475159757826987 -2.239442231884823
v 2.6277977216009276 3.8504140380073295 -2.2265733782796815
v 2.634328461897894 3.8346478436269535 -2.2265733782796815
v 2.6277977216009276 3.8346478436269535 -2.2423399333847556
v 2.6277977216009276 3.8504140380073295 -2.2265733782796815
v 2.6277977216009276 3.8346478436269535 -2.2423399333847556
v 2.624900020100995 3.8475159757826987 -2.239442231884823
v 2.6277977216009276 3.8346478436269535 -2.2423399333847556
v 2.6120311664958535 3.8346478436269535 -2.248870673681722
v 2.6120311664958535 3.8504140380073295 -2.2423399333847556
v 2.6277977216009276 3.8346478436269535 -2.2423399333847556
v 2.6120311664958535 3.8504140380073295 -2.2423399333847556
v 2.624900020100995 3.8475159757826987 -2.239442231884823
v 2.6120311664958535 3.8504140380073295 -2.2423399333847556
v 2.6120311664958535 3.856944958666645 -2.2265733782796815
v 2.6277977216009276 3.8504140380073295 -2.2265733782796815
v 2.6120311664958535 3.8504140380073295 -2.2423399333847556
v 2.6277977216009276 3.8504140380073295 -2.2265733782796815
v 2.624900020100995 3.8475159757826987 -2.239442231884823
vt 0.377267062664032 0.0024341344833374023
vt 0.37543192505836487 0.00046390295028686523
vt 0.375 0.0014767646789550781
vt 0.377267062664032 0.0024341344833374023
vt 0.375 0.0014767646789550781
vt 0.3749999701976776 0.32351595163345337
vt 0.377267062664032 0.0024341344833374023
vt 0.3749999701976776 0.32351595163345337
vt 0.37543192505836487 0.3102414011955261
vt 0.377267062664032 0.0024341344833374023
vt 0.37543192505836487 0.3102414011955261
vt 0.377267062664032 0.2475658655166626
vt 0.377267062664032 0.2475658655166626
vt 0.37543192505836487 0.3102414011955261
vt 0.37605801224708557 0.32499265670776367
vt 0.377267062664032 0.2475658655166626
vt 0.37605801224708557 0.32499265670776367
vt 0.6239420175552368 0.32499265670776367
vt 0.377267062664032 0.2475658655166626
vt 0.6239420175552368 0.32499265670776367
vt 0.6245681047439575 0.3102414608001709
vt 0.377267062664032 0.2475658655166626
vt 0.6245681047439575 0.3102414608001709
vt 0.622732937335968 0.2475658655166626
vt 0.377267062664032 0.2475658655166626
vt 0.622732937335968 0.2475658655166626
vt 0.622732937335968 0.002434074878692627
vt 0.377267062664032 0.2475658655166626
vt 0.622732937335968 0.002434074878692627
vt 0.377267062664032 0.0024341344833374023
vt 0.625 0.0014771819114685059
vt 0.6245680451393127 0.0004639625549316406
vt 0.622732937335968 0.002434074878692627
vt 0.625 0.0014771819114685059
vt 0.622732937335968 0.002434074878692627
vt 0.622732937335968 0.2475658655166626
vt 0.625 0.0014771819114685059
vt 0.622732937335968 0.2475658655166626
vt 0.6245681047439575 0.3102414608001709
vt 0.625 0.0014771819114685059
vt 0.6245681047439575 0.3102414608001709
vt 0.625 0.32351595163345337
vt 0.37605801224708557 0.9250073507428169
vt 0.37543192505836487 0.9392953813076019
vt 0.377267062664032 1
vt 0.37605801224708557 0.9250073507428169
vt 0.377267062664032 1
vt 0.622732937335968 1
vt 0.37605801224708557 0.9250073507428169
vt 0.622732937335968 1
vt 0.6245680451393127 0.9392952956259251
vt 0.37605801224708557 0.9250073507428169
vt 0.6245680451393127 0.9392952956259251
vt 0.6239420175552368 0.9250073507428169
vt 0.37605801224708557 0.784997746348381
vt 0.37498989701271057 0.7849952280521393
vt 0.375 0.9250073432922363
vt 0.37605801224708557 0.784997746348381
vt 0.375 0.9250073432922363
vt 0.37605801224708557 0.9250073507428169
vt 0.37498989701271057 0.7849952280521393
vt 0.3738640248775482 0.7849977612495422
vt 0.3738640248775482 0.9250073358416557
vt 0.37498989701271057 0.7849952280521393
vt 0.3738640248775482 0.9250073358416557
vt 0.375 0.9250073432922363
vt 0.37605801224708557 0.7488640248775482
vt 0.37588921189308167 0.7508552819490433
vt 0.6241108179092407 0.7508552819490433
vt 0.37605801224708557 0.7488640248775482
vt 0.6241108179092407 0.7508552819490433
vt 0.6239420175552368 0.7488640248775482
vt 0.37588921189308167 0.7508552819490433
vt 0.37605801224708557 0.784997746348381
vt 0.623941957950592 0.7849977612495422
vt 0.37588921189308167 0.7508552819490433
vt 0.623941957950592 0.7849977612495422
vt 0.6241108179092407 0.7508552819490433
vt 0.3738640248775482 0.7849977612495422
vt 0.3705262839794159 0.75
vt 0.1294737160205841 0.75
vt 0.3738640248775482 0.7849977612495422
vt 0.1294737160205841 0.75
vt 0.12613597512245178 0.784997746348381
vt 0.375 0.7455262839794159
vt 0.37605801224708557 0.7488640248775482
vt 0.3760579824447632 0.5011359751224518
vt 0.375 0.7455262839794159
vt 0.3760579824447632 0.5011359751224518
vt 0.375 0.5044737160205841
vt 0.6261360049247742 0.784997746348381
vt 0.625010073184967 0.7849952280521393
vt 0.625 0.9250073432922363
vt 0.6261360049247742 0.784997746348381
vt 0.625 0.9250073432922363
vt 0.6261359453201294 0.9250073358416557
vt 0.625010073184967 0.7849952280521393
vt 0.623941957950592 0.7849977612495422
vt 0.6239420175552368 0.9250073507428169
vt 0.625010073184967 0.7849952280521393
vt 0.6239420175552368 0.9250073507428169
vt 0.625 0.9250073432922363
vt 0.6239420175552368 0.7488640248775482
vt 0.625 0.7455262839794159
vt 0.625 0.5044737160205841
vt 0.6239420175552368 0.7488640248775482
vt 0.625 0.5044737160205841
vt 0.6239420175552368 0.5011359751224518
vt 0.6294737458229065 0.75
vt 0.6261360049247742 0.784997746348381
vt 0.8738639950752258 0.7849977612495422
vt 0.6294737458229065 0.75
vt 0.8738639950752258 0.7849977612495422
vt 0.8705262541770935 0.75
vt 0.12613597512245178 0.784997746348381
vt 0.125 0.7720655053853989
vt 0.125 0.9250073432922363
vt 0.12613597512245178 0.784997746348381
vt 0.125 0.9250073432922363
vt 0.1261359602212906 0.9250073432922363
vt 0.375 0.47793447971343994
vt 0.37605801224708557 0.46500223875045776
vt 0.37605801224708557 0.32499265670776367
vt 0.375 0.47793447971343994
vt 0.37605801224708557 0.32499265670776367
vt 0.375 0.32499265670776367
vt 0.37605801224708557 0.46500223875045776
vt 0.3758891820907593 0.4991447329521179
vt 0.6241108179092407 0.4991447329521179
vt 0.37605801224708557 0.46500223875045776
vt 0.6241108179092407 0.4991447329521179
vt 0.6239420175552368 0.46500223875045776
vt 0.3758891820907593 0.4991447329521179
vt 0.3760579824447632 0.5011359751224518
vt 0.6239420175552368 0.5011359751224518
vt 0.3758891820907593 0.4991447329521179
vt 0.6239420175552368 0.5011359751224518
vt 0.6241108179092407 0.4991447329521179
vt 0.6239420175552368 0.46500223875045776
vt 0.625 0.47793447971343994
vt 0.625 0.32499265670776367
vt 0.6239420175552368 0.46500223875045776
vt 0.625 0.32499265670776367
vt 0.6239420175552368 0.32499265670776367
vt 0.875 0.7720655053853989
vt 0.8738639950752258 0.7849977612495422
vt 0.8738640546798706 0.9250073358416557
vt 0.875 0.7720655053853989
vt 0.8738640546798706 0.9250073358416557
vt 0.875 0.9250073432922363
vt 0.37605801224708557 0.7488640248775482
vt 0.6239420175552368 0.7488640248775482
vt 0.6239420175552368 0.5011359751224518
vt 0.37605801224708557 0.7488640248775482
vt 0.6239420175552368 0.5011359751224518
vt 0.3760579824447632 0.5011359751224518
vt 0.37605801224708557 0.784997746348381
vt 0.37605801224708557 0.9250073507428169
vt 0.6239420175552368 0.9250073507428169
vt 0.37605801224708557 0.784997746348381
vt 0.6239420175552368 0.9250073507428169
vt 0.623941957950592 0.7849977612495422
vt 0.37605801224708557 0.46500223875045776
vt 0.6239420175552368 0.46500223875045776
vt 0.6239420175552368 0.32499265670776367
vt 0.37605801224708557 0.46500223875045776
vt 0.6239420175552368 0.32499265670776367
vt 0.37605801224708557 0.32499265670776367
vt 0.6261360049247742 0.784997746348381
vt 0.6261359453201294 0.9250073358416557
vt 0.8738640546798706 0.9250073358416557
vt 0.6261360049247742 0.784997746348381
vt 0.8738640546798706 0.9250073358416557
vt 0.8738639950752258 0.7849977612495422
vt 0.12613597512245178 0.784997746348381
vt 0.1261359602212906 0.9250073432922363
vt 0.3738640248775482 0.9250073358416557
vt 0.12613597512245178 0.784997746348381
vt 0.3738640248775482 0.9250073358416557
vt 0.3738640248775482 0.7849977612495422
vt 0.6245680451393127 0.0004639625549316406
vt 0.625 0.0014771819114685059
vt 0.625 0
vt 0.6245680451393127 0.9392952956259251
vt 0.625 0.9250073432922363
vt 0.6239420175552368 0.9250073507428169
vt 0.37543192505836487 0.9392953813076019
vt 0.37605801224708557 0.9250073507428169
vt 0.375 0.9250073432922363
vt 0.37543192505836487 0.00046390295028686523
vt 0.375 0
vt 0.375 0.0014767646789550781
vt 0.6245681047439575 0.3102414608001709
vt 0.6239420175552368 0.32499265670776367
vt 0.625 0.32499265670776367
vt 0.6245681047439575 0.3102414608001709
vt 0.625 0.32499265670776367
vt 0.625 0.32351595163345337
vt 0.37543192505836487 0.3102414011955261
vt 0.3749999701976776 0.32351595163345337
vt 0.375 0.32499265670776367
vt 0.37543192505836487 0.3102414011955261
vt 0.375 0.32499265670776367
vt 0.37605801224708557 0.32499265670776367
vt 0.3705262839794159 0.75
vt 0.3738640248775482 0.7849977612495422
vt 0.37498989701271057 0.7849952280521393
vt 0.3705262839794159 0.75
vt 0.37498989701271057 0.7849952280521393
vt 0.375 0.75
vt 0.37498989701271057 0.7849952280521393
vt 0.37605801224708557 0.784997746348381
vt 0.37588921189308167 0.7508552819490433
vt 0.37498989701271057 0.7849952280521393
vt 0.37588921189308167 0.7508552819490433
vt 0.375 0.75
vt 0.37588921189308167 0.7508552819490433
vt 0.37605801224708557 0.7488640248775482
vt 0.375 0.7455262839794159
vt 0.37588921189308167 0.7508552819490433
vt 0.375 0.7455262839794159
vt 0.375 0.75
vt 0.6241108179092407 0.7508552819490433
vt 0.623941957950592 0.7849977612495422
vt 0.625010073184967 0.7849952280521393
vt 0.6241108179092407 0.7508552819490433
vt 0.625010073184967 0.7849952280521393
vt 0.625 0.75
vt 0.625010073184967 0.7849952280521393
vt 0.6261360049247742 0.784997746348381
vt 0.6294737458229065 0.75
vt 0.625010073184967 0.7849952280521393
vt 0.6294737458229065 0.75
vt 0.625 0.75
vt 0.625 0.7455262839794159
vt 0.6239420175552368 0.7488640248775482
vt 0.6241108179092407 0.7508552819490433
vt 0.625 0.7455262839794159
vt 0.6241108179092407 0.7508552819490433
vt 0.625 0.75
vt 0.3758891820907593 0.4991447329521179
vt 0.37605801224708557 0.46500223875045776
vt 0.375 0.47793447971343994
vt 0.3758891820907593 0.4991447329521179
vt 0.375 0.47793447971343994
vt 0.375 0.5
vt 0.125 0.7720655053853989
vt 0.12613597512245178 0.784997746348381
vt 0.1294737160205841 0.75
vt 0.125 0.7720655053853989
vt 0.1294737160205841 0.75
vt 0.125 0.75
vt 0.375 0.5044737160205841
vt 0.3760579824447632 0.5011359751224518
vt 0.3758891820907593 0.4991447329521179
vt 0.375 0.5044737160205841
vt 0.3758891820907593 0.4991447329521179
vt 0.375 0.5
vt 0.8705262541770935 0.75
vt 0.8738639950752258 0.7849977612495422
vt 0.875 0.7720655053853989
vt 0.8705262541770935 0.75
vt 0.875 0.7720655053853989
vt 0.875 0.75
vt 0.625 0.47793447971343994
vt 0.6239420175552368 0.46500223875045776
vt 0.6241108179092407 0.4991447329521179
vt 0.625 0.47793447971343994
vt 0.6241108179092407 0.4991447329521179
vt 0.625 0.5
vt 0.6241108179092407 0.4991447329521179
vt 0.6239420175552368 0.5011359751224518
vt 0.625 0.5044737160205841
vt 0.6241108179092407 0.4991447329521179
vt 0.625 0.5044737160205841
vt 0.625 0.5
vn -0.7071109534994436 -0.7071026088490324 0
vn -0.7071109833014129 -0.7071025790467101 0
vn -0.7071110131037353 -0.7071025492440325 0
vn -0.7071109534994436 -0.7071026088490324 0
vn -0.7071110131037353 -0.7071025492440325 0
vn -0.7071109833014129 -0.7071025790467101 0
vn -0.7071109534994436 -0.7071026088490324 0
vn -0.7071109833014129 -0.7071025790467101 0
vn -0.7071109833014129 -0.7071025790467101 0
vn -0.7071109534994436 -0.7071026088490324 0
vn -0.7071109833014129 -0.7071025790467101 0
vn -0.7071109833014129 -0.7071025790467101 0
vn 0 -0.7071043671943741 -0.7071091951704799
vn 0 -0.7071043969966962 -0.7071091653683599
vn 0 -0.7071043671943741 -0.7071091951704799
vn 0 -0.7071043671943741 -0.7071091951704799
vn 0 -0.7071043671943741 -0.7071091951704799
vn 0 -0.7071043671943741 -0.7071091951704799
vn 0 -0.7071043671943741 -0.7071091951704799
vn 0 -0.7071043671943741 -0.7071091951704799
vn 0 -0.7071043969966962 -0.7071091653683599
vn 0 -0.7071043671943741 -0.7071091951704799
vn 0 -0.7071043969966962 -0.7071091653683599
vn 0 -0.7071043671943741 -0.7071091951704799
vn 0 -1 0
vn 0 -1 0
vn 0 -1 0
vn 0 -1 0
vn 0 -1 0
vn 0 -1 0
vn 0.7071110131037351 -0.7071025492440324 -1.9496486536571047e-8
vn 0.7071109833014126 -0.7071025790467099 -1.94964857148605e-8
vn 0.7071109534994435 -0.7071026088490323 -1.949648831293768e-8
vn 0.7071110131037351 -0.7071025492440324 -1.9496486536571047e-8
vn 0.7071109534994435 -0.7071026088490323 -1.949648831293768e-8
vn 0.7071109833014126 -0.7071025790467099 -1.9496487491217297e-8
vn 0.7071110131037351 -0.7071025492440324 -1.9496486536571047e-8
vn 0.7071109833014126 -0.7071025790467099 -1.9496487491217297e-8
vn 0.7071109833014126 -0.7071025790467099 -1.9496487491217297e-8
vn 0.7071110131037351 -0.7071025492440324 -1.9496486536571047e-8
vn 0.7071109833014126 -0.7071025790467099 -1.9496487491217297e-8
vn 0.7071109833014126 -0.7071025790467099 -1.9496487491217297e-8
vn -6.048491333372993e-9 -0.7070963204942776 0.7071172417240679
vn -6.048491588301612e-9 -0.7070963502965999 0.707117211922626
vn -6.048491333372993e-9 -0.7070963204942776 0.7071172417240679
vn -6.048491333372993e-9 -0.7070963204942776 0.7071172417240679
vn -6.048491333372993e-9 -0.7070963204942776 0.7071172417240679
vn -6.048491333372993e-9 -0.7070963204942776 0.7071172417240679
vn -6.048491333372993e-9 -0.7070963204942776 0.7071172417240679
vn -6.048491333372993e-9 -0.7070963204942776 0.7071172417240679
vn -6.048491588301612e-9 -0.7070963502965999 0.707117211922626
vn -6.048491333372993e-9 -0.7070963204942776 0.7071172417240679
vn -6.048491588301612e-9 -0.7070963502965999 0.707117211922626
vn -6.048491333372993e-9 -0.7070963204942776 0.7071172417240679
vn -0.0012049124193726014 0.03890993397803434 0.9992419953264007
vn -0.37979360596186995 0.024657969762803652 0.9247425595254372
vn -0.38264537555929706 -0.009797845214601282 0.9238433410444843
vn -0.0012049124193726014 0.03890993397803434 0.9992419953264007
vn -0.38264537555929706 -0.009797845214601282 0.9238433410444843
vn -0.001259381044966466 -0.000012724547327517097 0.9999992068984204
vn -0.9247318499320537 0.024660116043113654 0.37981954188532985
vn -0.9992418417048747 0.038911007842632635 0.001294316391259018
vn -0.9999990848540824 -0.000013669696894088636 0.001352813415588066
vn -0.9247318499320537 0.024660116043113654 0.37981954188532985
vn -0.9999990848540824 -0.000013669696894088636 0.001352813415588066
vn -0.9238327805177837 -0.009799761765067243 0.382670822391946
vn -0.0012450081990252467 0.999998330708135 0.0013373614051197145
vn -0.0007702706896966312 0.9239130992487385 0.382601609666838
vn 0.0007702610608659437 0.92391307999557 0.3826016561791095
vn -0.0012450081990252467 0.999998330708135 0.0013373614051197145
vn 0.0007702610608659437 0.92391307999557 0.3826016561791095
vn 0.0012450081990252467 0.999998330708135 0.0013373614051197145
vn -0.0007701409805607642 0.382578620027482 0.923922619260259
vn -0.0012049124193726014 0.03890993397803434 0.9992419953264007
vn 0.00120491230295745 0.0389099339780398 0.9992419953265409
vn -0.0007701409805607642 0.382578620027482 0.923922619260259
vn 0.00120491230295745 0.0389099339780398 0.9992419953265409
vn 0.00077013981640821 0.382578620027825 0.9239226192610873
vn -0.9992418417048747 0.038911007842632635 0.001294316391259018
vn -0.9239116888738182 0.38260489626104055 0.0008273568802816414
vn -0.9239116888760429 0.3826048962619618 -0.0008273539699005937
vn -0.9992418417048747 0.038911007842632635 0.001294316391259018
vn -0.9239116888760429 0.3826048962619618 -0.0008273539699005937
vn -0.9992418417093917 0.03891100784280853 -0.0012943128988051691
vn -0.38260254939094024 0.9239126606914823 0.0008274137654145917
vn -0.0012450081990252467 0.999998330708135 0.0013373614051197145
vn -0.0012450081990252467 0.999998330708135 -0.0013373614051197145
vn -0.38260254939094024 0.9239126606914823 0.0008274137654145917
vn -0.0012450081990252467 0.999998330708135 -0.0013373614051197145
vn -0.382602549386573 0.9239126606809361 -0.0008274275606210269
vn 0.9992418417056275 0.03891100784266195 0.0012943158091833764
vn 0.9247318698476464 0.024660161277693562 0.37981949046071056
vn 0.9238327805177837 -0.009799761765067243 0.382670822391946
vn 0.9992418417056275 0.03891100784266195 0.0012943158091833764
vn 0.9238327805177837 -0.009799761765067243 0.382670822391946
vn 0.9999990848540824 -0.000013669696894088636 0.001352813415588066
vn 0.3797936317968369 0.02465793411496782 0.9247425498655022
vn 0.00120491230295745 0.0389099339780398 0.9992419953265409
vn 0.0012593813942118667 -0.000012724830180358545 0.9999992068979768
vn 0.3797936317968369 0.02465793411496782 0.9247425498655022
vn 0.0012593813942118667 -0.000012724830180358545 0.9999992068979768
vn 0.38264559931917486 -0.009798063700057943 0.9238432460484836
vn 0.0012450081990252467 0.999998330708135 0.0013373614051197145
vn 0.3826025493867389 0.9239126606813367 0.0008274270367524281
vn 0.38260254939116134 0.923912660692016 -0.0008274130669231264
vn 0.0012450081990252467 0.999998330708135 0.0013373614051197145
vn 0.38260254939116134 0.923912660692016 -0.0008274130669231264
vn 0.0012450081990254408 0.9999983307082907 -0.0013373612887046008
vn 0.9239116888773778 0.3826048962625146 0.0008273522236719651
vn 0.9992418417056275 0.03891100784266195 0.0012943158091833764
vn 0.999241841709241 0.038911007842802665 -0.0012943130152202973
vn 0.9239116888773778 0.3826048962625146 0.0008273522236719651
vn 0.999241841709241 0.038911007842802665 -0.0012943130152202973
vn 0.9239116888751531 0.3826048962615933 -0.0008273551340530127
vn -0.9992418417093917 0.03891100784280853 -0.0012943128988051691
vn -0.9247317641167235 0.024660286707493734 -0.3798197397359394
vn -0.9238330083981114 -0.009798233352942384 -0.38267031138730445
vn -0.9992418417093917 0.03891100784280853 -0.0012943128988051691
vn -0.9238330083981114 -0.009798233352942384 -0.38267031138730445
vn -0.9999990848600998 -0.000013667286733261978 -0.0013528089918140702
vn -0.37981616589565753 0.024659230746029367 -0.9247332601692969
vn -0.001204995765591235 0.03891314494731099 -0.9992418701873507
vn -0.0012594690548085746 -0.000012723604180118404 -0.9999992067875902
vn -0.37981616589565753 0.024659230746029367 -0.9247332601692969
vn -0.0012594690548085746 -0.000012723604180118404 -0.9999992067875902
vn -0.38266765021879184 -0.00979738189978518 -0.9238341197335905
vn -0.001204995765591235 0.03891314494731099 -0.9992418701873507
vn -0.0007701963359946412 0.38260568051054156 -0.9239114135233254
vn 0.0007702018075116448 0.3826056805089292 -0.923911413519432
vn -0.001204995765591235 0.03891314494731099 -0.9992418701873507
vn 0.0007702018075116448 0.3826056805089292 -0.923911413519432
vn 0.0012049963476669886 0.0389131449472837 -0.99924187018665
vn -0.0007702615847345918 0.9239130799951973 -0.3826016561789552
vn -0.0012450081990252467 0.999998330708135 -0.0013373614051197145
vn 0.0012450081990254408 0.9999983307082907 -0.0013373612887046008
vn -0.0007702615847345918 0.9239130799951973 -0.3826016561789552
vn 0.0012450081990254408 0.9999983307082907 -0.0013373612887046008
vn 0.0007702699912051313 0.9239130992492356 -0.3826016096670438
vn 0.0012049963476669886 0.0389131449472837 -0.99924187018665
vn 0.379816314363102 0.024659228848054906 -0.9247331992397853
vn 0.3826675234326482 -0.009797274435398627 -0.9238341733902038
vn 0.0012049963476669886 0.0389131449472837 -0.99924187018665
vn 0.3826675234326482 -0.009797274435398627 -0.9238341733902038
vn 0.001259468821978307 -0.000012723462298951287 -0.9999992067878855
vn 0.9247317674298448 0.024660141509528468 -0.37981974109675437
vn 0.999241841709241 0.038911007842802665 -0.0012943130152202973
vn 0.9999990848605713 -0.00001366734857890684 -0.0013528086425687498
vn 0.9247317674298448 0.024660141509528468 -0.37981974109675437
vn 0.9999990848605713 -0.00001366734857890684 -0.0013528086425687498
vn 0.9238331518912826 -0.009798278313983347 -0.3826699638183017
vn -0.0012450081990252467 0.999998330708135 0.0013373614051197145
vn 0.0012450081990252467 0.999998330708135 0.0013373614051197145
vn 0.0012450081990254408 0.9999983307082907 -0.0013373612887046008
vn -0.0012450081990252467 0.999998330708135 0.0013373614051197145
vn 0.0012450081990254408 0.9999983307082907 -0.0013373612887046008
vn -0.0012450081990252467 0.999998330708135 -0.0013373614051197145
vn -0.0012049124193726014 0.03890993397803434 0.9992419953264007
vn -0.001259381044966466 -0.000012724547327517097 0.9999992068984204
vn 0.0012593813942118667 -0.000012724830180358545 0.9999992068979768
vn -0.0012049124193726014 0.03890993397803434 0.9992419953264007
vn 0.0012593813942118667 -0.000012724830180358545 0.9999992068979768
vn 0.00120491230295745 0.0389099339780398 0.9992419953265409
vn -0.001204995765591235 0.03891314494731099 -0.9992418701873507
vn 0.0012049963476669886 0.0389131449472837 -0.99924187018665
vn 0.001259468821978307 -0.000012723462298951287 -0.9999992067878855
vn -0.001204995765591235 0.03891314494731099 -0.9992418701873507
vn 0.001259468821978307 -0.000012723462298951287 -0.9999992067878855
vn -0.0012594690548085746 -0.000012723604180118404 -0.9999992067875902
vn 0.9992418417056275 0.03891100784266195 0.0012943158091833764
vn 0.9999990848540824 -0.000013669696894088636 0.001352813415588066
vn 0.9999990848605713 -0.00001366734857890684 -0.0013528086425687498
vn 0.9992418417056275 0.03891100784266195 0.0012943158091833764
vn 0.9999990848605713 -0.00001366734857890684 -0.0013528086425687498
vn 0.999241841709241 0.038911007842802665 -0.0012943130152202973
vn -0.9992418417093917 0.03891100784280853 -0.0012943128988051691
vn -0.9999990848600998 -0.000013667286733261978 -0.0013528089918140702
vn -0.9999990848540824 -0.000013669696894088636 0.001352813415588066
vn -0.9992418417093917 0.03891100784280853 -0.0012943128988051691
vn -0.9999990848540824 -0.000013669696894088636 0.001352813415588066
vn -0.9992418417048747 0.038911007842632635 0.001294316391259018
vn 0.8666778895082022 -0.34636217724240687 0.3590301909498812
vn 0.9999990848540824 -0.000013669696894088636 0.001352813415588066
vn 0.9238327805177837 -0.009799761765067243 0.382670822391946
vn 0.3590141750889285 -0.3463200847738687 0.8667013447361417
vn 0.38264559931917486 -0.009798063700057943 0.9238432460484836
vn 0.0012593813942118667 -0.000012724830180358545 0.9999992068979768
vn -0.35900614451287777 -0.34631235165350804 0.8667077611826353
vn -0.001259381044966466 -0.000012724547327517097 0.9999992068984204
vn -0.38264537555929706 -0.009797845214601282 0.9238433410444843
vn -0.8666778895082022 -0.34636217724240687 0.3590301909498812
vn -0.9238327805177837 -0.009799761765067243 0.382670822391946
vn -0.9999990848540824 -0.000013669696894088636 0.001352813415588066
vn 0.3590197542715261 -0.3462748805820128 -0.8667170952050766
vn 0.001259468821978307 -0.000012723462298951287 -0.9999992067878855
vn 0.3826675234326482 -0.009797274435398627 -0.9238341733902038
vn 0.8667077701278499 -0.34631232542544405 -0.35900614821814864
vn 0.9238331518912826 -0.009798278313983347 -0.3826699638183017
vn 0.9999990848605713 -0.00001366734857890684 -0.0013528086425687498
vn -0.866703745603693 -0.34631076331276445 -0.3590173708475109
vn -0.9999990848600998 -0.000013667286733261978 -0.0013528089918140702
vn -0.9238330083981114 -0.009798233352942384 -0.38267031138730445
vn -0.3590237788834154 -0.34627875613619924 -0.8667138796887004
vn -0.38266765021879184 -0.00979738189978518 -0.9238341197335905
vn -0.0012594690548085746 -0.000012723604180118404 -0.9999992067875902
vn -0.9239116888738182 0.38260489626104055 0.0008273568802816414
vn -0.9992418417048747 0.038911007842632635 0.001294316391259018
vn -0.9247318499320537 0.024660116043113654 0.37981954188532985
vn -0.9239116888738182 0.38260489626104055 0.0008273568802816414
vn -0.9247318499320537 0.024660116043113654 0.37981954188532985
vn -0.8879084832189672 0.32528803650398835 0.32527867857450027
vn -0.37979360596186995 0.024657969762803652 0.9247425595254372
vn -0.0012049124193726014 0.03890993397803434 0.9992419953264007
vn -0.0007701409805607642 0.382578620027482 0.923922619260259
vn -0.37979360596186995 0.024657969762803652 0.9247425595254372
vn -0.0007701409805607642 0.382578620027482 0.923922619260259
vn -0.3252476170872866 0.325266273341188 0.887927834345662
vn -0.0007702706896966312 0.9239130992487385 0.382601609666838
vn -0.0012450081990252467 0.999998330708135 0.0013373614051197145
vn -0.38260254939094024 0.9239126606914823 0.0008274137654145917
vn -0.0007702706896966312 0.9239130992487385 0.382601609666838
vn -0.38260254939094024 0.9239126606914823 0.0008274137654145917
vn -0.3252815202625681 0.887908966882857 0.3252838746459618
vn 0.00077013981640821 0.382578620027825 0.9239226192610873
vn 0.00120491230295745 0.0389099339780398 0.9992419953265409
vn 0.3797936317968369 0.02465793411496782 0.9247425498655022
vn 0.00077013981640821 0.382578620027825 0.9239226192610873
vn 0.3797936317968369 0.02465793411496782 0.9247425498655022
vn 0.3252475904376326 0.32526627649403766 0.8879278429524656
vn 0.9247318698476464 0.024660161277693562 0.37981949046071056
vn 0.9992418417056275 0.03891100784266195 0.0012943158091833764
vn 0.9239116888773778 0.3826048962625146 0.0008273522236719651
vn 0.9247318698476464 0.024660161277693562 0.37981949046071056
vn 0.9239116888773778 0.3826048962625146 0.0008273522236719651
vn 0.8879082904318819 0.32528943209405053 0.3252778091881814
vn 0.3826025493867389 0.9239126606813367 0.0008274270367524281
vn 0.0012450081990252467 0.999998330708135 0.0013373614051197145
vn 0.0007702610608659437 0.92391307999557 0.3826016561791095
vn 0.3826025493867389 0.9239126606813367 0.0008274270367524281
vn 0.0007702610608659437 0.92391307999557 0.3826016561791095
vn 0.3252798576070889 0.8879067786384452 0.32529151031499626
vn -0.0007701963359946412 0.38260568051054156 -0.9239114135233254
vn -0.001204995765591235 0.03891314494731099 -0.9992418701873507
vn -0.37981616589565753 0.024659230746029367 -0.9247332601692969
vn -0.0007701963359946412 0.38260568051054156 -0.9239114135233254
vn -0.37981616589565753 0.024659230746029367 -0.9247332601692969
vn -0.3252686005527079 0.32528025326090987 -0.8879150265273144
vn -0.9247317641167235 0.024660286707493734 -0.3798197397359394
vn -0.9992418417093917 0.03891100784280853 -0.0012943128988051691
vn -0.9239116888760429 0.3826048962619618 -0.0008273539699005937
vn -0.9247317641167235 0.024660286707493734 -0.3798197397359394
vn -0.9239116888760429 0.3826048962619618 -0.0008273539699005937
vn -0.8879063334247195 0.3252921179469506 -0.32528046523862825
vn -0.382602549386573 0.9239126606809361 -0.0008274275606210269
vn -0.0012450081990252467 0.999998330708135 -0.0013373614051197145
vn -0.0007702615847345918 0.9239130799951973 -0.3826016561789552
vn -0.382602549386573 0.9239126606809361 -0.0008274275606210269
vn -0.0007702615847345918 0.9239130799951973 -0.3826016561789552
vn -0.3252798842561166 0.8879067700309922 -0.3252915071615893
vn 0.9239116888751531 0.3826048962615933 -0.0008273551340530127
vn 0.999241841709241 0.038911007842802665 -0.0012943130152202973
vn 0.9247317674298448 0.024660141509528468 -0.37981974109675437
vn 0.9239116888751531 0.3826048962615933 -0.0008273551340530127
vn 0.9247317674298448 0.024660141509528468 -0.37981974109675437
vn 0.8879070184710118 0.3252900207169193 -0.3252806925901142
vn 0.379816314363102 0.024659228848054906 -0.9247331992397853
vn 0.0012049963476669886 0.0389131449472837 -0.99924187018665
vn 0.0007702018075116448 0.3826056805089292 -0.923911413519432
vn 0.379816314363102 0.024659228848054906 -0.9247331992397853
vn 0.0007702018075116448 0.3826056805089292 -0.923911413519432
vn 0.3252706602410619 0.3252799585658604 -0.8879143799611176
vn 0.0007702699912051313 0.9239130992492356 -0.3826016096670438
vn 0.0012450081990254408 0.9999983307082907 -0.0013373612887046008
vn 0.38260254939116134 0.923912660692016 -0.0008274130669231264
vn 0.0007702699912051313 0.9239130992492356 -0.3826016096670438
vn 0.38260254939116134 0.923912660692016 -0.0008274130669231264
vn 0.3252814967669209 0.8879089840979546 -0.32528385115036024
f 2197/2197/2197 2198/2198/2198 2199/2199/2199
f 2200/2200/2200 2201/2201/2201 2202/2202/2202
f 2203/2203/2203 2204/2204/2204 2205/2205/2205
f 2206/2206/2206 2207/2207/2207 2208/2208/2208
f 2209/2209/2209 2210/2210/2210 2211/2211/2211
f 2212/2212/2212 2213/2213/2213 2214/2214/2214
f 2215/2215/2215 2216/2216/2216 2217/2217/2217
f 2218/2218/2218 2219/2219/2219 2220/2220/2220
f 2221/2221/2221 2222/2222/2222 2223/2223/2223
f 2224/2224/2224 2225/2225/2225 2226/2226/2226
f 2227/2227/2227 2228/2228/2228 2229/2229/2229
f 2230/2230/2230 2231/2231/2231 2232/2232/2232
f 2233/2233/2233 2234/2234/2234 2235/2235/2235
f 2236/2236/2236 2237/2237/2237 2238/2238/2238
f 2239/2239/2239 2240/2240/2240 2241/2241/2241
f 2242/2242/2242 2243/2243/2243 2244/2244/2244
f 2245/2245/2245 2246/2246/2246 2247/2247/2247
f 2248/2248/2248 2249/2249/2249 2250/2250/2250
f 2251/2251/2251 2252/2252/2252 2253/2253/2253
f 2254/2254/2254 2255/2255/2255 2256/2256/2256
f 2257/2257/2257 2258/2258/2258 2259/2259/2259
f 2260/2260/2260 2261/2261/2261 2262/2262/2262
f 2263/2263/2263 2264/2264/2264 2265/2265/2265
f 2266/2266/2266 2267/2267/2267 2268/2268/2268
f 2269/2269/2269 2270/2270/2270 2271/2271/2271
f 2272/2272/2272 2273/2273/2273 2274/2274/2274
f 2275/2275/2275 2276/2276/2276 2277/2277/2277
f 2278/2278/2278 2279/2279/2279 2280/2280/2280
f 2281/2281/2281 2282/2282/2282 2283/2283/2283
f 2284/2284/2284 2285/2285/2285 2286/2286/2286
f 2287/2287/2287 2288/2288/2288 2289/2289/2289
f 2290/2290/2290 2291/2291/2291 2292/2292/2292
f 2293/2293/2293 2294/2294/2294 2295/2295/2295
f 2296/2296/2296 2297/2297/2297 2298/2298/2298
f 2299/2299/2299 2300/2300/2300 2301/2301/2301
f 2302/2302/2302 2303/2303/2303 2304/2304/2304
f 2305/2305/2305 2306/2306/2306 2307/2307/2307
f 2308/2308/2308 2309/2309/2309 2310/2310/2310
f 2311/2311/2311 2312/2312/2312 2313/2313/2313
f 2314/2314/2314 2315/2315/2315 2316/2316/2316
f 2317/2317/2317 2318/2318/2318 2319/2319/2319
f 2320/2320/2320 2321/2321/2321 2322/2322/2322
f 2323/2323/2323 2324/2324/2324 2325/2325/2325
f 2326/2326/2326 2327/2327/2327 2328/2328/2328
f 2329/2329/2329 2330/2330/2330 2331/2331/2331
f 2332/2332/2332 2333/2333/2333 2334/2334/2334
f 2335/2335/2335 2336/2336/2336 2337/2337/2337
f 2338/2338/2338 2339/2339/2339 2340/2340/2340
f 2341/2341/2341 2342/2342/2342 2343/2343/2343
f 2344/2344/2344 2345/2345/2345 2346/2346/2346
f 2347/2347/2347 2348/2348/2348 2349/2349/2349
f 2350/2350/2350 2351/2351/2351 2352/2352/2352
f 2353/2353/2353 2354/2354/2354 2355/2355/2355
f 2356/2356/2356 2357/2357/2357 2358/2358/2358
f 2359/2359/2359 2360/2360/2360 2361/2361/2361
f 2362/2362/2362 2363/2363/2363 2364/2364/2364
f 2365/2365/2365 2366/2366/2366 2367/2367/2367
f 2368/2368/2368 2369/2369/2369 2370/2370/2370
f 2371/2371/2371 2372/2372/2372 2373/2373/2373
f 2374/2374/2374 2375/2375/2375 2376/2376/2376
f 2377/2377/2377 2378/2378/2378 2379/2379/2379
f 2380/2380/2380 2381/2381/2381 2382/2382/2382
f 2383/2383/2383 2384/2384/2384 2385/2385/2385
f 2386/2386/2386 2387/2387/2387 2388/2388/2388
f 2389/2389/2389 2390/2390/2390 2391/2391/2391
f 2392/2392/2392 2393/2393/2393 2394/2394/2394
f 2395/2395/2395 2396/2396/2396 2397/2397/2397
f 2398/2398/2398 2399/2399/2399 2400/2400/2400
f 2401/2401/2401 2402/2402/2402 2403/2403/2403
f 2404/2404/2404 2405/2405/2405 2406/2406/2406
f 2407/2407/2407 2408/2408/2408 2409/2409/2409
f 2410/2410/2410 2411/2411/2411 2412/2412/2412
f 2413/2413/2413 2414/2414/2414 2415/2415/2415
f 2416/2416/2416 2417/2417/2417 2418/2418/2418
f 2419/2419/2419 2420/2420/2420 2421/2421/2421
f 2422/2422/2422 2423/2423/2423 2424/2424/2424
f 2425/2425/2425 2426/2426/2426 2427/2427/2427
f 2428/2428/2428 2429/2429/2429 2430/2430/2430
f 2431/2431/2431 2432/2432/2432 2433/2433/2433
f 2434/2434/2434 2435/2435/2435 2436/2436/2436
f 2437/2437/2437 2438/2438/2438 2439/2439/2439
f 2440/2440/2440 2441/2441/2441 2442/2442/2442
f 2443/2443/2443 2444/2444/2444 2445/2445/2445
f 2446/2446/2446 2447/2447/2447 2448/2448/2448
f 2449/2449/2449 2450/2450/2450 2451/2451/2451
f 2452/2452/2452 2453/2453/2453 2454/2454/2454
f 2455/2455/2455 2456/2456/2456 2457/2457/2457
f 2458/2458/2458 2459/2459/2459 2460/2460/2460
f 2461/2461/2461 2462/2462/2462 2463/2463/2463
f 2464/2464/2464 2465/2465/2465 2466/2466/2466
f 2467/2467/2467 2468/2468/2468 2469/2469/2469
f 2470/2470/2470 2471/2471/2471 2472/2472/2472
