# Blender 5.1.2
# www.blender.org
mtllib pawn.mtl
o pawn
v 0.000000 0.000184 -0.000000
v 0.009587 0.000258 -0.000000
v 0.000146 0.000187 -0.000029
v 0.000000 0.000184 -0.000000
v 0.000138 0.000187 -0.000057
v 0.000000 0.000184 -0.000000
v 0.000124 0.000187 -0.000083
v 0.000000 0.000184 -0.000000
v 0.000105 0.000187 -0.000105
v 0.000000 0.000184 -0.000000
v 0.000307 0.000193 -0.000458
v 0.000000 0.000184 -0.000000
v 0.000057 0.000187 -0.000138
v 0.000000 0.000184 -0.000000
v 0.000029 0.000187 -0.000146
v 0.000000 0.000184 -0.000000
v 0.000000 0.000187 -0.000149
v 0.000000 0.000184 -0.000000
v -0.000106 0.000193 -0.000532
v 0.000000 0.000184 -0.000000
v -0.000057 0.000187 -0.000138
v 0.000000 0.000184 -0.000000
v -0.000083 0.000187 -0.000124
v 0.000000 0.000184 -0.000000
v -0.000105 0.000187 -0.000105
v 0.000000 0.000184 -0.000000
v -0.000451 0.000193 -0.000302
v 0.000000 0.000184 -0.000000
v -0.000138 0.000187 -0.000057
v 0.000000 0.000184 -0.000000
v -0.000146 0.000187 -0.000029
v 0.000000 0.000184 -0.000000
v -0.000149 0.000187 -0.000000
v 0.000000 0.000184 -0.000000
v -0.000146 0.000187 0.000029
v 0.000000 0.000184 -0.000000
v -0.000518 0.000193 0.000214
v 0.000000 0.000184 -0.000000
v -0.000124 0.000187 0.000083
v 0.000000 0.000184 -0.000000
v -0.000105 0.000187 0.000105
v 0.000000 0.000184 -0.000000
v -0.000083 0.000187 0.000124
v 0.000000 0.000184 -0.000000
v -0.000057 0.000187 0.000138
v 0.000000 0.000184 -0.000000
v -0.000106 0.000193 0.000532
v 0.000000 0.000184 -0.000000
v 0.000000 0.000187 0.000149
v 0.000000 0.000184 -0.000000
v 0.000029 0.000187 0.000146
v 0.000000 0.000184 -0.000000
v 0.000057 0.000187 0.000138
v 0.000000 0.000184 -0.000000
v 0.000083 0.000187 0.000124
v 0.000000 0.000184 -0.000000
v 0.000389 0.000193 0.000389
v 0.000000 0.000184 -0.000000
v 0.000124 0.000187 0.000083
v 0.000000 0.000184 -0.000000
v 0.000138 0.000187 0.000057
v 0.000000 0.000184 -0.000000
v 0.000146 0.000187 0.000029
v -0.000000 0.000184 -0.000000
v 0.009587 0.000246 0.000000
v 0.009403 0.000184 -0.001870
v 0.008857 0.000184 -0.003669
v 0.007971 0.000184 -0.005326
v 0.006779 0.000184 -0.006779
v 0.005326 0.000184 -0.007971
v 0.003669 0.000184 -0.008857
v 0.001870 0.000184 -0.009403
v 0.000000 0.000184 -0.009587
v -0.001870 0.000184 -0.009403
v -0.003669 0.000184 -0.008857
v -0.005326 0.000184 -0.007971
v -0.006779 0.000184 -0.006779
v -0.007971 0.000184 -0.005326
v -0.008857 0.000184 -0.003669
v -0.009403 0.000184 -0.001870
v -0.009587 0.000184 -0.000000
v -0.009403 0.000184 0.001870
v -0.008857 0.000184 0.003669
v -0.007971 0.000184 0.005326
v -0.006779 0.000184 0.006779
v -0.005326 0.000184 0.007971
v -0.003669 0.000184 0.008857
v -0.001870 0.000184 0.009403
v 0.000000 0.000184 0.009587
v 0.001870 0.000184 0.009403
v 0.003669 0.000184 0.008857
v 0.005326 0.000184 0.007971
v 0.006779 0.000184 0.006779
v 0.007971 0.000184 0.005326
v 0.008857 0.000184 0.003669
v 0.009403 0.000184 0.001870
v 0.000000 -0.000000 -0.009743
v 0.000000 0.000184 -0.009743
v 0.002674 0.000184 -0.009413
v 0.001901 -0.000000 -0.009556
v 0.004766 -0.000000 -0.008546
v 0.006071 0.000184 -0.007673
v 0.007673 -0.000000 -0.006071
v 0.008546 0.000184 -0.004766
v 0.009413 -0.000000 -0.002674
v 0.009720 0.000184 -0.001132
v 0.009720 0.000000 0.001132
v 0.009413 0.000184 0.002674
v 0.008546 0.000000 0.004766
v 0.007673 0.000184 0.006071
v 0.006071 0.000000 0.007673
v 0.004766 0.000184 0.008546
v 0.002674 0.000000 0.009413
v 0.001132 0.000184 0.009720
v -0.001132 0.000000 0.009720
v -0.002674 0.000184 0.009413
v -0.004766 0.000000 0.008546
v -0.006071 0.000184 0.007673
v -0.007673 0.000000 0.006071
v -0.008546 0.000184 0.004766
v -0.009413 0.000000 0.002674
v -0.009720 0.000184 0.001132
v -0.009720 -0.000000 -0.001132
v -0.009413 0.000184 -0.002674
v -0.008546 -0.000000 -0.004766
v -0.007673 0.000184 -0.006071
v -0.006071 -0.000000 -0.007673
v -0.004766 0.000184 -0.008546
v -0.002674 -0.000000 -0.009413
v -0.001901 0.000184 -0.009556
v 0.000000 0.000184 -0.009743
v 0.000000 -0.000000 -0.009743
v -0.001901 0.000184 -0.009556
v 0.001901 0.000184 -0.009556
v 0.000000 0.000184 -0.009743
v -0.003729 0.000184 -0.009001
v 0.003729 0.000184 -0.009001
v -0.005413 0.000184 -0.008101
v 0.005413 0.000184 -0.008101
v -0.006889 0.000184 -0.006889
v 0.006889 0.000184 -0.006889
v -0.008101 0.000184 -0.005413
v 0.008101 0.000184 -0.005413
v -0.009001 0.000184 -0.003729
v 0.009001 0.000184 -0.003729
v -0.009556 0.000184 -0.001901
v 0.009556 0.000184 -0.001901
v -0.009743 0.000184 -0.000000
v 0.009743 0.000184 -0.000000
v -0.009556 0.000184 0.001901
v 0.009556 0.000184 0.001901
v -0.009001 0.000184 0.003729
v 0.009001 0.000184 0.003729
v -0.008101 0.000184 0.005413
v 0.008101 0.000184 0.005413
v -0.006889 0.000184 0.006889
v 0.006889 0.000184 0.006889
v -0.005413 0.000184 0.008101
v 0.005413 0.000184 0.008101
v -0.003729 0.000184 0.009001
v 0.003729 0.000184 0.009001
v -0.001901 0.000184 0.009556
v 0.001901 0.000184 0.009556
v 0.000000 0.000184 0.009743
v 0.001901 -0.000000 -0.009556
v -0.001901 -0.000000 -0.009556
v 0.000000 -0.000000 -0.009743
v 0.003729 -0.000000 -0.009001
v -0.003729 -0.000000 -0.009001
v 0.005413 -0.000000 -0.008101
v -0.005413 -0.000000 -0.008101
v 0.006889 -0.000000 -0.006889
v -0.006889 -0.000000 -0.006889
v 0.008101 -0.000000 -0.005413
v -0.008101 -0.000000 -0.005413
v 0.009001 -0.000000 -0.003729
v -0.009001 -0.000000 -0.003729
v 0.009556 -0.000000 -0.001901
v -0.009556 -0.000000 -0.001901
v 0.009743 0.000000 0.000000
v -0.009743 0.000000 0.000000
v 0.009556 0.000000 0.001901
v -0.009556 0.000000 0.001901
v 0.009001 0.000000 0.003729
v -0.009001 0.000000 0.003729
v 0.008101 0.000000 0.005413
v -0.008101 0.000000 0.005413
v 0.006889 0.000000 0.006889
v -0.006889 0.000000 0.006889
v 0.005413 0.000000 0.008101
v -0.005413 0.000000 0.008101
v 0.003729 0.000000 0.009001
v -0.003729 0.000000 0.009001
v 0.001901 0.000000 0.009556
v -0.001901 0.000000 0.009556
v 0.000000 0.000000 0.009743
v -0.000026 0.041201 -0.000003
v 0.000000 0.041154 -0.000000
v -0.000003 0.041201 0.000026
v -0.000003 0.041195 0.000008
v 0.000004 0.041197 -0.000003
v 0.000017 0.041201 0.000020
v 0.000000 0.041154 -0.000000
v 0.000000 0.041154 -0.000000
v 0.000003 0.041201 -0.000026
v 0.000000 0.041154 -0.000000
v 0.000000 0.041154 -0.000000
v -0.000008 0.041195 -0.000003
v -0.000020 0.041201 0.000017
v 0.000000 0.041154 -0.000000
v 0.000000 0.041154 -0.000000
v 0.000005 0.041197 0.000001
v -0.000017 0.041201 -0.000020
v -0.000003 0.041195 -0.000008
v 0.000000 0.041154 -0.000000
v 0.000005 0.041190 -0.000001
v 0.000003 0.041195 0.000008
v 0.000003 0.041195 -0.000008
v 0.000000 0.041154 -0.000000
v -0.000008 0.041195 0.000003
v 0.000000 0.041154 -0.000000
v 0.000000 0.041154 -0.000000
v 0.000000 0.041154 -0.000000
v 0.009588 0.000162 0.000000
v 0.009404 0.000165 -0.001871
v 0.009192 0.000264 -0.005001
v 0.008857 0.000184 -0.003669
v 0.007971 0.000184 -0.005326
v 0.006579 0.000264 -0.008137
v 0.006779 0.000184 -0.006779
v 0.005326 0.000184 -0.007971
v 0.002965 0.000264 -0.010035
v 0.003669 0.000184 -0.008857
v 0.001870 0.000184 -0.009403
v -0.001105 0.000264 -0.010404
v 0.000000 0.000184 -0.009587
v -0.001870 0.000184 -0.009403
v -0.005001 0.000264 -0.009192
v -0.003669 0.000184 -0.008857
v -0.005326 0.000184 -0.007971
v -0.008137 0.000264 -0.006579
v -0.006779 0.000184 -0.006779
v -0.007971 0.000184 -0.005326
v -0.010035 0.000264 -0.002965
v -0.008857 0.000184 -0.003669
v -0.009403 0.000184 -0.001870
v -0.010404 0.000264 0.001105
v -0.009587 0.000184 -0.000000
v -0.009403 0.000184 0.001870
v -0.009192 0.000264 0.005001
v -0.008857 0.000184 0.003669
v -0.007971 0.000184 0.005326
v -0.006579 0.000264 0.008137
v -0.006779 0.000184 0.006779
v -0.005326 0.000184 0.007971
v -0.002965 0.000264 0.010035
v -0.003669 0.000184 0.008857
v -0.001870 0.000184 0.009403
v 0.001105 0.000264 0.010404
v 0.000000 0.000184 0.009587
v 0.001870 0.000184 0.009403
v 0.005001 0.000264 0.009192
v 0.003669 0.000184 0.008857
v 0.005326 0.000184 0.007971
v 0.008137 0.000264 0.006579
v 0.006779 0.000184 0.006779
v 0.007971 0.000184 0.005326
v 0.010035 0.000264 0.002965
v 0.008857 0.000184 0.003669
v 0.009403 0.000184 0.001870
v 0.009588 0.000167 -0.000000
v 0.010866 0.000433 -0.000000
v 0.010409 0.000344 -0.002093
v 0.010819 0.000410 -0.000000
v 0.011089 0.000769 -0.002220
v 0.010444 0.000770 -0.004340
v 0.009396 0.000770 -0.006295
v 0.007989 0.000771 -0.008007
v 0.006272 0.000770 -0.009411
v 0.004316 0.000770 -0.010454
v 0.002193 0.000769 -0.011095
v -0.000013 0.000770 -0.011310
v -0.002220 0.000769 -0.011089
v -0.004340 0.000770 -0.010444
v -0.006295 0.000770 -0.009396
v -0.008007 0.000771 -0.007989
v -0.009411 0.000770 -0.006272
v -0.010454 0.000770 -0.004316
v -0.011095 0.000769 -0.002193
v -0.011310 0.000770 0.000013
v -0.011089 0.000769 0.002220
v -0.010444 0.000770 0.004340
v -0.009396 0.000770 0.006295
v -0.007989 0.000771 0.008007
v -0.006272 0.000770 0.009411
v -0.004316 0.000770 0.010454
v -0.002193 0.000769 0.011095
v 0.000013 0.000770 0.011310
v 0.002220 0.000769 0.011089
v 0.004340 0.000770 0.010444
v 0.006295 0.000770 0.009396
v 0.008007 0.000771 0.007989
v 0.009411 0.000770 0.006272
v 0.010454 0.000770 0.004316
v 0.011095 0.000769 0.002193
v 0.011350 0.000860 0.000000
v 0.011343 0.000846 -0.000000
v 0.011324 0.002701 -0.000000
v 0.011106 0.002706 -0.002187
v 0.010502 0.002507 -0.004350
v 0.009451 0.002505 -0.006316
v 0.008038 0.002507 -0.008037
v 0.006315 0.002505 -0.009452
v 0.004350 0.002507 -0.010502
v 0.002218 0.002507 -0.011148
v 0.000000 0.002507 -0.011367
v -0.002217 0.002507 -0.011148
v -0.004350 0.002507 -0.010502
v -0.006316 0.002505 -0.009451
v -0.008037 0.002507 -0.008038
v -0.009452 0.002505 -0.006315
v -0.010502 0.002507 -0.004350
v -0.011148 0.002507 -0.002218
v -0.011367 0.002507 -0.000000
v -0.011148 0.002507 0.002217
v -0.010502 0.002507 0.004350
v -0.009451 0.002505 0.006316
v -0.008038 0.002507 0.008037
v -0.006315 0.002505 0.009452
v -0.004350 0.002507 0.010502
v -0.002218 0.002507 0.011148
v -0.000000 0.002507 0.011367
v 0.002217 0.002507 0.011148
v 0.004350 0.002507 0.010502
v 0.006316 0.002505 0.009451
v 0.008037 0.002507 0.008038
v 0.009452 0.002505 0.006315
v 0.010502 0.002507 0.004350
v 0.011148 0.002507 0.002218
v 0.011324 0.002717 0.000000
v 0.009867 0.002808 -0.005158
v 0.007142 0.002808 -0.008541
v 0.003329 0.002808 -0.010625
v -0.000991 0.002808 -0.011089
v -0.005158 0.002808 -0.009867
v -0.008541 0.002808 -0.007142
v -0.010624 0.002808 -0.003331
v -0.011089 0.002808 0.000988
v -0.009867 0.002808 0.005158
v -0.007142 0.002808 0.008541
v -0.003329 0.002808 0.010625
v 0.000991 0.002808 0.011089
v 0.005158 0.002808 0.009867
v 0.008541 0.002808 0.007142
v 0.010625 0.002808 0.003329
v 0.009436 0.003133 0.000000
v 0.008935 0.003124 -0.003183
v 0.007520 0.003064 -0.006229
v 0.005322 0.003125 -0.007820
v 0.002323 0.003124 -0.009197
v -0.001374 0.003124 -0.009386
v -0.004861 0.003124 -0.008146
v -0.007608 0.003124 -0.005665
v -0.009197 0.003125 -0.002319
v -0.009384 0.003125 0.001378
v -0.008770 0.003124 0.003546
v -0.007037 0.003125 0.006359
v -0.005321 0.003125 0.007820
v -0.002319 0.003125 0.009197
v 0.001378 0.003125 0.009384
v 0.003546 0.003124 0.008770
v 0.006359 0.003125 0.007037
v 0.007820 0.003125 0.005321
v 0.009197 0.003125 0.002319
v 0.009447 0.003134 -0.000000
v 0.009200 0.003212 -0.001823
v 0.007238 0.003218 -0.006025
v 0.003594 0.003215 -0.008661
v 0.000006 0.003214 -0.009378
v -0.003583 0.003215 -0.008666
v -0.006627 0.003215 -0.006634
v -0.008662 0.003213 -0.003595
v -0.009379 0.003212 -0.000007
v -0.007800 0.003214 0.005206
v -0.003595 0.003213 0.008662
v -0.000007 0.003212 0.009379
v 0.005206 0.003214 0.007800
v 0.008662 0.003213 0.003595
v 0.009335 0.003535 -0.000000
v 0.009144 0.003535 -0.001856
v 0.008606 0.003534 -0.003604
v 0.007737 0.003534 -0.005213
v 0.006572 0.003534 -0.006623
v 0.005153 0.003535 -0.007778
v 0.003537 0.003534 -0.008633
v 0.001784 0.003535 -0.009158
v -0.000037 0.003535 -0.009330
v -0.001856 0.003535 -0.009144
v -0.003604 0.003534 -0.008606
v -0.005213 0.003534 -0.007738
v -0.006623 0.003534 -0.006572
v -0.007778 0.003535 -0.005153
v -0.008633 0.003534 -0.003537
v -0.009158 0.003535 -0.001784
v -0.009330 0.003535 0.000037
v -0.009144 0.003535 0.001856
v -0.008606 0.003534 0.003604
v -0.007738 0.003534 0.005213
v -0.006572 0.003535 0.006623
v -0.005153 0.003535 0.007778
v -0.003537 0.003534 0.008633
v -0.001784 0.003535 0.009158
v 0.000037 0.003535 0.009330
v 0.001856 0.003535 0.009144
v 0.003604 0.003534 0.008606
v 0.005213 0.003534 0.007737
v 0.006623 0.003534 0.006572
v 0.007778 0.003535 0.005153
v 0.008633 0.003534 0.003537
v 0.009158 0.003535 0.001784
v 0.009321 0.003520 0.000000
v 0.011019 0.004451 -0.000000
v 0.010447 0.004205 -0.002097
v 0.009837 0.004205 -0.004096
v 0.008851 0.004206 -0.005935
v 0.007520 0.004205 -0.007548
v 0.005905 0.004206 -0.008871
v 0.004060 0.004205 -0.009851
v 0.002062 0.004205 -0.010454
v -0.000020 0.004204 -0.010653
v -0.002097 0.004205 -0.010447
v -0.004096 0.004205 -0.009837
v -0.005935 0.004206 -0.008851
v -0.007548 0.004204 -0.007520
v -0.008870 0.004206 -0.005905
v -0.009851 0.004205 -0.004060
v -0.010454 0.004205 -0.002062
v -0.010653 0.004204 0.000020
v -0.010447 0.004205 0.002097
v -0.009837 0.004205 0.004096
v -0.008851 0.004206 0.005935
v -0.007520 0.004204 0.007548
v -0.005905 0.004206 0.008870
v -0.004060 0.004205 0.009851
v -0.002062 0.004205 0.010454
v 0.000020 0.004204 0.010653
v 0.002097 0.004205 0.010447
v 0.004096 0.004205 0.009837
v 0.005935 0.004206 0.008851
v 0.007548 0.004205 0.007521
v 0.008871 0.004206 0.005905
v 0.009851 0.004205 0.004060
v 0.010454 0.004205 0.002062
v 0.010639 0.004195 -0.000000
v 0.011210 0.005204 -0.002250
v 0.010556 0.005205 -0.004393
v 0.009496 0.005204 -0.006368
v 0.008070 0.005203 -0.008099
v 0.006337 0.005205 -0.009517
v 0.004358 0.005205 -0.010570
v 0.002211 0.005204 -0.011217
v -0.000019 0.005203 -0.011433
v -0.002250 0.005204 -0.011210
v -0.004393 0.005205 -0.010556
v -0.006368 0.005204 -0.009496
v -0.008099 0.005203 -0.008070
v -0.009517 0.005205 -0.006337
v -0.010570 0.005205 -0.004358
v -0.011217 0.005204 -0.002211
v -0.011433 0.005203 0.000019
v -0.011210 0.005204 0.002250
v -0.010556 0.005205 0.004393
v -0.009496 0.005204 0.006368
v -0.008070 0.005203 0.008099
v -0.006337 0.005205 0.009517
v -0.004358 0.005205 0.010570
v -0.002211 0.005204 0.011217
v 0.000019 0.005203 0.011433
v 0.002250 0.005204 0.011210
v 0.004393 0.005205 0.010556
v 0.006368 0.005204 0.009496
v 0.008099 0.005203 0.008070
v 0.009517 0.005205 0.006337
v 0.010570 0.005205 0.004358
v 0.011217 0.005204 0.002211
v 0.011421 0.005178 -0.000000
v 0.011488 0.005922 0.000000
v 0.011038 0.006684 -0.002193
v 0.010397 0.006686 -0.004303
v 0.009357 0.006686 -0.006250
v 0.007959 0.006685 -0.007956
v 0.006255 0.006686 -0.009354
v 0.004310 0.006687 -0.010394
v 0.002197 0.006683 -0.011038
v 0.000003 0.006684 -0.011253
v -0.002193 0.006684 -0.011038
v -0.004303 0.006686 -0.010397
v -0.006250 0.006686 -0.009357
v -0.007956 0.006685 -0.007959
v -0.009354 0.006686 -0.006255
v -0.010394 0.006687 -0.004310
v -0.011038 0.006683 -0.002197
v -0.011253 0.006684 -0.000003
v -0.011038 0.006684 0.002193
v -0.010397 0.006686 0.004303
v -0.009357 0.006686 0.006250
v -0.007959 0.006685 0.007956
v -0.006255 0.006686 0.009354
v -0.004310 0.006687 0.010394
v -0.002197 0.006683 0.011038
v -0.000003 0.006684 0.011253
v 0.002193 0.006684 0.011038
v 0.004303 0.006686 0.010397
v 0.006250 0.006686 0.009357
v 0.007956 0.006685 0.007959
v 0.009354 0.006686 0.006255
v 0.010394 0.006687 0.004310
v 0.011038 0.006683 0.002197
v 0.011277 0.006635 -0.000000
v 0.010823 0.007313 0.000000
v 0.009932 0.008002 -0.001975
v 0.009357 0.008000 -0.003876
v 0.008424 0.007996 -0.005631
v 0.007160 0.008003 -0.007159
v 0.005629 0.007995 -0.008426
v 0.003875 0.008001 -0.009356
v 0.001975 0.008004 -0.009930
v -0.000001 0.007999 -0.010129
v -0.001975 0.008002 -0.009932
v -0.003876 0.008000 -0.009357
v -0.005631 0.007996 -0.008424
v -0.007159 0.008003 -0.007160
v -0.008426 0.007995 -0.005629
v -0.009356 0.008001 -0.003875
v -0.009931 0.008003 -0.001975
v -0.010129 0.007999 0.000001
v -0.009932 0.008002 0.001975
v -0.009357 0.008000 0.003876
v -0.008424 0.007996 0.005631
v -0.007160 0.008003 0.007159
v -0.005629 0.007995 0.008426
v -0.003875 0.008001 0.009356
v -0.001975 0.008003 0.009931
v 0.000001 0.007999 0.010129
v 0.001976 0.008003 0.009931
v 0.003876 0.008000 0.009357
v 0.005631 0.007996 0.008424
v 0.007159 0.008003 0.007160
v 0.008426 0.007995 0.005629
v 0.009356 0.008001 0.003875
v 0.009931 0.008003 0.001975
v 0.010152 0.007978 -0.000000
v 0.007697 0.010165 0.000000
v 0.007849 0.009880 -0.001563
v 0.007111 0.010181 -0.002937
v 0.006656 0.009878 -0.004450
v 0.005448 0.010179 -0.005435
v 0.004447 0.009877 -0.006658
v 0.002952 0.010181 -0.007105
v 0.000766 0.009934 -0.007950
v -0.001563 0.009880 -0.007849
v -0.002937 0.010181 -0.007111
v -0.004450 0.009878 -0.006656
v -0.005435 0.010179 -0.005448
v -0.006654 0.009882 -0.004443
v -0.007105 0.010181 -0.002952
v -0.007950 0.009934 -0.000766
v -0.007849 0.009880 0.001563
v -0.007111 0.010181 0.002937
v -0.006651 0.009882 0.004448
v -0.005448 0.010179 0.005435
v -0.004447 0.009877 0.006658
v -0.002952 0.010181 0.007105
v -0.000766 0.009934 0.007950
v 0.001563 0.009880 0.007849
v 0.002937 0.010181 0.007111
v 0.004450 0.009878 0.006656
v 0.005435 0.010179 0.005448
v 0.006658 0.009877 0.004447
v 0.007105 0.010181 0.002952
v 0.007850 0.009880 0.001558
v 0.008030 0.009854 -0.000000
v 0.006982 0.011064 -0.001402
v 0.005914 0.011062 -0.003968
v 0.003946 0.011062 -0.005929
v 0.001376 0.011064 -0.006987
v -0.000013 0.011062 -0.007122
v -0.001402 0.011064 -0.006982
v -0.003968 0.011062 -0.005914
v -0.005929 0.011063 -0.003946
v -0.006987 0.011064 -0.001376
v -0.007122 0.011062 0.000013
v -0.006982 0.011064 0.001402
v -0.005914 0.011063 0.003967
v -0.003946 0.011062 0.005929
v -0.001376 0.011064 0.006987
v 0.000013 0.011062 0.007122
v 0.001402 0.011064 0.006982
v 0.003968 0.011062 0.005914
v 0.005929 0.011062 0.003946
v 0.006987 0.011064 0.001376
v 0.007124 0.011052 -0.000000
v 0.007103 0.011232 -0.000000
v 0.006586 0.011159 -0.002714
v 0.005048 0.011155 -0.005028
v 0.002737 0.011159 -0.006577
v -0.002714 0.011159 -0.006586
v -0.005028 0.011155 -0.005048
v -0.006577 0.011159 -0.002737
v -0.006586 0.011159 0.002714
v -0.005048 0.011155 0.005028
v -0.002737 0.011159 0.006577
v 0.002714 0.011159 0.006586
v 0.005028 0.011155 0.005048
v 0.006577 0.011159 0.002737
v 0.006504 0.012909 -0.002688
v 0.004989 0.012761 -0.004994
v 0.002699 0.012760 -0.006523
v -0.002705 0.012760 -0.006521
v -0.004994 0.012761 -0.004989
v -0.006523 0.012760 -0.002699
v -0.006521 0.012760 0.002705
v -0.004989 0.012761 0.004994
v -0.002699 0.012760 0.006523
v 0.002705 0.012760 0.006521
v 0.004994 0.012761 0.004989
v 0.006523 0.012760 0.002699
v 0.007021 0.012959 -0.000000
v 0.006905 0.012881 -0.001368
v 0.005867 0.012766 -0.003922
v 0.003921 0.012767 -0.005868
v 0.001371 0.012954 -0.006883
v 0.000011 0.012912 -0.007031
v -0.001377 0.012766 -0.006921
v -0.003922 0.012766 -0.005867
v -0.005868 0.012767 -0.003921
v -0.006922 0.012767 -0.001376
v -0.007057 0.012767 0.000000
v -0.006921 0.012766 0.001377
v -0.005867 0.012766 0.003922
v -0.003921 0.012767 0.005868
v -0.001376 0.012767 0.006922
v 0.000000 0.012767 0.007057
v 0.001377 0.012766 0.006921
v 0.003922 0.012766 0.005867
v 0.005868 0.012767 0.003921
v 0.006881 0.012956 0.001382
v 0.007028 0.012936 0.000000
v 0.005423 0.012969 -0.004341
v 0.003348 0.012969 -0.006086
v -0.001937 0.012969 -0.006670
v -0.004343 0.012969 -0.005421
v -0.006085 0.012969 -0.003350
v -0.006903 0.012969 -0.000765
v -0.006670 0.012969 0.001937
v -0.005423 0.012969 0.004341
v -0.003348 0.012969 0.006086
v -0.000765 0.012969 0.006903
v 0.001937 0.012969 0.006670
v 0.004343 0.012969 0.005421
v 0.006085 0.012969 0.003350
v 0.006008 0.013018 0.000000
v 0.005471 0.012984 -0.003115
v -0.001761 0.012982 -0.006066
v -0.005681 0.012990 -0.002638
v -0.006065 0.012999 0.000535
v -0.004922 0.012974 0.004134
v -0.001877 0.012983 0.005914
v 0.000535 0.012999 0.006065
v 0.004134 0.012974 0.004922
v 0.005835 0.012992 0.001898
v 0.006063 0.013000 0.000000
v 0.002865 0.013100 -0.005096
v 0.000535 0.013055 -0.005968
v 0.005437 0.013224 -0.001688
v 0.004508 0.013135 -0.003732
v -0.001688 0.013224 -0.005437
v -0.003732 0.013135 -0.004508
v -0.004508 0.013135 0.003732
v 0.003732 0.013135 0.004508
v 0.001594 0.013362 -0.005297
v -0.004248 0.013672 -0.002893
v -0.005297 0.013362 -0.001594
v -0.004765 0.013672 0.001925
v -0.002893 0.013672 0.004248
v -0.001594 0.013362 0.005297
v 0.001925 0.013672 0.004765
v 0.004886 0.013362 0.002593
v 0.004718 0.014279 -0.000000
v 0.004779 0.013948 -0.001452
v 0.003992 0.013733 -0.003289
v -0.000514 0.013731 -0.005150
v -0.003289 0.013733 -0.003992
v -0.005150 0.013731 0.000514
v -0.003992 0.013733 0.003289
v 0.000514 0.013731 0.005150
v 0.003289 0.013733 0.003992
v 0.004674 0.014183 0.000964
v 0.004793 0.014153 0.000000
v 0.002670 0.014249 -0.003979
v 0.001390 0.014267 -0.004599
v -0.001825 0.014251 -0.004430
v -0.004599 0.014267 -0.001390
v -0.001390 0.014267 0.004599
v 0.004240 0.014266 0.002261
v 0.004082 0.015412 -0.001222
v 0.003427 0.015010 -0.002813
v -0.000440 0.015014 -0.004410
v -0.002813 0.015010 -0.003427
v -0.004410 0.015014 0.000439
v -0.003427 0.015010 0.002813
v 0.000440 0.015014 0.004410
v 0.002813 0.015010 0.003427
v 0.001922 0.016000 -0.003599
v 0.000403 0.016509 -0.003904
v -0.003599 0.016000 -0.001922
v -0.003904 0.016509 -0.000403
v -0.001922 0.016000 0.003599
v -0.000403 0.016509 0.003904
v 0.003599 0.016000 0.001922
v 0.003738 0.017319 -0.000000
v 0.003600 0.017376 -0.001025
v 0.002913 0.017251 -0.002391
v -0.001118 0.016645 -0.003721
v -0.002391 0.017251 -0.002913
v -0.003721 0.016645 0.001118
v -0.002913 0.017251 0.002391
v 0.001118 0.016645 0.003721
v 0.002391 0.017251 0.002913
v 0.003773 0.017374 0.000005
v 0.001327 0.018490 -0.003338
v -0.003338 0.018490 -0.001327
v -0.001327 0.018490 0.003338
v 0.003204 0.018084 0.001711
v 0.003313 0.020810 -0.000000
v 0.003192 0.020708 -0.000967
v 0.002579 0.020695 -0.002116
v 0.001359 0.020707 -0.003067
v -0.000326 0.020712 -0.003319
v -0.001266 0.020688 -0.003070
v -0.002116 0.020695 -0.002579
v -0.003067 0.020707 -0.001359
v -0.003319 0.020712 0.000326
v -0.003070 0.020688 0.001266
v -0.002579 0.020695 0.002116
v -0.001359 0.020707 0.003067
v 0.000326 0.020712 0.003319
v 0.001266 0.020688 0.003070
v 0.002116 0.020695 0.002579
v 0.002942 0.020702 0.001572
v 0.003353 0.020828 0.000004
v 0.003307 0.024427 -0.000000
v 0.003141 0.024381 -0.000927
v 0.002364 0.024389 -0.002312
v 0.000971 0.024385 -0.003130
v -0.000298 0.024385 -0.003264
v -0.001523 0.024381 -0.002900
v -0.002520 0.024385 -0.002097
v -0.003130 0.024385 -0.000971
v -0.003264 0.024385 0.000298
v -0.002900 0.024385 0.001528
v -0.002097 0.024385 0.002520
v -0.000682 0.024383 0.003231
v 0.000931 0.024385 0.003142
v 0.002312 0.024389 0.002364
v 0.003130 0.024385 0.000971
v 0.003274 0.024411 -0.000000
v 0.002791 0.024453 -0.003155
v -0.001279 0.024452 -0.003686
v -0.003392 0.024440 -0.001642
v -0.003614 0.024438 0.001030
v -0.001790 0.024435 0.003161
v 0.002351 0.024450 0.003510
v -0.004814 0.024453 -0.000279
v -0.001150 0.024440 0.006128
v 0.006142 0.024437 -0.000000
v 0.006397 0.024447 -0.000000
v 0.004628 0.024434 -0.004092
v 0.001141 0.024434 -0.006115
v -0.004149 0.024434 -0.004582
v -0.005420 0.024434 0.002950
v 0.004102 0.024433 0.004617
v 0.006292 0.024508 -0.001438
v -0.001715 0.024466 -0.006045
v -0.006355 0.024506 -0.001122
v -0.006344 0.024529 0.001303
v -0.003677 0.024484 0.005198
v 0.001438 0.024508 0.006292
v 0.006030 0.024508 0.002301
v 0.003665 0.024643 -0.005517
v -0.005541 0.024497 -0.003194
v 0.005517 0.024643 0.003665
v -0.006593 0.024644 0.000012
v 0.006124 0.024689 -0.002546
v 0.005137 0.024683 -0.004236
v 0.001916 0.024683 -0.006376
v -0.000008 0.024689 -0.006632
v -0.004236 0.024683 -0.005137
v -0.006124 0.024689 0.002546
v -0.005137 0.024683 0.004236
v -0.001916 0.024683 0.006376
v 0.000007 0.024689 0.006632
v 0.002546 0.024689 0.006124
v 0.004236 0.024683 0.005137
v 0.006506 0.024689 0.001286
v 0.006700 0.024747 -0.000000
v -0.001978 0.024699 -0.006372
v -0.005930 0.024794 -0.003242
v -0.003795 0.024962 0.005685
v 0.007133 0.025610 0.000000
v 0.006960 0.025481 -0.001386
v 0.006556 0.025481 -0.002717
v 0.005901 0.025481 -0.003943
v 0.005018 0.025481 -0.005019
v 0.002728 0.025607 -0.006595
v 0.001385 0.025481 -0.006961
v 0.000000 0.025481 -0.007097
v -0.001386 0.025481 -0.006960
v -0.002717 0.025481 -0.006556
v -0.003943 0.025481 -0.005901
v -0.005019 0.025481 -0.005018
v -0.006595 0.025607 -0.002728
v -0.006961 0.025481 -0.001385
v -0.007097 0.025481 -0.000000
v -0.006960 0.025481 0.001386
v -0.006556 0.025481 0.002717
v -0.005901 0.025481 0.003943
v -0.005018 0.025481 0.005019
v -0.002728 0.025607 0.006595
v -0.001385 0.025481 0.006961
v -0.000000 0.025481 0.007097
v 0.001386 0.025481 0.006960
v 0.002717 0.025481 0.006556
v 0.003943 0.025481 0.005901
v 0.005019 0.025481 0.005018
v 0.006557 0.025481 0.002716
v 0.006961 0.025481 0.001385
v 0.003953 0.025666 -0.005897
v -0.005897 0.025666 -0.003953
v -0.003953 0.025666 0.005897
v 0.005897 0.025666 0.003953
v 0.007101 0.025646 -0.000000
v 0.006677 0.025866 -0.002000
v 0.005401 0.025866 -0.004405
v 0.000708 0.025865 -0.006934
v -0.002000 0.025866 -0.006677
v -0.004405 0.025866 -0.005401
v -0.006934 0.025865 -0.000708
v -0.006677 0.025866 0.002000
v -0.005401 0.025866 0.004405
v -0.000708 0.025865 0.006934
v 0.002000 0.025866 0.006677
v 0.004405 0.025866 0.005401
v 0.006662 0.025866 0.002047
v 0.005960 0.026556 0.000000
v 0.005757 0.026545 -0.001726
v 0.004612 0.026563 -0.003809
v 0.002850 0.026545 -0.005292
v 0.000608 0.026546 -0.005978
v -0.001726 0.026545 -0.005757
v -0.003810 0.026562 -0.004612
v -0.005292 0.026545 -0.002850
v -0.005978 0.026546 -0.000608
v -0.005757 0.026545 0.001726
v -0.004612 0.026563 0.003809
v -0.002850 0.026545 0.005293
v -0.000608 0.026546 0.005978
v 0.001726 0.026545 0.005757
v 0.003320 0.026535 0.004999
v 0.004583 0.026564 0.003838
v 0.005748 0.026544 0.001762
v 0.006045 0.026513 0.000000
v 0.002631 0.027998 0.000000
v 0.002452 0.027999 -0.001042
v 0.000244 0.027998 -0.002632
v -0.001042 0.027999 -0.002452
v -0.002632 0.027998 -0.000244
v -0.002452 0.027999 0.001042
v -0.000244 0.027998 0.002632
v 0.000782 0.027998 0.002526
v 0.001896 0.028002 0.001868
v 0.002533 0.027998 0.000759
v 0.002632 0.027998 0.000000
v 0.001460 0.027998 -0.002229
v -0.002229 0.027998 -0.001460
v -0.001460 0.027998 0.002229
v 0.002525 0.028550 -0.000767
v 0.002042 0.028550 -0.001672
v 0.001029 0.028549 -0.002452
v -0.000507 0.028549 -0.002610
v -0.001672 0.028550 -0.002042
v -0.002452 0.028549 -0.001029
v -0.002610 0.028549 0.000507
v -0.002042 0.028550 0.001672
v -0.001029 0.028549 0.002452
v 0.000507 0.028549 0.002610
v 0.001672 0.028550 0.002042
v 0.002452 0.028549 0.001029
v 0.002622 0.028546 -0.000000
v 0.002626 0.028545 -0.000000
v 0.004286 0.029418 -0.000000
v 0.004488 0.029679 -0.001390
v 0.003618 0.029680 -0.003000
v 0.002192 0.029680 -0.004157
v -0.000019 0.029231 -0.003995
v -0.002232 0.029230 -0.003310
v -0.004157 0.029680 -0.002192
v -0.003995 0.029231 0.000019
v -0.003310 0.029230 0.002232
v -0.002192 0.029680 0.004157
v 0.000019 0.029231 0.003995
v 0.002232 0.029230 0.003310
v 0.004004 0.029620 0.002293
v 0.004488 0.029525 0.000000
v 0.000480 0.030010 -0.005032
v -0.001485 0.030009 -0.004831
v -0.003218 0.030010 -0.003898
v -0.005032 0.030010 -0.000480
v -0.004831 0.030009 0.001485
v -0.003898 0.030010 0.003218
v -0.000480 0.030010 0.005032
v 0.001485 0.030009 0.004831
v 0.003218 0.030010 0.003898
v 0.004840 0.030009 0.001454
v 0.005585 0.030585 0.000000
v 0.005887 0.031160 -0.001174
v 0.005301 0.031142 -0.002852
v 0.004242 0.031159 -0.004246
v 0.002826 0.031143 -0.005315
v 0.001168 0.031160 -0.005888
v -0.000608 0.031143 -0.005990
v -0.002852 0.031142 -0.005301
v -0.004246 0.031159 -0.004242
v -0.005315 0.031143 -0.002826
v -0.005888 0.031160 -0.001168
v -0.005990 0.031143 0.000608
v -0.005301 0.031142 0.002852
v -0.004242 0.031159 0.004246
v -0.002826 0.031143 0.005315
v -0.001168 0.031160 0.005888
v 0.000608 0.031143 0.005990
v 0.002852 0.031142 0.005301
v 0.004246 0.031159 0.004242
v 0.005315 0.031143 0.002826
v 0.005888 0.031160 0.001168
v 0.005982 0.031129 -0.000000
v 0.006589 0.032404 0.000000
v 0.006394 0.032755 -0.001950
v 0.005532 0.032765 -0.003701
v 0.004233 0.032754 -0.005173
v 0.002545 0.032768 -0.006150
v 0.000645 0.032753 -0.006653
v -0.001950 0.032754 -0.006394
v -0.003701 0.032765 -0.005532
v -0.005173 0.032754 -0.004233
v -0.006150 0.032768 -0.002545
v -0.006653 0.032753 -0.000645
v -0.006394 0.032755 0.001950
v -0.005532 0.032765 0.003701
v -0.004233 0.032754 0.005173
v -0.002545 0.032768 0.006150
v -0.000645 0.032753 0.006653
v 0.001950 0.032755 0.006394
v 0.003701 0.032765 0.005532
v 0.005173 0.032754 0.004233
v 0.006399 0.032756 0.001935
v 0.006644 0.032723 -0.000000
v 0.006785 0.034941 0.000000
v 0.006634 0.035396 -0.001317
v 0.006022 0.034376 -0.003217
v 0.004784 0.035392 -0.004781
v 0.003219 0.034381 -0.006021
v 0.000673 0.034385 -0.006794
v -0.001317 0.035396 -0.006634
v -0.003217 0.034376 -0.006022
v -0.004781 0.035392 -0.004784
v -0.006021 0.034381 -0.003219
v -0.006794 0.034385 -0.000673
v -0.006634 0.035396 0.001317
v -0.006022 0.034376 0.003217
v -0.004784 0.035392 0.004781
v -0.003219 0.034381 0.006021
v -0.000673 0.034385 0.006794
v 0.001317 0.035396 0.006634
v 0.003217 0.034376 0.006022
v 0.004781 0.035392 0.004784
v 0.006021 0.034381 0.003219
v 0.006633 0.035396 0.001322
v 0.006773 0.035310 -0.000000
v 0.005886 0.035928 -0.003133
v 0.003144 0.035926 -0.005881
v 0.000660 0.035925 -0.006636
v -0.003133 0.035928 -0.005886
v -0.005881 0.035926 -0.003144
v -0.006636 0.035925 -0.000660
v -0.005886 0.035928 0.003133
v -0.003144 0.035926 0.005881
v -0.000660 0.035925 0.006636
v 0.003133 0.035928 0.005886
v 0.005881 0.035926 0.003144
v 0.006045 0.037714 0.000000
v 0.005894 0.037659 -0.001168
v 0.005321 0.037677 -0.002832
v 0.003835 0.037676 -0.004652
v 0.001761 0.037678 -0.005765
v -0.000578 0.037680 -0.005999
v -0.002832 0.037677 -0.005321
v -0.004652 0.037676 -0.003835
v -0.005765 0.037678 -0.001761
v -0.005999 0.037680 0.000578
v -0.005321 0.037677 0.002832
v -0.003835 0.037676 0.004652
v -0.001761 0.037678 0.005765
v 0.000578 0.037680 0.005999
v 0.002832 0.037677 0.005321
v 0.004652 0.037676 0.003835
v 0.005765 0.037678 0.001761
v 0.006038 0.037600 -0.000000
v 0.004811 0.039089 -0.001441
v 0.003896 0.039084 -0.003176
v 0.002824 0.039471 -0.003711
v 0.001473 0.039089 -0.004801
v -0.000476 0.039088 -0.005001
v -0.002035 0.039464 -0.004204
v -0.003176 0.039084 -0.003896
v -0.003711 0.039471 -0.002824
v -0.004801 0.039089 -0.001473
v -0.005001 0.039088 0.000476
v -0.004204 0.039464 0.002035
v -0.003896 0.039084 0.003176
v -0.002824 0.039471 0.003711
v -0.001473 0.039089 0.004801
v 0.000476 0.039088 0.005001
v 0.002035 0.039464 0.004204
v 0.003176 0.039084 0.003896
v 0.003711 0.039471 0.002824
v 0.004801 0.039089 0.001473
v 0.004563 0.039582 0.000000
v 0.003733 0.040200 0.000000
v 0.003332 0.040138 -0.001757
v 0.000423 0.040049 -0.003941
v -0.003941 0.040049 -0.000423
v -0.000423 0.040049 0.003941
v 0.003265 0.040368 0.001084
v 0.001807 0.040504 -0.002571
v 0.000488 0.040565 -0.002971
v -0.001155 0.040536 -0.002857
v -0.002571 0.040504 -0.001807
v -0.002971 0.040565 -0.000488
v -0.002857 0.040536 0.001155
v -0.001807 0.040504 0.002571
v -0.000488 0.040565 0.002971
v 0.001155 0.040536 0.002857
v 0.002571 0.040504 0.001807
v 0.001853 0.040958 -0.000769
v 0.001916 0.040988 0.000000
v 0.001571 0.041029 0.000000
v 0.000943 0.041017 -0.001410
v -0.000331 0.041017 -0.001663
v -0.001410 0.041017 -0.000943
v -0.001663 0.041017 0.000331
v -0.000943 0.041017 0.001410
v 0.000331 0.041017 0.001663
v 0.001410 0.041017 0.000943
vn -0.0039 0.9981 0.0622
vn 0.0107 0.9998 -0.0157
vn -0.0095 0.9994 0.0319
vn -0.0159 0.9999 0.0032
vn -0.0130 0.9999 0.0071
vn -0.0150 0.9999 0.0062
vn -0.0146 0.9998 0.0094
vn -0.0135 0.9999 0.0090
vn -0.0191 0.9998 0.0058
vn -0.0259 0.9997 -0.0030
vn -0.0043 1.0000 0.0055
vn 0.0096 0.9997 0.0211
vn 0.0018 0.9998 0.0200
vn -0.0062 0.9999 0.0150
vn -0.0033 0.9999 0.0167
vn -0.0032 0.9999 0.0159
vn -0.0089 0.9998 0.0179
vn -0.0193 0.9997 0.0162
vn 0.0009 1.0000 0.0056
vn 0.0210 0.9997 0.0085
vn 0.0151 0.9998 0.0134
vn 0.0062 0.9999 0.0150
vn 0.0095 0.9999 0.0142
vn 0.0090 0.9999 0.0135
vn 0.0063 0.9998 0.0187
vn -0.0021 0.9997 0.0250
vn 0.0045 1.0000 0.0032
vn 0.0207 0.9998 -0.0084
vn 0.0198 0.9998 -0.0012
vn 0.0150 0.9999 0.0062
vn 0.0171 0.9998 0.0032
vn 0.0159 0.9999 0.0032
vn 0.0172 0.9999 0.0003
vn 0.0162 0.9999 -0.0000
vn 0.0192 0.9998 0.0064
vn 0.0202 0.9996 0.0182
vn 0.0046 1.0000 -0.0017
vn 0.0030 0.9997 -0.0241
vn 0.0092 0.9998 -0.0181
vn 0.0135 0.9999 -0.0090
vn 0.0119 0.9999 -0.0122
vn 0.0115 0.9999 -0.0115
vn 0.0099 0.9998 -0.0145
vn 0.0090 0.9999 -0.0135
vn 0.0150 0.9998 -0.0131
vn 0.0241 0.9997 -0.0076
vn 0.0013 1.0000 -0.0052
vn -0.0161 0.9997 -0.0159
vn -0.0089 0.9998 -0.0179
vn -0.0000 0.9999 -0.0162
vn -0.0037 0.9998 -0.0172
vn -0.0032 0.9999 -0.0159
vn -0.0064 0.9998 -0.0165
vn -0.0062 0.9999 -0.0150
vn -0.0020 0.9998 -0.0201
vn 0.0083 0.9997 -0.0250
vn -0.0035 1.0000 -0.0066
vn -0.0230 0.9997 0.0058
vn -0.0202 0.9998 -0.0021
vn -0.0135 0.9999 -0.0090
vn -0.0125 0.9999 -0.0069
vn -0.0150 0.9999 -0.0062
vn -0.0085 0.9995 -0.0303
vn -0.0047 0.9995 0.0320
vn -0.0045 0.9981 -0.0608
vn 0.1705 0.9839 -0.0539
vn 0.0458 0.9986 -0.0253
vn -0.0154 0.9999 0.0036
vn -0.0137 0.9998 0.0137
vn -0.0108 0.9998 0.0162
vn -0.0074 0.9998 0.0180
vn -0.0038 0.9998 0.0191
vn -0.0000 0.9998 0.0194
vn 0.0038 0.9998 0.0191
vn 0.0074 0.9998 0.0180
vn 0.0108 0.9998 0.0162
vn 0.0137 0.9998 0.0137
vn 0.0162 0.9998 0.0108
vn 0.0180 0.9998 0.0074
vn 0.0191 0.9998 0.0038
vn 0.0194 0.9998 -0.0000
vn 0.0191 0.9998 -0.0038
vn 0.0180 0.9998 -0.0074
vn 0.0162 0.9998 -0.0108
vn 0.0137 0.9998 -0.0137
vn 0.0108 0.9998 -0.0162
vn 0.0074 0.9998 -0.0180
vn 0.0038 0.9998 -0.0191
vn -0.0000 0.9998 -0.0194
vn -0.0038 0.9998 -0.0191
vn -0.0074 0.9998 -0.0180
vn -0.0108 0.9998 -0.0162
vn -0.0137 0.9998 -0.0137
vn -0.0162 0.9998 -0.0108
vn -0.0180 0.9998 -0.0074
vn -0.0217 0.9997 0.0130
vn 0.1226 -0.0000 -0.9925
vn 0.0920 0.3414 -0.9354
vn 0.2768 -0.5524 -0.7863
vn 0.3242 0.7028 -0.6332
vn 0.4611 -0.7027 -0.5418
vn 0.5418 0.7027 -0.4611
vn 0.6332 -0.7028 -0.3242
vn 0.6769 0.7030 -0.2182
vn 0.7088 -0.7031 -0.0571
vn 0.7088 0.7031 0.0571
vn 0.6769 -0.7030 0.2182
vn 0.6332 0.7028 0.3242
vn 0.5418 -0.7027 0.4611
vn 0.4611 0.7027 0.5418
vn 0.3242 -0.7028 0.6332
vn 0.2182 0.7030 0.6768
vn 0.2182 0.7030 0.6769
vn 0.0571 -0.7031 0.7088
vn -0.0571 0.7031 0.7088
vn -0.2182 -0.7030 0.6769
vn -0.3242 0.7028 0.6332
vn -0.4611 -0.7027 0.5418
vn -0.5418 0.7027 0.4611
vn -0.6332 -0.7028 0.3242
vn -0.6769 0.7030 0.2182
vn -0.7088 -0.7031 0.0571
vn -0.7088 0.7031 -0.0571
vn -0.6769 -0.7030 -0.2182
vn -0.6332 0.7028 -0.3242
vn -0.5418 -0.7027 -0.4611
vn -0.4611 0.7027 -0.5418
vn -0.3242 -0.7028 -0.6332
vn -0.2768 0.5524 -0.7863
vn -0.0920 -0.3414 -0.9354
vn -0.1226 -0.0000 -0.9925
vn -0.0000 1.0000 -0.0000
vn -0.0000 -1.0000 -0.0000
vn 0.2259 -0.9728 -0.0517
vn -0.2550 -0.9456 -0.2019
vn -0.2367 -0.1233 -0.9637
vn -0.1886 -0.9721 -0.1397
vn 0.0373 -0.9457 0.3227
vn -0.5138 -0.1250 0.8488
vn 0.0516 -0.9728 0.2259
vn 0.2015 -0.9458 -0.2548
vn 0.9637 -0.1233 -0.2368
vn -0.0516 -0.9728 -0.2259
vn -0.2015 -0.9458 0.2548
vn -0.9637 -0.1233 0.2368
vn 0.1942 -0.9722 0.1306
vn -0.0373 -0.9457 -0.3227
vn 0.5138 -0.1250 -0.8488
vn 0.1306 -0.9722 -0.1942
vn -0.3227 -0.9457 0.0375
vn -0.8488 -0.1250 -0.5137
vn -0.1578 0.9870 0.0315
vn -0.2849 0.9457 0.1568
vn -0.0716 0.9969 0.0323
vn -0.0693 0.9961 0.0542
vn -0.2053 0.9454 0.2532
vn -0.0691 0.9958 0.0595
vn -0.0433 0.9961 0.0766
vn -0.0928 0.9454 0.3123
vn -0.0410 0.9958 0.0814
vn -0.0107 0.9961 0.0874
vn 0.0339 0.9454 0.3241
vn -0.0067 0.9958 0.0909
vn 0.0236 0.9961 0.0847
vn 0.1554 0.9454 0.2866
vn 0.0286 0.9958 0.0865
vn 0.0542 0.9961 0.0693
vn 0.2532 0.9454 0.2053
vn 0.0595 0.9958 0.0691
vn 0.0766 0.9961 0.0433
vn 0.3123 0.9454 0.0928
vn 0.0814 0.9958 0.0410
vn 0.0874 0.9961 0.0107
vn 0.3241 0.9454 -0.0339
vn 0.0909 0.9958 0.0067
vn 0.0847 0.9961 -0.0236
vn 0.2866 0.9454 -0.1554
vn 0.0865 0.9958 -0.0286
vn 0.0693 0.9961 -0.0542
vn 0.2053 0.9454 -0.2532
vn 0.0691 0.9958 -0.0595
vn 0.0433 0.9961 -0.0766
vn 0.0928 0.9454 -0.3123
vn 0.0410 0.9958 -0.0814
vn 0.0107 0.9961 -0.0874
vn -0.0339 0.9454 -0.3241
vn 0.0067 0.9958 -0.0909
vn -0.0236 0.9961 -0.0847
vn -0.1554 0.9454 -0.2866
vn -0.0286 0.9958 -0.0865
vn -0.0542 0.9961 -0.0693
vn -0.2532 0.9454 -0.2053
vn -0.0595 0.9958 -0.0691
vn -0.0766 0.9961 -0.0433
vn -0.3099 0.9458 -0.0970
vn -0.0814 0.9958 -0.0410
vn -0.0764 0.9969 -0.0169
vn -0.1718 0.9851 0.0035
vn -0.1868 0.9824 -0.0034
vn -0.4613 0.8872 -0.0071
vn -0.3530 0.9326 0.0753
vn -0.4406 0.8977 0.0085
vn -0.8593 0.4796 0.1776
vn -0.7980 0.5062 0.3270
vn -0.7064 0.5129 0.4878
vn -0.6142 0.5145 0.5983
vn -0.4660 0.5128 0.7210
vn -0.3372 0.5156 0.7877
vn -0.1549 0.5126 0.8445
vn -0.0107 0.5152 0.8570
vn 0.1800 0.5126 0.8395
vn 0.3183 0.5156 0.7955
vn 0.4878 0.5129 0.7064
vn 0.5983 0.5145 0.6143
vn 0.7210 0.5129 0.4659
vn 0.7876 0.5157 0.3371
vn 0.8445 0.5126 0.1549
vn 0.8570 0.5152 0.0106
vn 0.8395 0.5126 -0.1800
vn 0.7954 0.5157 -0.3182
vn 0.7064 0.5129 -0.4878
vn 0.6142 0.5145 -0.5983
vn 0.4660 0.5128 -0.7210
vn 0.3372 0.5156 -0.7877
vn 0.1549 0.5126 -0.8445
vn 0.0107 0.5152 -0.8570
vn -0.1800 0.5126 -0.8395
vn -0.3183 0.5156 -0.7955
vn -0.4878 0.5129 -0.7064
vn -0.5983 0.5145 -0.6143
vn -0.7210 0.5129 -0.4659
vn -0.7876 0.5157 -0.3371
vn -0.8524 0.4958 -0.1663
vn -0.9213 0.3888 0.0086
vn -0.9163 0.4001 -0.0177
vn -0.7888 -0.6125 0.0506
vn -0.7759 -0.6138 0.1455
vn -0.8715 -0.3428 0.3507
vn -0.7476 -0.4050 0.5264
vn -0.6692 -0.3904 0.6323
vn -0.4887 -0.4053 0.7726
vn -0.3752 -0.3899 0.8409
vn -0.1564 -0.4059 0.9005
vn -0.0247 -0.3900 0.9205
vn 0.2001 -0.4058 0.8918
vn 0.3292 -0.3892 0.8603
vn 0.5264 -0.4050 0.7476
vn 0.6323 -0.3904 0.6692
vn 0.7726 -0.4053 0.4887
vn 0.8410 -0.3897 0.3752
vn 0.9003 -0.4061 0.1564
vn 0.9205 -0.3899 0.0247
vn 0.8917 -0.4060 -0.2000
vn 0.8603 -0.3892 -0.3292
vn 0.7476 -0.4050 -0.5264
vn 0.6692 -0.3904 -0.6323
vn 0.4887 -0.4053 -0.7726
vn 0.3752 -0.3899 -0.8409
vn 0.1564 -0.4059 -0.9005
vn 0.0247 -0.3900 -0.9205
vn -0.2001 -0.4058 -0.8918
vn -0.3292 -0.3892 -0.8603
vn -0.5264 -0.4050 -0.7476
vn -0.6323 -0.3904 -0.6692
vn -0.7726 -0.4053 -0.4887
vn -0.8410 -0.3899 -0.3752
vn -0.9211 -0.3487 -0.1732
vn -0.7916 -0.6099 -0.0378
vn -0.4990 -0.8244 0.2671
vn -0.3608 -0.8239 0.4371
vn -0.1682 -0.8256 0.5387
vn 0.0508 -0.8260 0.5614
vn 0.2622 -0.8255 0.4999
vn 0.4334 -0.8255 0.3615
vn 0.5387 -0.8255 0.1683
vn 0.5625 -0.8254 -0.0493
vn 0.5011 -0.8238 -0.2649
vn 0.3613 -0.8229 -0.4385
vn 0.1682 -0.8256 -0.5386
vn -0.0494 -0.8254 -0.5624
vn -0.2650 -0.8238 -0.5011
vn -0.4384 -0.8230 -0.3612
vn -0.5381 -0.8253 -0.1712
vn -0.6845 -0.7285 0.0268
vn -0.5707 -0.8032 0.1708
vn -0.2236 -0.9579 0.1801
vn -0.3682 -0.7641 0.5297
vn -0.1651 -0.8051 0.5697
vn 0.0658 -0.8048 0.5899
vn 0.2858 -0.8051 0.5198
vn 0.4628 -0.8055 0.3701
vn 0.5712 -0.8040 0.1650
vn 0.5891 -0.8059 -0.0590
vn 0.6018 -0.7639 -0.2332
vn 0.4592 -0.8056 -0.3743
vn 0.3628 -0.7594 -0.5401
vn 0.1647 -0.8041 -0.5713
vn -0.0590 -0.8059 -0.5891
vn -0.2332 -0.7639 -0.6018
vn -0.3743 -0.8056 -0.4592
vn -0.5402 -0.7594 -0.3627
vn -0.5687 -0.8051 -0.1684
vn -0.6536 -0.7566 -0.0197
vn -0.9704 0.1664 0.1753
vn -0.5630 -0.6807 0.4687
vn -0.3907 0.1216 0.9125
vn -0.0223 0.1986 0.9798
vn 0.3559 0.1947 0.9140
vn 0.6766 0.1978 0.7093
vn 0.8946 0.2093 0.3948
vn 0.9764 0.2147 0.0234
vn 0.8312 0.1352 -0.5392
vn 0.3911 0.1381 -0.9099
vn 0.0234 0.2148 -0.9764
vn -0.5392 0.1352 -0.8312
vn -0.9099 0.1381 -0.3911
vn -0.9059 0.4233 0.0126
vn -0.8611 0.4737 0.1847
vn -0.8249 0.4233 0.3746
vn -0.7161 0.5295 0.4548
vn -0.5472 0.5708 0.6122
vn -0.5054 0.4131 0.7576
vn -0.3235 0.4735 0.8192
vn -0.1468 0.4236 0.8939
vn 0.0111 0.4759 0.8794
vn 0.2065 0.4240 0.8818
vn 0.3467 0.4755 0.8085
vn 0.5285 0.4236 0.7357
vn 0.6294 0.4763 0.6140
vn 0.7693 0.4247 0.4772
vn 0.8173 0.4744 0.3269
vn 0.8935 0.4244 0.1468
vn 0.8801 0.4746 -0.0110
vn 0.8814 0.4248 -0.2064
vn 0.8396 0.4090 -0.3576
vn 0.7240 0.4737 -0.5014
vn 0.6183 0.4247 -0.6613
vn 0.4990 0.4104 -0.7633
vn 0.3239 0.4723 -0.8198
vn 0.1468 0.4244 -0.8935
vn -0.0110 0.4746 -0.8801
vn -0.2064 0.4249 -0.8814
vn -0.3576 0.4092 -0.8395
vn -0.5015 0.4738 -0.7239
vn -0.6613 0.4246 -0.6184
vn -0.7633 0.4102 -0.4991
vn -0.8196 0.4725 -0.3238
vn -0.8923 0.4275 -0.1452
vn -0.9166 0.3997 -0.0071
vn -0.7699 0.6381 -0.0105
vn -0.6210 0.7717 0.1372
vn -0.5943 0.7655 0.2465
vn -0.5350 0.7651 0.3584
vn -0.4540 0.7657 0.4556
vn -0.3568 0.7652 0.5358
vn -0.2460 0.7655 0.5945
vn -0.1247 0.7652 0.6316
vn 0.0009 0.7653 0.6436
vn 0.1266 0.7651 0.6313
vn 0.2466 0.7655 0.5943
vn 0.3583 0.7651 0.5350
vn 0.4554 0.7659 0.4538
vn 0.5358 0.7652 0.3568
vn 0.5946 0.7655 0.2459
vn 0.6315 0.7653 0.1246
vn 0.6436 0.7654 -0.0009
vn 0.6313 0.7651 -0.1266
vn 0.5943 0.7655 -0.2465
vn 0.5350 0.7651 -0.3584
vn 0.4538 0.7659 -0.4554
vn 0.3568 0.7653 -0.5358
vn 0.2460 0.7655 -0.5945
vn 0.1247 0.7652 -0.6316
vn -0.0009 0.7653 -0.6436
vn -0.1266 0.7651 -0.6313
vn -0.2466 0.7655 -0.5943
vn -0.3583 0.7651 -0.5350
vn -0.4556 0.7657 -0.4540
vn -0.5359 0.7652 -0.3568
vn -0.5946 0.7655 -0.2459
vn -0.6311 0.7655 -0.1252
vn -0.6400 0.7683 -0.0151
vn -0.9428 0.2620 0.2060
vn -0.8913 0.2608 0.3710
vn -0.8016 0.2611 0.5378
vn -0.6812 0.2615 0.6838
vn -0.5347 0.2608 0.8038
vn -0.3679 0.2609 0.8925
vn -0.1866 0.2614 0.9470
vn 0.0018 0.2618 0.9651
vn 0.1901 0.2615 0.9463
vn 0.3710 0.2608 0.8913
vn 0.5378 0.2611 0.8016
vn 0.6838 0.2616 0.6812
vn 0.8037 0.2609 0.5348
vn 0.8925 0.2609 0.3679
vn 0.9470 0.2614 0.1866
vn 0.9651 0.2618 -0.0018
vn 0.9464 0.2613 -0.1901
vn 0.8913 0.2608 -0.3710
vn 0.8016 0.2611 -0.5378
vn 0.6812 0.2616 -0.6838
vn 0.5347 0.2609 -0.8037
vn 0.3679 0.2609 -0.8925
vn 0.1866 0.2614 -0.9470
vn -0.0018 0.2618 -0.9651
vn -0.1901 0.2615 -0.9463
vn -0.3710 0.2608 -0.8913
vn -0.5378 0.2611 -0.8016
vn -0.6838 0.2616 -0.6812
vn -0.8037 0.2608 -0.5348
vn -0.8925 0.2609 -0.3679
vn -0.9466 0.2619 -0.1882
vn -0.9606 0.2777 -0.0136
vn -0.9970 -0.0732 -0.0263
vn -0.8962 -0.3997 0.1927
vn -0.8483 -0.3966 0.3509
vn -0.7635 -0.3966 0.5097
vn -0.6495 -0.3962 0.6490
vn -0.5104 -0.3964 0.7632
vn -0.3519 -0.3968 0.8478
vn -0.1794 -0.3960 0.9006
vn -0.0004 -0.3959 0.9183
vn 0.1788 -0.3960 0.9007
vn 0.3507 -0.3966 0.8484
vn 0.5097 -0.3966 0.7635
vn 0.6489 -0.3961 0.6496
vn 0.7632 -0.3964 0.5104
vn 0.8478 -0.3969 0.3518
vn 0.9006 -0.3960 0.1794
vn 0.9182 -0.3960 0.0003
vn 0.9007 -0.3960 -0.1788
vn 0.8483 -0.3966 -0.3509
vn 0.7635 -0.3966 -0.5097
vn 0.6495 -0.3962 -0.6490
vn 0.5104 -0.3964 -0.7632
vn 0.3519 -0.3968 -0.8478
vn 0.1794 -0.3960 -0.9006
vn 0.0004 -0.3959 -0.9183
vn -0.1788 -0.3960 -0.9007
vn -0.3507 -0.3966 -0.8484
vn -0.5097 -0.3966 -0.7635
vn -0.6489 -0.3961 -0.6496
vn -0.7632 -0.3964 -0.5104
vn -0.8478 -0.3969 -0.3518
vn -0.8998 -0.3970 -0.1808
vn -0.9244 -0.3813 -0.0063
vn -0.8001 -0.5997 -0.0118
vn -0.6969 -0.7031 0.1413
vn -0.6616 -0.6976 0.2749
vn -0.5959 -0.6979 0.3972
vn -0.5058 -0.6978 0.5072
vn -0.3984 -0.6980 0.5950
vn -0.2707 -0.6992 0.6617
vn -0.1443 -0.6998 0.6996
vn 0.0025 -0.6969 0.7172
vn 0.1388 -0.6983 0.7022
vn 0.2749 -0.6976 0.6616
vn 0.3973 -0.6980 0.5957
vn 0.5071 -0.6978 0.5058
vn 0.5950 -0.6980 0.3984
vn 0.6616 -0.6992 0.2709
vn 0.6997 -0.6998 0.1442
vn 0.7170 -0.6970 -0.0029
vn 0.7022 -0.6983 -0.1388
vn 0.6616 -0.6976 -0.2749
vn 0.5959 -0.6979 -0.3972
vn 0.5058 -0.6978 -0.5072
vn 0.3984 -0.6980 -0.5950
vn 0.2707 -0.6992 -0.6617
vn 0.1442 -0.6998 -0.6997
vn -0.0027 -0.6970 -0.7171
vn -0.1388 -0.6983 -0.7022
vn -0.2749 -0.6977 -0.6616
vn -0.3973 -0.6980 -0.5958
vn -0.5071 -0.6978 -0.5058
vn -0.5950 -0.6980 -0.3984
vn -0.6622 -0.6977 -0.2733
vn -0.7009 -0.6994 -0.1397
vn -0.7176 -0.6964 -0.0021
vn -0.7719 -0.6358 -0.0008
vn -0.7080 -0.6926 0.1376
vn -0.7093 -0.6403 0.2948
vn -0.6013 -0.6924 0.3989
vn -0.5423 -0.6407 0.5436
vn -0.4028 -0.6924 0.5986
vn -0.2838 -0.6387 0.7152
vn -0.0740 -0.6824 0.7272
vn 0.1350 -0.6893 0.7118
vn 0.2949 -0.6402 0.7093
vn 0.3989 -0.6924 0.6013
vn 0.5436 -0.6407 0.5422
vn 0.5991 -0.6919 0.4030
vn 0.7151 -0.6388 0.2838
vn 0.7272 -0.6824 0.0740
vn 0.7118 -0.6893 -0.1350
vn 0.7093 -0.6403 -0.2949
vn 0.6016 -0.6918 -0.3993
vn 0.5424 -0.6407 -0.5435
vn 0.4028 -0.6924 -0.5986
vn 0.2838 -0.6387 -0.7152
vn 0.0739 -0.6824 -0.7272
vn -0.1350 -0.6893 -0.7118
vn -0.2949 -0.6402 -0.7093
vn -0.3989 -0.6924 -0.6013
vn -0.5435 -0.6407 -0.5423
vn -0.5986 -0.6924 -0.4028
vn -0.7101 -0.6402 -0.2930
vn -0.7129 -0.6854 -0.1481
vn -0.7300 -0.6835 -0.0029
vn -0.9256 -0.3311 0.1833
vn -0.7858 -0.3281 0.5243
vn -0.5246 -0.3267 0.7862
vn -0.1929 -0.3295 0.9243
vn 0.0145 -0.3304 0.9437
vn 0.1827 -0.3278 0.9269
vn 0.5255 -0.3269 0.7855
vn 0.7862 -0.3262 0.5248
vn 0.9256 -0.3244 0.1947
vn 0.9449 -0.3268 -0.0160
vn 0.9269 -0.3278 -0.1827
vn 0.7859 -0.3263 -0.5252
vn 0.5246 -0.3267 -0.7862
vn 0.1946 -0.3247 -0.9256
vn -0.0159 -0.3268 -0.9450
vn -0.1827 -0.3278 -0.9269
vn -0.5255 -0.3269 -0.7855
vn -0.7862 -0.3267 -0.5246
vn -0.9236 -0.3365 -0.1838
vn -0.9376 -0.3476 0.0037
vn -0.9655 -0.2603 0.0089
vn -0.8875 -0.2785 0.3672
vn -0.6807 -0.2758 0.6787
vn -0.3683 -0.2737 0.8885
vn 0.3675 -0.2738 0.8888
vn 0.6787 -0.2758 0.6807
vn 0.8880 -0.2740 0.3694
vn 0.8888 -0.2738 -0.3675
vn 0.6807 -0.2758 -0.6787
vn 0.3683 -0.2737 -0.8885
vn -0.3675 -0.2738 -0.8888
vn -0.6787 -0.2758 -0.6807
vn -0.8880 -0.2740 -0.3694
vn -0.6984 -0.6567 0.2847
vn -0.6335 -0.3864 0.6703
vn -0.3558 -0.3190 0.8784
vn 0.3752 -0.3851 0.8432
vn 0.6705 -0.3859 0.6337
vn 0.8617 -0.3852 0.3304
vn 0.8433 -0.3848 -0.3752
vn 0.6336 -0.3864 -0.6703
vn 0.3304 -0.3850 -0.8617
vn -0.3752 -0.3851 -0.8432
vn -0.6705 -0.3859 -0.6337
vn -0.8787 -0.3171 -0.3567
vn -0.7318 -0.6784 0.0652
vn -0.8083 -0.5653 0.1648
vn -0.7970 -0.3096 0.5186
vn -0.5406 -0.3653 0.7579
vn -0.1394 -0.6763 0.7233
vn 0.0011 -0.6288 0.7775
vn 0.1743 -0.3144 0.9331
vn 0.4935 -0.3652 0.7893
vn 0.7581 -0.3647 0.5407
vn 0.9069 -0.3665 0.2077
vn 0.9203 -0.3904 -0.0256
vn 0.9186 -0.3635 -0.1552
vn 0.7896 -0.3645 -0.4937
vn 0.5406 -0.3653 -0.7579
vn 0.2078 -0.3665 -0.9069
vn -0.0256 -0.3904 -0.9203
vn -0.1550 -0.3637 -0.9185
vn -0.4935 -0.3652 -0.7893
vn -0.7580 -0.3647 -0.5407
vn -0.7065 -0.6942 -0.1380
vn -0.7108 -0.7024 -0.0374
vn -0.4425 -0.8200 0.3631
vn -0.2704 -0.8243 0.4974
vn 0.1652 -0.8189 0.5496
vn 0.3595 -0.8199 0.4455
vn 0.5070 -0.8164 0.2766
vn 0.5729 -0.8173 0.0614
vn 0.5516 -0.8175 -0.1658
vn 0.4424 -0.8219 -0.3588
vn 0.2741 -0.8197 -0.5030
vn 0.0620 -0.8181 -0.5717
vn -0.1657 -0.8175 -0.5515
vn -0.3583 -0.8214 -0.4438
vn -0.5023 -0.8186 -0.2785
vn -0.3739 -0.9265 0.0418
vn -0.1457 -0.9860 0.0813
vn 0.0462 -0.9857 0.1618
vn 0.2205 -0.9704 0.0982
vn 0.3057 -0.9518 -0.0238
vn 0.1293 -0.9859 -0.1066
vn 0.0735 -0.9732 -0.2179
vn -0.0250 -0.9517 -0.3060
vn -0.1028 -0.9884 -0.1114
vn -0.3000 -0.9475 -0.1111
vn -0.3712 -0.9284 -0.0183
vn -0.3083 -0.8359 0.4541
vn -0.0253 -0.9388 0.3434
vn -0.6247 -0.7586 0.1853
vn -0.4802 -0.7291 0.4876
vn 0.1724 -0.8304 0.5298
vn 0.6403 -0.1176 0.7591
vn -0.1957 -0.6710 0.7151
vn 0.6140 -0.6596 0.4335
vn 0.6308 -0.7615 0.1488
vn 0.7116 -0.6424 -0.2844
vn 0.3057 -0.9175 -0.2546
vn 0.4151 -0.6393 -0.6473
vn 0.1825 -0.7764 -0.6032
vn -0.2844 -0.6424 -0.7116
vn -0.3150 -0.9089 -0.2735
vn -0.5693 -0.7467 -0.3439
vn -0.8456 -0.5324 0.0378
vn -0.7585 -0.6006 0.2529
vn -0.5992 -0.6439 0.4757
vn 0.0652 -0.6381 0.7672
vn 0.4893 -0.6402 0.5922
vn 0.7479 -0.6601 -0.0694
vn 0.5951 -0.6399 -0.4862
vn -0.0694 -0.6602 -0.7479
vn -0.4895 -0.6425 -0.5896
vn -0.8142 -0.5506 -0.1840
vn -0.8366 -0.5477 -0.0087
vn -0.4910 -0.5362 0.6866
vn -0.2150 -0.5197 0.8268
vn 0.3386 -0.5178 0.7856
vn 0.8372 -0.4960 0.2303
vn 0.2303 -0.4960 -0.8372
vn -0.7532 -0.5168 -0.4070
vn -0.8875 -0.3305 0.3212
vn -0.7145 -0.4051 0.5704
vn 0.0719 -0.3918 0.9172
vn 0.5773 -0.4073 0.7077
vn 0.9189 -0.3920 -0.0443
vn 0.6988 -0.4091 -0.5868
vn -0.0443 -0.3920 -0.9189
vn -0.6027 -0.4033 -0.6885
vn -0.4629 -0.3124 0.8295
vn -0.0899 -0.2522 0.9635
vn 0.2842 -0.2441 0.9272
vn 0.8281 -0.3209 0.4597
vn 0.9635 -0.2522 0.0898
vn 0.9257 -0.2512 -0.2828
vn 0.4597 -0.3208 -0.8281
vn 0.0899 -0.2522 -0.9635
vn -0.2828 -0.2512 -0.9257
vn -0.8336 -0.3089 -0.4579
vn -0.9751 -0.2207 0.0204
vn -0.9332 -0.1993 0.2991
vn -0.7532 -0.2077 0.6241
vn 0.6307 -0.1993 0.7500
vn 0.7500 -0.1993 -0.6307
vn -0.6241 -0.1945 -0.7567
vn -0.9436 -0.2293 -0.2387
vn -0.3908 -0.1493 0.9083
vn 0.9083 -0.1494 0.3908
vn 0.3908 -0.1493 -0.9083
vn -0.8820 -0.1497 -0.4468
vn -0.9973 -0.0637 0.0361
vn -0.9486 -0.0719 0.3081
vn -0.7673 -0.0675 0.6377
vn -0.3911 -0.0636 0.9181
vn 0.0548 -0.0805 0.9952
vn 0.3816 -0.0758 0.9212
vn 0.6534 -0.0640 0.7543
vn 0.9182 -0.0628 0.3911
vn 0.9953 -0.0803 -0.0547
vn 0.9213 -0.0755 -0.3815
vn 0.7543 -0.0639 -0.6534
vn 0.3953 -0.0578 -0.9167
vn -0.0559 -0.0708 -0.9959
vn -0.3875 -0.0752 -0.9188
vn -0.6418 -0.0677 -0.7639
vn -0.8887 -0.0605 -0.4545
vn -0.9669 -0.0525 -0.2499
vn -0.6461 0.7563 0.1023
vn -0.9531 0.1752 0.2468
vn -0.4884 0.7357 0.4693
vn -0.2030 0.6627 0.7208
vn 0.0401 0.6783 0.7337
vn 0.3440 0.6908 0.6360
vn 0.5602 0.6705 0.4864
vn 0.6985 0.6890 0.1932
vn 0.7285 0.6837 -0.0422
vn 0.6511 0.6642 -0.3673
vn 0.5074 0.6423 -0.5744
vn 0.1431 0.2670 -0.9530
vn -0.1854 0.7033 -0.6863
vn -0.4835 0.7294 -0.4840
vn -0.7976 -0.5464 -0.2554
vn -0.6874 0.7216 -0.0818
vn 0.0130 0.9992 0.0376
vn 0.0306 0.9982 -0.0523
vn -0.0157 0.9997 0.0161
vn 0.4235 0.8071 0.4114
vn 0.1248 0.9890 -0.0792
vn -0.0107 0.9998 -0.0177
vn -0.1461 0.9890 -0.0247
vn 0.0473 0.9528 -0.3000
vn -0.2697 0.9626 -0.0242
vn -0.4902 0.8713 0.0215
vn -0.1906 0.9673 0.1674
vn -0.0477 0.9549 0.2931
vn 0.1767 0.9655 0.1915
vn 0.2378 0.9619 -0.1349
vn -0.1671 0.9672 -0.1913
vn -0.5358 0.8347 0.1272
vn 0.0854 0.9488 0.3040
vn 0.3427 0.9164 0.2068
vn 0.5043 0.8581 0.0973
vn 0.5338 0.8386 -0.1089
vn 0.2510 0.9000 -0.3564
vn -0.1199 0.8518 -0.5099
vn -0.4929 0.8504 -0.1839
vn -0.3556 0.7530 0.5537
vn -0.5664 0.7313 -0.3801
vn 0.7086 0.7056 0.0006
vn -0.6329 0.7235 0.2756
vn -0.5490 0.7154 0.4322
vn -0.2128 0.7136 0.6675
vn -0.0006 0.7260 0.6877
vn 0.2283 0.6940 0.6828
vn 0.4322 0.7164 0.5477
vn 0.6590 0.7004 -0.2743
vn 0.5282 0.7306 -0.4326
vn 0.2118 0.7090 -0.6726
vn 0.0085 0.7080 -0.7062
vn -0.2756 0.7235 -0.6329
vn -0.4317 0.7158 -0.5488
vn -0.6653 0.7357 -0.1267
vn -0.7390 0.6737 0.0017
vn 0.6999 0.6023 0.3840
vn 0.4598 0.5446 -0.7014
vn -0.9856 -0.1673 0.0251
vn -0.9782 0.1013 0.1812
vn -0.9136 0.0268 0.4058
vn -0.8529 0.0291 0.5213
vn -0.6908 0.0649 0.7201
vn -0.3797 -0.1869 0.9060
vn -0.1844 0.0867 0.9790
vn 0.0250 0.0243 0.9994
vn 0.1541 0.0292 0.9876
vn 0.4273 0.0292 0.9036
vn 0.5149 0.0386 0.8564
vn 0.7220 0.0724 0.6881
vn 0.9142 -0.1921 0.3569
vn 0.9742 0.1006 0.2020
vn 0.9992 0.0296 -0.0261
vn 0.9848 0.0463 -0.1677
vn 0.9136 0.0267 -0.4056
vn 0.8529 0.0291 -0.5213
vn 0.6951 0.0619 -0.7162
vn 0.3732 -0.1909 -0.9079
vn 0.1844 0.0868 -0.9790
vn -0.0250 0.0243 -0.9994
vn -0.1679 0.0468 -0.9847
vn -0.4058 0.0269 -0.9136
vn -0.5213 0.0292 -0.8529
vn -0.7200 0.0648 -0.6909
vn -0.9175 0.0876 -0.3879
vn -0.9795 0.0648 -0.1907
vn -0.5419 -0.2389 0.8058
vn 0.7977 -0.2531 0.5474
vn 0.5384 -0.2730 -0.7972
vn -0.8102 -0.2430 -0.5334
vn -0.9726 -0.2323 -0.0045
vn -0.7737 -0.5900 0.2308
vn -0.6298 -0.5875 0.5081
vn -0.0827 -0.5896 0.8035
vn 0.2326 -0.5863 0.7760
vn 0.5081 -0.5876 0.6298
vn 0.8034 -0.5896 0.0827
vn 0.7759 -0.5864 -0.2327
vn 0.6298 -0.5875 -0.5081
vn 0.0827 -0.5896 -0.8035
vn -0.2302 -0.5839 -0.7785
vn -0.5094 -0.5829 -0.6331
vn -0.7732 -0.5862 -0.2419
vn -0.5224 -0.8523 0.0262
vn -0.4839 -0.8631 0.1446
vn -0.3854 -0.8665 0.3173
vn -0.2415 -0.8540 0.4608
vn -0.0550 -0.8652 0.4984
vn 0.1429 -0.8662 0.4788
vn 0.3173 -0.8665 0.3853
vn 0.4609 -0.8539 0.2416
vn 0.4983 -0.8652 0.0550
vn 0.4789 -0.8661 -0.1429
vn 0.3853 -0.8665 -0.3173
vn 0.2415 -0.8540 -0.4609
vn 0.0556 -0.8647 -0.4991
vn -0.1352 -0.8680 -0.4777
vn -0.2664 -0.8657 -0.4239
vn -0.4015 -0.8604 -0.3138
vn -0.4738 -0.8663 -0.1581
vn -0.5222 -0.8528 -0.0100
vn -0.8035 -0.5939 0.0406
vn -0.7400 -0.5914 0.3204
vn -0.4612 -0.5858 0.6665
vn -0.0810 -0.6054 0.7918
vn 0.3141 -0.6016 0.7344
vn 0.6665 -0.5858 0.4611
vn 0.7918 -0.6054 0.0809
vn 0.7344 -0.6017 -0.3142
vn 0.4612 -0.5858 -0.6665
vn 0.0898 -0.6063 -0.7902
vn -0.2598 -0.5781 -0.7735
vn -0.5645 -0.5904 -0.5769
vn -0.7792 -0.5782 -0.2419
vn -0.8094 -0.5861 -0.0359
vn -0.8110 0.5306 0.2464
vn -0.6357 0.5601 0.5312
vn -0.3121 0.5579 0.7690
vn 0.1453 0.5679 0.8101
vn 0.5289 0.5710 0.6279
vn 0.7690 0.5579 0.3121
vn 0.8102 0.5679 -0.1452
vn 0.6278 0.5709 -0.5290
vn 0.3121 0.5579 -0.7690
vn -0.1542 0.5593 -0.8145
vn -0.5216 0.5487 -0.6533
vn -0.7602 0.5566 -0.3352
vn -0.8500 0.5248 -0.0466
vn -0.8472 0.5300 0.0372
vn -0.5613 0.8273 0.0221
vn -0.5973 0.7786 0.1924
vn -0.4792 0.7785 0.4053
vn -0.2969 0.7764 0.5559
vn 0.0060 0.8523 0.5230
vn 0.2903 0.8537 0.4324
vn 0.5543 0.7787 0.2939
vn 0.5230 0.8523 -0.0060
vn 0.4324 0.8537 -0.2903
vn 0.2940 0.7787 -0.5543
vn -0.0060 0.8523 -0.5230
vn -0.2863 0.8535 -0.4355
vn -0.5227 0.7933 -0.3121
vn -0.6073 0.7905 -0.0790
vn -0.0742 0.7276 0.6819
vn 0.1994 0.7340 0.6492
vn 0.4446 0.7278 0.5221
vn 0.6819 0.7276 0.0742
vn 0.6491 0.7341 -0.1994
vn 0.5221 0.7278 -0.4446
vn 0.0742 0.7276 -0.6819
vn -0.1994 0.7341 -0.6492
vn -0.4446 0.7259 -0.5247
vn -0.6639 0.7245 -0.1852
vn -0.7746 0.6325 0.0028
vn -0.8342 0.5246 0.1698
vn -0.7465 0.5228 0.4115
vn -0.6110 0.5185 0.5982
vn -0.3931 0.5277 0.7530
vn -0.1909 0.5079 0.8400
vn 0.0949 0.5128 0.8533
vn 0.4069 0.5132 0.7557
vn 0.6045 0.5081 0.6135
vn 0.7550 0.5257 0.3919
vn 0.8400 0.5078 0.1910
vn 0.8533 0.5127 -0.0949
vn 0.7557 0.5132 -0.4069
vn 0.6135 0.5081 -0.6045
vn 0.3919 0.5257 -0.7550
vn 0.1909 0.5079 -0.8400
vn -0.0949 0.5128 -0.8533
vn -0.4069 0.5132 -0.7557
vn -0.6045 0.5081 -0.6135
vn -0.7508 0.5191 -0.4085
vn -0.8401 0.5166 -0.1655
vn -0.8458 0.5335 0.0025
vn -0.9643 0.2638 0.0240
vn -0.9375 0.2147 0.2737
vn -0.7938 0.2348 0.5610
vn -0.6307 0.2243 0.7429
vn -0.3515 0.2367 0.9058
vn -0.0850 0.2274 0.9701
vn 0.2630 0.2218 0.9389
vn 0.5610 0.2346 0.7939
vn 0.7429 0.2242 0.6307
vn 0.9058 0.2367 0.3515
vn 0.9701 0.2273 0.0850
vn 0.9390 0.2217 -0.2630
vn 0.7938 0.2348 -0.5610
vn 0.6307 0.2243 -0.7429
vn 0.3515 0.2367 -0.9058
vn 0.0850 0.2274 -0.9701
vn -0.2630 0.2217 -0.9390
vn -0.5610 0.2346 -0.7939
vn -0.7490 0.2245 -0.6234
vn -0.9353 0.2181 -0.2785
vn -0.9771 0.2109 -0.0288
vn -0.9984 -0.0564 0.0019
vn -0.9709 -0.1439 0.1912
vn -0.8788 0.0028 0.4772
vn -0.7049 -0.1430 0.6948
vn -0.4563 -0.0079 0.8898
vn -0.0978 0.0016 0.9952
vn 0.1930 -0.1390 0.9713
vn 0.4772 0.0028 0.8788
vn 0.6948 -0.1432 0.7048
vn 0.8898 -0.0079 0.4563
vn 0.9952 0.0016 0.0977
vn 0.9713 -0.1390 -0.1928
vn 0.8788 0.0028 -0.4772
vn 0.7049 -0.1430 -0.6948
vn 0.4563 -0.0079 -0.8898
vn 0.0977 0.0016 -0.9952
vn -0.1929 -0.1391 -0.9713
vn -0.4772 0.0028 -0.8788
vn -0.6948 -0.1432 -0.7048
vn -0.8819 0.0066 -0.4715
vn -0.9711 -0.1363 -0.1958
vn -0.9930 -0.1175 -0.0095
vn -0.8564 -0.2420 0.4561
vn -0.4442 -0.2232 0.8677
vn -0.1139 -0.2232 0.9681
vn 0.4562 -0.2421 0.8563
vn 0.8677 -0.2232 0.4442
vn 0.9681 -0.2230 0.1138
vn 0.8564 -0.2420 -0.4561
vn 0.4442 -0.2232 -0.8677
vn 0.1139 -0.2232 -0.9681
vn -0.4562 -0.2421 -0.8563
vn -0.8575 -0.2328 -0.4587
vn -0.8822 -0.4709 0.0035
vn -0.8728 -0.4421 0.2070
vn -0.7830 -0.4523 0.4270
vn -0.5673 -0.4595 0.6834
vn -0.2585 -0.4659 0.8462
vn 0.0963 -0.4639 0.8807
vn 0.4101 -0.4594 0.7879
vn 0.6834 -0.4595 0.5673
vn 0.8463 -0.4659 0.2584
vn 0.8807 -0.4639 -0.0963
vn 0.7879 -0.4593 -0.4103
vn 0.5673 -0.4595 -0.6834
vn 0.2585 -0.4659 -0.8462
vn -0.0963 -0.4639 -0.8807
vn -0.4101 -0.4594 -0.7879
vn -0.6834 -0.4595 -0.5673
vn -0.8465 -0.4654 -0.2584
vn -0.8892 -0.4568 -0.0245
vn -0.7095 -0.6793 0.1877
vn -0.5874 -0.6666 0.4590
vn -0.4008 -0.7304 0.5530
vn -0.2249 -0.6618 0.7152
vn 0.0821 -0.6604 0.7464
vn 0.2835 -0.7334 0.6179
vn 0.4743 -0.6617 0.5807
vn 0.5460 -0.7347 0.4026
vn 0.7152 -0.6618 0.2249
vn 0.7464 -0.6604 -0.0821
vn 0.6179 -0.7334 -0.2835
vn 0.5807 -0.6617 -0.4743
vn 0.4026 -0.7347 -0.5460
vn 0.2249 -0.6618 -0.7152
vn -0.0821 -0.6604 -0.7464
vn -0.2835 -0.7334 -0.6179
vn -0.4743 -0.6617 -0.5807
vn -0.5465 -0.7313 -0.4081
vn -0.7201 -0.6579 -0.2202
vn -0.6733 -0.7391 -0.0228
vn -0.5597 -0.8264 0.0606
vn -0.4817 -0.8378 0.2570
vn -0.0592 -0.8153 0.5760
vn 0.5760 -0.8153 0.0592
vn 0.0592 -0.8153 -0.5760
vn -0.4780 -0.8696 -0.1237
vn -0.2713 -0.8877 0.3721
vn -0.0671 -0.9119 0.4049
vn 0.1826 -0.8909 0.4159
vn 0.3695 -0.8858 0.2808
vn 0.4049 -0.9119 0.0672
vn 0.4158 -0.8909 -0.1825
vn 0.2808 -0.8858 -0.3694
vn 0.0671 -0.9119 -0.4049
vn -0.1826 -0.8909 -0.4159
vn -0.3483 -0.8920 -0.2880
vn -0.2736 -0.9567 0.0996
vn -0.2802 -0.9594 -0.0337
vn -0.2031 -0.9791 -0.0088
vn -0.1185 -0.9741 0.1927
vn -0.1017 -0.9933 0.0548
vn -0.1046 -0.9928 0.0575
vn -0.5106 -0.8266 -0.2366
vn -0.5284 -0.8266 0.1936
vn -0.2370 -0.8268 0.5101
vn 0.1937 -0.8266 0.5285
vn 0.5106 -0.8266 0.2366
vn 0.5284 -0.8266 -0.1936
vn -0.1086 -0.9937 -0.0278
vt 0.000000 1.000000
vt -0.000000 0.997550
vt 0.031250 0.999950
vt 0.031250 1.000000
vt 0.062500 0.999950
vt 0.062500 1.000000
vt 0.093750 0.999950
vt 0.093750 1.000000
vt 0.125000 0.999950
vt 0.125000 1.000000
vt 0.152387 0.999830
vt 0.156250 1.000000
vt 0.187500 0.999950
vt 0.187500 1.000000
vt 0.218750 0.999950
vt 0.218750 1.000000
vt 0.250000 0.999950
vt 0.250000 1.000000
vt 0.291159 0.999832
vt 0.281250 1.000000
vt 0.312500 0.999950
vt 0.312500 1.000000
vt 0.343750 0.999950
vt 0.343750 1.000000
vt 0.375000 0.999950
vt 0.375000 1.000000
vt 0.417356 0.999832
vt 0.406250 1.000000
vt 0.437500 0.999950
vt 0.437500 1.000000
vt 0.468750 0.999950
vt 0.468750 1.000000
vt 0.500000 0.999950
vt 0.500000 1.000000
vt 0.531250 0.999950
vt 0.531250 1.000000
vt 0.571846 0.999830
vt 0.562500 1.000000
vt 0.593750 0.999950
vt 0.593750 1.000000
vt 0.625000 0.999950
vt 0.625000 1.000000
vt 0.656250 0.999950
vt 0.656250 1.000000
vt 0.687500 0.999950
vt 0.687500 1.000000
vt 0.728724 0.999832
vt 0.718750 1.000000
vt 0.750000 0.999950
vt 0.750000 1.000000
vt 0.781250 0.999950
vt 0.781250 1.000000
vt 0.812500 0.999950
vt 0.812500 1.000000
vt 0.843750 0.999950
vt 0.843750 1.000000
vt 0.869823 0.999831
vt 0.875000 1.000000
vt 0.906250 0.999950
vt 0.906250 1.000000
vt 0.937500 0.999950
vt 0.937500 1.000000
vt 0.968750 0.999950
vt 1.000000 0.997550
vt 0.968751 1.000000
vt 0.031250 0.997550
vt 0.062500 0.997550
vt 0.093750 0.997550
vt 0.125000 0.997550
vt 0.156250 0.997550
vt 0.187500 0.997550
vt 0.218750 0.997550
vt 0.250000 0.997550
vt 0.281250 0.997550
vt 0.312500 0.997550
vt 0.343750 0.997550
vt 0.375000 0.997550
vt 0.406250 0.997550
vt 0.437500 0.997550
vt 0.468750 0.997550
vt 0.500000 0.997550
vt 0.531250 0.997550
vt 0.562500 0.997550
vt 0.593750 0.997550
vt 0.625000 0.997550
vt 0.656250 0.997550
vt 0.687500 0.997550
vt 0.718750 0.997550
vt 0.750000 0.997550
vt 0.781250 0.997550
vt 0.812500 0.997550
vt 0.843750 0.997550
vt 0.875000 0.997550
vt 0.906250 0.997550
vt 0.937500 0.997550
vt 0.968750 0.997550
vt 1.000000 0.500000
vt 1.000000 0.000000
vt 0.955971 0.000000
vt 0.968750 0.500000
vt 0.919031 0.500000
vt 0.893484 0.000000
vt 0.856516 0.500000
vt 0.830969 0.000000
vt 0.794029 0.500000
vt 0.768468 0.000000
vt 0.731532 0.500000
vt 0.705971 0.000000
vt 0.669031 0.500000
vt 0.643484 0.000000
vt 0.606516 0.500000
vt 0.580969 0.000000
vt 0.544029 0.500000
vt 0.518468 0.000000
vt 0.481532 0.500000
vt 0.455971 0.000000
vt 0.419031 0.500000
vt 0.393484 0.000000
vt 0.356516 0.500000
vt 0.330969 0.000000
vt 0.294029 0.500000
vt 0.268468 0.000000
vt 0.231532 0.500000
vt 0.205971 0.000000
vt 0.169031 0.500000
vt 0.143484 0.000000
vt 0.106516 0.500000
vt 0.080969 0.000000
vt 0.044029 0.500000
vt 0.031250 0.000000
vt 0.000000 0.000000
vt 0.000000 0.500000
vt 0.203180 0.514610
vt 0.296820 0.514610
vt 0.250000 0.510000
vt 0.158160 0.528270
vt 0.341840 0.528270
vt 0.116660 0.550450
vt 0.383340 0.550450
vt 0.080290 0.580290
vt 0.419710 0.580290
vt 0.050450 0.616660
vt 0.449550 0.616660
vt 0.028270 0.658160
vt 0.471730 0.658160
vt 0.014610 0.703180
vt 0.485390 0.703180
vt 0.010000 0.750000
vt 0.490000 0.750000
vt 0.014610 0.796820
vt 0.485390 0.796820
vt 0.028270 0.841840
vt 0.471730 0.841840
vt 0.050450 0.883340
vt 0.449550 0.883340
vt 0.080290 0.919710
vt 0.419710 0.919710
vt 0.116660 0.949550
vt 0.383340 0.949550
vt 0.158160 0.971730
vt 0.341840 0.971730
vt 0.203180 0.985390
vt 0.296820 0.985390
vt 0.250000 0.990000
vt 0.796820 0.514610
vt 0.703180 0.514610
vt 0.750000 0.510000
vt 0.841840 0.528270
vt 0.658160 0.528270
vt 0.883340 0.550450
vt 0.616660 0.550450
vt 0.919710 0.580290
vt 0.580290 0.580290
vt 0.949550 0.616660
vt 0.550450 0.616660
vt 0.971730 0.658160
vt 0.528270 0.658160
vt 0.985390 0.703180
vt 0.514610 0.703180
vt 0.990000 0.750000
vt 0.510000 0.750000
vt 0.985390 0.796820
vt 0.514610 0.796820
vt 0.971730 0.841840
vt 0.528270 0.841840
vt 0.949550 0.883340
vt 0.550450 0.883340
vt 0.919710 0.919710
vt 0.580290 0.919710
vt 0.883340 0.949550
vt 0.616660 0.949550
vt 0.841840 0.971730
vt 0.658160 0.971730
vt 0.796820 0.985390
vt 0.703180 0.985390
vt 0.750000 0.990000
vt 0.538551 0.181495
vt 0.484863 0.179867
vt 0.531250 0.178870
vt 0.913586 0.181491
vt 0.859357 0.179867
vt 0.906250 0.178870
vt 0.288551 0.181495
vt 0.234863 0.179867
vt 0.281250 0.178870
vt 0.788551 0.181495
vt 0.734863 0.179867
vt 0.781250 0.178870
vt 0.413586 0.181491
vt 0.359357 0.179867
vt 0.406250 0.178870
vt 0.663586 0.181491
vt 0.609357 0.179867
vt 0.656250 0.178870
vt 0.031250 0.997550
vt 0.079271 0.994466
vt 0.141756 0.994467
vt 0.204248 0.994471
vt 0.266795 0.994473
vt 0.329271 0.994466
vt 0.391756 0.994467
vt 0.454248 0.994471
vt 0.516795 0.994473
vt 0.579271 0.994466
vt 0.641756 0.994467
vt 0.704247 0.994471
vt 0.766795 0.994473
vt 0.829271 0.994466
vt 0.891756 0.994467
vt 0.954248 0.994471
vt 1.000000 0.997550
vt 0.000000 0.997550
vt 0.000000 0.991708
vt 0.031250 0.993976
vt 1.000000 0.992127
vt 0.031250 0.985256
vt 0.062500 0.985242
vt 0.093750 0.985246
vt 0.125000 0.985219
vt 0.156250 0.985247
vt 0.187500 0.985241
vt 0.218750 0.985252
vt 0.250000 0.985241
vt 0.281250 0.985256
vt 0.312500 0.985242
vt 0.343750 0.985246
vt 0.375000 0.985219
vt 0.406250 0.985247
vt 0.437500 0.985241
vt 0.468750 0.985252
vt 0.500000 0.985241
vt 0.531250 0.985256
vt 0.562500 0.985242
vt 0.593750 0.985246
vt 0.625000 0.985219
vt 0.656250 0.985247
vt 0.687500 0.985241
vt 0.718750 0.985252
vt 0.750000 0.985241
vt 0.781250 0.985256
vt 0.812500 0.985242
vt 0.843750 0.985246
vt 0.875000 0.985219
vt 0.906250 0.985247
vt 0.937500 0.985241
vt 0.968750 0.985252
vt 0.000000 0.983879
vt 1.000000 0.984128
vt 0.000000 0.948983
vt 0.031250 0.948883
vt 0.062500 0.951171
vt 0.093750 0.951210
vt 0.125000 0.951159
vt 0.156250 0.951209
vt 0.187500 0.951169
vt 0.218750 0.951160
vt 0.250000 0.951167
vt 0.281250 0.951161
vt 0.312500 0.951171
vt 0.343750 0.951210
vt 0.375000 0.951159
vt 0.406250 0.951209
vt 0.437500 0.951169
vt 0.468750 0.951160
vt 0.500000 0.951167
vt 0.531250 0.951161
vt 0.562500 0.951171
vt 0.593750 0.951210
vt 0.625000 0.951159
vt 0.656250 0.951209
vt 0.687500 0.951169
vt 0.718750 0.951160
vt 0.750000 0.951167
vt 0.781250 0.951161
vt 0.812500 0.951171
vt 0.843750 0.951210
vt 0.875000 0.951159
vt 0.906250 0.951209
vt 0.937500 0.951169
vt 0.968750 0.951160
vt 1.000000 0.948889
vt 0.077395 0.945872
vt 0.139890 0.945870
vt 0.202400 0.945872
vt 0.264915 0.945867
vt 0.327395 0.945872
vt 0.389890 0.945870
vt 0.452372 0.945873
vt 0.514882 0.945869
vt 0.577390 0.945872
vt 0.639890 0.945870
vt 0.702400 0.945872
vt 0.764915 0.945867
vt 0.827395 0.945872
vt 0.889890 0.945870
vt 0.952400 0.945872
vt 0.000000 0.937391
vt 0.055373 0.938258
vt 0.110500 0.939818
vt 0.156250 0.937653
vt 0.211508 0.938267
vt 0.274034 0.938263
vt 0.336486 0.938258
vt 0.399026 0.938263
vt 0.461597 0.938265
vt 0.524123 0.938261
vt 0.562500 0.937652
vt 0.617857 0.938262
vt 0.656250 0.937648
vt 0.711597 0.938265
vt 0.774123 0.938261
vt 0.812500 0.937652
vt 0.867857 0.938262
vt 0.906250 0.937648
vt 0.961597 0.938265
vt 1.000000 0.937506
vt 0.031250 0.936759
vt 0.110589 0.936735
vt 0.187500 0.936726
vt 0.250000 0.936735
vt 0.312500 0.936729
vt 0.375000 0.936728
vt 0.437500 0.936752
vt 0.500000 0.936761
vt 0.593750 0.936740
vt 0.687500 0.936752
vt 0.750000 0.936761
vt 0.843750 0.936740
vt 0.937500 0.936752
vt 0.000000 0.931344
vt 0.031250 0.931404
vt 0.062500 0.931421
vt 0.093750 0.931413
vt 0.125000 0.931411
vt 0.156250 0.931408
vt 0.187500 0.931421
vt 0.218750 0.931408
vt 0.250000 0.931407
vt 0.281250 0.931404
vt 0.312500 0.931421
vt 0.343750 0.931413
vt 0.375000 0.931411
vt 0.406250 0.931409
vt 0.437500 0.931421
vt 0.468750 0.931408
vt 0.500000 0.931407
vt 0.531250 0.931404
vt 0.562500 0.931421
vt 0.593750 0.931413
vt 0.625000 0.931411
vt 0.656250 0.931409
vt 0.687500 0.931421
vt 0.718750 0.931408
vt 0.750000 0.931407
vt 0.781250 0.931404
vt 0.812500 0.931421
vt 0.843750 0.931413
vt 0.875000 0.931411
vt 0.906250 0.931408
vt 0.937500 0.931421
vt 0.968750 0.931408
vt 1.000000 0.931679
vt 0.000000 0.910437
vt 0.031250 0.916467
vt 0.062500 0.916481
vt 0.093750 0.916460
vt 0.125000 0.916477
vt 0.156250 0.916461
vt 0.187500 0.916482
vt 0.218750 0.916474
vt 0.250000 0.916504
vt 0.281250 0.916467
vt 0.312500 0.916481
vt 0.343750 0.916460
vt 0.375000 0.916483
vt 0.406250 0.916464
vt 0.437500 0.916482
vt 0.468750 0.916474
vt 0.500000 0.916504
vt 0.531250 0.916467
vt 0.562500 0.916481
vt 0.593750 0.916460
vt 0.625000 0.916483
vt 0.656250 0.916464
vt 0.687500 0.916482
vt 0.718750 0.916474
vt 0.750000 0.916504
vt 0.781250 0.916467
vt 0.812500 0.916481
vt 0.843750 0.916460
vt 0.875000 0.916477
vt 0.906250 0.916461
vt 0.937500 0.916482
vt 0.968750 0.916474
vt 1.000000 0.916699
vt 0.031250 0.896517
vt 0.062500 0.896489
vt 0.093750 0.896501
vt 0.125000 0.896532
vt 0.156250 0.896490
vt 0.187500 0.896497
vt 0.218750 0.896510
vt 0.250000 0.896530
vt 0.281250 0.896516
vt 0.312500 0.896489
vt 0.343750 0.896501
vt 0.375000 0.896532
vt 0.406250 0.896490
vt 0.437500 0.896497
vt 0.468750 0.896510
vt 0.500000 0.896530
vt 0.531250 0.896517
vt 0.562500 0.896489
vt 0.593750 0.896501
vt 0.625000 0.896532
vt 0.656250 0.896490
vt 0.687500 0.896497
vt 0.718750 0.896510
vt 0.750000 0.896530
vt 0.781250 0.896516
vt 0.812500 0.896489
vt 0.843750 0.896501
vt 0.875000 0.896532
vt 0.906250 0.896490
vt 0.937500 0.896497
vt 0.968750 0.896510
vt 1.000000 0.897041
vt 0.000000 0.882918
vt 0.031250 0.868179
vt 0.062500 0.868132
vt 0.093750 0.868128
vt 0.125000 0.868154
vt 0.156250 0.868129
vt 0.187500 0.868118
vt 0.218750 0.868186
vt 0.250000 0.868170
vt 0.281250 0.868179
vt 0.312500 0.868132
vt 0.343750 0.868128
vt 0.375000 0.868154
vt 0.406250 0.868129
vt 0.437500 0.868118
vt 0.468750 0.868186
vt 0.500000 0.868170
vt 0.531250 0.868179
vt 0.562500 0.868132
vt 0.593750 0.868128
vt 0.625000 0.868154
vt 0.656250 0.868129
vt 0.687500 0.868118
vt 0.718750 0.868186
vt 0.750000 0.868170
vt 0.781250 0.868179
vt 0.812500 0.868132
vt 0.843750 0.868128
vt 0.875000 0.868154
vt 0.906250 0.868129
vt 0.937500 0.868118
vt 0.968750 0.868186
vt 1.000000 0.869089
vt 0.000000 0.855918
vt 0.031250 0.841382
vt 0.062500 0.841417
vt 0.093750 0.841495
vt 0.125000 0.841362
vt 0.156250 0.841504
vt 0.187500 0.841388
vt 0.218750 0.841345
vt 0.250000 0.841432
vt 0.281250 0.841382
vt 0.312500 0.841417
vt 0.343750 0.841495
vt 0.375000 0.841362
vt 0.406250 0.841504
vt 0.437500 0.841391
vt 0.468750 0.841365
vt 0.500000 0.841435
vt 0.531250 0.841382
vt 0.562500 0.841417
vt 0.593750 0.841495
vt 0.625000 0.841362
vt 0.656250 0.841504
vt 0.687500 0.841391
vt 0.718750 0.841365
vt 0.750000 0.841434
vt 0.781250 0.841363
vt 0.812500 0.841409
vt 0.843750 0.841495
vt 0.875000 0.841362
vt 0.906250 0.841504
vt 0.937500 0.841391
vt 0.968750 0.841365
vt 1.000000 0.841852
vt 0.000000 0.796980
vt 0.031250 0.803332
vt 0.062500 0.796874
vt 0.093750 0.803375
vt 0.125000 0.796915
vt 0.156250 0.803390
vt 0.187500 0.796883
vt 0.234667 0.803340
vt 0.281250 0.803332
vt 0.312500 0.796874
vt 0.343750 0.803375
vt 0.375000 0.796918
vt 0.406250 0.803293
vt 0.437500 0.796882
vt 0.484667 0.803340
vt 0.531250 0.803332
vt 0.562500 0.796878
vt 0.593750 0.803279
vt 0.625000 0.796914
vt 0.656250 0.803390
vt 0.687500 0.796883
vt 0.734667 0.803340
vt 0.781250 0.803332
vt 0.812500 0.796874
vt 0.843750 0.803375
vt 0.875000 0.796915
vt 0.906250 0.803390
vt 0.937500 0.796883
vt 0.968750 0.803331
vt 1.000000 0.803838
vt 0.031250 0.779496
vt 0.093750 0.779520
vt 0.156250 0.779522
vt 0.218750 0.779484
vt 0.250000 0.779532
vt 0.281250 0.779496
vt 0.343750 0.779520
vt 0.406250 0.779514
vt 0.468750 0.779484
vt 0.500000 0.779532
vt 0.531250 0.779496
vt 0.593750 0.779512
vt 0.656250 0.779522
vt 0.718750 0.779484
vt 0.750000 0.779532
vt 0.781250 0.779496
vt 0.843750 0.779520
vt 0.906250 0.779522
vt 0.968750 0.779484
vt 1.000000 0.779695
vt 0.000000 0.776458
vt 0.062500 0.777944
vt 0.125000 0.778013
vt 0.187500 0.777928
vt 0.312500 0.777944
vt 0.375000 0.778013
vt 0.437500 0.777928
vt 0.562500 0.777944
vt 0.625000 0.778013
vt 0.687500 0.777928
vt 0.812500 0.777944
vt 0.875000 0.778013
vt 0.937500 0.777928
vt 0.062500 0.743906
vt 0.125000 0.746077
vt 0.187500 0.746092
vt 0.312500 0.746099
vt 0.375000 0.746077
vt 0.437500 0.746092
vt 0.562500 0.746099
vt 0.625000 0.746077
vt 0.687500 0.746092
vt 0.812500 0.746099
vt 0.875000 0.746077
vt 0.937500 0.746092
vt -0.000059 0.743269
vt 0.031250 0.744152
vt 0.093750 0.745963
vt 0.156250 0.745955
vt 0.219209 0.743432
vt 0.250000 0.743806
vt 0.281250 0.745964
vt 0.343750 0.745963
vt 0.406250 0.745955
vt 0.468750 0.745956
vt 0.500000 0.745946
vt 0.531250 0.745964
vt 0.593750 0.745963
vt 0.656250 0.745955
vt 0.718750 0.745956
vt 0.750000 0.745946
vt 0.781250 0.745964
vt 0.843750 0.745963
vt 0.906250 0.745955
vt 0.968041 0.743481
vt 1.000000 0.743647
vt 0.107835 0.742309
vt 0.170359 0.742308
vt 0.295363 0.742306
vt 0.357882 0.742311
vt 0.420314 0.742308
vt 0.482838 0.742303
vt 0.545365 0.742307
vt 0.607835 0.742309
vt 0.670359 0.742308
vt 0.732838 0.742303
vt 0.795363 0.742306
vt 0.857882 0.742311
vt 0.920314 0.742308
vt 0.000000 0.739740
vt 0.083313 0.741474
vt 0.295694 0.741549
vt 0.431967 0.741022
vt 0.514498 0.740105
vt 0.612023 0.741249
vt 0.702054 0.740968
vt 0.764498 0.740105
vt 0.862023 0.741249
vt 0.949044 0.741327
vt 1.000000 0.740162
vt 0.167720 0.738359
vt 0.236459 0.739399
vt 0.048236 0.735883
vt 0.110650 0.738327
vt 0.298236 0.735883
vt 0.360650 0.738327
vt 0.203921 0.733837
vt 0.406250 0.726331
vt 0.453921 0.733837
vt 0.562500 0.726329
vt 0.610650 0.738327
vt 0.656250 0.726331
vt 0.703921 0.733837
vt 0.812500 0.726329
vt 0.860650 0.738327
vt 0.922785 0.733837
vt 0.000000 0.714406
vt 0.046727 0.721298
vt 0.110011 0.726516
vt 0.266182 0.726560
vt 0.360011 0.726516
vt 0.516182 0.726560
vt 0.610011 0.726516
vt 0.766182 0.726560
vt 0.860011 0.726516
vt 0.968750 0.716274
vt 1.000000 0.716890
vt 0.156250 0.715983
vt 0.203609 0.715961
vt 0.312500 0.715947
vt 0.453609 0.715961
vt 0.703609 0.715961
vt 0.922343 0.715967
vt 0.045493 0.692195
vt 0.109672 0.701202
vt 0.266081 0.701136
vt 0.359672 0.701202
vt 0.516081 0.701136
vt 0.609672 0.701202
vt 0.766081 0.701136
vt 0.859672 0.701202
vt 0.172173 0.681512
vt 0.232642 0.670416
vt 0.300856 0.666176
vt 0.422173 0.681512
vt 0.482642 0.670416
vt 0.550856 0.666176
vt 0.672173 0.681512
vt 0.732642 0.670416
vt 0.800856 0.666176
vt 0.922173 0.681512
vt 0.000000 0.654726
vt 0.039972 0.651843
vt 0.109644 0.656541
vt 0.359644 0.656541
vt 0.609644 0.656541
vt 0.859644 0.656541
vt 0.999056 0.657671
vt 0.192884 0.633761
vt 0.442884 0.633761
vt 0.692884 0.633761
vt 0.921935 0.640330
vt 0.000000 0.584991
vt 0.047065 0.587322
vt 0.109585 0.587575
vt 0.179248 0.584384
vt 0.265811 0.587248
vt 0.312500 0.587420
vt 0.359585 0.587575
vt 0.429248 0.584384
vt 0.515811 0.587248
vt 0.562500 0.587420
vt 0.609585 0.587575
vt 0.679248 0.584384
vt 0.765811 0.587248
vt 0.812500 0.587420
vt 0.859585 0.587575
vt 0.922119 0.587477
vt 0.998115 0.589208
vt -0.000010 0.513706
vt 0.044943 0.513817
vt 0.122791 0.513783
vt 0.201019 0.513757
vt 0.263429 0.513755
vt 0.326250 0.513815
vt 0.388458 0.513755
vt 0.451019 0.513757
vt 0.513429 0.513755
vt 0.576076 0.513756
vt 0.638458 0.513755
vt 0.715949 0.513798
vt 0.794766 0.513757
vt 0.872791 0.513783
vt 0.951019 0.513757
vt 0.999976 0.513817
vt 0.295586 0.512407
vt 0.667188 0.512536
vt 0.134219 0.512424
vt 0.427575 0.512488
vt 0.543480 0.512487
vt 0.848378 0.512380
vt 0.495058 0.512249
vt 0.720577 0.511896
vt 1.000054 0.512012
vt -0.000046 0.509736
vt 0.114376 0.511867
vt 0.219856 0.511902
vt 0.366086 0.511934
vt 0.576838 0.511829
vt 0.864616 0.511918
vt 0.037149 0.508634
vt 0.292938 0.511478
vt 0.416332 0.510149
vt 0.472990 0.509158
vt 0.531250 0.509221
vt 0.651070 0.510043
vt 0.787150 0.508634
vt 0.943399 0.508630
vt 0.156250 0.507199
vt 0.906250 0.507199
vt 0.500000 0.507777
vt 0.062500 0.507056
vt 0.109553 0.507059
vt 0.203348 0.507062
vt 0.250000 0.507053
vt 0.297772 0.506624
vt 0.359553 0.507059
vt 0.562500 0.507052
vt 0.609553 0.507059
vt 0.703348 0.507062
vt 0.750000 0.507050
vt 0.812500 0.507056
vt 0.859553 0.507059
vt 0.968750 0.507067
vt 1.000000 0.505666
vt 0.420661 0.503816
vt 0.656250 0.501846
vt 0.000000 0.489604
vt 0.031250 0.491475
vt 0.062500 0.491490
vt 0.093750 0.491478
vt 0.125000 0.491478
vt 0.187500 0.489686
vt 0.218750 0.491473
vt 0.250000 0.491468
vt 0.281250 0.491475
vt 0.312500 0.491490
vt 0.343750 0.491478
vt 0.375000 0.491478
vt 0.437500 0.489686
vt 0.468750 0.491473
vt 0.500000 0.491468
vt 0.531250 0.491475
vt 0.562500 0.491490
vt 0.593750 0.491478
vt 0.625000 0.491478
vt 0.687500 0.489686
vt 0.718750 0.491473
vt 0.750000 0.491468
vt 0.781250 0.491475
vt 0.812500 0.491490
vt 0.843750 0.491478
vt 0.875000 0.491478
vt 0.937500 0.491485
vt 0.968750 0.491473
vt 0.156250 0.488475
vt 0.406250 0.488475
vt 0.656250 0.488475
vt 0.906250 0.488475
vt 1.000000 0.488779
vt 0.046244 0.484261
vt 0.108806 0.484250
vt 0.233721 0.484264
vt 0.296244 0.484261
vt 0.358806 0.484250
vt 0.483721 0.484264
vt 0.546244 0.484261
vt 0.608806 0.484250
vt 0.733721 0.484264
vt 0.796244 0.484261
vt 0.858806 0.484250
vt 0.952459 0.484258
vt 0.000000 0.470938
vt 0.046838 0.471345
vt 0.110472 0.471049
vt 0.171815 0.471354
vt 0.234348 0.471329
vt 0.296842 0.471346
vt 0.360486 0.471053
vt 0.421815 0.471354
vt 0.484348 0.471329
vt 0.546838 0.471345
vt 0.610477 0.471049
vt 0.671827 0.471359
vt 0.734348 0.471329
vt 0.796838 0.471345
vt 0.843750 0.471362
vt 0.889592 0.471042
vt 0.953085 0.471357
vt 1.000000 0.471814
vt 0.000000 0.441183
vt 0.063983 0.441197
vt 0.157738 0.441197
vt 0.235429 0.441194
vt 0.313983 0.441197
vt 0.407738 0.441197
vt 0.485429 0.441194
vt 0.563983 0.441197
vt 0.657738 0.441197
vt 0.735430 0.441194
vt 0.797907 0.441193
vt 0.876397 0.441200
vt 0.953766 0.441193
vt 1.000000 0.441199
vt 0.046099 0.430564
vt 0.108303 0.430553
vt 0.185729 0.430554
vt 0.279554 0.430562
vt 0.358303 0.430553
vt 0.435729 0.430554
vt 0.529554 0.430562
vt 0.608303 0.430553
vt 0.685729 0.430554
vt 0.779554 0.430562
vt 0.858303 0.430553
vt 0.935729 0.430554
vt 1.000000 0.430699
vt 0.000000 0.430672
vt 0.000000 0.412011
vt 0.047389 0.406078
vt 0.109797 0.406053
vt 0.172353 0.406067
vt 0.250843 0.415199
vt 0.344552 0.415227
vt 0.422353 0.406067
vt 0.500843 0.415199
vt 0.594552 0.415227
vt 0.672353 0.406067
vt 0.750843 0.415199
vt 0.844552 0.415227
vt 0.914250 0.407754
vt 0.999914 0.408565
vt 0.234814 0.400397
vt 0.297365 0.400411
vt 0.359768 0.400407
vt 0.484814 0.400397
vt 0.547365 0.400411
vt 0.609768 0.400407
vt 0.734814 0.400397
vt 0.797365 0.400411
vt 0.859768 0.400407
vt 0.953483 0.400418
vt 0.000000 0.389220
vt 0.031250 0.377690
vt 0.078447 0.377722
vt 0.125000 0.377701
vt 0.172108 0.377721
vt 0.218750 0.377691
vt 0.266013 0.377703
vt 0.328447 0.377722
vt 0.375000 0.377701
vt 0.422108 0.377721
vt 0.468750 0.377691
vt 0.516013 0.377703
vt 0.578447 0.377722
vt 0.625000 0.377701
vt 0.672108 0.377721
vt 0.718750 0.377691
vt 0.766013 0.377703
vt 0.828447 0.377722
vt 0.875000 0.377701
vt 0.922108 0.377721
vt 0.968750 0.377691
vt 1.000000 0.378316
vt 0.000000 0.352605
vt 0.046987 0.345726
vt 0.093750 0.345731
vt 0.140737 0.345748
vt 0.187500 0.345681
vt 0.234500 0.345760
vt 0.297003 0.345737
vt 0.343750 0.345731
vt 0.390737 0.345748
vt 0.437500 0.345681
vt 0.484498 0.345759
vt 0.546987 0.345726
vt 0.593750 0.345731
vt 0.640737 0.345748
vt 0.687500 0.345681
vt 0.734498 0.345759
vt 0.796987 0.345726
vt 0.843750 0.345731
vt 0.890737 0.345748
vt 0.953175 0.345734
vt 1.000000 0.346582
vt 0.000000 0.302445
vt 0.031250 0.293537
vt 0.078106 0.313640
vt 0.125000 0.293610
vt 0.171851 0.313640
vt 0.234289 0.313640
vt 0.281250 0.293544
vt 0.328103 0.313640
vt 0.375000 0.293610
vt 0.421851 0.313640
vt 0.484289 0.313640
vt 0.531250 0.293537
vt 0.578106 0.313640
vt 0.625000 0.293610
vt 0.671851 0.313640
vt 0.734289 0.313640
vt 0.781250 0.293537
vt 0.828106 0.313640
vt 0.875000 0.293610
vt 0.921851 0.313640
vt 0.968750 0.293543
vt 1.000000 0.295247
vt 0.077915 0.283130
vt 0.171914 0.283110
vt 0.234286 0.283136
vt 0.327915 0.283130
vt 0.421914 0.283110
vt 0.484286 0.283136
vt 0.577915 0.283130
vt 0.671914 0.283110
vt 0.734286 0.283136
vt 0.827916 0.283130
vt 0.921914 0.283110
vt 0.000000 0.248320
vt 0.031250 0.248320
vt 0.077910 0.248379
vt 0.140361 0.248424
vt 0.202912 0.248351
vt 0.265399 0.248326
vt 0.327910 0.248379
vt 0.390361 0.248424
vt 0.452912 0.248351
vt 0.515399 0.248325
vt 0.577910 0.248379
vt 0.640361 0.248424
vt 0.702912 0.248351
vt 0.765399 0.248326
vt 0.827910 0.248379
vt 0.890361 0.248424
vt 0.952912 0.248351
vt 1.000000 0.249476
vt 0.046560 0.220161
vt 0.109044 0.220241
vt 0.149001 0.212738
vt 0.202852 0.220160
vt 0.265305 0.220170
vt 0.319003 0.212845
vt 0.359044 0.220241
vt 0.399001 0.212738
vt 0.452852 0.220160
vt 0.515305 0.220170
vt 0.569003 0.212845
vt 0.609044 0.220241
vt 0.649001 0.212738
vt 0.702852 0.220160
vt 0.765305 0.220170
vt 0.819003 0.212845
vt 0.859044 0.220241
vt 0.899001 0.212738
vt 0.952852 0.220160
vt 1.000000 0.211483
vt 0.009241 0.197040
vt 0.077370 0.199182
vt 0.232993 0.203330
vt 0.482993 0.203330
vt 0.732993 0.203330
vt 0.956182 0.195566
vt 0.151067 0.192337
vt 0.224076 0.190589
vt 0.311231 0.191414
vt 0.401067 0.192337
vt 0.474076 0.190589
vt 0.561231 0.191414
vt 0.651067 0.192337
vt 0.724076 0.190589
vt 0.811231 0.191414
vt 0.901067 0.192337
vt 0.061434 0.183445
vt 1.000000 0.183079
vt 0.000000 0.181076
vt 0.163586 0.181491
vt 0.053534 0.178880
vt 0.101160 0.178881
vt 0.192148 0.178882
vt 0.317087 0.178881
vt 0.442148 0.178882
vt 0.567087 0.178881
vt 0.692148 0.178882
vt 0.817087 0.178881
vt 0.944910 0.178881
s 1
f 1/1/1 2/2/2 3/3/3
f 4/4/4 3/3/3 5/5/5
f 6/6/6 5/5/5 7/7/7
f 8/8/8 7/7/7 9/9/9
f 10/10/10 9/9/9 11/11/11
f 12/12/12 11/11/11 13/13/13
f 14/14/14 13/13/13 15/15/15
f 16/16/16 15/15/15 17/17/17
f 18/18/18 17/17/17 19/19/19
f 20/20/20 19/19/19 21/21/21
f 22/22/22 21/21/21 23/23/23
f 24/24/24 23/23/23 25/25/25
f 26/26/26 25/25/25 27/27/27
f 28/28/28 27/27/27 29/29/29
f 30/30/30 29/29/29 31/31/31
f 32/32/32 31/31/31 33/33/33
f 34/34/34 33/33/33 35/35/35
f 36/36/36 35/35/35 37/37/37
f 38/38/38 37/37/37 39/39/39
f 40/40/40 39/39/39 41/41/41
f 42/42/42 41/41/41 43/43/43
f 44/44/44 43/43/43 45/45/45
f 46/46/46 45/45/45 47/47/47
f 48/48/48 47/47/47 49/49/49
f 50/50/50 49/49/49 51/51/51
f 52/52/52 51/51/51 53/53/53
f 54/54/54 53/53/53 55/55/55
f 56/56/56 55/55/55 57/57/57
f 58/58/58 57/57/57 59/59/59
f 60/60/60 59/59/59 61/61/61
f 62/62/62 61/61/61 63/63/63
f 3/3/3 2/2/2 5/5/5
f 5/5/5 2/2/2 11/11/11
f 5/5/5 11/11/11 7/7/7
f 7/7/7 11/11/11 9/9/9
f 13/13/13 11/11/11 15/15/15
f 15/15/15 11/11/11 19/19/19
f 15/15/15 19/19/19 17/17/17
f 21/21/21 19/19/19 23/23/23
f 23/23/23 19/19/19 27/27/27
f 23/23/23 27/27/27 25/25/25
f 29/29/29 27/27/27 31/31/31
f 31/31/31 27/27/27 37/37/37
f 31/31/31 37/37/37 33/33/33
f 33/33/33 37/37/37 35/35/35
f 39/39/39 37/37/37 41/41/41
f 41/41/41 37/37/37 43/43/43
f 43/43/43 37/37/37 47/47/47
f 43/43/43 47/47/47 45/45/45
f 49/49/49 47/47/47 51/51/51
f 51/51/51 47/47/47 57/57/57
f 51/51/51 57/57/57 53/53/53
f 53/53/53 57/57/57 55/55/55
f 59/59/59 57/57/57 61/61/61
f 61/61/61 57/57/57 65/64/64
f 61/61/61 65/64/64 63/63/63
f 63/63/63 65/64/64 64/65/65
f 2/2/2 66/66/66 67/67/67
f 2/2/2 67/67/67 68/68/68
f 2/2/2 68/68/68 11/11/11
f 11/11/11 68/68/68 69/69/69
f 11/11/11 69/69/69 70/70/70
f 11/11/11 70/70/70 71/71/71
f 11/11/11 71/71/71 72/72/72
f 11/11/11 72/72/72 73/73/73
f 11/11/11 73/73/73 19/19/19
f 19/19/19 73/73/73 74/74/74
f 19/19/19 74/74/74 75/75/75
f 19/19/19 75/75/75 76/76/76
f 19/19/19 76/76/76 77/77/77
f 19/19/19 77/77/77 27/27/27
f 27/27/27 77/77/77 78/78/78
f 27/27/27 78/78/78 79/79/79
f 27/27/27 79/79/79 80/80/80
f 27/27/27 80/80/80 81/81/81
f 27/27/27 81/81/81 37/37/37
f 37/37/37 81/81/81 82/82/82
f 37/37/37 82/82/82 83/83/83
f 37/37/37 83/83/83 84/84/84
f 37/37/37 84/84/84 85/85/85
f 37/37/37 85/85/85 86/86/86
f 37/37/37 86/86/86 87/87/87
f 37/37/37 87/87/87 47/47/47
f 47/47/47 87/87/87 88/88/88
f 47/47/47 88/88/88 89/89/89
f 47/47/47 89/89/89 90/90/90
f 47/47/47 90/90/90 91/91/91
f 47/47/47 91/91/91 57/57/57
f 57/57/57 91/91/91 92/92/92
f 57/57/57 92/92/92 93/93/93
f 57/57/57 93/93/93 94/94/94
f 57/57/57 94/94/94 95/95/95
f 57/57/57 95/95/95 96/96/96
f 57/57/57 96/96/96 65/64/64
f 97/97/97 98/98/97 99/99/97
f 97/97/98 99/99/98 100/100/98
f 100/100/99 99/99/99 101/101/99
f 101/101/100 99/99/100 102/102/100
f 101/101/101 102/102/101 103/103/101
f 103/103/102 102/102/102 104/104/102
f 103/103/103 104/104/103 105/105/103
f 105/105/104 104/104/104 106/106/104
f 105/105/105 106/106/105 107/107/105
f 107/107/106 106/106/106 108/108/106
f 107/107/107 108/108/107 109/109/107
f 109/109/108 108/108/108 110/110/108
f 109/109/109 110/110/109 111/111/109
f 111/111/110 110/110/110 112/112/110
f 111/111/111 112/112/111 113/113/111
f 113/113/112 112/112/113 114/114/113
f 113/113/114 114/114/114 115/115/114
f 115/115/115 114/114/115 116/116/115
f 115/115/116 116/116/116 117/117/116
f 117/117/117 116/116/117 118/118/117
f 117/117/118 118/118/118 119/119/118
f 119/119/119 118/118/119 120/120/119
f 119/119/120 120/120/120 121/121/120
f 121/121/121 120/120/121 122/122/121
f 121/121/122 122/122/122 123/123/122
f 123/123/123 122/122/123 124/124/123
f 123/123/124 124/124/124 125/125/124
f 125/125/125 124/124/125 126/126/125
f 125/125/126 126/126/126 127/127/126
f 127/127/127 126/126/127 128/128/127
f 127/127/128 128/128/128 129/129/128
f 129/129/129 128/128/129 130/130/129
f 129/129/130 130/130/130 131/131/130
f 129/129/131 131/131/131 132/132/131
f 133/133/132 134/134/132 135/135/132
f 134/134/132 133/133/132 136/136/132
f 134/134/132 136/136/132 137/137/132
f 137/137/132 136/136/132 138/138/132
f 137/137/132 138/138/132 139/139/132
f 139/139/132 138/138/132 140/140/132
f 139/139/132 140/140/132 141/141/132
f 141/141/132 140/140/132 142/142/132
f 141/141/132 142/142/132 143/143/132
f 143/143/132 142/142/132 144/144/132
f 143/143/132 144/144/132 145/145/132
f 145/145/132 144/144/132 146/146/132
f 145/145/132 146/146/132 147/147/132
f 147/147/132 146/146/132 148/148/132
f 147/147/132 148/148/132 149/149/132
f 149/149/132 148/148/132 150/150/132
f 149/149/132 150/150/132 151/151/132
f 151/151/132 150/150/132 152/152/132
f 151/151/132 152/152/132 153/153/132
f 153/153/132 152/152/132 154/154/132
f 153/153/132 154/154/132 155/155/132
f 155/155/132 154/154/132 156/156/132
f 155/155/132 156/156/132 157/157/132
f 157/157/132 156/156/132 158/158/132
f 157/157/132 158/158/132 159/159/132
f 159/159/132 158/158/132 160/160/132
f 159/159/132 160/160/132 161/161/132
f 161/161/132 160/160/132 162/162/132
f 161/161/132 162/162/132 163/163/132
f 163/163/132 162/162/132 164/164/132
f 165/165/133 166/166/133 167/167/133
f 166/166/133 165/165/133 168/168/133
f 166/166/133 168/168/133 169/169/133
f 169/169/133 168/168/133 170/170/133
f 169/169/133 170/170/133 171/171/133
f 171/171/133 170/170/133 172/172/133
f 171/171/133 172/172/133 173/173/133
f 173/173/133 172/172/133 174/174/133
f 173/173/133 174/174/133 175/175/133
f 175/175/133 174/174/133 176/176/133
f 175/175/133 176/176/133 177/177/133
f 177/177/133 176/176/133 178/178/133
f 177/177/133 178/178/133 179/179/133
f 179/179/133 178/178/133 180/180/133
f 179/179/133 180/180/133 181/181/133
f 181/181/133 180/180/133 182/182/133
f 181/181/133 182/182/133 183/183/133
f 183/183/133 182/182/133 184/184/133
f 183/183/133 184/184/133 185/185/133
f 185/185/133 184/184/133 186/186/133
f 185/185/133 186/186/133 187/187/133
f 187/187/133 186/186/133 188/188/133
f 187/187/133 188/188/133 189/189/133
f 189/189/133 188/188/133 190/190/133
f 189/189/133 190/190/133 191/191/133
f 191/191/133 190/190/133 192/192/133
f 191/191/133 192/192/133 193/193/133
f 193/193/133 192/192/133 194/194/133
f 193/193/133 194/194/133 195/195/133
f 195/195/133 194/194/133 196/196/133
f 1061/197/134 197/198/135 198/199/136
f 1064/200/137 202/201/138 203/202/139
f 1059/203/140 205/204/141 207/205/142
f 1063/206/143 199/207/144 211/208/145
f 1060/209/146 213/210/147 219/211/148
f 1062/212/149 209/213/150 222/214/151
f 225/215/152 226/216/153 227/67/154
f 227/67/154 226/216/153 228/68/155
f 228/68/155 226/216/153 229/217/156
f 228/68/155 229/217/156 230/69/157
f 230/69/157 229/217/156 231/70/158
f 231/70/158 229/217/156 232/218/159
f 231/70/158 232/218/159 233/71/160
f 233/71/160 232/218/159 234/72/161
f 234/72/161 232/218/159 235/219/162
f 234/72/161 235/219/162 236/73/163
f 236/73/163 235/219/162 237/74/164
f 237/74/164 235/219/162 238/220/165
f 237/74/164 238/220/165 239/75/166
f 239/75/166 238/220/165 240/76/167
f 240/76/167 238/220/165 241/221/168
f 240/76/167 241/221/168 242/77/169
f 242/77/169 241/221/168 243/78/170
f 243/78/170 241/221/168 244/222/171
f 243/78/170 244/222/171 245/79/172
f 245/79/172 244/222/171 246/80/173
f 246/80/173 244/222/171 247/223/174
f 246/80/173 247/223/174 248/81/175
f 248/81/175 247/223/174 249/82/176
f 249/82/176 247/223/174 250/224/177
f 249/82/176 250/224/177 251/83/178
f 251/83/178 250/224/177 252/84/179
f 252/84/179 250/224/177 253/225/180
f 252/84/179 253/225/180 254/85/181
f 254/85/181 253/225/180 255/86/182
f 255/86/182 253/225/180 256/226/183
f 255/86/182 256/226/183 257/87/184
f 257/87/184 256/226/183 258/88/185
f 258/88/185 256/226/183 259/227/186
f 258/88/185 259/227/186 260/89/187
f 260/89/187 259/227/186 261/90/188
f 261/90/188 259/227/186 262/228/189
f 261/90/188 262/228/189 263/91/190
f 263/91/190 262/228/189 264/92/191
f 264/92/191 262/228/189 265/229/192
f 264/92/191 265/229/192 266/93/193
f 266/93/193 265/229/192 267/94/194
f 267/94/194 265/229/192 268/230/195
f 267/94/194 268/230/195 269/95/196
f 269/95/196 268/230/195 270/96/197
f 270/96/197 268/230/195 271/231/198
f 224/232/199 272/233/200 273/234/201
f 224/232/199 273/234/201 225/215/152
f 225/215/152 273/234/201 226/216/153
f 268/230/195 274/235/202 271/231/198
f 272/233/200 275/236/203 273/234/201
f 273/234/201 275/236/203 276/237/204
f 273/234/201 276/237/204 226/216/153
f 226/216/153 276/237/204 277/238/205
f 226/216/153 277/238/205 278/239/206
f 226/216/153 278/239/206 229/217/156
f 229/217/156 278/239/206 279/240/207
f 229/217/156 279/240/207 280/241/208
f 229/217/156 280/241/208 232/218/159
f 232/218/159 280/241/208 281/242/209
f 232/218/159 281/242/209 282/243/210
f 232/218/159 282/243/210 235/219/162
f 235/219/162 282/243/210 283/244/211
f 235/219/162 283/244/211 284/245/212
f 235/219/162 284/245/212 238/220/165
f 238/220/165 284/245/212 285/246/213
f 238/220/165 285/246/213 286/247/214
f 238/220/165 286/247/214 241/221/168
f 241/221/168 286/247/214 287/248/215
f 241/221/168 287/248/215 288/249/216
f 241/221/168 288/249/216 244/222/171
f 244/222/171 288/249/216 289/250/217
f 244/222/171 289/250/217 290/251/218
f 244/222/171 290/251/218 247/223/174
f 247/223/174 290/251/218 291/252/219
f 247/223/174 291/252/219 292/253/220
f 247/223/174 292/253/220 250/224/177
f 250/224/177 292/253/220 293/254/221
f 250/224/177 293/254/221 294/255/222
f 250/224/177 294/255/222 253/225/180
f 253/225/180 294/255/222 295/256/223
f 253/225/180 295/256/223 296/257/224
f 253/225/180 296/257/224 256/226/183
f 256/226/183 296/257/224 297/258/225
f 256/226/183 297/258/225 298/259/226
f 256/226/183 298/259/226 259/227/186
f 259/227/186 298/259/226 299/260/227
f 259/227/186 299/260/227 300/261/228
f 259/227/186 300/261/228 262/228/189
f 262/228/189 300/261/228 301/262/229
f 262/228/189 301/262/229 302/263/230
f 262/228/189 302/263/230 265/229/192
f 265/229/192 302/263/230 303/264/231
f 265/229/192 303/264/231 304/265/232
f 265/229/192 304/265/232 268/230/195
f 268/230/195 304/265/232 305/266/233
f 268/230/195 305/266/233 274/235/202
f 272/233/200 306/267/234 275/236/203
f 305/266/233 307/268/235 274/235/202
f 306/267/234 308/269/236 309/270/237
f 306/267/234 309/270/237 275/236/203
f 275/236/203 309/270/237 310/271/238
f 275/236/203 310/271/238 276/237/204
f 276/237/204 310/271/238 311/272/239
f 276/237/204 311/272/239 277/238/205
f 277/238/205 311/272/239 312/273/240
f 277/238/205 312/273/240 278/239/206
f 278/239/206 312/273/240 313/274/241
f 278/239/206 313/274/241 279/240/207
f 279/240/207 313/274/241 314/275/242
f 279/240/207 314/275/242 280/241/208
f 280/241/208 314/275/242 315/276/243
f 280/241/208 315/276/243 281/242/209
f 281/242/209 315/276/243 316/277/244
f 281/242/209 316/277/244 282/243/210
f 282/243/210 316/277/244 317/278/245
f 282/243/210 317/278/245 283/244/211
f 283/244/211 317/278/245 318/279/246
f 283/244/211 318/279/246 284/245/212
f 284/245/212 318/279/246 319/280/247
f 284/245/212 319/280/247 285/246/213
f 285/246/213 319/280/247 320/281/248
f 285/246/213 320/281/248 286/247/214
f 286/247/214 320/281/248 321/282/249
f 286/247/214 321/282/249 287/248/215
f 287/248/215 321/282/249 322/283/250
f 287/248/215 322/283/250 288/249/216
f 288/249/216 322/283/250 323/284/251
f 288/249/216 323/284/251 289/250/217
f 289/250/217 323/284/251 324/285/252
f 289/250/217 324/285/252 290/251/218
f 290/251/218 324/285/252 325/286/253
f 290/251/218 325/286/253 291/252/219
f 291/252/219 325/286/253 326/287/254
f 291/252/219 326/287/254 292/253/220
f 292/253/220 326/287/254 327/288/255
f 292/253/220 327/288/255 293/254/221
f 293/254/221 327/288/255 328/289/256
f 293/254/221 328/289/256 294/255/222
f 294/255/222 328/289/256 329/290/257
f 294/255/222 329/290/257 295/256/223
f 295/256/223 329/290/257 330/291/258
f 295/256/223 330/291/258 296/257/224
f 296/257/224 330/291/258 331/292/259
f 296/257/224 331/292/259 297/258/225
f 297/258/225 331/292/259 332/293/260
f 297/258/225 332/293/260 298/259/226
f 298/259/226 332/293/260 333/294/261
f 298/259/226 333/294/261 299/260/227
f 299/260/227 333/294/261 334/295/262
f 299/260/227 334/295/262 300/261/228
f 300/261/228 334/295/262 335/296/263
f 300/261/228 335/296/263 301/262/229
f 301/262/229 335/296/263 336/297/264
f 301/262/229 336/297/264 302/263/230
f 302/263/230 336/297/264 337/298/265
f 302/263/230 337/298/265 303/264/231
f 303/264/231 337/298/265 338/299/266
f 303/264/231 338/299/266 304/265/232
f 304/265/232 338/299/266 339/300/267
f 304/265/232 339/300/267 305/266/233
f 305/266/233 339/300/267 340/301/268
f 305/266/233 340/301/268 307/268/235
f 309/270/237 341/302/269 310/271/238
f 310/271/238 341/302/269 311/272/239
f 311/272/239 341/302/269 342/303/270
f 311/272/239 342/303/270 312/273/240
f 312/273/240 342/303/270 313/274/241
f 313/274/241 342/303/270 343/304/271
f 313/274/241 343/304/271 314/275/242
f 314/275/242 343/304/271 315/276/243
f 315/276/243 343/304/271 344/305/272
f 315/276/243 344/305/272 316/277/244
f 316/277/244 344/305/272 317/278/245
f 317/278/245 344/305/272 345/306/273
f 317/278/245 345/306/273 318/279/246
f 318/279/246 345/306/273 319/280/247
f 319/280/247 345/306/273 346/307/274
f 319/280/247 346/307/274 320/281/248
f 320/281/248 346/307/274 321/282/249
f 321/282/249 346/307/274 347/308/275
f 321/282/249 347/308/275 322/283/250
f 322/283/250 347/308/275 323/284/251
f 323/284/251 347/308/275 348/309/276
f 323/284/251 348/309/276 324/285/252
f 324/285/252 348/309/276 325/286/253
f 325/286/253 348/309/276 349/310/277
f 325/286/253 349/310/277 326/287/254
f 326/287/254 349/310/277 327/288/255
f 327/288/255 349/310/277 350/311/278
f 327/288/255 350/311/278 328/289/256
f 328/289/256 350/311/278 329/290/257
f 329/290/257 350/311/278 351/312/279
f 329/290/257 351/312/279 330/291/258
f 330/291/258 351/312/279 331/292/259
f 331/292/259 351/312/279 352/313/280
f 331/292/259 352/313/280 332/293/260
f 332/293/260 352/313/280 333/294/261
f 333/294/261 352/313/280 353/314/281
f 333/294/261 353/314/281 334/295/262
f 334/295/262 353/314/281 335/296/263
f 335/296/263 353/314/281 354/315/282
f 335/296/263 354/315/282 336/297/264
f 336/297/264 354/315/282 337/298/265
f 337/298/265 354/315/282 355/316/283
f 337/298/265 355/316/283 338/299/266
f 338/299/266 355/316/283 339/300/267
f 339/300/267 355/316/283 340/301/268
f 308/269/236 356/317/284 357/318/285
f 308/269/236 357/318/285 309/270/237
f 309/270/237 357/318/285 341/302/269
f 341/302/269 357/318/285 358/319/286
f 341/302/269 358/319/286 342/303/270
f 342/303/270 358/319/286 359/320/287
f 342/303/270 359/320/287 360/321/288
f 342/303/270 360/321/288 343/304/271
f 343/304/271 360/321/288 361/322/289
f 343/304/271 361/322/289 344/305/272
f 344/305/272 361/322/289 362/323/290
f 344/305/272 362/323/290 345/306/273
f 345/306/273 362/323/290 363/324/291
f 345/306/273 363/324/291 346/307/274
f 346/307/274 363/324/291 364/325/292
f 346/307/274 364/325/292 347/308/275
f 347/308/275 364/325/292 365/326/293
f 347/308/275 365/326/293 348/309/276
f 348/309/276 365/326/293 366/327/294
f 348/309/276 366/327/294 349/310/277
f 349/310/277 366/327/294 367/328/295
f 349/310/277 367/328/295 350/311/278
f 350/311/278 367/328/295 368/329/296
f 350/311/278 368/329/296 369/330/297
f 350/311/278 369/330/297 351/312/279
f 351/312/279 369/330/297 370/331/298
f 351/312/279 370/331/298 352/313/280
f 352/313/280 370/331/298 371/332/299
f 352/313/280 371/332/299 353/314/281
f 353/314/281 371/332/299 372/333/300
f 353/314/281 372/333/300 354/315/282
f 354/315/282 372/333/300 373/334/301
f 354/315/282 373/334/301 374/335/302
f 354/315/282 374/335/302 355/316/283
f 355/316/283 374/335/302 340/301/268
f 374/335/302 375/336/303 340/301/268
f 356/317/284 376/337/304 357/318/285
f 357/318/285 377/338/305 358/319/286
f 358/319/286 377/338/305 359/320/287
f 359/320/287 378/339/306 360/321/288
f 360/321/288 379/340/307 361/322/289
f 361/322/289 380/341/308 362/323/290
f 362/323/290 381/342/309 363/324/291
f 363/324/291 382/343/310 364/325/292
f 364/325/292 383/344/311 365/326/293
f 366/327/294 384/345/312 367/328/295
f 368/329/296 385/346/313 369/330/297
f 369/330/297 386/347/314 370/331/298
f 371/332/299 387/348/315 372/333/300
f 373/334/301 388/349/316 374/335/302
f 356/317/284 389/350/317 390/351/318
f 356/317/284 390/351/318 376/337/304
f 376/337/304 390/351/318 391/352/319
f 376/337/304 391/352/319 357/318/285
f 357/318/285 391/352/319 392/353/320
f 357/318/285 392/353/320 377/338/305
f 377/338/305 392/353/320 393/354/321
f 377/338/305 393/354/321 394/355/322
f 377/338/305 394/355/322 359/320/287
f 359/320/287 394/355/322 395/356/323
f 359/320/287 395/356/323 378/339/306
f 378/339/306 395/356/323 396/357/324
f 378/339/306 396/357/324 360/321/288
f 360/321/288 396/357/324 397/358/325
f 360/321/288 397/358/325 379/340/307
f 379/340/307 397/358/325 398/359/326
f 379/340/307 398/359/326 361/322/289
f 361/322/289 398/359/326 399/360/327
f 361/322/289 399/360/327 380/341/308
f 380/341/308 399/360/327 400/361/328
f 380/341/308 400/361/328 362/323/290
f 362/323/290 400/361/328 401/362/329
f 362/323/290 401/362/329 381/342/309
f 381/342/309 401/362/329 402/363/330
f 381/342/309 402/363/330 363/324/291
f 363/324/291 402/363/330 403/364/331
f 363/324/291 403/364/331 382/343/310
f 382/343/310 403/364/331 404/365/332
f 382/343/310 404/365/332 364/325/292
f 364/325/292 404/365/332 405/366/333
f 364/325/292 405/366/333 383/344/311
f 383/344/311 405/366/333 406/367/334
f 383/344/311 406/367/334 365/326/293
f 365/326/293 406/367/334 407/368/335
f 365/326/293 407/368/335 366/327/294
f 366/327/294 407/368/335 408/369/336
f 366/327/294 408/369/336 384/345/312
f 384/345/312 408/369/336 409/370/337
f 384/345/312 409/370/337 367/328/295
f 367/328/295 409/370/337 410/371/338
f 367/328/295 410/371/338 368/329/296
f 368/329/296 410/371/338 411/372/339
f 368/329/296 411/372/339 385/346/313
f 385/346/313 411/372/339 412/373/340
f 385/346/313 412/373/340 369/330/297
f 369/330/297 412/373/340 413/374/341
f 369/330/297 413/374/341 386/347/314
f 386/347/314 413/374/341 414/375/342
f 386/347/314 414/375/342 370/331/298
f 370/331/298 414/375/342 415/376/343
f 370/331/298 415/376/343 371/332/299
f 371/332/299 415/376/343 416/377/344
f 371/332/299 416/377/344 387/348/315
f 387/348/315 416/377/344 417/378/345
f 387/348/315 417/378/345 372/333/300
f 372/333/300 417/378/345 418/379/346
f 372/333/300 418/379/346 373/334/301
f 373/334/301 418/379/346 419/380/347
f 373/334/301 419/380/347 388/349/316
f 388/349/316 419/380/347 420/381/348
f 388/349/316 420/381/348 374/335/302
f 374/335/302 420/381/348 421/382/349
f 374/335/302 421/382/349 375/336/303
f 389/350/317 422/383/350 423/384/351
f 389/350/317 423/384/351 390/351/318
f 390/351/318 423/384/351 424/385/352
f 390/351/318 424/385/352 391/352/319
f 391/352/319 424/385/352 425/386/353
f 391/352/319 425/386/353 392/353/320
f 392/353/320 425/386/353 426/387/354
f 392/353/320 426/387/354 393/354/321
f 393/354/321 426/387/354 427/388/355
f 393/354/321 427/388/355 394/355/322
f 394/355/322 427/388/355 428/389/356
f 394/355/322 428/389/356 395/356/323
f 395/356/323 428/389/356 429/390/357
f 395/356/323 429/390/357 396/357/324
f 396/357/324 429/390/357 430/391/358
f 396/357/324 430/391/358 397/358/325
f 397/358/325 430/391/358 431/392/359
f 397/358/325 431/392/359 398/359/326
f 398/359/326 431/392/359 432/393/360
f 398/359/326 432/393/360 399/360/327
f 399/360/327 432/393/360 433/394/361
f 399/360/327 433/394/361 400/361/328
f 400/361/328 433/394/361 434/395/362
f 400/361/328 434/395/362 401/362/329
f 401/362/329 434/395/362 435/396/363
f 401/362/329 435/396/363 402/363/330
f 402/363/330 435/396/363 436/397/364
f 402/363/330 436/397/364 403/364/331
f 403/364/331 436/397/364 437/398/365
f 403/364/331 437/398/365 404/365/332
f 404/365/332 437/398/365 438/399/366
f 404/365/332 438/399/366 405/366/333
f 405/366/333 438/399/366 439/400/367
f 405/366/333 439/400/367 406/367/334
f 406/367/334 439/400/367 440/401/368
f 406/367/334 440/401/368 407/368/335
f 407/368/335 440/401/368 441/402/369
f 407/368/335 441/402/369 408/369/336
f 408/369/336 441/402/369 442/403/370
f 408/369/336 442/403/370 409/370/337
f 409/370/337 442/403/370 443/404/371
f 409/370/337 443/404/371 410/371/338
f 410/371/338 443/404/371 444/405/372
f 410/371/338 444/405/372 411/372/339
f 411/372/339 444/405/372 445/406/373
f 411/372/339 445/406/373 412/373/340
f 412/373/340 445/406/373 446/407/374
f 412/373/340 446/407/374 413/374/341
f 413/374/341 446/407/374 447/408/375
f 413/374/341 447/408/375 414/375/342
f 414/375/342 447/408/375 448/409/376
f 414/375/342 448/409/376 415/376/343
f 415/376/343 448/409/376 449/410/377
f 415/376/343 449/410/377 416/377/344
f 416/377/344 449/410/377 450/411/378
f 416/377/344 450/411/378 417/378/345
f 417/378/345 450/411/378 451/412/379
f 417/378/345 451/412/379 418/379/346
f 418/379/346 451/412/379 452/413/380
f 418/379/346 452/413/380 419/380/347
f 419/380/347 452/413/380 453/414/381
f 419/380/347 453/414/381 420/381/348
f 420/381/348 453/414/381 454/415/382
f 420/381/348 454/415/382 421/382/349
f 422/383/350 455/416/383 423/384/351
f 423/384/351 455/416/383 456/417/384
f 423/384/351 456/417/384 424/385/352
f 424/385/352 456/417/384 457/418/385
f 424/385/352 457/418/385 425/386/353
f 425/386/353 457/418/385 458/419/386
f 425/386/353 458/419/386 426/387/354
f 426/387/354 458/419/386 459/420/387
f 426/387/354 459/420/387 427/388/355
f 427/388/355 459/420/387 460/421/388
f 427/388/355 460/421/388 428/389/356
f 428/389/356 460/421/388 461/422/389
f 428/389/356 461/422/389 429/390/357
f 429/390/357 461/422/389 462/423/390
f 429/390/357 462/423/390 430/391/358
f 430/391/358 462/423/390 463/424/391
f 430/391/358 463/424/391 431/392/359
f 431/392/359 463/424/391 464/425/392
f 431/392/359 464/425/392 432/393/360
f 432/393/360 464/425/392 465/426/393
f 432/393/360 465/426/393 433/394/361
f 433/394/361 465/426/393 466/427/394
f 433/394/361 466/427/394 434/395/362
f 434/395/362 466/427/394 467/428/395
f 434/395/362 467/428/395 435/396/363
f 435/396/363 467/428/395 468/429/396
f 435/396/363 468/429/396 436/397/364
f 436/397/364 468/429/396 469/430/397
f 436/397/364 469/430/397 437/398/365
f 437/398/365 469/430/397 470/431/398
f 437/398/365 470/431/398 438/399/366
f 438/399/366 470/431/398 471/432/399
f 438/399/366 471/432/399 439/400/367
f 439/400/367 471/432/399 472/433/400
f 439/400/367 472/433/400 440/401/368
f 440/401/368 472/433/400 473/434/401
f 440/401/368 473/434/401 441/402/369
f 441/402/369 473/434/401 474/435/402
f 441/402/369 474/435/402 442/403/370
f 442/403/370 474/435/402 475/436/403
f 442/403/370 475/436/403 443/404/371
f 443/404/371 475/436/403 476/437/404
f 443/404/371 476/437/404 444/405/372
f 444/405/372 476/437/404 477/438/405
f 444/405/372 477/438/405 445/406/373
f 445/406/373 477/438/405 478/439/406
f 445/406/373 478/439/406 446/407/374
f 446/407/374 478/439/406 479/440/407
f 446/407/374 479/440/407 447/408/375
f 447/408/375 479/440/407 480/441/408
f 447/408/375 480/441/408 448/409/376
f 448/409/376 480/441/408 481/442/409
f 448/409/376 481/442/409 449/410/377
f 449/410/377 481/442/409 482/443/410
f 449/410/377 482/443/410 450/411/378
f 450/411/378 482/443/410 483/444/411
f 450/411/378 483/444/411 451/412/379
f 451/412/379 483/444/411 484/445/412
f 451/412/379 484/445/412 452/413/380
f 452/413/380 484/445/412 485/446/413
f 452/413/380 485/446/413 453/414/381
f 453/414/381 485/446/413 486/447/414
f 453/414/381 486/447/414 454/415/382
f 422/383/350 487/448/415 455/416/383
f 487/448/415 488/449/416 455/416/383
f 455/416/383 488/449/416 489/450/417
f 455/416/383 489/450/417 456/417/384
f 456/417/384 489/450/417 490/451/418
f 456/417/384 490/451/418 457/418/385
f 457/418/385 490/451/418 491/452/419
f 457/418/385 491/452/419 458/419/386
f 458/419/386 491/452/419 492/453/420
f 458/419/386 492/453/420 459/420/387
f 459/420/387 492/453/420 493/454/421
f 459/420/387 493/454/421 460/421/388
f 460/421/388 493/454/421 494/455/422
f 460/421/388 494/455/422 461/422/389
f 461/422/389 494/455/422 495/456/423
f 461/422/389 495/456/423 462/423/390
f 462/423/390 495/456/423 496/457/424
f 462/423/390 496/457/424 463/424/391
f 463/424/391 496/457/424 497/458/425
f 463/424/391 497/458/425 464/425/392
f 464/425/392 497/458/425 498/459/426
f 464/425/392 498/459/426 465/426/393
f 465/426/393 498/459/426 499/460/427
f 465/426/393 499/460/427 466/427/394
f 466/427/394 499/460/427 500/461/428
f 466/427/394 500/461/428 467/428/395
f 467/428/395 500/461/428 501/462/429
f 467/428/395 501/462/429 468/429/396
f 468/429/396 501/462/429 502/463/430
f 468/429/396 502/463/430 469/430/397
f 469/430/397 502/463/430 503/464/431
f 469/430/397 503/464/431 470/431/398
f 470/431/398 503/464/431 504/465/432
f 470/431/398 504/465/432 471/432/399
f 471/432/399 504/465/432 505/466/433
f 471/432/399 505/466/433 472/433/400
f 472/433/400 505/466/433 506/467/434
f 472/433/400 506/467/434 473/434/401
f 473/434/401 506/467/434 507/468/435
f 473/434/401 507/468/435 474/435/402
f 474/435/402 507/468/435 508/469/436
f 474/435/402 508/469/436 475/436/403
f 475/436/403 508/469/436 509/470/437
f 475/436/403 509/470/437 476/437/404
f 476/437/404 509/470/437 510/471/438
f 476/437/404 510/471/438 477/438/405
f 477/438/405 510/471/438 511/472/439
f 477/438/405 511/472/439 478/439/406
f 478/439/406 511/472/439 512/473/440
f 478/439/406 512/473/440 479/440/407
f 479/440/407 512/473/440 513/474/441
f 479/440/407 513/474/441 480/441/408
f 480/441/408 513/474/441 514/475/442
f 480/441/408 514/475/442 481/442/409
f 481/442/409 514/475/442 515/476/443
f 481/442/409 515/476/443 482/443/410
f 482/443/410 515/476/443 516/477/444
f 482/443/410 516/477/444 483/444/411
f 483/444/411 516/477/444 517/478/445
f 483/444/411 517/478/445 484/445/412
f 484/445/412 517/478/445 518/479/446
f 484/445/412 518/479/446 485/446/413
f 485/446/413 518/479/446 519/480/447
f 485/446/413 519/480/447 486/447/414
f 487/448/415 520/481/448 488/449/416
f 520/481/448 521/482/449 488/449/416
f 488/449/416 521/482/449 522/483/450
f 488/449/416 522/483/450 489/450/417
f 489/450/417 522/483/450 523/484/451
f 489/450/417 523/484/451 490/451/418
f 490/451/418 523/484/451 524/485/452
f 490/451/418 524/485/452 491/452/419
f 491/452/419 524/485/452 525/486/453
f 491/452/419 525/486/453 492/453/420
f 492/453/420 525/486/453 526/487/454
f 492/453/420 526/487/454 493/454/421
f 493/454/421 526/487/454 527/488/455
f 493/454/421 527/488/455 494/455/422
f 494/455/422 527/488/455 528/489/456
f 494/455/422 528/489/456 495/456/423
f 495/456/423 528/489/456 529/490/457
f 495/456/423 529/490/457 496/457/424
f 496/457/424 529/490/457 530/491/458
f 496/457/424 530/491/458 497/458/425
f 497/458/425 530/491/458 531/492/459
f 497/458/425 531/492/459 498/459/426
f 498/459/426 531/492/459 532/493/460
f 498/459/426 532/493/460 499/460/427
f 499/460/427 532/493/460 533/494/461
f 499/460/427 533/494/461 500/461/428
f 500/461/428 533/494/461 534/495/462
f 500/461/428 534/495/462 501/462/429
f 501/462/429 534/495/462 535/496/463
f 501/462/429 535/496/463 502/463/430
f 502/463/430 535/496/463 536/497/464
f 502/463/430 536/497/464 503/464/431
f 503/464/431 536/497/464 537/498/465
f 503/464/431 537/498/465 504/465/432
f 504/465/432 537/498/465 538/499/466
f 504/465/432 538/499/466 505/466/433
f 505/466/433 538/499/466 539/500/467
f 505/466/433 539/500/467 506/467/434
f 506/467/434 539/500/467 540/501/468
f 506/467/434 540/501/468 507/468/435
f 507/468/435 540/501/468 541/502/469
f 507/468/435 541/502/469 508/469/436
f 508/469/436 541/502/469 542/503/470
f 508/469/436 542/503/470 509/470/437
f 509/470/437 542/503/470 543/504/471
f 509/470/437 543/504/471 510/471/438
f 510/471/438 543/504/471 544/505/472
f 510/471/438 544/505/472 511/472/439
f 511/472/439 544/505/472 545/506/473
f 511/472/439 545/506/473 512/473/440
f 512/473/440 545/506/473 546/507/474
f 512/473/440 546/507/474 513/474/441
f 513/474/441 546/507/474 547/508/475
f 513/474/441 547/508/475 514/475/442
f 514/475/442 547/508/475 548/509/476
f 514/475/442 548/509/476 515/476/443
f 515/476/443 548/509/476 549/510/477
f 515/476/443 549/510/477 516/477/444
f 516/477/444 549/510/477 550/511/478
f 516/477/444 550/511/478 517/478/445
f 517/478/445 550/511/478 551/512/479
f 517/478/445 551/512/479 518/479/446
f 518/479/446 551/512/479 552/513/480
f 518/479/446 552/513/480 519/480/447
f 520/481/448 553/514/481 521/482/449
f 553/514/481 554/515/482 521/482/449
f 521/482/449 554/515/482 555/516/483
f 521/482/449 555/516/483 522/483/450
f 522/483/450 555/516/483 556/517/484
f 522/483/450 556/517/484 523/484/451
f 523/484/451 556/517/484 557/518/485
f 523/484/451 557/518/485 524/485/452
f 524/485/452 557/518/485 558/519/486
f 524/485/452 558/519/486 525/486/453
f 525/486/453 558/519/486 559/520/487
f 525/486/453 559/520/487 526/487/454
f 526/487/454 559/520/487 560/521/488
f 526/487/454 560/521/488 527/488/455
f 527/488/455 560/521/488 528/489/456
f 528/489/456 560/521/488 561/522/489
f 528/489/456 561/522/489 529/490/457
f 529/490/457 561/522/489 562/523/490
f 529/490/457 562/523/490 530/491/458
f 530/491/458 562/523/490 563/524/491
f 530/491/458 563/524/491 531/492/459
f 531/492/459 563/524/491 564/525/492
f 531/492/459 564/525/492 532/493/460
f 532/493/460 564/525/492 565/526/493
f 532/493/460 565/526/493 533/494/461
f 533/494/461 565/526/493 566/527/494
f 533/494/461 566/527/494 534/495/462
f 534/495/462 566/527/494 567/528/495
f 534/495/462 567/528/495 535/496/463
f 535/496/463 567/528/495 536/497/464
f 536/497/464 567/528/495 568/529/496
f 536/497/464 568/529/496 537/498/465
f 537/498/465 568/529/496 569/530/497
f 537/498/465 569/530/497 538/499/466
f 538/499/466 569/530/497 570/531/498
f 538/499/466 570/531/498 539/500/467
f 539/500/467 570/531/498 571/532/499
f 539/500/467 571/532/499 540/501/468
f 540/501/468 571/532/499 572/533/500
f 540/501/468 572/533/500 541/502/469
f 541/502/469 572/533/500 573/534/501
f 541/502/469 573/534/501 542/503/470
f 542/503/470 573/534/501 574/535/502
f 542/503/470 574/535/502 543/504/471
f 543/504/471 574/535/502 544/505/472
f 544/505/472 574/535/502 575/536/503
f 544/505/472 575/536/503 545/506/473
f 545/506/473 575/536/503 576/537/504
f 545/506/473 576/537/504 546/507/474
f 546/507/474 576/537/504 577/538/505
f 546/507/474 577/538/505 547/508/475
f 547/508/475 577/538/505 578/539/506
f 547/508/475 578/539/506 548/509/476
f 548/509/476 578/539/506 579/540/507
f 548/509/476 579/540/507 549/510/477
f 549/510/477 579/540/507 580/541/508
f 549/510/477 580/541/508 550/511/478
f 550/511/478 580/541/508 581/542/509
f 550/511/478 581/542/509 551/512/479
f 551/512/479 581/542/509 582/543/510
f 551/512/479 582/543/510 552/513/480
f 553/514/481 583/544/511 554/515/482
f 554/515/482 583/544/511 555/516/483
f 555/516/483 584/545/512 556/517/484
f 556/517/484 584/545/512 557/518/485
f 557/518/485 585/546/513 558/519/486
f 558/519/486 585/546/513 559/520/487
f 559/520/487 586/547/514 560/521/488
f 560/521/488 586/547/514 587/548/515
f 560/521/488 587/548/515 588/549/516
f 560/521/488 588/549/516 561/522/489
f 561/522/489 588/549/516 562/523/490
f 562/523/490 589/550/517 563/524/491
f 563/524/491 589/550/517 564/525/492
f 564/525/492 590/551/518 565/526/493
f 565/526/493 590/551/518 566/527/494
f 566/527/494 591/552/519 567/528/495
f 567/528/495 591/552/519 592/553/520
f 567/528/495 592/553/520 593/554/521
f 567/528/495 593/554/521 568/529/496
f 568/529/496 593/554/521 569/530/497
f 569/530/497 594/555/522 570/531/498
f 570/531/498 594/555/522 571/532/499
f 571/532/499 595/556/523 572/533/500
f 572/533/500 595/556/523 573/534/501
f 573/534/501 596/557/524 574/535/502
f 574/535/502 596/557/524 597/558/525
f 574/535/502 597/558/525 598/559/526
f 574/535/502 598/559/526 575/536/503
f 575/536/503 598/559/526 576/537/504
f 576/537/504 599/560/527 577/538/505
f 577/538/505 599/560/527 578/539/506
f 578/539/506 600/561/528 579/540/507
f 579/540/507 600/561/528 580/541/508
f 580/541/508 601/562/529 581/542/509
f 581/542/509 601/562/529 602/563/530
f 581/542/509 602/563/530 582/543/510
f 553/514/481 603/564/531 583/544/511
f 583/544/511 604/565/532 555/516/483
f 555/516/483 604/565/532 584/545/512
f 584/545/512 605/566/533 557/518/485
f 557/518/485 605/566/533 585/546/513
f 585/546/513 606/567/534 559/520/487
f 559/520/487 606/567/534 586/547/514
f 588/549/516 607/568/535 562/523/490
f 562/523/490 607/568/535 589/550/517
f 589/550/517 608/569/536 564/525/492
f 564/525/492 608/569/536 590/551/518
f 590/551/518 609/570/537 566/527/494
f 566/527/494 609/570/537 591/552/519
f 593/554/521 610/571/538 569/530/497
f 569/530/497 610/571/538 594/555/522
f 594/555/522 611/572/539 571/532/499
f 571/532/499 611/572/539 595/556/523
f 595/556/523 612/573/540 573/534/501
f 573/534/501 612/573/540 596/557/524
f 598/559/526 613/574/541 576/537/504
f 576/537/504 613/574/541 599/560/527
f 599/560/527 614/575/542 578/539/506
f 578/539/506 614/575/542 600/561/528
f 600/561/528 615/576/543 580/541/508
f 580/541/508 615/576/543 601/562/529
f 583/544/511 616/577/544 604/565/532
f 604/565/532 616/577/544 584/545/512
f 584/545/512 617/578/545 605/566/533
f 605/566/533 617/578/545 585/546/513
f 585/546/513 618/579/546 606/567/534
f 606/567/534 618/579/546 586/547/514
f 588/549/516 619/580/547 607/568/535
f 607/568/535 619/580/547 589/550/517
f 589/550/517 620/581/548 608/569/536
f 608/569/536 620/581/548 590/551/518
f 590/551/518 621/582/549 609/570/537
f 609/570/537 621/582/549 591/552/519
f 593/554/521 622/583/550 610/571/538
f 610/571/538 622/583/550 594/555/522
f 594/555/522 623/584/551 611/572/539
f 611/572/539 623/584/551 595/556/523
f 595/556/523 624/585/552 612/573/540
f 612/573/540 624/585/552 596/557/524
f 598/559/526 625/586/553 613/574/541
f 613/574/541 625/586/553 599/560/527
f 599/560/527 626/587/554 614/575/542
f 614/575/542 626/587/554 600/561/528
f 600/561/528 627/588/555 615/576/543
f 615/576/543 627/588/555 601/562/529
f 603/564/531 628/589/556 629/590/557
f 603/564/531 629/590/557 583/544/511
f 583/544/511 629/590/557 616/577/544
f 616/577/544 630/591/558 584/545/512
f 584/545/512 630/591/558 617/578/545
f 617/578/545 631/592/559 585/546/513
f 585/546/513 631/592/559 618/579/546
f 618/579/546 632/593/560 586/547/514
f 586/547/514 632/593/560 633/594/561
f 586/547/514 633/594/561 587/548/515
f 587/548/515 633/594/561 634/595/562
f 587/548/515 634/595/562 588/549/516
f 588/549/516 634/595/562 619/580/547
f 619/580/547 635/596/563 589/550/517
f 589/550/517 635/596/563 620/581/548
f 620/581/548 636/597/564 590/551/518
f 590/551/518 636/597/564 621/582/549
f 621/582/549 637/598/565 591/552/519
f 591/552/519 637/598/565 638/599/566
f 591/552/519 638/599/566 592/553/520
f 592/553/520 638/599/566 639/600/567
f 592/553/520 639/600/567 593/554/521
f 593/554/521 639/600/567 622/583/550
f 622/583/550 640/601/568 594/555/522
f 594/555/522 640/601/568 623/584/551
f 623/584/551 641/602/569 595/556/523
f 595/556/523 641/602/569 624/585/552
f 624/585/552 642/603/570 596/557/524
f 596/557/524 642/603/570 643/604/571
f 596/557/524 643/604/571 597/558/525
f 597/558/525 643/604/571 644/605/572
f 597/558/525 644/605/572 598/559/526
f 598/559/526 644/605/572 625/586/553
f 625/586/553 645/606/573 599/560/527
f 599/560/527 645/606/573 626/587/554
f 626/587/554 646/607/574 600/561/528
f 600/561/528 646/607/574 627/588/555
f 627/588/555 647/608/575 601/562/529
f 601/562/529 647/608/575 648/609/576
f 601/562/529 648/609/576 602/563/530
f 616/577/544 649/610/577 630/591/558
f 630/591/558 649/610/577 617/578/545
f 617/578/545 649/610/577 650/611/578
f 617/578/545 650/611/578 631/592/559
f 631/592/559 650/611/578 618/579/546
f 618/579/546 650/611/578 632/593/560
f 633/594/561 651/612/579 634/595/562
f 634/595/562 651/612/579 619/580/547
f 619/580/547 651/612/579 652/613/580
f 619/580/547 652/613/580 635/596/563
f 635/596/563 652/613/580 620/581/548
f 620/581/548 652/613/580 653/614/581
f 620/581/548 653/614/581 636/597/564
f 636/597/564 653/614/581 621/582/549
f 621/582/549 653/614/581 654/615/582
f 621/582/549 654/615/582 637/598/565
f 637/598/565 654/615/582 638/599/566
f 638/599/566 654/615/582 655/616/583
f 638/599/566 655/616/583 639/600/567
f 639/600/567 655/616/583 622/583/550
f 622/583/550 655/616/583 656/617/584
f 622/583/550 656/617/584 640/601/568
f 640/601/568 656/617/584 623/584/551
f 623/584/551 656/617/584 657/618/585
f 623/584/551 657/618/585 641/602/569
f 641/602/569 657/618/585 624/585/552
f 624/585/552 657/618/585 658/619/586
f 624/585/552 658/619/586 642/603/570
f 642/603/570 658/619/586 643/604/571
f 643/604/571 658/619/586 659/620/587
f 643/604/571 659/620/587 644/605/572
f 644/605/572 659/620/587 625/586/553
f 625/586/553 659/620/587 660/621/588
f 625/586/553 660/621/588 645/606/573
f 645/606/573 660/621/588 626/587/554
f 626/587/554 660/621/588 661/622/589
f 626/587/554 661/622/589 646/607/574
f 646/607/574 661/622/589 627/588/555
f 627/588/555 661/622/589 647/608/575
f 629/590/557 628/589/556 616/577/544
f 628/589/556 649/610/577 616/577/544
f 632/593/560 651/612/579 633/594/561
f 628/589/556 662/623/590 663/624/591
f 628/589/556 663/624/591 649/610/577
f 649/610/577 663/624/591 650/611/578
f 650/611/578 663/624/591 632/593/560
f 632/593/560 664/625/592 651/612/579
f 651/612/579 664/625/592 652/613/580
f 652/613/580 664/625/592 665/626/593
f 652/613/580 665/626/593 653/614/581
f 653/614/581 665/626/593 654/615/582
f 654/615/582 665/626/593 666/627/594
f 654/615/582 666/627/594 655/616/583
f 655/616/583 666/627/594 667/628/595
f 655/616/583 667/628/595 656/617/584
f 656/617/584 667/628/595 657/618/585
f 657/618/585 667/628/595 668/629/596
f 657/618/585 668/629/596 658/619/586
f 658/619/586 668/629/596 669/630/597
f 658/619/586 669/630/597 659/620/587
f 659/620/587 669/630/597 670/631/598
f 659/620/587 670/631/598 660/621/588
f 660/621/588 670/631/598 661/622/589
f 661/622/589 670/631/598 671/632/599
f 661/622/589 671/632/599 647/608/575
f 647/608/575 671/632/599 672/633/600
f 647/608/575 672/633/600 648/609/576
f 663/624/591 673/634/601 632/593/560
f 632/593/560 673/634/601 674/635/602
f 632/593/560 674/635/602 664/625/592
f 662/623/590 675/636/603 663/624/591
f 663/624/591 676/637/604 673/634/601
f 664/625/592 674/635/602 677/638/605
f 664/625/592 678/639/606 665/626/593
f 663/624/591 675/636/603 676/637/604
f 673/634/601 681/640/607 674/635/602
f 664/625/592 677/638/605 678/639/606
f 678/639/606 682/641/608 665/626/593
f 665/626/593 682/641/608 683/642/609
f 665/626/593 683/642/609 666/627/594
f 666/627/594 684/643/610 667/628/595
f 667/628/595 684/643/610 679/644/611
f 679/644/611 685/645/612 667/628/595
f 667/628/595 685/645/612 686/646/613
f 667/628/595 686/646/613 668/629/596
f 668/629/596 686/646/613 669/630/597
f 669/630/597 687/647/614 670/631/598
f 670/631/598 687/647/614 680/648/615
f 680/648/615 688/649/616 670/631/598
f 670/631/598 688/649/616 671/632/599
f 662/623/590 689/650/617 690/651/618
f 662/623/590 690/651/618 675/636/603
f 675/636/603 691/652/619 676/637/604
f 676/637/604 691/652/619 673/634/601
f 681/640/607 692/653/620 674/635/602
f 674/635/602 692/653/620 677/638/605
f 677/638/605 693/654/621 678/639/606
f 678/639/606 693/654/621 682/641/608
f 683/642/609 694/655/622 666/627/594
f 666/627/594 694/655/622 684/643/610
f 684/643/610 695/656/623 679/644/611
f 679/644/611 695/656/623 685/645/612
f 686/646/613 696/657/624 669/630/597
f 669/630/597 696/657/624 687/647/614
f 687/647/614 697/658/625 680/648/615
f 680/648/615 697/658/625 688/649/616
f 688/649/616 698/659/626 671/632/599
f 671/632/599 698/659/626 699/660/627
f 671/632/599 699/660/627 672/633/600
f 675/636/603 690/651/618 691/652/619
f 691/652/619 700/661/628 673/634/601
f 673/634/601 700/661/628 701/662/629
f 673/634/601 701/662/629 681/640/607
f 681/640/607 701/662/629 692/653/620
f 692/653/620 702/663/630 677/638/605
f 677/638/605 702/663/630 693/654/621
f 682/641/608 703/664/631 683/642/609
f 683/642/609 703/664/631 694/655/622
f 685/645/612 704/665/632 686/646/613
f 686/646/613 704/665/632 696/657/624
f 697/658/625 705/666/633 688/649/616
f 688/649/616 705/666/633 698/659/626
f 689/650/617 706/667/634 690/651/618
f 690/651/618 707/668/635 691/652/619
f 691/652/619 707/668/635 700/661/628
f 701/662/629 708/669/636 692/653/620
f 692/653/620 708/669/636 702/663/630
f 702/663/630 709/670/637 693/654/621
f 693/654/621 709/670/637 682/641/608
f 703/664/631 710/671/638 694/655/622
f 694/655/622 710/671/638 684/643/610
f 684/643/610 711/672/639 695/656/623
f 695/656/623 711/672/639 685/645/612
f 704/665/632 712/673/640 696/657/624
f 696/657/624 712/673/640 687/647/614
f 687/647/614 713/674/641 697/658/625
f 697/658/625 713/674/641 705/666/633
f 690/651/618 706/667/634 707/668/635
f 707/668/635 714/675/642 700/661/628
f 700/661/628 714/675/642 701/662/629
f 701/662/629 714/675/642 715/676/643
f 701/662/629 715/676/643 708/669/636
f 708/669/636 724/677/644 702/663/630
f 702/663/630 724/677/644 709/670/637
f 709/670/637 716/678/645 682/641/608
f 682/641/608 716/678/645 703/664/631
f 703/664/631 716/678/645 717/679/646
f 703/664/631 717/679/646 710/671/638
f 710/671/638 726/680/647 684/643/610
f 684/643/610 726/680/647 711/672/639
f 711/672/639 718/681/648 685/645/612
f 685/645/612 718/681/648 704/665/632
f 704/665/632 718/681/648 719/682/649
f 704/665/632 719/682/649 712/673/640
f 712/673/640 728/683/650 687/647/614
f 687/647/614 728/683/650 713/674/641
f 713/674/641 720/684/651 705/666/633
f 705/666/633 720/684/651 698/659/626
f 689/650/617 721/685/652 722/686/653
f 689/650/617 722/686/653 706/667/634
f 706/667/634 723/687/654 707/668/635
f 707/668/635 723/687/654 714/675/642
f 708/669/636 715/676/643 724/677/644
f 724/677/644 725/688/655 709/670/637
f 709/670/637 725/688/655 716/678/645
f 710/671/638 717/679/646 726/680/647
f 726/680/647 727/689/656 711/672/639
f 711/672/639 727/689/656 718/681/648
f 712/673/640 719/682/649 728/683/650
f 728/683/650 729/690/657 713/674/641
f 713/674/641 729/690/657 720/684/651
f 720/684/651 730/691/658 698/659/626
f 698/659/626 730/691/658 699/660/627
f 706/667/634 722/686/653 723/687/654
f 723/687/654 731/692/659 714/675/642
f 714/675/642 731/692/659 715/676/643
f 725/688/655 732/693/660 716/678/645
f 716/678/645 732/693/660 717/679/646
f 727/689/656 733/694/661 718/681/648
f 718/681/648 733/694/661 719/682/649
f 729/690/657 734/695/662 720/684/651
f 720/684/651 734/695/662 730/691/658
f 721/685/652 735/696/663 736/697/664
f 721/685/652 736/697/664 722/686/653
f 722/686/653 736/697/664 737/698/665
f 722/686/653 737/698/665 723/687/654
f 723/687/654 737/698/665 738/699/666
f 723/687/654 738/699/666 731/692/659
f 731/692/659 739/700/667 715/676/643
f 715/676/643 739/700/667 724/677/644
f 724/677/644 739/700/667 740/701/668
f 724/677/644 740/701/668 741/702/669
f 724/677/644 741/702/669 725/688/655
f 725/688/655 741/702/669 742/703/670
f 725/688/655 742/703/670 732/693/660
f 732/693/660 743/704/671 717/679/646
f 717/679/646 743/704/671 726/680/647
f 726/680/647 743/704/671 744/705/672
f 726/680/647 744/705/672 745/706/673
f 726/680/647 745/706/673 727/689/656
f 727/689/656 745/706/673 746/707/674
f 727/689/656 746/707/674 733/694/661
f 733/694/661 747/708/675 719/682/649
f 719/682/649 747/708/675 728/683/650
f 728/683/650 747/708/675 748/709/676
f 728/683/650 748/709/676 749/710/677
f 728/683/650 749/710/677 729/690/657
f 729/690/657 749/710/677 750/711/678
f 729/690/657 750/711/678 734/695/662
f 734/695/662 750/711/678 751/712/679
f 734/695/662 751/712/679 730/691/658
f 731/692/659 738/699/666 739/700/667
f 732/693/660 742/703/670 743/704/671
f 733/694/661 746/707/674 747/708/675
f 735/696/663 752/713/680 753/714/681
f 735/696/663 753/714/681 736/697/664
f 736/697/664 753/714/681 754/715/682
f 736/697/664 754/715/682 737/698/665
f 737/698/665 754/715/682 738/699/666
f 738/699/666 754/715/682 755/716/683
f 738/699/666 755/716/683 756/717/684
f 738/699/666 756/717/684 739/700/667
f 739/700/667 756/717/684 757/718/685
f 739/700/667 757/718/685 740/701/668
f 740/701/668 757/718/685 741/702/669
f 741/702/669 757/718/685 758/719/686
f 741/702/669 758/719/686 742/703/670
f 742/703/670 758/719/686 759/720/687
f 742/703/670 759/720/687 760/721/688
f 742/703/670 760/721/688 743/704/671
f 743/704/671 760/721/688 761/722/689
f 743/704/671 761/722/689 744/705/672
f 744/705/672 761/722/689 745/706/673
f 745/706/673 761/722/689 762/723/690
f 745/706/673 762/723/690 746/707/674
f 746/707/674 762/723/690 763/724/691
f 746/707/674 763/724/691 747/708/675
f 747/708/675 763/724/691 764/725/692
f 747/708/675 764/725/692 748/709/676
f 748/709/676 764/725/692 765/726/693
f 748/709/676 765/726/693 749/710/677
f 749/710/677 765/726/693 750/711/678
f 750/711/678 765/726/693 766/727/694
f 750/711/678 766/727/694 751/712/679
f 751/712/679 766/727/694 767/728/695
f 756/717/684 769/729/696 757/718/685
f 762/723/690 772/730/697 763/724/691
f 752/713/680 768/731/698 753/714/681
f 753/714/681 768/731/698 754/715/682
f 754/715/682 768/731/698 755/716/683
f 755/716/683 768/731/698 769/729/696
f 755/716/683 769/729/696 756/717/684
f 757/718/685 769/729/696 758/719/686
f 758/719/686 769/729/696 770/732/699
f 758/719/686 770/732/699 759/720/687
f 759/720/687 770/732/699 771/733/700
f 759/720/687 771/733/700 760/721/688
f 760/721/688 771/733/700 761/722/689
f 761/722/689 771/733/700 772/730/697
f 761/722/689 772/730/697 762/723/690
f 763/724/691 772/730/697 773/734/701
f 763/724/691 773/734/701 764/725/692
f 764/725/692 773/734/701 765/726/693
f 765/726/693 773/734/701 766/727/694
f 766/727/694 773/734/701 767/728/695
f 770/732/699 774/735/702 771/733/700
f 771/733/700 774/735/702 772/730/697
f 772/730/697 775/736/703 773/734/701
f 769/729/696 774/735/702 770/732/699
f 774/735/702 775/736/703 772/730/697
f 773/734/701 776/737/704 767/728/695
f 752/713/680 777/738/705 768/731/698
f 768/731/698 777/738/705 778/739/706
f 768/731/698 778/739/706 779/740/707
f 768/731/698 779/740/707 769/729/696
f 769/729/696 779/740/707 780/741/708
f 769/729/696 780/741/708 774/735/702
f 774/735/702 780/741/708 781/742/709
f 774/735/702 781/742/709 775/736/703
f 773/734/701 775/736/703 782/743/710
f 773/734/701 782/743/710 776/737/704
f 777/738/705 783/744/711 778/739/706
f 779/740/707 784/745/712 780/741/708
f 780/741/708 791/746/713 785/747/714
f 780/741/708 785/747/714 781/742/709
f 781/742/709 785/747/714 786/748/715
f 781/742/709 787/749/716 775/736/703
f 775/736/703 788/750/717 782/743/710
f 782/743/710 789/751/718 776/737/704
f 778/739/706 790/752/719 779/740/707
f 782/743/710 792/753/720 789/751/718
f 785/747/714 793/754/721 786/748/715
f 783/744/711 794/755/722 795/756/723
f 783/744/711 795/756/723 778/739/706
f 778/739/706 795/756/723 790/752/719
f 790/752/719 796/757/724 779/740/707
f 779/740/707 796/757/724 797/758/725
f 779/740/707 797/758/725 784/745/712
f 784/745/712 807/759/726 798/760/727
f 784/745/712 798/760/727 780/741/708
f 780/741/708 798/760/727 791/746/713
f 786/748/715 799/761/728 781/742/709
f 781/742/709 799/761/728 800/762/729
f 781/742/709 800/762/729 787/749/716
f 787/749/716 801/763/730 775/736/703
f 775/736/703 801/763/730 802/764/731
f 775/736/703 802/764/731 788/750/717
f 788/750/717 803/765/732 804/766/733
f 788/750/717 804/766/733 782/743/710
f 782/743/710 804/766/733 792/753/720
f 789/751/718 805/767/734 806/768/735
f 789/751/718 806/768/735 776/737/704
f 797/758/725 807/759/726 784/745/712
f 791/746/713 808/769/736 785/747/714
f 798/760/727 808/769/736 791/746/713
f 800/762/729 809/770/737 787/749/716
f 787/749/716 809/770/737 801/763/730
f 777/738/705 810/771/738 811/772/739
f 777/738/705 811/772/739 783/744/711
f 783/744/711 811/772/739 812/773/740
f 783/744/711 812/773/740 794/755/722
f 794/755/722 812/773/740 813/774/741
f 794/755/722 813/774/741 795/756/723
f 795/756/723 813/774/741 814/775/742
f 795/756/723 814/775/742 790/752/719
f 790/752/719 815/776/743 796/757/724
f 796/757/724 815/776/743 816/777/744
f 796/757/724 816/777/744 817/778/745
f 796/757/724 817/778/745 797/758/725
f 797/758/725 817/778/745 818/779/746
f 797/758/725 818/779/746 807/759/726
f 807/759/726 818/779/746 819/780/747
f 807/759/726 819/780/747 820/781/748
f 807/759/726 820/781/748 798/760/727
f 798/760/727 820/781/748 821/782/749
f 798/760/727 821/782/749 808/769/736
f 808/769/736 822/783/750 823/784/751
f 808/769/736 823/784/751 785/747/714
f 785/747/714 823/784/751 824/785/752
f 785/747/714 824/785/752 793/754/721
f 793/754/721 824/785/752 825/786/753
f 793/754/721 825/786/753 786/748/715
f 786/748/715 825/786/753 826/787/754
f 786/748/715 826/787/754 799/761/728
f 799/761/728 826/787/754 827/788/755
f 799/761/728 827/788/755 800/762/729
f 800/762/729 827/788/755 828/789/756
f 800/762/729 828/789/756 809/770/737
f 809/770/737 829/790/757 801/763/730
f 801/763/730 829/790/757 830/791/758
f 801/763/730 830/791/758 831/792/759
f 801/763/730 831/792/759 802/764/731
f 802/764/731 831/792/759 832/793/760
f 802/764/731 832/793/760 788/750/717
f 788/750/717 832/793/760 833/794/761
f 788/750/717 833/794/761 803/765/732
f 803/765/732 833/794/761 834/795/762
f 803/765/732 834/795/762 804/766/733
f 804/766/733 834/795/762 835/796/763
f 804/766/733 835/796/763 792/753/720
f 792/753/720 836/797/764 789/751/718
f 789/751/718 836/797/764 837/798/765
f 789/751/718 837/798/765 805/767/734
f 805/767/734 837/798/765 806/768/735
f 814/775/742 838/799/766 790/752/719
f 790/752/719 838/799/766 815/776/743
f 821/782/749 839/800/767 808/769/736
f 808/769/736 839/800/767 822/783/750
f 828/789/756 840/801/768 809/770/737
f 809/770/737 840/801/768 829/790/757
f 835/796/763 841/802/769 792/753/720
f 792/753/720 841/802/769 836/797/764
f 837/798/765 842/803/770 806/768/735
f 810/771/738 843/804/771 811/772/739
f 811/772/739 843/804/771 812/773/740
f 812/773/740 843/804/771 844/805/772
f 812/773/740 844/805/772 813/774/741
f 813/774/741 844/805/772 814/775/742
f 814/775/742 844/805/772 838/799/766
f 815/776/743 845/806/773 816/777/744
f 816/777/744 845/806/773 817/778/745
f 817/778/745 845/806/773 846/807/774
f 817/778/745 846/807/774 818/779/746
f 818/779/746 846/807/774 819/780/747
f 819/780/747 846/807/774 847/808/775
f 819/780/747 847/808/775 820/781/748
f 820/781/748 847/808/775 821/782/749
f 821/782/749 847/808/775 839/800/767
f 822/783/750 848/809/776 823/784/751
f 823/784/751 848/809/776 824/785/752
f 824/785/752 848/809/776 849/810/777
f 824/785/752 849/810/777 825/786/753
f 825/786/753 849/810/777 826/787/754
f 826/787/754 849/810/777 850/811/778
f 826/787/754 850/811/778 827/788/755
f 827/788/755 850/811/778 828/789/756
f 828/789/756 850/811/778 840/801/768
f 829/790/757 851/812/779 830/791/758
f 830/791/758 851/812/779 831/792/759
f 831/792/759 851/812/779 852/813/780
f 831/792/759 852/813/780 832/793/760
f 832/793/760 852/813/780 833/794/761
f 833/794/761 852/813/780 853/814/781
f 833/794/761 853/814/781 834/795/762
f 834/795/762 853/814/781 835/796/763
f 835/796/763 853/814/781 841/802/769
f 841/802/769 854/815/782 836/797/764
f 836/797/764 854/815/782 837/798/765
f 837/798/765 854/815/782 842/803/770
f 810/771/738 855/816/783 856/817/784
f 810/771/738 856/817/784 843/804/771
f 843/804/771 856/817/784 857/818/785
f 843/804/771 857/818/785 844/805/772
f 844/805/772 857/818/785 858/819/786
f 844/805/772 858/819/786 838/799/766
f 838/799/766 858/819/786 815/776/743
f 815/776/743 858/819/786 859/820/787
f 815/776/743 859/820/787 845/806/773
f 845/806/773 859/820/787 860/821/788
f 845/806/773 860/821/788 846/807/774
f 846/807/774 860/821/788 861/822/789
f 846/807/774 861/822/789 847/808/775
f 847/808/775 861/822/789 862/823/790
f 847/808/775 862/823/790 839/800/767
f 839/800/767 862/823/790 822/783/750
f 822/783/750 862/823/790 863/824/791
f 822/783/750 863/824/791 848/809/776
f 848/809/776 863/824/791 864/825/792
f 848/809/776 864/825/792 849/810/777
f 849/810/777 864/825/792 865/826/793
f 849/810/777 865/826/793 850/811/778
f 850/811/778 865/826/793 866/827/794
f 850/811/778 866/827/794 840/801/768
f 840/801/768 866/827/794 829/790/757
f 829/790/757 866/827/794 867/828/795
f 829/790/757 867/828/795 851/812/779
f 851/812/779 867/828/795 868/829/796
f 851/812/779 868/829/796 852/813/780
f 852/813/780 868/829/796 869/830/797
f 852/813/780 869/830/797 853/814/781
f 853/814/781 869/830/797 870/831/798
f 853/814/781 870/831/798 841/802/769
f 841/802/769 870/831/798 871/832/799
f 841/802/769 871/832/799 854/815/782
f 854/815/782 871/832/799 872/833/800
f 854/815/782 872/833/800 842/803/770
f 855/816/783 873/834/801 874/835/802
f 855/816/783 874/835/802 856/817/784
f 856/817/784 874/835/802 857/818/785
f 857/818/785 884/836/803 858/819/786
f 858/819/786 884/836/803 875/837/804
f 858/819/786 875/837/804 859/820/787
f 859/820/787 875/837/804 876/838/805
f 859/820/787 876/838/805 860/821/788
f 860/821/788 876/838/805 861/822/789
f 861/822/789 885/839/806 862/823/790
f 862/823/790 885/839/806 877/840/807
f 862/823/790 877/840/807 863/824/791
f 863/824/791 877/840/807 878/841/808
f 863/824/791 878/841/808 864/825/792
f 864/825/792 878/841/808 865/826/793
f 865/826/793 886/842/809 866/827/794
f 866/827/794 886/842/809 879/843/810
f 866/827/794 879/843/810 867/828/795
f 867/828/795 879/843/810 880/844/811
f 867/828/795 880/844/811 868/829/796
f 868/829/796 880/844/811 881/845/812
f 868/829/796 881/845/812 869/830/797
f 869/830/797 881/845/812 870/831/798
f 870/831/798 881/845/812 882/846/813
f 870/831/798 882/846/813 871/832/799
f 871/832/799 882/846/813 883/847/814
f 871/832/799 883/847/814 872/833/800
f 874/835/802 884/836/803 857/818/785
f 876/838/805 885/839/806 861/822/789
f 878/841/808 886/842/809 865/826/793
f 874/835/802 887/848/815 888/849/816
f 874/835/802 888/849/816 884/836/803
f 884/836/803 888/849/816 889/850/817
f 884/836/803 889/850/817 875/837/804
f 875/837/804 889/850/817 890/851/818
f 875/837/804 890/851/818 876/838/805
f 876/838/805 890/851/818 891/852/819
f 876/838/805 891/852/819 885/839/806
f 885/839/806 891/852/819 892/853/820
f 885/839/806 892/853/820 877/840/807
f 877/840/807 892/853/820 893/854/821
f 877/840/807 893/854/821 878/841/808
f 878/841/808 893/854/821 894/855/822
f 878/841/808 894/855/822 886/842/809
f 886/842/809 894/855/822 895/856/823
f 886/842/809 895/856/823 879/843/810
f 879/843/810 895/856/823 896/857/824
f 879/843/810 896/857/824 880/844/811
f 880/844/811 896/857/824 897/858/825
f 880/844/811 897/858/825 881/845/812
f 881/845/812 897/858/825 898/859/826
f 881/845/812 898/859/826 882/846/813
f 882/846/813 898/859/826 899/860/827
f 882/846/813 899/860/827 883/847/814
f 873/834/801 900/861/828 887/848/815
f 873/834/801 887/848/815 874/835/802
f 900/861/828 901/862/829 887/848/815
f 901/862/829 902/863/830 887/848/815
f 887/848/815 902/863/830 903/864/831
f 887/848/815 903/864/831 888/849/816
f 888/849/816 903/864/831 904/865/832
f 888/849/816 904/865/832 889/850/817
f 889/850/817 904/865/832 905/866/833
f 889/850/817 905/866/833 890/851/818
f 890/851/818 905/866/833 906/867/834
f 890/851/818 906/867/834 891/852/819
f 891/852/819 906/867/834 907/868/835
f 891/852/819 907/868/835 892/853/820
f 892/853/820 907/868/835 908/869/836
f 892/853/820 908/869/836 893/854/821
f 893/854/821 908/869/836 909/870/837
f 893/854/821 909/870/837 894/855/822
f 894/855/822 909/870/837 910/871/838
f 894/855/822 910/871/838 895/856/823
f 895/856/823 910/871/838 911/872/839
f 895/856/823 911/872/839 896/857/824
f 896/857/824 911/872/839 912/873/840
f 896/857/824 912/873/840 897/858/825
f 897/858/825 912/873/840 913/874/841
f 897/858/825 913/874/841 898/859/826
f 898/859/826 913/874/841 914/875/842
f 898/859/826 914/875/842 899/860/827
f 904/865/832 915/876/843 905/866/833
f 905/866/833 915/876/843 916/877/844
f 905/866/833 916/877/844 906/867/834
f 906/867/834 916/877/844 917/878/845
f 906/867/834 917/878/845 907/868/835
f 907/868/835 918/879/846 908/869/836
f 908/869/836 918/879/846 919/880/847
f 908/869/836 919/880/847 909/870/837
f 909/870/837 919/880/847 920/881/848
f 909/870/837 920/881/848 910/871/838
f 910/871/838 921/882/849 911/872/839
f 911/872/839 921/882/849 922/883/850
f 911/872/839 922/883/850 912/873/840
f 912/873/840 922/883/850 923/884/851
f 912/873/840 923/884/851 913/874/841
f 913/874/841 924/885/852 914/875/842
f 901/862/829 925/886/853 902/863/830
f 925/886/853 926/887/854 902/863/830
f 902/863/830 926/887/854 927/888/855
f 902/863/830 927/888/855 903/864/831
f 903/864/831 927/888/855 928/889/856
f 903/864/831 928/889/856 929/890/857
f 903/864/831 929/890/857 904/865/832
f 904/865/832 929/890/857 930/891/858
f 904/865/832 930/891/858 915/876/843
f 915/876/843 930/891/858 931/892/859
f 915/876/843 931/892/859 916/877/844
f 916/877/844 931/892/859 932/893/860
f 916/877/844 932/893/860 917/878/845
f 917/878/845 932/893/860 933/894/861
f 917/878/845 933/894/861 934/895/862
f 917/878/845 934/895/862 907/868/835
f 907/868/835 934/895/862 935/896/863
f 907/868/835 935/896/863 918/879/846
f 918/879/846 935/896/863 936/897/864
f 918/879/846 936/897/864 919/880/847
f 919/880/847 936/897/864 937/898/865
f 919/880/847 937/898/865 920/881/848
f 920/881/848 937/898/865 938/899/866
f 920/881/848 938/899/866 939/900/867
f 920/881/848 939/900/867 910/871/838
f 910/871/838 939/900/867 940/901/868
f 910/871/838 940/901/868 921/882/849
f 921/882/849 940/901/868 941/902/869
f 921/882/849 941/902/869 922/883/850
f 922/883/850 941/902/869 942/903/870
f 922/883/850 942/903/870 923/884/851
f 923/884/851 942/903/870 943/904/871
f 923/884/851 943/904/871 944/905/872
f 923/884/851 944/905/872 913/874/841
f 913/874/841 944/905/872 924/885/852
f 924/885/852 944/905/872 945/906/873
f 924/885/852 945/906/873 946/907/874
f 924/885/852 946/907/874 914/875/842
f 925/886/853 947/908/875 926/887/854
f 947/908/875 948/909/876 926/887/854
f 926/887/854 948/909/876 927/888/855
f 927/888/855 948/909/876 949/910/877
f 927/888/855 949/910/877 950/911/878
f 927/888/855 950/911/878 928/889/856
f 928/889/856 950/911/878 929/890/857
f 929/890/857 950/911/878 951/912/879
f 929/890/857 951/912/879 952/913/880
f 929/890/857 952/913/880 930/891/858
f 930/891/858 952/913/880 931/892/859
f 931/892/859 952/913/880 953/914/881
f 931/892/859 953/914/881 932/893/860
f 932/893/860 953/914/881 954/915/882
f 932/893/860 954/915/882 955/916/883
f 932/893/860 955/916/883 933/894/861
f 933/894/861 955/916/883 934/895/862
f 934/895/862 955/916/883 956/917/884
f 934/895/862 956/917/884 957/918/885
f 934/895/862 957/918/885 935/896/863
f 935/896/863 957/918/885 936/897/864
f 936/897/864 957/918/885 958/919/886
f 936/897/864 958/919/886 937/898/865
f 937/898/865 958/919/886 959/920/887
f 937/898/865 959/920/887 960/921/888
f 937/898/865 960/921/888 938/899/866
f 938/899/866 960/921/888 939/900/867
f 939/900/867 960/921/888 961/922/889
f 939/900/867 961/922/889 962/923/890
f 939/900/867 962/923/890 940/901/868
f 940/901/868 962/923/890 941/902/869
f 941/902/869 962/923/890 963/924/891
f 941/902/869 963/924/891 942/903/870
f 942/903/870 963/924/891 964/925/892
f 942/903/870 964/925/892 965/926/893
f 942/903/870 965/926/893 943/904/871
f 943/904/871 965/926/893 944/905/872
f 944/905/872 965/926/893 966/927/894
f 944/905/872 966/927/894 945/906/873
f 945/906/873 966/927/894 967/928/895
f 945/906/873 967/928/895 946/907/874
f 947/908/875 968/929/896 969/930/897
f 947/908/875 969/930/897 948/909/876
f 948/909/876 969/930/897 970/931/898
f 948/909/876 970/931/898 949/910/877
f 949/910/877 970/931/898 971/932/899
f 949/910/877 971/932/899 950/911/878
f 950/911/878 971/932/899 972/933/900
f 950/911/878 972/933/900 951/912/879
f 951/912/879 972/933/900 973/934/901
f 951/912/879 973/934/901 952/913/880
f 952/913/880 973/934/901 974/935/902
f 952/913/880 974/935/902 953/914/881
f 953/914/881 974/935/902 975/936/903
f 953/914/881 975/936/903 954/915/882
f 954/915/882 975/936/903 976/937/904
f 954/915/882 976/937/904 955/916/883
f 955/916/883 976/937/904 977/938/905
f 955/916/883 977/938/905 956/917/884
f 956/917/884 977/938/905 978/939/906
f 956/917/884 978/939/906 957/918/885
f 957/918/885 978/939/906 979/940/907
f 957/918/885 979/940/907 958/919/886
f 958/919/886 979/940/907 980/941/908
f 958/919/886 980/941/908 959/920/887
f 959/920/887 980/941/908 981/942/909
f 959/920/887 981/942/909 960/921/888
f 960/921/888 981/942/909 982/943/910
f 960/921/888 982/943/910 961/922/889
f 961/922/889 982/943/910 983/944/911
f 961/922/889 983/944/911 962/923/890
f 962/923/890 983/944/911 984/945/912
f 962/923/890 984/945/912 963/924/891
f 963/924/891 984/945/912 985/946/913
f 963/924/891 985/946/913 964/925/892
f 964/925/892 985/946/913 986/947/914
f 964/925/892 986/947/914 965/926/893
f 965/926/893 986/947/914 987/948/915
f 965/926/893 987/948/915 966/927/894
f 966/927/894 987/948/915 988/949/916
f 966/927/894 988/949/916 989/950/917
f 966/927/894 989/950/917 967/928/895
f 969/930/897 990/951/918 970/931/898
f 970/931/898 990/951/918 971/932/899
f 971/932/899 991/952/919 972/933/900
f 972/933/900 991/952/919 992/953/920
f 972/933/900 992/953/920 973/934/901
f 973/934/901 992/953/920 974/935/902
f 974/935/902 993/954/921 975/936/903
f 975/936/903 993/954/921 976/937/904
f 976/937/904 994/955/922 977/938/905
f 977/938/905 994/955/922 995/956/923
f 977/938/905 995/956/923 978/939/906
f 978/939/906 995/956/923 979/940/907
f 979/940/907 996/957/924 980/941/908
f 980/941/908 996/957/924 981/942/909
f 981/942/909 997/958/925 982/943/910
f 982/943/910 997/958/925 998/959/926
f 982/943/910 998/959/926 983/944/911
f 983/944/911 998/959/926 984/945/912
f 984/945/912 999/960/927 985/946/913
f 985/946/913 999/960/927 986/947/914
f 986/947/914 1000/961/928 987/948/915
f 987/948/915 1000/961/928 988/949/916
f 968/929/896 1001/962/929 969/930/897
f 1001/962/929 1002/963/930 969/930/897
f 969/930/897 1002/963/930 1003/964/931
f 969/930/897 1003/964/931 990/951/918
f 990/951/918 1003/964/931 1004/965/932
f 990/951/918 1004/965/932 971/932/899
f 971/932/899 1004/965/932 991/952/919
f 991/952/919 1004/965/932 1005/966/933
f 991/952/919 1005/966/933 992/953/920
f 992/953/920 1005/966/933 1006/967/934
f 992/953/920 1006/967/934 974/935/902
f 974/935/902 1006/967/934 1007/968/935
f 974/935/902 1007/968/935 993/954/921
f 993/954/921 1007/968/935 1008/969/936
f 993/954/921 1008/969/936 976/937/904
f 976/937/904 1008/969/936 994/955/922
f 994/955/922 1008/969/936 1009/970/937
f 994/955/922 1009/970/937 995/956/923
f 995/956/923 1009/970/937 1010/971/938
f 995/956/923 1010/971/938 979/940/907
f 979/940/907 1010/971/938 1011/972/939
f 979/940/907 1011/972/939 996/957/924
f 996/957/924 1011/972/939 1012/973/940
f 996/957/924 1012/973/940 981/942/909
f 981/942/909 1012/973/940 997/958/925
f 997/958/925 1012/973/940 1013/974/941
f 997/958/925 1013/974/941 998/959/926
f 998/959/926 1013/974/941 1014/975/942
f 998/959/926 1014/975/942 984/945/912
f 984/945/912 1014/975/942 1015/976/943
f 984/945/912 1015/976/943 999/960/927
f 999/960/927 1015/976/943 1016/977/944
f 999/960/927 1016/977/944 986/947/914
f 986/947/914 1016/977/944 1000/961/928
f 1000/961/928 1016/977/944 1017/978/945
f 1000/961/928 1017/978/945 988/949/916
f 988/949/916 1017/978/945 1018/979/946
f 988/949/916 1018/979/946 989/950/917
f 1001/962/929 1019/980/947 1002/963/930
f 1002/963/930 1019/980/947 1003/964/931
f 1003/964/931 1019/980/947 1020/981/948
f 1003/964/931 1020/981/948 1004/965/932
f 1004/965/932 1020/981/948 1021/982/949
f 1004/965/932 1021/982/949 1022/983/950
f 1004/965/932 1022/983/950 1005/966/933
f 1005/966/933 1022/983/950 1023/984/951
f 1005/966/933 1023/984/951 1006/967/934
f 1006/967/934 1023/984/951 1024/985/952
f 1006/967/934 1024/985/952 1007/968/935
f 1007/968/935 1024/985/952 1025/986/953
f 1007/968/935 1025/986/953 1008/969/936
f 1008/969/936 1025/986/953 1026/987/954
f 1008/969/936 1026/987/954 1027/988/955
f 1008/969/936 1027/988/955 1009/970/937
f 1009/970/937 1027/988/955 1028/989/956
f 1009/970/937 1028/989/956 1010/971/938
f 1010/971/938 1028/989/956 1029/990/957
f 1010/971/938 1029/990/957 1011/972/939
f 1011/972/939 1029/990/957 1030/991/958
f 1011/972/939 1030/991/958 1012/973/940
f 1012/973/940 1030/991/958 1031/992/959
f 1012/973/940 1031/992/959 1032/993/960
f 1012/973/940 1032/993/960 1013/974/941
f 1013/974/941 1032/993/960 1033/994/961
f 1013/974/941 1033/994/961 1014/975/942
f 1014/975/942 1033/994/961 1034/995/962
f 1014/975/942 1034/995/962 1015/976/943
f 1015/976/943 1034/995/962 1035/996/963
f 1015/976/943 1035/996/963 1016/977/944
f 1016/977/944 1035/996/963 1036/997/964
f 1016/977/944 1036/997/964 1037/998/965
f 1016/977/944 1037/998/965 1017/978/945
f 1017/978/945 1037/998/965 1038/999/966
f 1017/978/945 1038/999/966 1018/979/946
f 1001/962/929 1039/1000/967 1019/980/947
f 1019/980/947 1039/1000/967 1040/1001/968
f 1019/980/947 1040/1001/968 1020/981/948
f 1020/981/948 1040/1001/968 1021/982/949
f 1021/982/949 1041/1002/969 1022/983/950
f 1022/983/950 1041/1002/969 1023/984/951
f 1023/984/951 1041/1002/969 1024/985/952
f 1025/986/953 1024/985/952 1026/987/954
f 1026/987/954 1042/1003/970 1027/988/955
f 1027/988/955 1042/1003/970 1028/989/956
f 1028/989/956 1042/1003/970 1029/990/957
f 1030/991/958 1029/990/957 1031/992/959
f 1031/992/959 1043/1004/971 1032/993/960
f 1032/993/960 1043/1004/971 1033/994/961
f 1033/994/961 1043/1004/971 1034/995/962
f 1035/996/963 1034/995/962 1036/997/964
f 1036/997/964 1044/1005/972 1037/998/965
f 1037/998/965 1044/1005/972 1038/999/966
f 1040/1001/968 1045/1006/973 1021/982/949
f 1021/982/949 1045/1006/973 1041/1002/969
f 1041/1002/969 1045/1006/973 1046/1007/974
f 1041/1002/969 1046/1007/974 1047/1008/975
f 1041/1002/969 1047/1008/975 1024/985/952
f 1024/985/952 1047/1008/975 1048/1009/976
f 1024/985/952 1048/1009/976 1026/987/954
f 1026/987/954 1048/1009/976 1042/1003/970
f 1042/1003/970 1048/1009/976 1049/1010/977
f 1042/1003/970 1049/1010/977 1050/1011/978
f 1042/1003/970 1050/1011/978 1029/990/957
f 1029/990/957 1050/1011/978 1051/1012/979
f 1029/990/957 1051/1012/979 1031/992/959
f 1031/992/959 1051/1012/979 1043/1004/971
f 1043/1004/971 1051/1012/979 1052/1013/980
f 1043/1004/971 1052/1013/980 1053/1014/981
f 1043/1004/971 1053/1014/981 1034/995/962
f 1034/995/962 1053/1014/981 1054/1015/982
f 1034/995/962 1054/1015/982 1036/997/964
f 1036/997/964 1054/1015/982 1044/1005/972
f 1039/1000/967 1055/1016/983 1040/1001/968
f 1040/1001/968 1055/1016/983 1045/1006/973
f 1044/1005/972 1056/1017/984 1038/999/966
f 1039/1000/967 1057/1018/985 1055/1016/983
f 1055/1016/983 1058/1019/986 1045/1006/973
f 1045/1006/973 1058/1019/986 1046/1007/974
f 1046/1007/974 1058/1019/986 1059/203/140
f 1046/1007/974 1059/203/140 1047/1008/975
f 1047/1008/975 1059/203/140 1060/209/146
f 1047/1008/975 1060/209/146 1048/1009/976
f 1048/1009/976 1060/209/146 1049/1010/977
f 1049/1010/977 1060/209/146 1061/197/134
f 1049/1010/977 1061/197/134 1050/1011/978
f 1050/1011/978 1061/197/134 1062/212/149
f 1050/1011/978 1062/212/149 1051/1012/979
f 1051/1012/979 1062/212/149 1052/1013/980
f 1052/1013/980 1062/212/149 1063/206/143
f 1052/1013/980 1063/206/143 1053/1014/981
f 1053/1014/981 1063/206/143 1064/200/137
f 1053/1014/981 1064/200/137 1054/1015/982
f 1054/1015/982 1064/200/137 1044/1005/972
f 1044/1005/972 1064/200/137 1056/1017/984
f 1057/1018/985 216/1020/987 1055/1016/983
f 1055/1016/983 201/1021/988 1058/1019/986
f 1058/1019/986 218/1022/989 205/204/141
f 1058/1019/986 205/204/141 1059/203/140
f 1059/203/140 214/1023/990 213/210/147
f 1059/203/140 213/210/147 1060/209/146
f 1060/209/146 208/1024/991 197/198/135
f 1060/209/146 197/198/135 1061/197/134
f 1061/197/134 220/1025/992 209/213/150
f 1061/197/134 209/213/150 1062/212/149
f 1062/212/149 200/1026/993 199/207/144
f 1062/212/149 199/207/144 1063/206/143
f 1063/206/143 217/1027/994 202/201/138
f 1063/206/143 202/201/138 1064/200/137
f 1064/200/137 212/1028/995 1056/1017/984
l 199 221
l 205 206
l 209 210
l 197 215
l 202 204
l 213 223
